Filename,English,Source,Source_File,PSA_Probability,Is_PSA,Source_PDF,Domain,Kiswahili,Account,Swahili,Date,URL,Search_Term
bulk_notice_0_PROPOSED-AMENDMENTS-TO-THE-CENTRAL-BANK-OF-KENYA-ACT-FOR-PURPOSES-OF-REGULATION-AND-SUPERVISION-OF-CREDIT-GUARANTEE-BUSINESS.pdf,"PROPOSED AMENDMENTS TO THE CENTRAL BANK OF KENYA 
ACT FOR PURPOSES OF REGULATION AND SUPERVISION OF 
CREDIT GUARANTEE BUSINESS 
SECTION TO BE 
AMENDED 
PROPOSED AMENDMENT JUSTIFICATION 
Section 2 Insert the following new definitions in 
proper alphabetical sequence 
 
“Credit Guarantee Business” means the 
business of providing a guarantee to a lender 
through absorption of all or a portion of the 
lender’s risk  on credit facility made to a 
borrower in case of default; 
 
“Credit Guarantee Company” means a 
company incorporated or registered under the 
Companies Act, (Cap 486)  to conduct credit 
guarantee business;     
 
 “Specified Credit Guarantee Company” 
means a licensed credit guarantee company 
which is specified by the Bank under section 
33V of the Act. 
 
To introduce the 
definition of new 
terms 
Section 4A (1) insert a new sub-paragraph in paragraph 
(h)— 
 
(ix) credit guarantee companies and agents 
 
 
 
 
 
 
 
 
 
insert a new paragraph immediately after 
paragraph (h)— 
 
(i) license and supervise credit guarantee 
companies. 
 
To regulate and 
supervise credit 
guarantee companies 
for anti-money 
laundering and  
combating the 
financing of 
terrorism  
and countering 
proliferation  
financing purposes 
(AML/CFT/CPF) 
 
To expand the 
objects of the Bank 
to regulate credit 
guarantee businesses 
2 
 
SECTION TO BE 
AMENDED 
PROPOSED AMENDMENT JUSTIFICATION 
NEW INSERTION PART VID — CREDIT GUARANTEE 
BUSINESS 
 
Licensing 33V. (1) A Credit Guarantee Company may 
apply to the Bank for licensing.  
 
(2) A Credit Guarantee Company with 
Government shareholding shall not engage in 
Credit Guarantee Business unless licensed by 
the Bank under this Act. 
 
(3) An application for a licence under this 
section shall be made to the Bank in the 
prescribed form and accompanied by the 
prescribed fee. 
 
(4) A person who contravenes the provision 
of subsection (2) commits an offence and is 
liable on conviction to a fine not exceeding 
one million shillings, or to imprisonment for 
a term not exceeding three years, or to both. 
 
 
To give powers to the 
Bank to regulate 
credit guarantee 
business  
 
 
 
 
 
 
 
 
 
To create a criminal 
offence for violations 
relating to licensing 
requirements  
Powers of the Bank 33T The Bank shall have the following 
powers with respect to the regulation of 
credit guarantee companies− 
 
(a) to license credit guarantee companies; 
 
(b) to determine the capital adequacy 
standards and related requirements for 
credit guarantee companies; 
 
(c) to prescribe the minimum liquidity 
requirements; 
 
(d) to prescribe permissible and prohibited 
activities for credit guarantee 
companies; 
 
(e) to supervise credit guarantee 
companies, including − 
 
(i) conducting both on-site and off-
site supervision; 
To give powers to the 
Bank to regulate 
credit guarantee 
businesses 
3 
 
SECTION TO BE 
AMENDED 
PROPOSED AMENDMENT JUSTIFICATION 
 
(ii) assessing professional and moral 
suitability of persons managing 
or controlling the credit 
guarantee companies; 
 
(iii) approving the Board and 
Management of the credit 
guarantee companies; 
 
(iv) approving the appointment of 
the external Auditors; 
 
(v) collecting regular data from 
credit guarantee companies;  
 
(vi) approving the annual audited 
accounts of credit guarantee 
companies before publication 
and presentation at the annual 
general meetings; 
 
(vii) certifying significant 
shareholder as fit and proper 
person. 
 
(f) to revoke or suspend a licence; 
 
(g) to direct or require such changes as the 
Bank may consider necessary; 
 
(h) to impose monetary, civil or  
administrative sanctions; 
 
(i) to prescribe in Regulations 
requirements relating to: 
 
(i) licensing of credit guarantee 
companies 
 
(ii) corporate governance; 
 
4 
 
SECTION TO BE 
AMENDED 
PROPOSED AMENDMENT JUSTIFICATION 
 
(iii) risk management; 
 
(iv) internal controls; 
 
(v) shareholder obligations. 
 
(vi) operational requirements of credit 
guarantee business; 
 
(vii) supervisory reporting obligations; 
 
(viii) market conduct; 
 
(ix) information sharing; 
 
(x) anti-money laundering, combating 
the financing of terrorism and  
countering proliferation financing 
purposes; 
 
(xi) data protection; 
 
(xii) pricing parameters; 
 
(xiii) reporting and oversight by the 
Central Bank; 
(xiv) enforcement actions; 
(xv) closure, supervision or termination 
of credit guarantee business; 
 
(j) to take such other action as the Bank 
may consider necessary.",Kenya National Treasury,treasury_psas.csv,0.3117,False,,,,,,,,
bulk_notice_20_TNT-%20Expenditure%20Requisition%20Form%20Amended%20Final.pdf,"THE NATIONAL TREASURY VOTE 1071 
EXPENDITURE REQUISITION FORM 
 
Requisitioning Officer………………………………………… Department………………………… Signature…………………. 
 
Date……………… 
 
1 Expenditure Description  Date Required Unit Cost/Amount Total Cost 
 
 
 
 
 
 
 
 
   
2 Confirmation of Funds Availability (Finance Officer) 
 Account to be charged: 
 
 
Available balance: 
 
Name: Signature: 
 
 
 
Date: 
 
3 Recommendation by Head of Finance  
 Decision (tick)                                                                                                       ☐ Approved      ☐ Not Approved    ☐ Deferred 
 Reasons (mandatory if Not Approved/Deferred) 
 Name: 
 
Signature: Date: 
4 Authorisation by AIE Holder 
 Decision (tick)                                                                                                      ☐ Approved                ☐ Not Approved 
 Remarks: 
 Certification Statement ……………………………………. I certify that this expenditure is authorised, necessary for official purposes, 
and within approved budget provisions. 
 Name: Signature: Date: 
Note:  1. Before seeking approval, kindly confirm account balances. 
           2. Training requests must be accompanied by Human Resource Management Advisory Committee (HRMAC) minutes.",Kenya National Treasury,treasury_psas.csv,0.4663,False,,,,,,,,
bulk_notice_4_Draft-Government-Owned-Enterprises-Bill-2024-2.pdf,"The Government Owned Enterprises Bill, 2024 
1 
 
THE GOVERNMENT OWNED ENTERPRISES BILL, 2024 
 
ARRANGEMENT OF CLAUSES 
Clause 
 
PART I─PRELIMINARY 
 
1—Short title. 
2—Interpretation. 
3—Objects of this Act. 
4— Application. 
5— Role of the Cabinet Secretary for the National Treasury. 
6— Role of the relevant Cabinet Secretary. 
 
 
PART II—PROCEDURE AND CRITERIA FOR ESTABLISHING A 
GOVERNMENT OWNED ENTERPRISE 
7— Guiding principles for the establishment of Government Owned Enterprises. 
8— Procedure for establishment of a Government Owned Enterprise. 
9— Attributes of a Government Owned Enterprise. 
PART III—MANAGEMENT OF GOVERNMENT OWNED ENTERPRISES 
10—Board of Directors. 
11— Qualifications for appointment as a chairperson or member of a Board. 
12— Disqualification. 
13— Selection panel. 
14— Qualifications of members of the selection panel. 
15—Vacancy. 
16— Procedures of the selection panel. 
17 — Tenure of independent directors. 
18— Role of the Board. 
19— Board meetings. 
20— Remuneration. 
21— Audit Committee. 
22— Chief Executive Officer. 
23— Secretary to the Board. 
24— Staff of Government Owned Enterprises. 
25— Responsibility to the shareholders and the Government Owned Enterprise. 
PART IV—PERFORMANCE 
26—Business Plan. 
27—Performance management. 
28—Performance evaluation. 
 
 
The Government Owned Enterprises Bill, 2024 
2 
 
PART V—PUBLIC SERVICE OBLIGATIONS  
29— Public Service Obligations. 
30—Proposals. 
31— Implementation of Public Service Obligations. 
PART VI – REPORTING AND DISCLOSURE 
32— Reporting. 
33— Disclosure. 
34—Financial transparency. 
PART VII –GENERAL PROVISIONS 
35— Dissolution and merger of Government Owned Enterprise. 
36— Funds of a Government Owned Enterprise. 
37— Financial year. 
38—Annual estimates. 
39—Regulations. 
40—Transition provisions. 
41—Consequential amendments. 
 
  
The Government Owned Enterprises Bill, 2024 
3 
 
A Bill for 
 
AN ACT of Parliament to provide for the  establishment, control, 
governance, performance  and ownership of Government 
Owned Enterprises; public service obligations  in respect of 
Government Owned Enterprises; and for connected purposes 
 
   ENACTED by the Parliament of Kenya, as follows— 
 
 PART I— PRELIMINARY 
  
Short title. 1. This Act may be cited as the Government Owned 
Enterprises Act, 2024. 
  
Interpretation. 2. In this Act, unless the context otherwise requires — 
  
 “Board’ means the Board of a Government Owned 
Enterprise constituted in accordance with section 10; 
  
 “Chairperson” means a Chairperson of a Board of a 
Government Owned Enterprise  appointed in accordance with  
section 10(2); 
  
 “Chief Executive Officer ” means a person appointed in 
accordance with section 15; 
  
 “independent director” means  an independent director of a 
Board of a Government Owned Enterprise  appointed in 
accordance with section 10(1); 
  
 “Government” means the national government; 
  
       “government-linked corporation” means a corporation in 
which the national government or national government entity is 
a shareholder with less than fifty percent of the share capital of 
the corporation; 
 
 “Government Owned Enterprises” means  an organisation 
which— 
  
 (a) is a legal person under the ownership and control of 
the national government; 
  
 (b) the national government or national government 
entity is a shareholder with more than fifty percent of 
the share capital of the corporation 
  
 (c) has been assigned financial and operational powers 
to carry on a business activity; 
The Government Owned Enterprises Bill, 2024 
4 
 
  
 (d) as its main business, supplies goods or services in 
accordance with ordinary commercial principles; and 
  
 (e) is financed wholly or substantially from sources that 
do not require annual appropriation by National 
Assembly, or imposition of a tax, levy or other charge 
under legislation. 
  
       “relevant Cabinet Secretary” means the Cabinet Secretary 
for the time being responsible for the sector under which the 
business of the Government Owned Enterprise falls; 
 
 “relevant Ministry” means the Ministry for the time being 
responsible for the sector under which the business of the 
Government Owned Enterprise falls; 
  
 “Public Service Obligation s” means obligations that the 
National Treasury  may a ssign to Government Owned 
Enterprises which, involve activities that are not financially 
viable to the  Government Owned  Enterprise and for which a 
subsidy, or full funding, by means of budgetary resources is 
required to sustain the activities. 
  
Objects of this Act. 3. The object of this Act is to— 
  
 (a) establish an ownership regime and legal framework 
for better performance of Government Owned 
Enterprises and effective creation of value for the 
public; 
  
 (b) establish governance structures that facilitate 
achievement of commercial objectives of 
Government Owned Enterprises; 
  
 (c) enhance accountability and appropriate incentives for 
Government Owned Enterprises to operate on 
commercial principles; 
  
 (d) position the Government as an informed and active 
owner that is neither too passive nor unduly 
interfering with Government Owned Enterprises; 
and, 
  
 (e) establish a transparent Public Service Obligations 
accounting and funding structure that does not 
interfere with commercial objectives of the  
Government Owned Enterprises. 
  
The Government Owned Enterprises Bill, 2024 
5 
 
 (f) provide for separation and allocation of ownership 
roles between the National Treasury and the relevant 
Ministries; 
  
 (g) establish a commercially -focused performance 
management framework  for Government Owned 
Enterprises in which the National Treasury is the 
one-stop reference;  
  
 (h) provide for the carrying out of public service 
obligations, on a separate operational and accounting 
basis and with contractual arrangements to give full 
compensation to Government Owned Enterprises for 
such activities , whenever Government Owned 
Enterprises are required to perform public service 
obligations; 
  
 (i) enhance the standards of transparency and disclosure 
of corporate infor mation and periodic reports  of 
Government Owned Enterprises; and 
  
 (j) empower minority shareholders in Government 
Owned Enterprises to participate, proportionately to 
their shareholding, in the election of persons to the 
Boards of directors. 
  
Application. 
 
Cap. 486 
4. This Act shall apply to Government Owned Enterprises 
established under the Companies Act or under any other written 
law before the commencement of this Act. 
  
 
Cap. 486 (2) Upon commencement of this Act, Government Owned 
Enterprises shall only be established as companies under the 
Companies Act. 
  
 (3) Notwithstanding the provisions of subsection (1) and (2), 
this Act shall not apply to state corporations that are established 
for non-commercial purposes. 
  
Role of the Cabinet 
Secretary for the 
National Treasury. 
5. (1) The Cabinet Secretary for the National Treasury shall 
exercise ownership functions over the Government Owned 
Enterprises by— 
  
 (a) approving the establishment of Government Owned 
Enterprises; 
 
 (b) holding shares of Government Owned Enterprises in 
trust on behalf of the national government;  
  
The Government Owned Enterprises Bill, 2024 
6 
 
 (c) nominating, through a structured, transparent and 
competitive search and selection process, persons to 
be appointment as non-executive directors of the 
Government Owned Enterprises; 
  
 (d) entering into performance contracts with 
Government Owned  Enterprises based on key 
performance indicators and agreed performance 
targets; 
  
 (e) designing and implementing a performance incentive 
system for  Boards of D irectors of Government 
Owned Enterprises; 
  
 (f) establishing a remuneration system for Boards of 
Directors of Government Owned Enterprises; 
  
 (g) carrying out performance evaluation of Government 
Owned Enterprises; and 
  
 (h) assigning, where necessary , Public Service 
Obligations to Government Owned Entities after 
approval by Cabinet. 
  
      (2) The Cabinet Secretary shall, from time to time, and not 
less than once a year, publish in the Gazette a list of Government 
Owned Entities. 
  
Roles of the relevant 
Cabinet Secretary. 6. The relevant Cabinet Secretary— 
  
 (a) may propose, for the approval by the Cabinet 
Secretary for the National Treasury , the 
establishment of Government Owned Enterprises; 
  
 (b) may formulate sectoral policies that shall equally 
apply to Government Owned Enterprises and private 
enterprises in the sector; and 
  
 (c) where necessary, propose Public Service Obligations 
to the Cabinet Secretary for the National Treasury for 
assignment to Government Owned Enterprises. 
  
 PART II—PROCEDURE AND CRITERIA FOR 
ESTABLISHING A GOVERNMENT OWNED 
ENTERPRISE 
  
The Government Owned Enterprises Bill, 2024 
7 
 
Guiding principles for 
the establishment of 
Government Owned 
Enterprises. 
7. The following principles shall apply when determining 
establishment and dissolution of a Government Owned 
Enterprise— 
  
 (a) there shall be a role for a Government Owned 
Enterprise to fill a gap left by the market forces; 
  
 (b) a Government Owned Enterprise shall operate on 
commercial principles and with a defined 
commercial income stream that substantially 
supports the associated commercial activities; 
  
 (c) where activities involving tax expenditures 
demonstrate that public expenditure is less effective 
in achieving the national government objective but 
can effectively be undertaken on a commercial basis; 
and 
  
 (d) there is no overlap or duplication of functions when 
establishing a Government Owned Enterprise within 
the national government. 
  
Procedure for 
establishment of a 
Government Owned 
Enterprise. 
8. (1) Where a relevant Ministry requires a Government 
Owned Enterprise  to be established, the relevant Cabinet 
Secretary shall submit to the Cabinet Secretary for the National 
Treasury, a written request for the proposed establishment of the 
Government Owned Enterprise. 
  
 
 
 
Cap. 486 
(2)  A Government Owned Enterprise may be established 
only with the prior approval of the Cabinet, and in accordance 
with the Companies Act. 
  
 (3) The request of the relevant Cabinet Secretary  under 
subsection (1) shall be accompanied by— 
  
 (a) a written business case to the Cabinet Secretary, with 
detailed justification for establishing the 
Government Owned Enterprise; 
  
 (b) the business case in subsection (3)(a) shall be 
informed by a  feasibility assessment report for the 
purpose of ascertaining— 
  
 (i) the financial and economic viability of 
establishing the proposed Government 
Owned Enterprise; 
  
 (ii) whether or not the proposed activity cannot 
be achieved through an existing Government 
The Government Owned Enterprises Bill, 2024 
8 
 
Owned Enterprise or through the private 
sector; 
  
 (iii)whether or not there is need to establish a 
new Government Owned Enterprise; 
  
 (iv) the functions and objective that the 
Government Owned Enterprise  
establishment is supposed to attain; 
  
 (v) how the activities of the proposed 
Government Owned Enterprise will fit in the 
relevant Ministry’s mandate and medium -
term strategy, and aid the realization of the 
objectives of the programmes under the  
relevant Ministry; 
  
 (vi) how the establishment of the Government 
Owned Enterprise  shall imp act the fiscal 
position of the Government; and 
  
 (vii) the amount of Government share. 
  
      (4) Where the Cabinet Secretary for the National Treasury  
recommends the proposed establishment of the Government 
Owned Enterprise, the relevant Cabinet Secretary shall submit 
the request together with the recommendations of the Cabinet 
Secretary for the National Treasury regarding the financial and 
economic implications of establishing the Government Owned 
Enterprise to the Cabinet for consideration and approval. 
  
 (4)   Upon approval of the establishment of the Government 
Owned Enterprise by the Cabinet, the necessary establishment 
processes shall be undertaken by the Cabinet Secretary for the 
National Treasury. 
  
       (5) Where in the assessment of the Cabinet Secretary for the 
National Treasury the request does not meet the criteria set in 
subsection (3), the Cabinet Secretary for the National Treasury 
shall inform the relevant Cabinet Secretary of the outcome of the 
assessment, in writing, within thirty days of receipt of the report 
and state the reasons thereof. 
  
Attributes of a 
Government Owned 
Enterprise. 
9. (1) A Government Owned Enterprise shall operate as a 
commercial entity and shall— 
  
 (a) operate for profit; 
  
 (b) be self-financing; 
The Government Owned Enterprises Bill, 2024 
9 
 
  
 (c) be self-sustaining; and 
  
 (d) be accountable to the  public through the  National 
Treasury. 
  
 (2) Notwithstanding subsection (1), a Government Owned 
Enterprise may, in addition to its commercial functions, perform 
Public Service Obligations. 
  
 (3) A Government Owned Enterprise which also performs 
Public Service Obligations shall operate on a commercial basis 
and shall, for the purpose of financing the achievement of Public 
Service Obligations,  be funded through the Government 
budgetary resources. 
  
 (4) The operations of a Government Owned Enterprise shall 
be undertaken in accordance with this Act, and the instrument of 
incorporation. 
  
 (5) The Cabinet Secretary shall annually , publish an 
inventory of Government Owned Enterprises in the Gazette. 
  
 PART III—MANAGEMENT OF GOVERNMENT 
OWNED ENTERPRISES 
  
Board of Directors. 10. (1) A Government Owned Enterprise shall be managed 
by a Board of Directors which shall consist of— 
  
 (a) a chairperson, who is an independent director; 
  
 (b) six persons who are independent directors; 
  
 (c) one person who is a public officer nominated by the 
Cabinet Secretary for the National Treasury from 
within the National Treasury; 
  
 (d) one person who is a public officer designated in 
writing by the Cabinet Secretary for the relevant 
Ministry; and 
  
 (e) the chief executive office who shall be an ex officio 
member of the Board. 
  
 (2) The chairperson shall be elected by the Board of directors 
from among the independent directors. 
  
The Government Owned Enterprises Bill, 2024 
10 
 
 (3) The Cabinet Secretary for the National Treasury shall 
nominate persons to be appointed, by a Government Owned 
Enterprise as independent directors.  
  
Qualifications for 
appointment as a 
chairperson or member 
of a Board. 
11. (1) A person shall be eligible for appointment as a 
chairperson or member of a Board of a Government Owned 
Enterprise if the person— 
  
 (a) has proven business leadership or relevant 
professional experience; 
  
 (b) has served in a position of senior management  or 
leadership for a period of at least five years; 
  
 (c) has not served in the same Government Owned 
Enterprise as an employee in the preceding five 
years; and 
  
 (d) meets the requirements of Chapter six of the 
Constitution. 
  
Disqualification. 12. A person is not qualified to be appointed as an 
independent director of a Government Owned Enterprise if that 
person─ 
  
 (a) was employed by the Government Owned Enterprise 
or its related parties, including its major 
shareholders, in the past five years; 
  
 (b) is an adviser or consultant to the Government Owned 
Enterprise or its related parties and is affiliated with 
a company that is an adviser or consultant to the 
Government Owned Enterprise or its related parties; 
  
 (c) is affiliated with a significant customer or supplier 
of the Government Owned Enterprise or its related 
parties, including banks or other financial 
institutions owned by the Government or any of its 
major shareholders; 
  
 (d) has personal service contracts with the Government 
Owned Enterprise, its related parties, or its senior 
management; 
  
 (e) is affiliated with any organisation, that receives 
significant funding from the Government Owned 
Enterprise or its related parties; 
  
The Government Owned Enterprises Bill, 2024 
11 
 
 (f) is employed as an executive of another company 
where any of the company’s executives serve on that 
company’s board of directors; 
  
 (g) is a member of the immediate family of an individual 
who is, or has been during the past five years, 
employed by the Government Owned Enterprise or 
its related parties as an executive officer; 
  
 (h) is, or has in the past five years has been, affiliated 
with or employed by a present or former auditor of 
the Government Owned Enterprise or of a related 
party; 
  
 (i) is a controlling person of the Government Owned 
Enterprise (or member of a group of individuals or 
entities that collectively exercise effective control 
over the company) or such a person’s close relative, 
widow, in-law, heir, legatee, and successor of any of 
the foregoing or the executor; or 
  
 (j) has in the past five years been affiliated with a 
political party. 
  
Selection panel. 13. (1) The Cabinet Secretary for the National Treasury shall 
appoint a search and selection panel which shall conduct a 
structured, transparent and competitive process of search and 
selection of persons for nomination by the Cabinet Secretary for 
appointment by the respective Government Owned Enterprise s 
as independent directors. 
  
        (2) In the case of Government Owned Enterprises that are 
not wholly-owned by the Government, the Cabinet Secretary for 
the National Treasury  shall participate in the election by 
shareholders of persons to be appointed as independent directors 
and shall elect a number of directors proportionate to the 
Government shareholding in the Government Owned 
Enterprise. 
  
        (3) In the case of government-linked corporations , the 
Cabinet Secretary for the National Treasury  shall participate in 
the election by shareholders of persons to be appointed as 
independent directors and shall elect a number of directors 
provided in the shareholders agreement or such instrument. 
  
      (4) The shareholders agreement under subsection (3) shall 
take into consideration the propositions of the shareholding of 
all shareholders. 
  
The Government Owned Enterprises Bill, 2024 
12 
 
      (5) The members of the search and selection panel shall 
consist of— 
  
 (a) four persons, who are not public officers appointed by 
the Cabinet Secretary; 
  
 (b) one person who is a public officer appointed, by the 
Cabinet Secretary, from the National Treasury; 
  
 (c) one person who is a public officer appointed in writing 
by the Principal S ecretary for the State Department 
responsible for the sector under which the 
Government Owned Enterprise for which the 
recruitment is being undertaken falls; and 
  
 (d) one person who is a public officer appointed from the 
Office of the President. 
  
     (6) The members of the search and selection panel other than 
the members under subsection (5) (b), (c) and (d) shall serve on 
a part-time basis for a non-renewable term of three years. 
  
     (7) The chairperson of the search and selection panel shall 
be a person elected by members of the panel from among the 
four persons who are not public officers. 
  
     (8) In appointing persons to be members of the search and 
selection panel, the Cabinet Secretary shall determine and apply 
an objective set of criteria, which criteria shall include diversity, 
independence of the persons and fulfilment of fit -and-proper 
requirements that the Cabinet Secretary shall issue. 
  
    (9) The search and selection panel may, from time to time, 
co-opt into the panel persons with specific expertise and skills. 
  
   (10) The search and selection panel shall determine and apply 
an objective set of criteria for search and selection of persons, 
which criteria shall include diversity, independence of the 
persons and fulfilment of fit -and-proper requirements that the 
Cabinet Secretary shall issue. 
  
    (11) The Cabinet Secretary for the National Treasury shall 
facilitate the operations of the selection panel.   
  
Qualifications of 
members of the selection 
panel. 
14. (1) A person shall qualify for appointment as a member 
of the selection panel, if that person— 
  
 (a) holds a degree from a university recognised in 
Kenya in a relevant field; 
The Government Owned Enterprises Bill, 2024 
13 
 
 
 (b) has demonstrable leadership experience in the 
private or public sector; 
  
 (c) has served in a senior management position for a 
period of at least ten years; and 
  
 (d) meets the requirements of Chapter Six of the 
Constitution. 
  
     (2) A person shall not qualify for appointment as a member 
of the selection panel, if that person— 
  
 (a) is a member of Parliament or county assembly; 
  
 (b) is a member of a governing body of a political party; 
  
 (c) is an undischarged bankrupt; 
  
 (d) has been convicted of a felony; or 
  
 (e) has been removed from public office for 
contravening the provisions of the Constitution or 
any other law. 
  
Vacancy. 15. A person shall cease to be a member of the search and 
selection panel only if the person— 
  
 (a) becomes incapacitated to discharge their duties; 
  
 (b) is adjudged bankrupt by a competent court of law; 
  
 (c) becomes absent without the permission of the search 
and selection members for more than three meetings 
of the panel; 
  
 (d) resigns by written notice given to the other members 
of the panel or to the Cabinet Secretary to the 
National Treasury; 
  
 (e) is prohibited from being a panelist by a written law;  
  
 (f) is convicted of a criminal offence by a competent 
court of law; and 
  
 (g) becomes a holder of a political office whether or not 
in a legislative role. 
  
The Government Owned Enterprises Bill, 2024 
14 
 
Procedures of the 
selection panel. 16. (1) The selection panel shall develop its procedures for 
the recruitment and appointment of the Boards of directors in 
accordance with this Act. 
  
       (2) The selection panel shall maintain a proper record of all 
its meetings, including minutes, in such manner as it may 
determine. 
  
Tenure of independent 
directors. 17. (1) In the case of a Government Owned Enterprise  that 
is wholly -owned by the Government, an independent director 
once appointed shall serve for a three-year term, renewable once. 
  
 (2) In the case of a Government Owned Enterprise that is not 
wholly-owned by Government, an independent director once 
appointed shall serve for a period of time that may be required, 
by a legal instrument, before a director is due to retire by 
rotation. 
  
 (3) A person shall cease to be an independent director only 
if the person— 
  
 (a) becomes incapacitated to discharge the duties of a 
director; 
  
 (b) is adjudged bankrupt by a competent court of law; 
  
 (c) becomes absent from three consecutive meeting of 
the Board without the directors’ permission; 
  
 (d) resigns by written notice given to the other directors 
or to the Government Owned Enterprise; 
  
 (e) is prohibited from being a director by a written law;  
  
 (f) is convicted of a criminal offence by a competent 
court of law; 
  
 (g) becomes a holder of a political office whether or not 
in a legislative role; and 
  
 (h) becomes an employee of the Government or a 
Government Owned Enterprise. 
  
 (4) A person shall not cease to be an independent director 
for reasons other than those stipulated in subsection (3). 
  
Role of the Board. 18. The Board of a Government Owned Enterprise shall be 
responsible for— 
  
The Government Owned Enterprises Bill, 2024 
15 
 
 (a) appointment and removal of the Chief Executive 
Officer; 
  
 (b) establishing the terms and conditions of employment 
of the Government Owned Enterprise staff, taking 
into consideration all relevant factors such as 
industry dynamics and sustainability of the 
Government Owned Enterprise, and subject to such 
guidelines as the Cabinet Secretary for the National 
Treasury may issue; 
  
 (c) setting of the Government Owned Enterprise 
strategic direction and approval of strategic plans; 
  
 (d) approval of a Government Owned Enterprise annual 
budgets and the related funding at the Government 
Owned Enterprise level; 
  
 (e) setting key performance indicators for the Chief 
Executive Officer; 
  
 (f) putting in place risk governance and risk 
management systems and processes, including 
setting the risk appetite for the Government Owned 
Enterprise business, taking into consideration 
shareholder risk preference; 
  
 (g) establishing and overseeing internal control systems 
and their continuous testing for efficiency and 
effectiveness; 
  
 (h) performance evaluation of the Chief Executive 
Officer and top-level management; 
  
 (i) entering into performance contracts with the 
National Treasury; 
  
 (j) putting in place systems and processes to ensure 
compliance with all legal and regulatory 
requirements and frameworks; 
  
 (k) putting in place succession management framework 
and business continuity plan comprising—  
  
 (i) nomination processes to identify candidates 
for consideration by the Cabinet Secretary for 
appointment to the Board; and 
  
The Government Owned Enterprises Bill, 2024 
16 
 
 (ii) succession plans for the Chief Executive 
Officer and other critical positions within 
management ranks of the Government 
Owned Enterprise; and 
  
 (l) establishing and implementing a Board self -
evaluation system. 
  
Board meetings. 19. (1) The Board of a Government Owned Enterprise shall 
meet— 
  
 (a) at least once in every three months; and 
  
 (b) at other times that the Board considers necessary for the 
efficient management of the business and affairs of the 
Government Owned Enterprise. 
  
Remuneration. 20. (1) The remuneration of directors of Government Owned 
Enterprises shall be governed by the remuneration structure and 
guidelines issued by the Cabinet Secretary from time to time. 
  
     (2) The remuneration for directors may include— 
  
 (a) directors’ fees to be recommended by directors 
of individual Government Owned Enterprises 
with the concurrence of the Cabinet Secretary 
and determined at the Annual General Meeting 
or, in the case of Government Owned 
Enterprises wholly -owned by Government, 
approved by the Cabinet Secretary; 
  
 (b) sitting allowance to be determined by the 
Cabinet Secretary; and 
  
 (c) a bonus-type annual pay as a reward based on the 
extent of achievement of targets under the 
performance contract signed between the 
Cabinet Secretary and the Government Owned 
Enterprise. 
  
      (3) The directors’ fees and sitting allowances under 
subsections (2)(a) and (b) shall not be performance based. 
 
Audit Committee. 21. (1) The Board of a Government Owned Enterprise shall 
establish an audit committee, whose members shall be 
financially literate and majority of them, including its 
chairperson, shall be independent directors. 
  
       (2) The audit committee shall be responsible for— 
The Government Owned Enterprises Bill, 2024 
17 
 
  
 (a) recommending to the Board the appointment of 
external auditors by the Government Owned 
Enterprise and shall consider any questions in 
respect of external auditors, audit fees and provision 
by external auditors of any service to the 
Government Owned Enterprise in addition to audit 
of its financial statements; 
  
 (b) assurance on appropriateness of measures to 
safeguard the assets of a Government Owned 
Enterprise’s assets; 
  
 (c) reviews of all reports and communications with 
external auditors; 
  
 (d) review of half -yearly and annual financial 
statements of the Government Owned Enterprise, 
prior to their approval by the Board;  
  
 (e) ensuring coordination between the internal and 
external auditors of the Government Owned 
Enterprise; and 
  
 (f) overall assurance to the Board on internal control 
and risk governance systems. 
  
Chief Executive Officer. 22. (1) There shall be a Chief Executive Officer of a 
Government Owned Enterprise who shall be competitively 
recruited and appointed by the Board on such terms and 
conditions as may be specified in the instrument of appointment. 
  
 (2) The Chief Executive Officer of a Government Owned 
Enterprise shall be a member of the Board of directors but shall 
not have the power to vote. 
  
 (3) A person shall qualify for appointment as a Chief 
Executive Officer, if such person— 
  
 (a) holds a degree in the relevant field from a university 
recognized in Kenya; 
  
 (b) has at least ten years work experience in a relevant 
field; 
  
 (c) has served in a position of senior management for a 
period of at least five years; and 
  
The Government Owned Enterprises Bill, 2024 
18 
 
 (d) meets the requirements of Chapter Six of the 
Constitution. 
  
 (4)  A person shall not qualify for appointment as Chief 
Executive Officer if such person— 
  
 (a) is a member of Parliament or County Assembly; 
  
 (b) is a member of a governing body of a political party; 
  
 (c) is an undischarged bankrupt; 
  
 (d) has been convicted of a felony; or 
  
 (e) has been removed from public office for 
contravening the provisions of the Constitution or 
any other written law. 
  
 (5)  The Chief Executive Officer shall hold office for a term 
of four years and shall be eligible for reappointment for one 
further term. 
  
 (6)  The Chief Executive Officer shall— 
  
 (a) be responsible to the Board of the Government 
Owned Enterprise for the day-to-day management of 
the affairs of the Government Owned Enterprise; 
and 
  
 (b) perform such other functions as the Board may 
direct. 
  
 (7) The Chief Executive Officer may be removed from 
office on any of the following grounds— 
  
 (a) serious violation of the Constitution or other law; 
  
 (b) gross misconduct; 
  
 (c) physical or mental incapacity to perform the 
functions of the office; 
  
 (d) unsatisfactory performance; or 
  
 (e) bankruptcy. 
  
 (8) Before removal under subsection ( 5), the Chief 
Executive Officer— 
  
The Government Owned Enterprises Bill, 2024 
19 
 
 (a) may be suspended from office by the Board; 
  
 (b) shall be informed, in writing, of the reasons for the 
intended removal; and 
  
 (c) shall be given an opportunity to put in a defence 
against any such allegations. 
  
Secretary to the Board. 23. (1) There shall be a Secretary to the Board of a 
Government Owned Enterprise who shall be qualified in terms 
of the law governing the practice of public secretaries and 
appointed by the Board. 
  
    (2) The Secretary to the Board shall hold and vacate the office 
of Secretary in accordance, with the terms specified in the 
instrument of appointment to that office. 
  
    (3) The Secretary to the Board shall attend all the meetings 
of the Board and may, with the consent of the person presiding 
at a meeting, offer an advisory opinion or take part in the 
deliberations on any matter arising at the meeting, but shall not 
be entitled to vote on any such matter. 
  
   (4) The Secretary to the Board shall be responsible for— 
  
 (a) arranging the business of the Board; 
  
 (b) the Board meetings; 
  
 (c) keeping the records of the Board meetings; 
  
 (d) keeping of records of the proceedings of the Board; 
and 
  
 (e) performing such other duties as the Board may direct. 
  
Staff of Government 
Owned Enterprises. 24. A Government Owned Enterprise may appoint such 
officers and other staff as are necessary for the proper discharge 
of the functions of the Government Owned Enterprise, upon 
such terms and conditions of service as the Board may 
determine, subject to such guidelines as the Cabinet Secretary  
for the National Treasury may issue. 
  
Responsibility to the 
shareholders and the 
Government Owned 
Enterprise. 
25. (1) The Board shall ensure its obligations to shareholders 
of the Government Owned Enterprise are fulfilled and that the 
shareholders are duly informed in a timely manner of all material 
events through shareholder meetings and other communications 
as necessary. 
  
The Government Owned Enterprises Bill, 2024 
20 
 
 (2) The Boards shall develop and implement a code of 
conduct for the members of the Boards, as well as the employees 
of the Government Owned Enterprises, with a view of ensuring 
the adherence to the  highest professional standards and 
corporate values. 
  
 (3) The code of conduct developed under this subsection (2) 
shall be effectively communicated within the Government 
Owned Enterprise together with supporting policies and 
procedures, including adequate systems and controls for the 
identification and  the redress  of grievances arising from 
unethical practices. 
  
 PART IV—PERFORMANCE 
  
Business plan. 26. (1) The Board of a Government Owned Enterprise shall, 
prior to the commencement of a financial year, adopt a business 
plan based on the strategic plan.   
  
 (2) The business plan must be effective on the first day of the 
financial year to which it applies. 
  
 (3) The business plan of a Government Owned Enterprise  
shall form the basis of annual performance contracts to be signed 
between the Cabinet Secretary for the National Treasury and the 
Government Owned Enterprise. 
  
Performance 
management. 27. (1) The Cabinet Secretary for the National Treasury by 
means of performance contracts shall convey to each  
Government Owned Enterprise performance targets for the 
period. 
  
 (2) The Board of a Government Owned Enterprise shall 
enter into performance contracts with the Cabinet Secretary.  
  
 (3) The performance contracts under subsection (1) shall be 
designed to enhance the commercial performance of a  
Government Owned Enterprise in ways that will— 
  
 (a) safeguard the long -term sustainability of the  
Government Owned Enterprise; 
  
 (b) enable the shareholder s to make a return 
commensurate with the level of investment made in 
the Government Owned Enterprise; and 
  
 (c) minimize the fiscal cost and risks emanating from the 
Government Owned Enterprise to the national 
exchequer. 
The Government Owned Enterprises Bill, 2024 
21 
 
  
     (4) Th e provisions of this section shall not apply to 
government-linked corporations. 
  
Performance evaluation. 28. (1) The Cabinet Secretary for the National Treasury shall 
be responsible for performance evaluation of  Government 
Owned Enterprises and for purposes of performance evaluation, 
may co-opt relevant external experts that may include those from 
relevant Ministries. 
  
 (2) The performance eval uation of Government Owned 
Enterprises under sub section (1) may be based on audited 
financial statements and any other parameters as the Cabinet 
Secretary for the National Treasury may determine. 
  
 (3) The Board of a Government Owned Enterprise shall be 
responsible for evaluation of performance of the Chief 
Executive Officer and top-level members of management of the 
Government Owned Enterprise. 
  
 (4) The Cabinet Secretary for the National Treasury may 
determine a perform ance incentive system for Board s of 
Government Owned Enterprises. 
  
 (5) The Board of a  Government Owned Enterprise may 
determine a performance incentive system for the Chief 
Executive Officer and the rest of the staff of the Government 
Owned Enterprise.  
  
 PART V—PUBLIC SERVICE OBLIGATIONS 
  
Public Service 
Obligations. 29. (1) For purposes of this part, Public Service Obligations 
of a Government Owned Enterprise are obligations to perform 
activities that the Board of a Government Owned Enterprise 
establishes to the satisfaction of the Cabinet Secretary  for the 
National Treasury— 
  
 (a) are not in the commercial interests of the 
Government Owned Enterprise to perform;  
  
 (b) arise because of a direction, notification or duty 
to the public by the Government Owned 
Enterprise; and 
  
 (c) do not arise because of the application of the 
commercial principles. 
  
     (2) Notwithstanding subsection (1), the Cabinet Secretary for 
the National Treasury shall not assign  Public Service 
The Government Owned Enterprises Bill, 2024 
22 
 
Obligations to listed Government Owned Entities and 
government-linked corporations. 
  
Proposals. 30. (1) A proposal on Public Service Obligations to be 
assigned to a Government Owned Enterprise may be originated 
by the relevant Ministries for consideration by the Cabinet 
Secretary for the National Treasury. 
  
 (2) The Cabinet Secretary  for the National Treasury  upon 
evaluating the merits of the proposal of the  Public Service 
Obligations for assignment to a Government Owned Enterprise 
may submit the proposal to the Cabinet for consideration. 
  
 (3) The Cabinet Secretary for the National Treasury shall 
assign a  Public Service Obligation to a  Government Owned 
Enterprise only after approval by Cabinet. 
  
 (4) The Public Service Obligations shall be— 
  
 (a) costed and accounted for separately;  
  
 (b) audited separately; and 
  
 (c) time bound. 
  
 (5) The National Treasury shall not originate Public Service 
Obligations for assignment to Government Owned Enterprise. 
  
 (6) The Cabinet Secretary for the National Treasury may 
limit the number of Public Service Obligations that may be 
assigned to an individual Government Owned Enterprise. 
  
 (7) Public Service Obligations shall not form part of 
performance contracts to be signed between the Cabinet 
Secretary for the National Treasury and a Government Owned 
Enterprise. 
  
 (8) The Cabinet Secretary for the National Treasury may, 
from time to time, issue guidelines on Public Service 
Obligations. 
  
Implementation of 
Public Service 
Obligations. 
31. (1) Before submitting a proposal to the Cabinet, the 
Cabinet Secretary for the National Treasury may in writing 
inform the Government Owned Enterprise of the proposal of the 
Public Service Obligation. 
  
 (2) Within thirty days of receiving the written proposal from 
the Cabinet Secretary for the National Treasury, the Government 
Owned Enterprise shall respond to the notice in writing, stating, 
The Government Owned Enterprises Bill, 2024 
23 
 
with reasons, whether or not the Government Owned Enterprise 
agrees to give effect to the proposal. 
  
 (3) If the Government Owned Enterprise agrees to the 
proposal under subsection (2), the Cabinet Secretary  for the 
National Treasury and the Government Owned Enterprise shall 
enter into negotiations with a view to agreeing arrangements 
under which the Government Owned Enterprise can give effect 
to the proposal without acting inconsistently with its primary 
objective. 
  
 (4) If an agreement is reached under subsection (3), the 
arrangements for giving effect to the proposal shall be 
incorporated in a Public Service Obligation agreement which  
shall— 
  
 (a) be in writing; 
  
 (b) be approved by the Cabinet Secretary and the Board 
of the Government Owned Enterprise; 
  
 (c) include provision for funding or other resources to the 
Government Owned Enterprise; 
  
 (d) if it provides for the Government Owned Enterprise 
to provide goods or services, shall— 
  
 (i) specify the goods or services, including any 
particular quantities; 
  
 (ii) specify an estimate of the annual total cost to 
the Government Owned Enterprise for 
providing the goods or service, and an 
estimate of the annual total revenue to be 
received by the Government Owned 
Enterprise for doing so; and 
  
 (iii)specify how the performance of the 
Government Owned Enterprise in providing 
the goods or services will be monitored and 
assessed. 
  
 (e) may include any other matter, not inconsistent with 
this Act, that is agreed between the Cabinet Secretary 
and the Board of the Government Owned Enterprise. 
  
 (7) The Public Service Obligations under a Public service 
Obligation agreement shall be binding. 
  
The Government Owned Enterprises Bill, 2024 
24 
 
 PART VI – REPORTING AND DISCLOSURE 
  
Reporting. 32. (1) A Government Owned Enterprise shall make 
quarterly and annual reports to the Cabinet Secretary for the 
National Treasury in the manner that the Cabinet Secretary for 
the National Treasury may prescribe from time to time. 
  
 (2) T he Cabinet Secretary for the National Treasury  may 
make half-yearly reports on the Government Owned Enterprise 
to the Cabinet and annually to the National Assembly. 
  
       (3) The Cabinet Secretary for the National Treasury shall 
with respect to listed Government Owned enterprises make, 
based on publicly available information, analysed annual reports 
to Cabinet and the National Assembly. 
  
      (4) The Cabinet Secretary for the National Treasury shall 
with respect to government-linked corporations make public the 
performance or any other relevant information regarding the 
government-linked corporations. 
  
Disclosure 33. (1) The Cabinet Secretary for the National Treasury shall 
make public, on the National Treasury website or on such other 
information platforms as may be accessible to the public— 
  
 (a) audited annual reports of Government Owned 
Enterprises; 
  
 (b) annual performance evaluation results of 
Government Owned Enterprises; and 
  
 (c) reports on appointment of independent directors of 
Government Owned Enterprises and the procedures 
followed in arriving at such appointments. 
  
 (2) Government Owned Enterprises shall make public, on 
their individual websites or on such other platforms as may be 
accessible to the public— 
  
 (a) audited annual reports; 
  
 (b) annual performance evaluation results; and 
  
 (c) annual report on anti -corruption activities 
completed. 
  
Financial 
transparency. 
34. The Board shall ensure that the Government Owned 
Enterprise, keeps financial records that— 
  
The Government Owned Enterprises Bill, 2024 
25 
 
 (a) correctly record and explain its transactions and 
financial position and performance; 
  
 (b) enable financial statements to be prepared and be 
audited; and 
  
 (c) clearly identify  and disclose  any transactions 
undertaken by the Government Owned Enterprise 
with any director or their close relatives, either 
directly or indirectly and comprising a pecuniary or 
non-pecuniary benefit through a company or other 
business established by such director. 
  
 PART VII –GENERAL PROVISIONS 
 
 
 
Dissolution and 
merger of 
Government Owned 
Enterprise. 
35. (1)   A Government Owned Enterprise may be dissolved 
only with the prior approval of the Cabinet  and in accordance 
with the legislation govern ing the dissolution of such 
Government Owned Enterprise. 
  
 (2)   Subject to the provisions of a legislation enacted for the 
formation, management and dissolution of Government Owned 
Enterprise, a Government Owned Enterprise may be 
dissolved— 
  
 (a) upon expiry of the lifespan of a Government Owned 
Enterprise as may be defined in the instrument of 
establishment; 
  
 (b) where a Government Owned Enterprise has carried 
out the mandate for which it was created; 
  
 (c) upon reorganization of a Government Owned 
Enterprise and associated government functions, 
and; 
  
 (d) upon a merger of a Government Owned Enterprise 
with another 
  
 (3)    The Cabinet Secretary for the National Treasury shall 
follow-up implementation of' the findings and eventual 
recommendations for dissolution to ensure compliance. 
  
 (4)  The Cabinet Secretary for the National Treasury may by 
notice in the Gazette prescribe guidelines for dissolution and 
mergers of Government Owned Enterprise. 
  
The Government Owned Enterprises Bill, 2024 
26 
 
 (5)    Upon approval by Cabinet of the recommendations to 
dissolve or merge a Government Owned Enterprise, the Cabinet 
Secretary for the National Treasury shall cause the dissolution 
or merge of the Government Owned Enterprise with another. 
  
Funds of a 
Government 
Owned Enterprise. 
36. (1) The funds of a Government Owned Enterprise shall 
include— 
  
 (a) such monies as may be appropriated to the 
Government Owned Enterprise by Parliament; 
  
 (b) such fees, monies or assets as may accrue to or vest 
in the Government Owned Enterprise in the course 
of the exercise of its powers or the performance of 
its functions under this Act or under any written law; 
and 
  
 (c) monies from any other source provided for or 
donated or lent to the Government Owned 
Enterprise. 
  
Financial year. 37. Except as otherwise provided, the financial year of a 
Government Owned Enterprise shall be the period of twelve 
months ending on the thirtieth June in each year. 
  
Annual estimates. 
Cap. 412A 
38. The annual estimates of Government Owned Enterprises 
shall be prepared in accordance with the Public Finance 
Management Act. 
  
Regulations. 39. The Cabinet Secretary  for the National Treasury  may 
make regulations generally for the better carrying into effect of 
the provisions of this Act. 
  
       (2) The Regulations under subsection (1) may prescribe— 
  
 (a) a code of governance for Government Owned 
Enterprises 
  
 (b) the procedure for merger and dissolution of 
Government Owned Enterprises; 
  
 (c) provisions of a savings or transitional nature relating 
to the transition from the application of the Acts and 
subsidiary legislation in relation to Government 
Owned Enterprises to the application of this Act. 
  
 (d) any other matter necessary for the implementation of 
this Act. 
The Government Owned Enterprises Bill, 2024 
27 
 
  
Transition 
provisions. 
 
 
40. (1) A person who immediately before the 
commencement of the Act held the office of Chairperson of a 
Board of a Government Owned Enterprise, appointed in 
accordance with the relevant legislation, shall, subject to the 
provisions of this Act, serve as the Chairperson of the Board of 
a Government Owned Enterprise. 
  
 (2) A person who immediately before the commencement of 
the Act held the office of member of a Board of a Government 
Owned Enterprise, appointed in accordance with the relevant 
legislation, shall, subject to the provisions of this Act, serve as a 
member of the Board. 
  
 (3) A person who immediately before the commencement of 
the Act held the office of Chief Executive Officer of a 
Government Owned Enterprise, appointed in accordance with 
relevant legislation, shall subject to the provisions of this Act, 
serve as the Chief Executive Officer of the Government Owned 
Enterprise. 
  
 (4) A person who served as a staff member of a Government 
Owned Enterprise shall, subject to the provisions of this Act, 
continue in office as a staff member of the Government Owned 
Enterprise. 
  
Consequential 
amendments. 
 
Cap. 412A 
Cap 486 
41. (1) Section 2 of the State Corporations Act is amended 
in the definition of state corporation by adding the following 
new paragraph immediately after paragraph (viii)─ 
  
    (ix) a Government Owned Enterprise established before or 
after the commencement of the Government Owned 
Enterprises Act, 2024. 
 
The Government Owned Enterprises Bill, 2024 
28 
 
MEMORANDUMOF OBJECTS AND REASONS 
The principal object of this Bill is to provide for the establishment, control, governance, 
performance and ownership of Government Owned Enterprises  and public service 
obligations in respect of Government Owned Enterprises 
PART I of the Bill provides for the preliminary provisions. 
PART II  of the Bill seeks to provide for the procedure and criteria for establishing a 
Government Owned Enterprise. Clause 7 and 8 provides for commercial principles and 
the procedure for establishing a Government Owned Enterprise while Clause 9 provides 
for the attributes of a Government Owned Enterprises. 
PART III  of the Bill seeks to provide for the management of a Government Owned 
Enterprises. Clause 10 of the Bill seeks to provide for the Board of A government Owned 
Enterprise. Further clause 14 provides for appointment of a Chief Executive Officer .  
Clause 22 of the Bill proposes to provide for a selection panel and their functions.   
PART IV  of the Bill seeks to provide for performance of a Government Owned 
Enterprise. Clause 26 seeks to provide for a business plan based on the strategic plan of 
the Government Owned Enterprise.  
Clause 27 of the Bill further provides for performance management while C lause 28 of 
the Bill provides for performance evaluation. 
PART V of the Bill under clause 29 seeks to provide for Public Service Obligations of 
the Government Owned Enterprises, Clause 30 seeks to provide for proposals of Public 
Service Obligations and Clause 31 seeks to stipulate enforcement of Public Service 
Obligations. 
PART VI of the Bill seeks to provide for  reporting and disclosure. Clause 32 and 33 
provides for reporting and annual report respectively and Clause 34 provides for 
Disclosure while Clause 35 provides for financial transparency. 
PART VI of the Bill seeks to provide for general provisions and they include dissolution, 
mergers, funds of the Government Owned enterprise while Clause 38, 39 and 40 seeks to 
provide for financial year, annual estimates and power by the Cabinet Secretary to make 
Regulations for the effective im plementation of the Act. Clause 41 and 42 provides for 
transition provision and consequential amendments respectively. 
 
 
NJUGUNA NDUNG’U, EGH 
Cabinet Secretary for the 
National Treasury and Economic Planning.",Kenya National Treasury,treasury_psas.csv,0.5796,False,,,,,,,,
,"Abdullahi Yasin Warsame, 42, told Radio Ergo that his household of 13 people relied entirely on food distributions and a small cash stipend that suddenly stopped in February.",,scraped_psas_english.csv,0.4991,False,,Disaster/Health,,,,,,
,"He said he has not received a clear explanation, despite submitting many complaints to authorities and aid agency offices.",,scraped_psas_english.csv,0.3738,False,,Disaster/Health,,,,,,
,"When you lose what you had, you realise what it meant to you.",,scraped_psas_english.csv,0.4982,False,,Disaster/Health,,,,,,
,We had no other source of income.,,scraped_psas_english.csv,0.4638,False,,Disaster/Health,,,,,,
,"When it was taken away and we didn’t know why, it caused us a lot of distress,” he said.",,scraped_psas_english.csv,0.272,False,,Disaster/Health,,,,,,
,"His family includes 10 children under the age of 18, and his elderly disabled mother, who has diabetes and high blood pressure.",,scraped_psas_english.csv,0.572,False,,Disaster/Health,,,,,,
,"They used to receive 110 kilograms of rice, 40 kilograms of beans, 15 litres of cooking oil, as well as $43 in cash every two months that kept them going.",,scraped_psas_english.csv,0.5327,False,,Disaster/Health,,,,,,
,He said his family had been assessed last year and classified as being vulnerable and in need of continued assistance.,,scraped_psas_english.csv,0.298,False,,Disaster/Health,,,,,,
,"Now, he says, the family survives largely on help from neighbours, who themselves have limited means.",,scraped_psas_english.csv,0.4067,False,,Disaster/Health,,,,,,
,"Abdullahi works as a night guard, earning about $60 a month.",,scraped_psas_english.csv,0.2885,False,,Disaster/Health,,,,,,
,"We complain about lack of food, but we are told the [aid distribution] card has been removed from the system, and we do not know the reason,” he told Radio Ergo.",,scraped_psas_english.csv,0.5261,False,,Disaster/Health,,,,,,
,"Kenya’s Department of Refugee Services (DRS) removed about 39,000 people from entitlement to assistance in February, following a verification exercise.",,scraped_psas_english.csv,0.5548,False,,Disaster/Health,,,,,,
,Many of those affected had lived in the camps for more than 30 years.,,scraped_psas_english.csv,0.4449,False,,Disaster/Health,,,,,,
,She thought this would open better opportunities for her.,,scraped_psas_english.csv,0.4791,False,,Disaster/Health,,,,,,
,"But in February, her family of eight was on the DRS list of those cut off from assistance.",,scraped_psas_english.csv,0.5742,False,,Disaster/Health,,,,,,
,"Sometimes women in the neighbourhood collect about 15 kilos of rice and oil for us,” she said.",,scraped_psas_english.csv,0.3689,False,,Disaster/Health,,,,,,
,"She now regrets the decision, saying it has left her family without the support they depended on.",,scraped_psas_english.csv,0.5288,False,,Disaster/Health,,,,,,
,"We cannot manage without refugee assistance,” she told Radio Ergo.",,scraped_psas_english.csv,0.5702,False,,Disaster/Health,,,,,,
,Camp leaders say the impact of refugees being denied aid is severe.,,scraped_psas_english.csv,0.4932,False,,Disaster/Health,,,,,,
,"The chairman of Dadaab’s Hagadera camp, Khalif Dhuubow Jelle, said camp leaders and refugee committees had repeatedly raised their concerns with relevant authorities but to no effect.",,scraped_psas_english.csv,0.4735,False,,Disaster/Health,,,,,,
,"There is hunger, and if assessments are carried out, it will be clear that many are facing it,” Khalif stated.",,scraped_psas_english.csv,0.552,False,,Disaster/Health,,,,,,
,"This is attributed to changes in policy around the existence of the camps, as well as to funding cuts.",,scraped_psas_english.csv,0.5531,False,,Governance,,,,,,
,Makena’s presence came at a critical moment.,,scraped_psas_english.csv,0.5407,False,,Disaster/Health,,,,,,
,"Shortly after birth, however, Leaungokiok began to bleed heavily, a potentially life-threatening complication if not managed quickly.",,scraped_psas_english.csv,0.4956,False,,Disaster/Health,,,,,,
,"Under the 9-month intervention, the KCC aims to reach over 28,000 individuals across the country.",,scraped_psas_english.csv,0.4523,False,,Disaster/Health,,,,,,
,This approach and the collaboration established between sectoral leaders also positions the KCC as a leader in adopting ‘MPCA first’ as a guiding principle to increase value for recipients.,,scraped_psas_english.csv,0.5976,False,,Disaster/Health,,,,,,
,"Our aim under this action is not just to transfer resources; but to transfer choice, dignity and hope.",,scraped_psas_english.csv,0.5074,False,,Disaster/Health,,,,,,
,"CGAN takes these specific conditions—like temperature, humidity, or wind patterns—and uses them to generate realistic future climate scenarios.",,scraped_psas_english.csv,0.5395,False,,Disaster/Health,,,,,,
,"This helps scientists and meteorologists make more accurate forecasts, especially in complex situations like predicting droughts or floods for Anticipatory Action (SEWAA) project, the team is applying advanced AI—specifically Conditional Generative Adversarial Networks (cGANs)1 —to generate high-resolution rainfall forecasts weeks in advance.",,scraped_psas_english.csv,0.4711,False,,Disaster/Health,,,,,,
,UNAIDS uses ‘cost of inaction’ as an indicator of the negative impact on the lives of people and communities of not investing resources to end AIDS.,,scraped_psas_english.csv,0.5457,False,,Disaster/Health,,,,,,
,The cost of inaction for young people is especially significant as the impact extends through most of their life.,,scraped_psas_english.csv,0.4654,False,,Disaster/Health,,,,,,
,"Using a cost of inaction approach, this report calculates the annual current cost of the inadequate provision of HIV and SRHR services to young people aged 15–24 years old in the three countries.",,scraped_psas_english.csv,0.4637,False,,Health,,,,,,
,"As the country shifts from an encampment-based model toward integrated settlements under the Shirika Plan, new evidence points to a central risk:without jobs, the current drop in aid is translating into deeper poverty rather than self‑reliance for both host communities and refugees.",,scraped_psas_english.csv,0.4089,False,,Disaster/Health,,,,,,
,"A recent studyproduced through a collaboration between the World Bank, UNHCR, and the Center for Effective Global Action draws on two waves of a panel survey conducted between 2022 and 2024.",,scraped_psas_english.csv,0.4978,False,,Disaster/Health,,,,,,
,"By following the same refugee and host households over time, the study provides rare insight into how welfare and coping strategies are evolving as humanitarian aid tightens, shocks intensify, and local economies come under strain.",,scraped_psas_english.csv,0.5832,False,,Disaster/Health,,,,,,
,"Forced displacement is both a humanitarian issue and, increasingly, a challenge for jobs and development, with direct implications for poverty reduction, local economic stability, and social cohesion.",,scraped_psas_english.csv,0.5257,False,,Disaster/Health,,,,,,
,"Because the surveys predate the deepest aid cuts observed since late 2024, conditions today are likely even more severe.",,scraped_psas_english.csv,0.5569,False,,Agriculture,,,,,,
,"Poverty and deprivation remain widespread among both host communities and refugees, with little improvement over time.",,scraped_psas_english.csv,0.562,False,,Disaster/Health,,,,,,
,"Between survey waves, the median value of aid received by refugee households fell following repeated ration cuts and the suspension of voucher systems.",,scraped_psas_english.csv,0.5267,False,,Disaster/Health,,,,,,
,"This is most evident in Kalobeyei, where monetary poverty rose markedly between survey waves.",,scraped_psas_english.csv,0.3862,False,,Disaster/Health,,,,,,
,Refugee labor markets deteriorated sharply amid already weak host employment conditions.,,scraped_psas_english.csv,0.58,False,,Disaster/Health,,,,,,
,"Inactivity among camp‑based refugees rose to 89%, reflecting limited job opportunities rather than unwillingness to work, with 64% citing a lack of available jobs, up from 41%.",,scraped_psas_english.csv,0.4696,False,,Disaster/Health,,,,,,
,"Host employment changed little but remained low, especially in camp‑adjacent areas where employment edged down from 35% to 33% and inactivity rose to 63%.",,scraped_psas_english.csv,0.4979,False,,Disaster/Health,,,,,,
,"In the first wave of the survey, less than 1% of refugees held a work permit, underscoring how administrative hurdles and mobility restrictions continue to constrain formal labor‑market entry.",,scraped_psas_english.csv,0.5937,False,,Disaster/Health,,,,,,
,"Host communities face a parallel challenge: chronically weak labor demand in Turkana and Garissa, compounded by shrinking aid that further contracts service‑oriented camp economies.",,scraped_psas_english.csv,0.5836,False,,Disaster/Health,,,,,,
,"In camp settings, 64% of households reported reducing food consumption and 44% relied on credit to buy food.",,scraped_psas_english.csv,0.573,False,,Disaster/Health,,,,,,
,"The evidence is clear:integration without jobs will not deliver self‑reliance.As aid shrinks, enabling economic opportunity is no longer optional.",,scraped_psas_english.csv,0.4927,False,,Disaster/Health,,,,,,
,"Without that pivot, vulnerability will persist, even in more integrated settlements.",,scraped_psas_english.csv,0.5721,False,,Disaster/Health,,,,,,
,"KAP-FD is implemented by the World Bank, UNHCR, and Center for Effective Global Action (CEGA).",,scraped_psas_english.csv,0.3055,False,,Disaster/Health,,,,,,
,"It is supported by the PROSPECTS Partnership, which brings together the World Bank, IFC, ILO, UNHCR, and UNICEF, funded by the Kingdom of the Netherlands and administered at the World Bank through the Multi Donor Trust Fund for Forced Displacement.",,scraped_psas_english.csv,0.3694,False,,Disaster/Health,,,,,,
,"While populations in continental regions are predominantly exposed to seasonal cumulative excess heat, many populations in tropical and subtropical climates are chronically exposed to high temperatures and high humidity.",,scraped_psas_english.csv,0.5761,False,,Disaster/Health,,,,,,
,"An additional challenge is when it’s hot, but not hot enough to trigger extreme heat warnings.",,scraped_psas_english.csv,0.5181,False,,Disaster/Health,,,,,,
,"In Adelaide, Australia for example, long, low-intensity heatwaves throughout the summer of 2024-25 were not enough to reach a threshold that triggered protective action.",,scraped_psas_english.csv,0.4718,False,,Education,,,,,,
,"Nonetheless, it was hot enough to exhaust people mentally and physically, especially people that are highly exposed because they are outdoor workers, live in inadequate housing, don’t have access to cooling, or can’t afford to run it.",,scraped_psas_english.csv,0.5315,False,,Disaster/Health,,,,,,
,"Although the vulnerability of cities includingNairobi, Dar es Salaam and Karibais increasingly recognised, major gaps in data coverage continue to mask the extent of exposure to extreme heat and humidity inside informal housing.",,scraped_psas_english.csv,0.4738,False,,Disaster/Health,,,,,,
,"Southeast Asia and other tropical regions face a distinct heat challenge driven by the combination of high temperatures, high humidity and prolonged exposure.",,scraped_psas_english.csv,0.4332,False,,Disaster/Health,,,,,,
,"In many tropical areas, extreme heat conditions persist for at leastthree months each year(maximum daily heat index greater than 32.2°C/90°F), even though they experience relatively few heatwaves as traditionally defined.",,scraped_psas_english.csv,0.5233,False,,Disaster/Health,,,,,,
,"This highlights an important distinction between short-term heatwave events and chronic heat, characterised by sustained periods of elevated temperatures and humidity.",,scraped_psas_english.csv,0.5472,False,,Disaster/Health,,,,,,
,"As these vulnerabilities often overlap, reducing the impacts of chronic heat requires long-term, systemic approaches rather than short-term emergency measures alone.",,scraped_psas_english.csv,0.585,False,,Disaster/Health,,,,,,
,"Building resilience to extreme heat requires a holistic approach that recognises the complex interactions between people, ecosystems, infrastructure, the built environment and the economy.",,scraped_psas_english.csv,0.494,False,,Disaster/Health,,,,,,
,"Extreme temperatures can damage roads and rail networks, disrupting transport and supply chains.",,scraped_psas_english.csv,0.5743,False,,Disaster/Health,,,,,,
,"The consequences of these disruptions are often felt most acutely by vulnerable populations, while the broader economic and social costs continue to mount.",,scraped_psas_english.csv,0.5457,False,,Disaster/Health,,,,,,
,"Chronic heat differs from acute heat primarily in timescale and the response requirements: chronic heat requires sustained, long-term planning, while acute heat also demands immediate action.",,scraped_psas_english.csv,0.5418,False,,Disaster/Health,,,,,,
,"Despite notable progress infacility deliveries and skilled birth attendance, maternal mortality (355 per100,000), neonatal mortality (21 per1,000), and stillbirth rates (15 per1,000) remain stubbornly above national and global targets.",,scraped_psas_english.csv,0.5584,False,,Health,,,,,,
,"These deaths are largely driven by postpartum haemorrhage (PPH), hypertensive disorders, prematurity, intrapartum asphyxia, and sepsis—conditions that are largely preventable with timely, high-quality care.",,scraped_psas_english.csv,0.5676,False,,Disaster/Health,,,,,,
,"With political will,social accountability, and disciplined execution, it can save thousands of mothers and newborns each year, securing a healthier futurefor the next generation.",,scraped_psas_english.csv,0.5591,False,,Health,,,,,,
,"Despite their efforts, the group members had struggled to make meaningful progress, particularly because they lacked clear rules for managing savings and loans.",,scraped_psas_english.csv,0.5341,False,,Disaster/Health,,,,,,
,"Thus, when members defaulted on a loan, there were no avenues for recovery or for holding them accountable, and so their money was as good as lost.",,scraped_psas_english.csv,0.5969,False,,Disaster/Health,,,,,,
,I’m very happy to learn of the new women’s empowerment project and knowing that our group is among the groups selected to benefit from it.,,scraped_psas_english.csv,0.5358,False,,Disaster/Health,,,,,,
,"As a result of this process, each group develops a proposal for a group Income Generating Activity (IGA).",,scraped_psas_english.csv,0.4371,False,,Disaster/Health,,,,,,
,This is reflected in the rise in expenditure on debt repayment and the decline in food purchased on credit between baseline and endline.,,scraped_psas_english.csv,0.5659,False,,Disaster/Health,,,,,,
,"Along the way, the country has strengthened laboratory systems, data management processes and workforce capacity, creating a robust platform for monitoring AMR.",,scraped_psas_english.csv,0.5549,False,,Disaster/Health,,,,,,
,"Data from four major referral hospitals – the University Teaching Hospital of Kigali, the University Teaching Hospital of Butare, King Faisal Hospital and Rwanda Military Hospital – are helping health authorities better understand how resistance is evolving.",,scraped_psas_english.csv,0.59,False,,Health,,,,,,
,"The experience has also highlighted the importance of collaboration in building a stronger surveillance system,” said Misbah Gashegu, National AMR Focal Person and Rwanda GLASS-AMR Focal Person.",,scraped_psas_english.csv,0.4917,False,,Disaster/Health,,,,,,
,"In majorunimodalrainfall growing areas of Central, Rift Valley and Western provinces, where the rainy season spans from February to August, seasonal rains had a timely onset and have been characterized so far by exceptionally high amounts.",,scraped_psas_english.csv,0.4632,False,,Disaster/Health,,,,,,
,"The abundant rainfall amounts were overall beneficial for planting of 2026long‑rainsmain season cereal crops, to be harvested from October onwards.",,scraped_psas_english.csv,0.4621,False,,Disaster/Health,,,,,,
,"As a result, reduced application rates are expected to affect crop yields.",,scraped_psas_english.csv,0.5693,False,,Agriculture,,,,,,
,A close monitoring of weather conditions is warranted.,,scraped_psas_english.csv,0.5521,False,,Disaster/Health,,,,,,
,"As of end‑March, cumulative rainfall amounts were between three and four times the long-term average, supporting crop germination and early development, although excessive rainfall may also have caused localized disruptions in poorly drained areas.",,scraped_psas_english.csv,0.5895,False,,Disaster/Health,,,,,,
,"As a result, a forecast of below‑average rains from June onwards and ongoing fertilizer supply constraints are expected to have a limited impact on yields, and early production prospects are comparatively more favourable than in western high‑potential areas.",,scraped_psas_english.csv,0.5938,False,,Disaster/Health,,,,,,
,"With maize prices rising by an average of 7 percent across all pastoral areas, livestock‑to‑cereal terms of trade for pastoralists showed only marginal year-on-year declines in northwestern areas, while they sharply deteriorated in northeastern areas.",,scraped_psas_english.csv,0.4636,False,,Agriculture,,,,,,
,"In these areas, the highest prevalence of food insecurity is reported, with 40 to 60 percent of the population estimated to face severe acute food insecurity (IPC Phase 3 [Crisis] or worse).",,scraped_psas_english.csv,0.5949,False,,Security,,,,,,
,"At every stage of the Strategy’s development, an Inter-Agency Taskforce reviewed progress and guided revisions.",,scraped_psas_english.csv,0.5867,False,,Disaster/Health,,,,,,
,"Other partners involved were the European Union (EU), the United Kingdom Foreign, Commonwealth and Development Office, and the Government of Italy, in addition to long-standing support from the World Bank Group and the World Food Programme (WFP).",,scraped_psas_english.csv,0.3098,False,,Governance,,,,,,
,"About half of all new HIV infections worldwide in 2024 occurred among people from key populations and their sex partners, including gay men and other men who have sex with men, sex workers, transgender people and people who inject drugs.",,scraped_psas_english.csv,0.3201,False,,Health,,,,,,
,It includes real-world examples from different contexts that can guide efforts to enhance HIV prevention for people from key populations.,,scraped_psas_english.csv,0.5515,False,,Health,,,,,,
,"It includes two subtypes, each using a different funding mechanism.",,scraped_psas_english.csv,0.5987,False,,Disaster/Health,,,,,,
,"Date of event15-11-2025What happened, where and when?",,scraped_psas_english.csv,0.3844,False,,Disaster/Health,,,,,,
,This marked the first recorded occurrence of MVD in the country.,,scraped_psas_english.csv,0.4623,False,,Disaster/Health,,,,,,
,Genetic analysis conducted by EPHI indicated that the virus strain was consistent with those reported in recent outbreaks in other countries within the East African region.,,scraped_psas_english.csv,0.4916,False,,Health,,,,,,
,A total of nine cases had been reported at the time.,,scraped_psas_english.csv,0.5601,False,,Disaster/Health,,,,,,
,"In addition, frequent travel between Addis Ababa Bole International Airport and Jomo Kenyatta International Airport increased the vulnerability of Nairobi, the capital city.",,scraped_psas_english.csv,0.4671,False,,Disaster/Health,,,,,,
,"Rainfall levels reached unprecedented highs, with 160 mm recorded at the Wilson Airport meteorological station, 145 mm at Moi Air Base, 112 mm in Dagoretti, and 117 mm at the Kabete station, all within a span of 3 to 5 hours.",,scraped_psas_english.csv,0.4671,False,,Disaster/Health,,,,,,
,The capital city had just experienced over 534mm of rainfall.,,scraped_psas_english.csv,0.2545,False,,Disaster/Health,,,,,,
,"The heavy rains swept away bridges, destroyed homes, and rendered major roads impassable, leaving hundreds of residents displaced.",,scraped_psas_english.csv,0.5784,False,,Disaster/Health,,,,,,
,"The combination of loss of life, widespread property damage, and significant disruption to critical infrastructure further compounded the crisis.",,scraped_psas_english.csv,0.5322,False,,Disaster/Health,,,,,,
,"Nationwide, 53 people lost their lives, including 27 fatalities in Nairobi in a single night.",,scraped_psas_english.csv,0.5633,False,,Disaster/Health,,,,,,
,"Since late February, flooding has affected over 40,000 people, caused 122 fatalities and displaced more than 28,000.",,scraped_psas_english.csv,0.5612,False,,Disaster/Health,,,,,,
,The IFRC network and its partners have a vital role in responding to these overlapping climate extremes.,,scraped_psas_english.csv,0.5544,False,,Disaster/Health,,,,,,
,"Five consecutive failed rainy seasons devastated pastoralist livelihoods, forcing thousands of households to migrate in search of food, water, and shelter.",,scraped_psas_english.csv,0.5937,False,,Security,,,,,,
,"The input gathered through these consultations helped shape indicator selection, geographic prioritization, and alignment with ongoing humanitarian analysis and planning.",,scraped_psas_english.csv,0.5427,False,,Governance,,,,,,
,The resulting floods and landslides have resulted in casualties and widespread damage.,,scraped_psas_english.csv,0.586,False,,Disaster/Health,,,,,,
,"The case, a 29-yearold male truck driver, Kenyan national and a resident of Zambia was said to have visited St.",,scraped_psas_english.csv,0.379,False,,Disaster/Health,,,,,,
,"Fortunately, all the tests have turned negative.",,scraped_psas_english.csv,0.4223,False,,Disaster/Health,,,,,,
,"People’s vulnerability is closely connected to structural inequalities in the country, where people in areas defined as arid and semi-arid lands (ASALs) suffer from lack of government services, investment and economic opportunities, with wealth concentrated in the capital, Nairobi.",,scraped_psas_english.csv,0.5931,False,,Governance,,,,,,
,"The ASAL Humanitarian Network (AHN) was formed to collectively address immediate humanitarian needs and the drivers of crises, including a significant focus on ensuring the state takes on greater crisis response leadership.",,scraped_psas_english.csv,0.5387,False,,Disaster/Health,,,,,,
,"This article examines how such aspirations play out in practice, focusing on two AHN responses, to a recent flood and ongoing drought.",,scraped_psas_english.csv,0.5916,False,,Disaster/Health,,,,,,
,"Hosting nearly half of Africa’s migrants, the East and Horn of Africa offers key corridors and major transit points for human mobility.",,scraped_psas_english.csv,0.3935,False,,Disaster/Health,,,,,,
,Pivoting on three (3) strategic pillars i.e.,,scraped_psas_english.csv,0.5482,False,,Disaster/Health,,,,,,
,"It also aims to demystify negative perspectives on LM industry’s unattractiveness for sustainable finance, by prioritizing and navigating complex regulatory environment, technology partnership, and building replicable operational models that meet international compliance standards.",,scraped_psas_english.csv,0.498,False,,Disaster/Health,,,,,,
,Canada strengthens humanitarian and economic partnerships during Secretary of State Sarai’s visit to Kenya,,scraped_psas_english.csv,0.5925,False,,Disaster/Health,,,,,,
,Urgent: 3.3 Million Kenyans face acute hunger as multi-year drought devastates ASAL counties: Urgent multisectoral action needed to save lives,,scraped_psas_english.csv,0.5566,False,,Disaster/Health,,,,,,
,"“Under One Tree”? Exploring Pastoral, National, and International Approaches to Humanitarian Action: Phase 1 Synthesis Report in the Diverse Perspectives on Humanitarian Action in the Pastoral Drylands Series",,scraped_psas_english.csv,0.4925,False,,Disaster/Health,,,,,,
,"Media Advisory: UN Deputy Humanitarian chief to visit Southern, Eastern Africa",,scraped_psas_english.csv,0.5648,False,,Disaster/Health,,,,,,
,Young Kenyans call for urgent action on hunger crisis,,scraped_psas_english.csv,0.5692,False,,Disaster/Health,,,,,,
,Kenyan Elections - Another Test in the Country’s Democratic Journey,,scraped_psas_english.csv,0.5753,False,,Governance,,,,,,
,"Malteser International: ""The need for humanitarian aid has never been greater""",,scraped_psas_english.csv,0.4848,False,,Disaster/Health,,,,,,
,To introduce the definition of new terms Section 4A (1) insert a new sub-paragraph in paragraph (h)— (ix) credit guarantee companies and agents insert a new paragraph immediately after paragraph (h)— (i) license and supervise credit guarantee companies.,,scraped_psas_english.csv,0.2274,False,,Disaster/Health,,,,,,
,"MAUDHUI:Kudumisha Ajenda ya Ustawi wa Uchumi Kupitia Mfumo wa Chini Juu, Kuimarisha Matumizi ya Fedha na Kuwekeza Katika Kukabiliana na Adhari za M abadiliko ya Tabianchi ili kuboresha Maisha.",,scraped_psas_english.csv,0.5401,False,,Disaster/Health,,,,,,
,The National Treasury and Economic Planning P.O.,,scraped_psas_english.csv,0.4869,False,,Governance,,,,,,
,"Achievement of this goal requires a sustained annual Gross Domestic Product (GDP) growth rate of 10 percent based on the contribution of six (6) high potential business -oriented priority sectors namely Tourism and Mining, Agriculture, Manufacturing, Wholesale and Retail, Business Process outsourcing and Financial Services.",,scraped_psas_english.csv,0.4439,False,,Disaster/Health,,,,,,
,"Micro Small and Medium Enterprises (MSMEs) therefore, play a critical role as key drivers of business and economic growth, employment creation, poverty alleviation, innovation and competitiveness.",,scraped_psas_english.csv,0.4963,False,,Disaster/Health,,,,,,
,THE NATIONAL TREASURY VOTE 1071 EXPENDITURE REQUISITION FORM Requisitioning Officer………………………………………… Department………………………… Signature………………….,,scraped_psas_english.csv,0.5164,False,,Governance,,,,,,
,"I certify that this expenditure is authorised, necessary for official purposes, and within approved budget provisions.",,scraped_psas_english.csv,0.4626,False,,Governance,,,,,,
,"In order to come up with well -reasoned conclusions and make recommendations regarding these bills/claim(s), the Committee is required to scrutinize and analyse the existing stock of National Government Pending Bills/claim(s) (excluding any bill(s)/ claim(s ) from County Governments.",,scraped_psas_english.csv,0.5597,False,,Governance,,,,,,
,"CPA JOHN MBADI NG’ONGO, EGH CABINET SECRETARY",,scraped_psas_english.csv,0.4925,False,,Disaster/Health,,,,,,
,The approved BROP will subsequently be submitted to Parliament.,,scraped_psas_english.csv,0.542,False,,Governance,,,,,,
,"The outlook reflects economic recovery in China, Euro area and UK, despite a slowdown in activity in the USA and Japan.",,scraped_psas_english.csv,0.2556,False,,Disaster/Health,,,,,,
,The Commission on Revenue Allocation; ii.,,scraped_psas_english.csv,0.4941,False,,Disaster/Health,,,,,,
,PART II—PROCEDURE AND CRITERIA FOR ESTABLISHING A GOVERNMENT OWNED ENTERPRISE 7— Guiding principles for the establishment of Government Owned Enterprises. 8— Procedure for establishment of a Government Owned Enterprise. 9— Attributes of a Government Owned Enterprise.,,scraped_psas_english.csv,0.5208,False,,Governance,,,,,,
,As such this National Tax Policy identifies and analyses the challenges of the current tax regime and sets out broad policy guidelines to address these challenges thereby forming a basis for tax reforms and review of existing tax legislation.,,scraped_psas_english.csv,0.5519,False,,Governance,,,,,,
,"Alternatively, persons may submit written memoranda in hard copies, in the format provided for in the National Treasury website, addressed to the Principal Secretary, National Treasury, P .O.",,scraped_psas_english.csv,0.5405,False,,Governance,,,,,,
,Drops of hope in drought stricken Garissa,,scraped_psas_verified.csv,0.5998,False,,Disaster/Health,Matone ya matumaini katika ukame wakumba Garissa,,,,,
,Severe floods affect tens of thousands of displaced people in Horn of Africa [EN/AR],,scraped_psas_verified.csv,0.5952,False,,Disaster/Health,Mafuriko makubwa yanaathiri makumi ya maelfu ya watu waliokimbia makazi yao katika Pembe ya Afrika [EN/AR],,,,,
,Weekly Bulletin on Outbreaks and other Emergencies: Week 46: 11 to 17 November 2024 (Data as reported by: 17:00; 17 November 2024),,scraped_psas_verified.csv,0.595,False,,Disaster/Health,Taarifa ya Kila Wiki kuhusu Milipuko na Dharura Nyingine: Wiki 46: 11 hadi 17 Novemba 2024 (Takwimu kama ilivyoripotiwa na: 17:00; 17 Novemba 2024),,,,,
,GESI in WASH Capacity Statement,,scraped_psas_verified.csv,0.5943,False,,Disaster/Health,GESI katika Taarifa ya Uwezo wa WASH,,,,,
,How young refugees are transforming lives,,scraped_psas_verified.csv,0.594,False,,Disaster/Health,Jinsi vijana wakimbizi wanavyobadilisha maisha,,,,,
,Seed Stories: Sun Buckets Inc. - Creating Hope in Conflict,,scraped_psas_verified.csv,0.5927,False,,Disaster/Health,Hadithi za Mbegu: Sun Buckets Inc. - Kujenga Matumaini katika Migogoro,,,,,
,Canada strengthens humanitarian and economic partnerships during Secretary of State Sarai’s visit to Kenya,,scraped_psas_verified.csv,0.5925,False,,Disaster/Health,Kanada inaimarisha ushirikiano wa kibinadamu na kiuchumi wakati wa ziara ya Waziri wa Mambo ya Nje Sarai nchini Kenya,,,,,
,Leveraging Technology in the Face of Disaster,,scraped_psas_verified.csv,0.5902,False,,Disaster/Health,Kutumia Teknolojia Katika Kukabiliana na Maafa,,,,,
,Kenyan government must end illegal evictions of Ogiek in Mau Forest,,scraped_psas_verified.csv,0.5902,False,,Disaster/Health,Serikali ya Kenya lazima ikomeshe uondoaji haramu wa Ogiek katika Msitu wa Mau,,,,,
,Weekly Bulletin on Outbreaks and other Emergencies: Week 45: 4 - 10 November 2024 Data as reported by: 17:00; 10 November 2024,,scraped_psas_verified.csv,0.5895,False,,Disaster/Health,Taarifa ya Kila Wiki kuhusu Milipuko na Dharura Nyingine: Wiki 45: 4 - 10 Novemba 2024 Data kama ilivyoripotiwa na: 17:00; 10 Novemba 2024,,,,,
,"Kenya - Key Message Update: Long rains to drive improvement, but widespread Crisis (IPC Phase 3) will persist, March 2026",,scraped_psas_verified.csv,0.5893,False,,Disaster/Health,"Kenya - Taarifa ya Ujumbe Muhimu: Mvua ndefu ili kuboresha uboreshaji, lakini Mgogoro ulioenea (IPC Awamu ya 3) utaendelea, Machi 2026",,,,,
,A ray of hope for flood-affected families,,scraped_psas_verified.csv,0.5893,False,,Disaster/Health,Mwale wa matumaini kwa familia zilizoathiriwa na mafuriko,,,,,
,UNAIDS welcomes new agreement between the United States and Kenya to advance progress to end AIDS and strengthen health systems,,scraped_psas_verified.csv,0.5883,False,,Disaster/Health,UNAIDS inakaribisha makubaliano mapya kati ya Marekani na Kenya ili kuendeleza maendeleo ya kukomesha UKIMWI na kuimarisha mifumo ya afya,,,,,
,A Kenyan Peacebuilder Explains What’s at Stake in Her Country’s Elections,,scraped_psas_verified.csv,0.5876,False,,Disaster/Health,Mjenzi wa Amani wa Kenya Aeleza Kilicho Hatarini Katika Uchaguzi wa Nchi Yake,,,,,
,"Pastoralists’ Perspectives on Early Warning, Anticipatory Action, and Emergency Response: Desk Study 1 in the Diverse Perspectives on Humanitarian Action in the Pastoral Drylands Series",,scraped_psas_verified.csv,0.5855,False,,Disaster/Health,"Mitazamo ya Wafugaji kuhusu Onyo la Mapema, Hatua ya Kutarajia, na Majibu ya Dharura: Dawati Somo la 1 katika Mitazamo Mbalimbali ya Hatua za Kibinadamu katika Msururu wa Maeneo Kavu ya Kichungaji.",,,,,
,United States funding enables WFP to support almost one million Kenyans reeling from the impact of drought,,scraped_psas_verified.csv,0.5849,False,,Disaster/Health,Ufadhili wa Marekani unawezesha WFP kusaidia takriban Wakenya milioni moja wanaokabiliwa na athari za ukame,,,,,
,Reaching Last Mile with Early Warning Information for Anticipatory Action,,scraped_psas_verified.csv,0.5838,False,,Disaster/Health,Kufikia Maili ya Mwisho kwa Taarifa ya Onyo la Mapema kwa Hatua ya Kutarajia,,,,,
,Regional Bureau for Eastern and Southern Africa | EAC region Population of concern to UNHCR - 31 March 2026,,scraped_psas_verified.csv,0.5811,False,,Disaster/Health,Ofisi ya Kanda ya Mashariki na Kusini mwa Afrika | Eneo la EAC Idadi ya watu inayotia wasiwasi UNHCR - 31 Machi 2026,,,,,
,Water Mission’s Disaster Response Team Responds to Flooding in East Africa,,scraped_psas_verified.csv,0.5801,False,,Disaster/Health,Timu ya Kukabiliana na Maafa ya Water Mission Yajibu Mafuriko Afrika Mashariki,,,,,
,"Kenya: As Dadaab sees sharp rise in new arrivals, MSF calls for increased humanitarian response",,scraped_psas_verified.csv,0.5794,False,,Disaster/Health,"Kenya: Huku Dadaab inavyoona ongezeko kubwa la wawasili wapya, MSF inatoa wito wa kuongezeka kwa mwitikio wa kibinadamu",,,,,
,Boosting Desert Locust control capacities in Eastern Africa,,scraped_psas_verified.csv,0.5788,False,,Disaster/Health,Kukuza uwezo wa kudhibiti Nzige wa Jangwani katika Afrika Mashariki,,,,,
,Countries in Africa risk running out of ‘wonder’ food over the next 3 months due to aid cuts,,scraped_psas_verified.csv,0.5785,False,,Disaster/Health,Nchi barani Afrika ziko hatarini kukosa chakula cha ‘maajabu’ katika muda wa miezi 3 ijayo kutokana na kupunguzwa kwa misaada,,,,,
,Job losses and aid cuts leave Dadaab refugees uncertain of their future,,scraped_psas_verified.csv,0.5766,False,,Disaster/Health,Hasara za kazi na kupunguzwa kwa misaada huwaacha wakimbizi wa Dadaab kutokuwa na uhakika wa maisha yao ya baadaye,,,,,
,Kenyan Elections - Another Test in the Country’s Democratic Journey,,scraped_psas_verified.csv,0.5753,False,,Disaster/Health,Uchaguzi wa Kenya - Mtihani Mwingine katika Safari ya Kidemokrasia ya Nchi,,,,,
,Young Kenyans call for urgent action on hunger crisis,,scraped_psas_verified.csv,0.5692,False,,Disaster/Health,Vijana wa Kenya watoa wito wa kuchukuliwa hatua za haraka kukabiliana na baa la njaa,,,,,
,"The Astellas Global Health Foundation Provides $2.6 Million in New Funding to Address Urgent Health Needs in Africa, South America, and the Middle East",,scraped_psas_verified.csv,0.5686,False,,Disaster/Health,"Wakfu wa Afya wa Kimataifa wa Astellas Watoa Dola Milioni 2.6 katika Ufadhili Mpya wa Kushughulikia Mahitaji ya Haraka ya Kiafya barani Afrika, Amerika Kusini, na Mashariki ya Kati.",,,,,
,IGAD Regional Roadmap for Anticipatory Action,,scraped_psas_verified.csv,0.5676,False,,Disaster/Health,Ramani ya Kanda ya IGAD ya Hatua ya Kutarajia,,,,,
,Establishing a satellite office to further the cause of peace in Marsabit,,scraped_psas_verified.csv,0.5657,False,,Disaster/Health,Kuanzisha afisi ya setilaiti ili kuendeleza masuala ya amani huko Marsabit,,,,,
,"Media Advisory: UN Deputy Humanitarian chief to visit Southern, Eastern Africa",,scraped_psas_verified.csv,0.5648,False,,Disaster/Health,"Ushauri wa Vyombo vya Habari: Naibu Mkuu wa Umoja wa Mataifa wa Misaada ya Kibinadamu kutembelea Kusini, Afrika Mashariki",,,,,
,Mixed conditions across East Africa triggered by an early March – May rains onset,,scraped_psas_verified.csv,0.5647,False,,Disaster/Health,Hali mchanganyiko kote Afrika Mashariki ilichochewa na mwanzo wa mvua za Machi-Mei,,,,,
,Somali refugees in Dadaab don’t have enough to eat after aid cuts,,scraped_psas_verified.csv,0.562,False,,Disaster/Health,Wakimbizi wa Kisomali huko Dadaab hawana chakula cha kutosha baada ya kupunguzwa kwa misaada,,,,,
,"Every potato is unique, some are UNICA",,scraped_psas_verified.csv,0.5615,False,,Disaster/Health,"Kila viazi ni ya kipekee, baadhi ni UNICA",,,,,
,Harnessing the power of a text message to save lives,,scraped_psas_verified.csv,0.5614,False,,Disaster/Health,Kutumia nguvu ya ujumbe wa maandishi kuokoa maisha,,,,,
,Urgent: 3.3 Million Kenyans face acute hunger as multi-year drought devastates ASAL counties: Urgent multisectoral action needed to save lives,,scraped_psas_verified.csv,0.5566,False,,Disaster/Health,Haraka: Wakenya Milioni 3.3 wanakabiliwa na njaa kali huku ukame wa miaka mingi ukiharibu kaunti za ASAL: Hatua za haraka za kisekta mbalimbali zinahitajika kuokoa maisha,,,,,
,A deconstructive approach to refugee self-reliance: the case of the Kalobeyei Integrated Settlement,,scraped_psas_verified.csv,0.5551,False,,Disaster/Health,Mbinu mbovu ya kujitegemea kwa wakimbizi: kesi ya Makazi Jumuishi ya Kalobeyei,,,,,
,"While Hunger Threatens Millions of Lives in Horn of Africa, Funding Falls Short",,scraped_psas_verified.csv,0.5494,False,,Disaster/Health,"Wakati Njaa Inatishia Mamilioni ya Maisha katika Pembe ya Afrika, Ufadhili Unapungua",,,,,
,Tana River’s Battle with Climate Extremes,,scraped_psas_verified.csv,0.5468,False,,Disaster/Health,Vita vya Tana River na Hali ya Hewa,,,,,
,Under the Scorching Sun Kenyan Farmers Find New Ways to Beat Climate Change,,scraped_psas_verified.csv,0.5408,False,,Disaster/Health,Chini ya Jua Linalowaka Wakulima wa Kenya Wanatafuta Njia Mpya za Kushinda Mabadiliko ya Tabianchi,,,,,
,Promoting socio-economic integration for refugees in Kakuma Municipality,,scraped_psas_verified.csv,0.5403,False,,Disaster/Health,Kukuza ushirikiano wa kijamii na kiuchumi kwa wakimbizi katika Manispaa ya Kakuma,,,,,
,Respondemos a brotes simúltaneos en tres regiones de Kenia,,scraped_psas_verified.csv,0.5401,False,,Disaster/Health,Respondemos a brotes simúltaneos en tres regiones de Kenia,,,,,
,"“Someone has to do this. And it’s us, here, now”",,scraped_psas_verified.csv,0.5401,False,,Disaster/Health,"""Lazima mtu afanye hivi. Na ni sisi, hapa, sasa""",,,,,
,Hanaano Programme | Concern Worldwide,,scraped_psas_verified.csv,0.5286,False,,Disaster/Health,Mpango wa Hanaano | Wasiwasi Ulimwenguni Pote,,,,,
,Horn of Africa: IFRC Secretary General visits Kenya as worst drought in 40 years looms for millions,,scraped_psas_verified.csv,0.527,False,,Disaster/Health,Pembe ya Afrika: Katibu Mkuu wa IFRC azuru Kenya huku ukame mbaya zaidi kuwahi kutokea katika kipindi cha miaka 40 unakaribia mamilioni ya watu,,,,,
,Advocating for Refugee Incentive Workers: A Qualitative Research Study in Three Refugee Contexts in Africa,,scraped_psas_verified.csv,0.5198,False,,Disaster/Health,Kutetea Wafanyakazi wa Motisha kwa Wakimbizi: Utafiti wa Ubora wa Utafiti katika Mazingira Matatu ya Wakimbizi Barani Afrika.,,,,,
,"Season of the Tropical Cyclones in Southern Indian Ocean, 18th Feb 2023",,scraped_psas_verified.csv,0.5197,False,,Disaster/Health,"Msimu wa Vimbunga vya Tropiki Kusini mwa Bahari ya Hindi, 18 Feb 2023",,,,,
,Re:BUiLD Year 4 Annual Report,,scraped_psas_verified.csv,0.5179,False,,Disaster/Health,Re: JENGA Ripoti ya Mwaka 4 ya Mwaka,,,,,
,Chronic heat: impacts and solutions from South-East Asia and East Africa,,scraped_psas_verified.csv,0.5155,False,,Disaster/Health,Joto sugu: athari na suluhisho kutoka Kusini-Mashariki mwa Asia na Afrika Mashariki,,,,,
,Minister Sajjan announces $68 million in international assistance funding on trip to Rwanda and Kenya,,scraped_psas_verified.csv,0.5147,False,,Disaster/Health,Waziri Sajjan atangaza ufadhili wa msaada wa kimataifa wa dola milioni 68 katika safari ya Rwanda na Kenya,,,,,
,Worsening Humanitarian crisis unfolds amid escalating flooding in ASAL counties: Joint statement and Appeal by the ASAL Humanitarian Network (AHN),,scraped_psas_verified.csv,0.5062,False,,Disaster/Health,Mgogoro wa Kibinadamu unaozidi kuwa mbaya unatokea huku mafuriko yakiongezeka katika kaunti za ASAL: Taarifa ya Pamoja na Rufaa ya Mtandao wa Kibinadamu wa ASAL (AHN),,,,,
,"Afrique de l’Est: affligé par les pertes en vies humaines après les graves inondations, le Secrétaire général promet l’aide de l’ONU",,scraped_psas_verified.csv,0.5056,False,,Disaster/Health,"Afrique de l'Est: affligé par les pertes en vies humanines après les graves inondations, le Secrétaire général promet l'aide de l'ONU",,,,,
,"Abdullahi Yasin Warsame, 42, told Radio Ergo that his household of 13 people relied entirely on food distributions and a small cash stipend that suddenly stopped in February.",,scraped_psas_translated.csv,0.4991,False,,Disaster/Health,"Abdullahi Yasin Warsame, 42, aliiambia Radio Ergo kwamba kaya yake ya watu 13 ilitegemea kabisa usambazaji wa chakula na posho ndogo ya pesa ambayo ilikoma ghafla mnamo Februari.",,,,,
,"He said he has not received a clear explanation, despite submitting many complaints to authorities and aid agency offices.",,scraped_psas_translated.csv,0.3738,False,,Disaster/Health,"Alisema hajapata maelezo ya kueleweka, licha ya kuwasilisha malalamiko mengi kwa mamlaka na ofisi za mashirika ya misaada.",,,,,
,"When you lose what you had, you realise what it meant to you.",,scraped_psas_translated.csv,0.4982,False,,Disaster/Health,"Unapopoteza ulichokuwa nacho, unatambua maana yake kwako.",,,,,
,We had no other source of income.,,scraped_psas_translated.csv,0.4638,False,,Disaster/Health,Hatukuwa na chanzo kingine cha mapato.,,,,,
,"When it was taken away and we didn’t know why, it caused us a lot of distress,” he said.",,scraped_psas_translated.csv,0.272,False,,Disaster/Health,"Ilipochukuliwa na hatukujua kwa nini, ilituletea dhiki nyingi, ""alisema.",,,,,
,"His family includes 10 children under the age of 18, and his elderly disabled mother, who has diabetes and high blood pressure.",,scraped_psas_translated.csv,0.572,False,,Disaster/Health,"Familia yake inajumuisha watoto 10 walio na umri wa chini ya miaka 18, na mama yake mzee mlemavu, ambaye ana kisukari na shinikizo la damu.",,,,,
,"They used to receive 110 kilograms of rice, 40 kilograms of beans, 15 litres of cooking oil, as well as $43 in cash every two months that kept them going.",,scraped_psas_translated.csv,0.5327,False,,Disaster/Health,"Walikuwa wakipokea kilo 110 za mchele, kilo 40 za maharagwe, lita 15 za mafuta ya kupikia, pamoja na pesa taslimu dola 43 kila baada ya miezi miwili ambayo iliwafanya waendelee.",,,,,
,He said his family had been assessed last year and classified as being vulnerable and in need of continued assistance.,,scraped_psas_translated.csv,0.298,False,,Disaster/Health,Alisema familia yake ilifanyiwa tathmini mwaka jana na kuainishwa kuwa ni dhaifu na inahitaji msaada endelevu.,,,,,
,"Now, he says, the family survives largely on help from neighbours, who themselves have limited means.",,scraped_psas_translated.csv,0.4067,False,,Disaster/Health,"Sasa, anasema, familia inaishi zaidi kwa msaada kutoka kwa majirani, ambao wenyewe wana uwezo mdogo.",,,,,
,"Abdullahi works as a night guard, earning about $60 a month.",,scraped_psas_translated.csv,0.2885,False,,Disaster/Health,"Abdullahi anafanya kazi kama mlinzi wa usiku, akipata dola 60 kwa mwezi.",,,,,
,"We complain about lack of food, but we are told the [aid distribution] card has been removed from the system, and we do not know the reason,” he told Radio Ergo.",,scraped_psas_translated.csv,0.5261,False,,Disaster/Health,"Tunalalamika kuhusu ukosefu wa chakula, lakini tunaambiwa kadi [ya usambazaji wa misaada] imeondolewa kwenye mfumo, na hatujui sababu,” aliiambia Radio Ergo.",,,,,
,"Kenya’s Department of Refugee Services (DRS) removed about 39,000 people from entitlement to assistance in February, following a verification exercise.",,scraped_psas_translated.csv,0.5548,False,,Disaster/Health,"Idara ya Huduma kwa Wakimbizi ya Kenya (DRS) iliwaondoa takriban watu 39,000 kutoka kwa haki ya kupata usaidizi mwezi Februari, kufuatia zoezi la uhakiki.",,,,,
,Many of those affected had lived in the camps for more than 30 years.,,scraped_psas_translated.csv,0.4449,False,,Disaster/Health,Wengi wa walioathiriwa walikuwa wameishi katika kambi hizo kwa zaidi ya miaka 30.,,,,,
,She thought this would open better opportunities for her.,,scraped_psas_translated.csv,0.4791,False,,Disaster/Health,Alifikiri hii ingemfungulia fursa bora zaidi.,,,,,
,"But in February, her family of eight was on the DRS list of those cut off from assistance.",,scraped_psas_translated.csv,0.5742,False,,Disaster/Health,"Lakini mwezi Februari, familia yake ya watu wanane ilikuwa kwenye orodha ya DRS ya wale waliokatishwa msaada.",,,,,
,"Sometimes women in the neighbourhood collect about 15 kilos of rice and oil for us,” she said.",,scraped_psas_translated.csv,0.3689,False,,Disaster/Health,"Wakati mwingine wanawake katika ujirani hukusanya takriban kilo 15 za mchele na mafuta kwa ajili yetu,” alisema.",,,,,
,"She now regrets the decision, saying it has left her family without the support they depended on.",,scraped_psas_translated.csv,0.5288,False,,Disaster/Health,"Sasa anajutia uamuzi huo, akisema umeiacha familia yake bila usaidizi walioutegemea.",,,,,
,"We cannot manage without refugee assistance,” she told Radio Ergo.",,scraped_psas_translated.csv,0.5702,False,,Disaster/Health,"Hatuwezi kusimamia bila usaidizi wa wakimbizi,” aliiambia Radio Ergo.",,,,,
,Camp leaders say the impact of refugees being denied aid is severe.,,scraped_psas_translated.csv,0.4932,False,,Disaster/Health,Viongozi wa kambi wanasema athari za wakimbizi kunyimwa misaada ni kubwa.,,,,,
,"The chairman of Dadaab’s Hagadera camp, Khalif Dhuubow Jelle, said camp leaders and refugee committees had repeatedly raised their concerns with relevant authorities but to no effect.",,scraped_psas_translated.csv,0.4735,False,,Disaster/Health,"Mwenyekiti wa kambi ya Dadaab ya Hagadera, Khalif Dhuubow Jelle, alisema viongozi wa kambi na kamati za wakimbizi wametoa mara kwa mara wasiwasi wao na mamlaka husika lakini bila matokeo.",,,,,
,"There is hunger, and if assessments are carried out, it will be clear that many are facing it,” Khalif stated.",,scraped_psas_translated.csv,0.552,False,,Disaster/Health,"Kuna njaa, na ikiwa tathmini itafanywa, itakuwa wazi kuwa wengi wanakabiliwa nayo,"" Khalif alisema.",,,,,
,"This is attributed to changes in policy around the existence of the camps, as well as to funding cuts.",,scraped_psas_translated.csv,0.5531,False,,Governance,"Hii inachangiwa na mabadiliko ya sera kuhusu kuwepo kwa kambi, pamoja na kupunguzwa kwa fedha.",,,,,
,Makena’s presence came at a critical moment.,,scraped_psas_translated.csv,0.5407,False,,Disaster/Health,Uwepo wa Makena ulikuja wakati muhimu.,,,,,
,"Shortly after birth, however, Leaungokiok began to bleed heavily, a potentially life-threatening complication if not managed quickly.",,scraped_psas_translated.csv,0.4956,False,,Disaster/Health,"Hata hivyo, muda mfupi baada ya kuzaliwa, Leaungokiok alianza kuvuja damu nyingi, tatizo ambalo lingeweza kutishia maisha lisipodhibitiwa haraka.",,,,,
,"Under the 9-month intervention, the KCC aims to reach over 28,000 individuals across the country.",,scraped_psas_translated.csv,0.4523,False,,Disaster/Health,"Chini ya uingiliaji kati wa miezi 9, KCC inalenga kufikia zaidi ya watu 28,000 kote nchini.",,,,,
,This approach and the collaboration established between sectoral leaders also positions the KCC as a leader in adopting ‘MPCA first’ as a guiding principle to increase value for recipients.,,scraped_psas_translated.csv,0.5976,False,,Disaster/Health,Mbinu hii na ushirikiano ulioanzishwa kati ya viongozi wa kisekta pia unaweka KCC kama kiongozi katika kupitisha ‘MPCA kwanza’ kama kanuni elekezi ya kuongeza thamani kwa wapokeaji.,,,,,
,"Our aim under this action is not just to transfer resources; but to transfer choice, dignity and hope.",,scraped_psas_translated.csv,0.5074,False,,Disaster/Health,"Lengo letu chini ya hatua hii sio tu kuhamisha rasilimali; bali kuhamisha chaguo, heshima na matumaini.",,,,,
,"CGAN takes these specific conditions—like temperature, humidity, or wind patterns—and uses them to generate realistic future climate scenarios.",,scraped_psas_translated.csv,0.5395,False,,Disaster/Health,"CGAN inachukua hali hizi mahususi—kama vile halijoto, unyevunyevu, au mifumo ya upepo—na kuzitumia kuzalisha hali halisi za hali ya hewa za siku zijazo.",,,,,
,"This helps scientists and meteorologists make more accurate forecasts, especially in complex situations like predicting droughts or floods for Anticipatory Action (SEWAA) project, the team is applying advanced AI—specifically Conditional Generative Adversarial Networks (cGANs)1 —to generate high-resolution rainfall forecasts weeks in advance.",,scraped_psas_translated.csv,0.4711,False,,Disaster/Health,"Hii huwasaidia wanasayansi na wataalamu wa hali ya hewa kufanya utabiri sahihi zaidi, hasa katika hali ngumu kama vile kutabiri ukame au mafuriko kwa mradi wa Anticipatory Action (SEWAA), timu inatumia AI ya hali ya juu—hasa Mitandao ya Masharti ya Kuzalisha Masharti (cGANs)1—kutoa utabiri wa mvua wa msongo wa juu wiki mapema.",,,,,
,UNAIDS uses ‘cost of inaction’ as an indicator of the negative impact on the lives of people and communities of not investing resources to end AIDS.,,scraped_psas_translated.csv,0.5457,False,,Disaster/Health,UNAIDS inatumia ‘gharama ya kutochukua hatua’ kama kiashirio cha athari mbaya kwa maisha ya watu na jamii ya kutowekeza rasilimali kukomesha UKIMWI.,,,,,
,The cost of inaction for young people is especially significant as the impact extends through most of their life.,,scraped_psas_translated.csv,0.4654,False,,Disaster/Health,Gharama ya kutochukua hatua kwa vijana ni muhimu sana kwani athari huenea katika sehemu kubwa ya maisha yao.,,,,,
,"Using a cost of inaction approach, this report calculates the annual current cost of the inadequate provision of HIV and SRHR services to young people aged 15–24 years old in the three countries.",,scraped_psas_translated.csv,0.4637,False,,Health,"Kwa kutumia mbinu ya gharama ya kutochukua hatua, ripoti hii inakokotoa gharama ya sasa ya kila mwaka ya utoaji duni wa huduma za VVU na SRHR kwa vijana wenye umri wa miaka 15-24 katika nchi hizo tatu.",,,,,
,"As the country shifts from an encampment-based model toward integrated settlements under the Shirika Plan, new evidence points to a central risk:without jobs, the current drop in aid is translating into deeper poverty rather than self‑reliance for both host communities and refugees.",,scraped_psas_translated.csv,0.4089,False,,Disaster/Health,"Wakati nchi inapohama kutoka katika mfumo wa msingi wa kambi kuelekea kwenye makazi jumuishi chini ya Mpango wa Shiŕika, ushahidi mpya unaonyesha hatari kuu: bila kazi, kushuka kwa sasa kwa misaada kunasababisha umaskini mkubwa badala ya kujitegemea kwa jumuiya zinazowapokea na wakimbizi.",,,,,
,"A recent studyproduced through a collaboration between the World Bank, UNHCR, and the Center for Effective Global Action draws on two waves of a panel survey conducted between 2022 and 2024.",,scraped_psas_translated.csv,0.4978,False,,Disaster/Health,"Utafiti wa hivi majuzi uliotolewa kupitia ushirikiano kati ya Benki ya Dunia, UNHCR, na Kituo cha Matendo Mazuri ya Ulimwenguni unategemea mawimbi mawili ya uchunguzi wa jopo uliofanywa kati ya 2022 na 2024.",,,,,
,"By following the same refugee and host households over time, the study provides rare insight into how welfare and coping strategies are evolving as humanitarian aid tightens, shocks intensify, and local economies come under strain.",,scraped_psas_translated.csv,0.5832,False,,Disaster/Health,"Kwa kufuata wakimbizi na kaya zinazowahifadhi kwa muda, utafiti unatoa mwangaza adimu wa jinsi mikakati ya ustawi na kukabiliana na hali inavyoendelea huku misaada ya kibinadamu inavyozidi kuwa ngumu, mishtuko inazidi, na uchumi wa ndani unakabiliwa na matatizo.",,,,,
,"Forced displacement is both a humanitarian issue and, increasingly, a challenge for jobs and development, with direct implications for poverty reduction, local economic stability, and social cohesion.",,scraped_psas_translated.csv,0.5257,False,,Disaster/Health,"Uhamisho wa kulazimishwa ni suala la kibinadamu na, inazidi kuwa changamoto kwa kazi na maendeleo, yenye athari za moja kwa moja katika kupunguza umaskini, utulivu wa kiuchumi wa ndani, na uwiano wa kijamii.",,,,,
,"Because the surveys predate the deepest aid cuts observed since late 2024, conditions today are likely even more severe.",,scraped_psas_translated.csv,0.5569,False,,Agriculture,"Kwa sababu tafiti zilitangulia upunguzaji mkubwa wa misaada ulioonekana tangu mwishoni mwa 2024, hali leo huenda ni mbaya zaidi.",,,,,
,"Poverty and deprivation remain widespread among both host communities and refugees, with little improvement over time.",,scraped_psas_translated.csv,0.562,False,,Disaster/Health,"Umaskini na kunyimwa bado kumeenea miongoni mwa jumuiya zinazowapokea na wakimbizi, na uboreshaji mdogo kadri muda unavyopita.",,,,,
,"Between survey waves, the median value of aid received by refugee households fell following repeated ration cuts and the suspension of voucher systems.",,scraped_psas_translated.csv,0.5267,False,,Disaster/Health,"Kati ya mawimbi ya uchunguzi, thamani ya wastani ya misaada iliyopokelewa na kaya za wakimbizi ilishuka kufuatia kupunguzwa kwa mgao mara kwa mara na kusimamishwa kwa mifumo ya vocha.",,,,,
,"This is most evident in Kalobeyei, where monetary poverty rose markedly between survey waves.",,scraped_psas_translated.csv,0.3862,False,,Disaster/Health,"Hili linadhihirika zaidi Kalobeyei, ambako umaskini wa kifedha uliongezeka sana kati ya mawimbi ya utafiti.",,,,,
,Refugee labor markets deteriorated sharply amid already weak host employment conditions.,,scraped_psas_translated.csv,0.58,False,,Disaster/Health,Masoko ya ajira ya wakimbizi yalizorota kwa kasi huku kukiwa na hali dhaifu ya ajira ya wenyeji.,,,,,
,"Inactivity among camp‑based refugees rose to 89%, reflecting limited job opportunities rather than unwillingness to work, with 64% citing a lack of available jobs, up from 41%.",,scraped_psas_translated.csv,0.4696,False,,Disaster/Health,"Ukosefu wa shughuli miongoni mwa wakimbizi walio katika kambi uliongezeka hadi 89%, ikionyesha nafasi finyu za kazi badala ya kutokuwa tayari kufanya kazi, huku 64% wakitaja ukosefu wa kazi zilizopo, kutoka 41%.",,,,,
,"Host employment changed little but remained low, especially in camp‑adjacent areas where employment edged down from 35% to 33% and inactivity rose to 63%.",,scraped_psas_translated.csv,0.4979,False,,Disaster/Health,"Ajira ya wakaribishaji ilibadilika kidogo lakini ilibaki chini, haswa katika maeneo ya karibu na kambi ambapo ajira ilipungua kutoka 35% hadi 33% na kutofanya kazi kulipanda hadi 63%.",,,,,
,"In the first wave of the survey, less than 1% of refugees held a work permit, underscoring how administrative hurdles and mobility restrictions continue to constrain formal labor‑market entry.",,scraped_psas_translated.csv,0.5937,False,,Disaster/Health,"Katika wimbi la kwanza la utafiti, chini ya 1% ya wakimbizi walikuwa na kibali cha kufanya kazi, ikisisitiza jinsi vikwazo vya kiutawala na vizuizi vya uhamaji vinaendelea kuwabana kuingia rasmi kwenye soko la kazi.",,,,,
,"Host communities face a parallel challenge: chronically weak labor demand in Turkana and Garissa, compounded by shrinking aid that further contracts service‑oriented camp economies.",,scraped_psas_translated.csv,0.5836,False,,Disaster/Health,"Jumuiya mwenyeji zinakabiliwa na changamoto sambamba: mahitaji dhaifu ya wafanyikazi huko Turkana na Garissa, yakichangiwa na kupungua kwa misaada ambayo inaweka kandarasi zaidi uchumi wa kambi unaozingatia huduma.",,,,,
,"In camp settings, 64% of households reported reducing food consumption and 44% relied on credit to buy food.",,scraped_psas_translated.csv,0.573,False,,Disaster/Health,"Katika mazingira ya kambi, 64% ya kaya ziliripoti kupunguza matumizi ya chakula na 44% zilitegemea mkopo kununua chakula.",,,,,
,"The evidence is clear:integration without jobs will not deliver self‑reliance.As aid shrinks, enabling economic opportunity is no longer optional.",,scraped_psas_translated.csv,0.4927,False,,Disaster/Health,"Ushahidi uko wazi: ushirikiano bila ajira hautatoa uwezo wa kujitegemea. Msaada unapopungua, kuwezesha fursa za kiuchumi si jambo la hiari tena.",,,,,
,"Without that pivot, vulnerability will persist, even in more integrated settlements.",,scraped_psas_translated.csv,0.5721,False,,Disaster/Health,"Bila mhimili huo, uwezekano wa kuathirika utaendelea, hata katika makazi yaliyounganishwa zaidi.",,,,,
,"KAP-FD is implemented by the World Bank, UNHCR, and Center for Effective Global Action (CEGA).",,scraped_psas_translated.csv,0.3055,False,,Disaster/Health,"KAP-FD inatekelezwa na Benki ya Dunia, UNHCR, na Kituo cha Utekelezaji Ufanisi wa Kimataifa (CEGA).",,,,,
,"It is supported by the PROSPECTS Partnership, which brings together the World Bank, IFC, ILO, UNHCR, and UNICEF, funded by the Kingdom of the Netherlands and administered at the World Bank through the Multi Donor Trust Fund for Forced Displacement.",,scraped_psas_translated.csv,0.3694,False,,Disaster/Health,"Inaungwa mkono na Ushirikiano wa PROSPECTS, unaoleta pamoja Benki ya Dunia, IFC, ILO, UNHCR, na UNICEF, unaofadhiliwa na Ufalme wa Uholanzi na kusimamiwa katika Benki ya Dunia kupitia Multi Donor Trust Fund for Forced Displacement.",,,,,
,"While populations in continental regions are predominantly exposed to seasonal cumulative excess heat, many populations in tropical and subtropical climates are chronically exposed to high temperatures and high humidity.",,scraped_psas_translated.csv,0.5761,False,,Disaster/Health,"Ingawa idadi ya watu katika maeneo ya bara huathiriwa zaidi na joto la ziada la msimu, idadi kubwa ya watu katika hali ya hewa ya kitropiki na ya tropiki huwa katika hali ya joto ya juu na unyevu mwingi.",,,,,
,"An additional challenge is when it’s hot, but not hot enough to trigger extreme heat warnings.",,scraped_psas_translated.csv,0.5181,False,,Disaster/Health,"Changamoto ya ziada ni wakati wa joto, lakini sio moto wa kutosha kusababisha maonyo ya joto kali.",,,,,
,"In Adelaide, Australia for example, long, low-intensity heatwaves throughout the summer of 2024-25 were not enough to reach a threshold that triggered protective action.",,scraped_psas_translated.csv,0.4718,False,,Education,"Huko Adelaide, Australia kwa mfano, mawimbi ya joto ya muda mrefu, yenye kiwango cha chini katika msimu wa joto wa 2024-25 hayakutosha kufikia kizingiti ambacho kilisababisha hatua ya ulinzi.",,,,,
,"Nonetheless, it was hot enough to exhaust people mentally and physically, especially people that are highly exposed because they are outdoor workers, live in inadequate housing, don’t have access to cooling, or can’t afford to run it.",,scraped_psas_translated.csv,0.5315,False,,Disaster/Health,"Hata hivyo, kulikuwa na joto la kutosha kuwachosha watu kiakili na kimwili, hasa watu walio wazi sana kwa sababu wao ni wafanyakazi wa nje, wanaishi katika nyumba zisizofaa, hawana uwezo wa kupoeza, au hawawezi kumudu kuendesha.",,,,,
,"Although the vulnerability of cities includingNairobi, Dar es Salaam and Karibais increasingly recognised, major gaps in data coverage continue to mask the extent of exposure to extreme heat and humidity inside informal housing.",,scraped_psas_translated.csv,0.4738,False,,Disaster/Health,"Ingawa udhaifu wa miji ikiwa ni pamoja na Nairobi, Dar es Salaam na Karibais unazidi kutambuliwa, mapungufu makubwa katika uwekaji data yanaendelea kuficha kiwango cha mfiduo wa joto kali na unyevunyevu ndani ya nyumba zisizo rasmi.",,,,,
,"Southeast Asia and other tropical regions face a distinct heat challenge driven by the combination of high temperatures, high humidity and prolonged exposure.",,scraped_psas_translated.csv,0.4332,False,,Disaster/Health,"Asia ya Kusini-mashariki na maeneo mengine ya kitropiki yanakabiliwa na changamoto tofauti ya joto inayotokana na mchanganyiko wa halijoto ya juu, unyevunyevu mwingi na mkato wa muda mrefu.",,,,,
,"In many tropical areas, extreme heat conditions persist for at leastthree months each year(maximum daily heat index greater than 32.2°C/90°F), even though they experience relatively few heatwaves as traditionally defined.",,scraped_psas_translated.csv,0.5233,False,,Disaster/Health,"Katika maeneo mengi ya tropiki, hali ya joto kali huendelea kwa angalau miezi mitatu kila mwaka (kiwango cha juu cha joto cha kila siku zaidi ya 32.2 ° C/90 ° F), ingawa hupata mawimbi machache ya joto kama inavyofafanuliwa jadi.",,,,,
,"This highlights an important distinction between short-term heatwave events and chronic heat, characterised by sustained periods of elevated temperatures and humidity.",,scraped_psas_translated.csv,0.5472,False,,Disaster/Health,"Hii inaangazia tofauti muhimu kati ya matukio ya wimbi la joto la muda mfupi na joto sugu, linaloangaziwa na vipindi endelevu vya viwango vya juu vya joto na unyevu.",,,,,
,"As these vulnerabilities often overlap, reducing the impacts of chronic heat requires long-term, systemic approaches rather than short-term emergency measures alone.",,scraped_psas_translated.csv,0.585,False,,Disaster/Health,"Kwa vile udhaifu huu mara nyingi hupishana, kupunguza athari za joto sugu kunahitaji mbinu za muda mrefu, za kimfumo badala ya hatua za dharura za muda mfupi pekee.",,,,,
,"Building resilience to extreme heat requires a holistic approach that recognises the complex interactions between people, ecosystems, infrastructure, the built environment and the economy.",,scraped_psas_translated.csv,0.494,False,,Disaster/Health,"Kujenga uwezo wa kustahimili joto kali kunahitaji mbinu kamilifu inayotambua mwingiliano changamano kati ya watu, mifumo ikolojia, miundombinu, mazingira yaliyojengwa na uchumi.",,,,,
,"Extreme temperatures can damage roads and rail networks, disrupting transport and supply chains.",,scraped_psas_translated.csv,0.5743,False,,Disaster/Health,"Halijoto kali inaweza kuharibu barabara na mitandao ya reli, na kuvuruga minyororo ya uchukuzi na ugavi.",,,,,
,"The consequences of these disruptions are often felt most acutely by vulnerable populations, while the broader economic and social costs continue to mount.",,scraped_psas_translated.csv,0.5457,False,,Disaster/Health,"Matokeo ya usumbufu huu mara nyingi huhisiwa zaidi na watu walio katika mazingira magumu, wakati gharama kubwa za kiuchumi na kijamii zinaendelea kuongezeka.",,,,,
,"Chronic heat differs from acute heat primarily in timescale and the response requirements: chronic heat requires sustained, long-term planning, while acute heat also demands immediate action.",,scraped_psas_translated.csv,0.5418,False,,Disaster/Health,"Joto sugu hutofautiana na joto kali hasa katika kipimo cha nyakati na mahitaji ya kukabiliana: joto sugu linahitaji upangaji endelevu, wa muda mrefu, wakati joto kali pia hudai hatua ya haraka.",,,,,
,"Despite notable progress infacility deliveries and skilled birth attendance, maternal mortality (355 per100,000), neonatal mortality (21 per1,000), and stillbirth rates (15 per1,000) remain stubbornly above national and global targets.",,scraped_psas_translated.csv,0.5584,False,,Health,"Licha ya maendeleo makubwa ya uzazi na mahudhurio yenye ujuzi, vifo vya uzazi (355 kwa 100,000), vifo vya watoto wachanga (21 kwa kila 1,000), na viwango vya uzazi (15 kwa kila 1,000) vinasalia kwa ukaidi juu ya malengo ya kitaifa na kimataifa.",,,,,
,"These deaths are largely driven by postpartum haemorrhage (PPH), hypertensive disorders, prematurity, intrapartum asphyxia, and sepsis—conditions that are largely preventable with timely, high-quality care.",,scraped_psas_translated.csv,0.5676,False,,Disaster/Health,"Vifo hivi huchangiwa kwa kiasi kikubwa na kuvuja damu baada ya kuzaa (PPH), matatizo ya shinikizo la damu, kuzaliwa kabla ya wakati, kukosa hewa ya ndani ya uzazi, na sepsis—hali ambazo zinaweza kuzuilika kwa wakati unaofaa na kwa uangalizi wa hali ya juu.",,,,,
,"With political will,social accountability, and disciplined execution, it can save thousands of mothers and newborns each year, securing a healthier futurefor the next generation.",,scraped_psas_translated.csv,0.5591,False,,Health,"Kwa utashi wa kisiasa, uwajibikaji wa kijamii, na utekelezaji wa nidhamu, inaweza kuokoa maelfu ya akina mama na watoto wachanga kila mwaka, kupata maisha bora ya baadaye kwa kizazi kijacho.",,,,,
,"Despite their efforts, the group members had struggled to make meaningful progress, particularly because they lacked clear rules for managing savings and loans.",,scraped_psas_translated.csv,0.5341,False,,Disaster/Health,"Licha ya juhudi zao, wanakikundi walitatizika kupata maendeleo ya maana, hasa kwa sababu hawakuwa na sheria wazi za kusimamia akiba na mikopo.",,,,,
,"Thus, when members defaulted on a loan, there were no avenues for recovery or for holding them accountable, and so their money was as good as lost.",,scraped_psas_translated.csv,0.5969,False,,Disaster/Health,"Hivyo, wanachama walipokosa mkopo, hakukuwa na njia za kurejesha au kuwawajibisha, na hivyo fedha zao zilikuwa zimepotea.",,,,,
,I’m very happy to learn of the new women’s empowerment project and knowing that our group is among the groups selected to benefit from it.,,scraped_psas_translated.csv,0.5358,False,,Disaster/Health,Nimefurahiya sana kujifunza kuhusu mradi mpya wa kuwawezesha wanawake na kujua kwamba kikundi chetu ni miongoni mwa vikundi vilivyochaguliwa kunufaika nacho.,,,,,
,"As a result of this process, each group develops a proposal for a group Income Generating Activity (IGA).",,scraped_psas_translated.csv,0.4371,False,,Disaster/Health,"Kutokana na mchakato huu, kila kikundi kinatengeneza pendekezo la Shughuli ya Kuzalisha Mapato ya kikundi (IGA).",,,,,
,This is reflected in the rise in expenditure on debt repayment and the decline in food purchased on credit between baseline and endline.,,scraped_psas_translated.csv,0.5659,False,,Disaster/Health,Hii inaonekana katika kupanda kwa matumizi ya ulipaji wa deni na kupungua kwa chakula kilichonunuliwa kwa mkopo kati ya msingi na mwisho.,,,,,
,"Along the way, the country has strengthened laboratory systems, data management processes and workforce capacity, creating a robust platform for monitoring AMR.",,scraped_psas_translated.csv,0.5549,False,,Disaster/Health,"Wakati huo huo, nchi imeimarisha mifumo ya maabara, michakato ya usimamizi wa data na uwezo wa wafanyikazi, na kuunda jukwaa thabiti la ufuatiliaji wa AMR.",,,,,
,"Data from four major referral hospitals – the University Teaching Hospital of Kigali, the University Teaching Hospital of Butare, King Faisal Hospital and Rwanda Military Hospital – are helping health authorities better understand how resistance is evolving.",,scraped_psas_translated.csv,0.59,False,,Health,"Data kutoka hospitali kuu nne za rufaa - Hospitali ya Kufundisha ya Chuo Kikuu cha Kigali, Hospitali ya Kufundisha ya Chuo Kikuu cha Butare, Hospitali ya King Faisal na Hospitali ya Kijeshi ya Rwanda - zinasaidia mamlaka za afya kuelewa vyema jinsi upinzani unavyoendelea.",,,,,
,"The experience has also highlighted the importance of collaboration in building a stronger surveillance system,” said Misbah Gashegu, National AMR Focal Person and Rwanda GLASS-AMR Focal Person.",,scraped_psas_translated.csv,0.4917,False,,Disaster/Health,"Uzoefu huo pia umeangazia umuhimu wa ushirikiano katika kujenga mfumo thabiti wa ufuatiliaji,” alisema Misbah Gashegu, Mhusika Mkuu wa Kitaifa wa AMR na Mhusika Mkuu wa Rwanda wa GLASS-AMR.",,,,,
,"In majorunimodalrainfall growing areas of Central, Rift Valley and Western provinces, where the rainy season spans from February to August, seasonal rains had a timely onset and have been characterized so far by exceptionally high amounts.",,scraped_psas_translated.csv,0.4632,False,,Disaster/Health,"Katika maeneo yanayokua kwa wingi katika majimbo ya Kati, Bonde la Ufa na Magharibi, ambapo msimu wa mvua huanza Februari hadi Agosti, mvua za msimu zilianza kwa wakati na zimeangaziwa hadi sasa kwa viwango vya juu vya kipekee.",,,,,
,"The abundant rainfall amounts were overall beneficial for planting of 2026long‑rainsmain season cereal crops, to be harvested from October onwards.",,scraped_psas_translated.csv,0.4621,False,,Disaster/Health,"Kiasi kikubwa cha mvua kilikuwa na manufaa kwa jumla kwa kupanda mazao ya nafaka ya msimu wa masika wa 2026, ambayo yatavunwa kuanzia Oktoba na kuendelea.",,,,,
,"As a result, reduced application rates are expected to affect crop yields.",,scraped_psas_translated.csv,0.5693,False,,Agriculture,"Matokeo yake, viwango vilivyopunguzwa vya maombi vinatarajiwa kuathiri mavuno ya mazao.",,,,,
,A close monitoring of weather conditions is warranted.,,scraped_psas_translated.csv,0.5521,False,,Disaster/Health,Ufuatiliaji wa karibu wa hali ya hewa unastahili.,,,,,
,"As of end‑March, cumulative rainfall amounts were between three and four times the long-term average, supporting crop germination and early development, although excessive rainfall may also have caused localized disruptions in poorly drained areas.",,scraped_psas_translated.csv,0.5895,False,,Disaster/Health,"Kufikia mwishoni mwa Machi, kiasi cha mvua kiliongezeka kati ya mara tatu na nne ya wastani wa muda mrefu, kusaidia kuota kwa mazao na maendeleo ya mapema, ingawa mvua nyingi zinaweza pia kusababisha usumbufu wa kienyeji katika maeneo yenye maji duni.",,,,,
,"As a result, a forecast of below‑average rains from June onwards and ongoing fertilizer supply constraints are expected to have a limited impact on yields, and early production prospects are comparatively more favourable than in western high‑potential areas.",,scraped_psas_translated.csv,0.5938,False,,Disaster/Health,"Kwa hivyo, utabiri wa mvua za chini ya wastani kuanzia Juni na kuendelea na vikwazo vinavyoendelea vya usambazaji wa mbolea vinatarajiwa kuwa na athari ndogo kwa mavuno, na matarajio ya uzalishaji wa mapema ni mazuri kwa kulinganisha kuliko maeneo ya magharibi yenye uwezekano mkubwa.",,,,,
,"With maize prices rising by an average of 7 percent across all pastoral areas, livestock‑to‑cereal terms of trade for pastoralists showed only marginal year-on-year declines in northwestern areas, while they sharply deteriorated in northeastern areas.",,scraped_psas_translated.csv,0.4636,False,,Agriculture,"Huku bei ya mahindi ikipanda kwa wastani wa asilimia 7 katika maeneo yote ya wafugaji, masharti ya biashara ya mifugo hadi nafaka kwa wafugaji yalionyesha kupungua kidogo tu mwaka baada ya mwaka katika maeneo ya kaskazini-magharibi, wakati yalipungua kwa kasi katika maeneo ya kaskazini mashariki.",,,,,
,"In these areas, the highest prevalence of food insecurity is reported, with 40 to 60 percent of the population estimated to face severe acute food insecurity (IPC Phase 3 [Crisis] or worse).",,scraped_psas_translated.csv,0.5949,False,,Security,"Katika maeneo haya, kiwango kikubwa zaidi cha uhaba wa chakula kinaripotiwa, huku asilimia 40 hadi 60 ya watu wakikadiriwa kukabiliwa na uhaba mkubwa wa chakula (IPC Awamu ya 3 [Mgogoro] au mbaya zaidi).",,,,,
,"At every stage of the Strategy’s development, an Inter-Agency Taskforce reviewed progress and guided revisions.",,scraped_psas_translated.csv,0.5867,False,,Disaster/Health,"Katika kila hatua ya uundaji wa Mkakati, Kikosi Kazi cha Mashirika ya Kimataifa kilikagua maendeleo na marekebisho yaliyoongozwa.",,,,,
,"Other partners involved were the European Union (EU), the United Kingdom Foreign, Commonwealth and Development Office, and the Government of Italy, in addition to long-standing support from the World Bank Group and the World Food Programme (WFP).",,scraped_psas_translated.csv,0.3098,False,,Governance,"Washirika wengine waliohusika ni Umoja wa Ulaya (EU), Ofisi ya Mambo ya Nje ya Uingereza, Jumuiya ya Madola na Maendeleo, na Serikali ya Italia, pamoja na msaada wa muda mrefu kutoka Kundi la Benki ya Dunia na Mpango wa Chakula Duniani (WFP).",,,,,
,"About half of all new HIV infections worldwide in 2024 occurred among people from key populations and their sex partners, including gay men and other men who have sex with men, sex workers, transgender people and people who inject drugs.",,scraped_psas_translated.csv,0.3201,False,,Health,"Takriban nusu ya maambukizo mapya ya VVU duniani kote mwaka 2024 yalitokea miongoni mwa watu kutoka makundi muhimu na wapenzi wao wa ngono, wakiwemo mashoga na wanaume wengine wanaofanya ngono na wanaume, wafanyabiashara ya ngono, watu waliobadili jinsia na watu wanaojidunga dawa za kulevya.",,,,,
,It includes real-world examples from different contexts that can guide efforts to enhance HIV prevention for people from key populations.,,scraped_psas_translated.csv,0.5515,False,,Health,Inajumuisha mifano ya ulimwengu halisi kutoka katika mazingira tofauti ambayo inaweza kuongoza juhudi za kuimarisha uzuiaji wa VVU kwa watu kutoka makundi muhimu.,,,,,
,"It includes two subtypes, each using a different funding mechanism.",,scraped_psas_translated.csv,0.5987,False,,Disaster/Health,"Inajumuisha aina mbili ndogo, kila moja ikitumia utaratibu tofauti wa ufadhili.",,,,,
,"Date of event15-11-2025What happened, where and when?",,scraped_psas_translated.csv,0.3844,False,,Disaster/Health,"Tarehe ya tukio15-11-2025Nini kilitokea, wapi na lini?",,,,,
,This marked the first recorded occurrence of MVD in the country.,,scraped_psas_translated.csv,0.4623,False,,Disaster/Health,Hili lilikuwa tukio la kwanza kurekodiwa la MVD nchini.,,,,,
,Genetic analysis conducted by EPHI indicated that the virus strain was consistent with those reported in recent outbreaks in other countries within the East African region.,,scraped_psas_translated.csv,0.4916,False,,Health,Uchambuzi wa kinasaba uliofanywa na EPHI ulionyesha kuwa aina ya virusi hivyo ilikuwa sawa na ile iliyoripotiwa katika milipuko ya hivi majuzi katika mataifa mengine ndani ya ukanda wa Afrika Mashariki.,,,,,
,A total of nine cases had been reported at the time.,,scraped_psas_translated.csv,0.5601,False,,Disaster/Health,Jumla ya kesi tisa zilikuwa zimeripotiwa wakati huo.,,,,,
,"In addition, frequent travel between Addis Ababa Bole International Airport and Jomo Kenyatta International Airport increased the vulnerability of Nairobi, the capital city.",,scraped_psas_translated.csv,0.4671,False,,Disaster/Health,"Aidha, kusafiri mara kwa mara kati ya Uwanja wa Ndege wa Kimataifa wa Addis Ababa Bole na Uwanja wa Ndege wa Kimataifa wa Jomo Kenyatta kuliongeza hatari ya kuathirika kwa Nairobi, jiji kuu la Nairobi.",,,,,
,"Rainfall levels reached unprecedented highs, with 160 mm recorded at the Wilson Airport meteorological station, 145 mm at Moi Air Base, 112 mm in Dagoretti, and 117 mm at the Kabete station, all within a span of 3 to 5 hours.",,scraped_psas_translated.csv,0.4671,False,,Disaster/Health,"Viwango vya mvua vilifikia viwango vya juu ambavyo havijawahi kushuhudiwa, huku milimita 160 ilirekodiwa katika kituo cha hali ya hewa cha Uwanja wa Ndege wa Wilson, milimita 145 katika Kambi ya Hewa ya Moi, milimita 112 huko Dagoretti, na milimita 117 katika kituo cha Kabete, yote ndani ya muda wa saa 3 hadi 5.",,,,,
,The capital city had just experienced over 534mm of rainfall.,,scraped_psas_translated.csv,0.2545,False,,Disaster/Health,Mji mkuu ulikuwa umepitia mvua ya zaidi ya 534mm.,,,,,
,"The heavy rains swept away bridges, destroyed homes, and rendered major roads impassable, leaving hundreds of residents displaced.",,scraped_psas_translated.csv,0.5784,False,,Disaster/Health,"Mvua hiyo kubwa ilisomba madaraja, kuharibu nyumba, na kufanya barabara kuu kutopitika, na kuwaacha mamia ya wakaazi kukosa makazi.",,,,,
,"The combination of loss of life, widespread property damage, and significant disruption to critical infrastructure further compounded the crisis.",,scraped_psas_translated.csv,0.5322,False,,Disaster/Health,"Mchanganyiko wa upotezaji wa maisha, uharibifu mkubwa wa mali, na usumbufu mkubwa wa miundombinu muhimu ulizidisha shida.",,,,,
,"Nationwide, 53 people lost their lives, including 27 fatalities in Nairobi in a single night.",,scraped_psas_translated.csv,0.5633,False,,Disaster/Health,"Nchini kote, watu 53 walipoteza maisha, ikiwa ni pamoja na vifo 27 jijini Nairobi katika usiku mmoja.",,,,,
,"Since late February, flooding has affected over 40,000 people, caused 122 fatalities and displaced more than 28,000.",,scraped_psas_translated.csv,0.5612,False,,Disaster/Health,"Tangu mwishoni mwa Februari, mafuriko yameathiri zaidi ya watu 40,000, na kusababisha vifo vya 122 na zaidi ya 28,000 kukimbia makazi.",,,,,
,The IFRC network and its partners have a vital role in responding to these overlapping climate extremes.,,scraped_psas_translated.csv,0.5544,False,,Disaster/Health,Mtandao wa IFRC na washirika wake wana jukumu muhimu katika kukabiliana na mabadiliko haya ya hali ya hewa yanayoingiliana.,,,,,
,"Five consecutive failed rainy seasons devastated pastoralist livelihoods, forcing thousands of households to migrate in search of food, water, and shelter.",,scraped_psas_translated.csv,0.5937,False,,Security,"Misimu mitano ya mvua iliyoshindwa mfululizo iliharibu maisha ya wafugaji, na kuwalazimu maelfu ya kaya kuhama kutafuta chakula, maji na makazi.",,,,,
,"The input gathered through these consultations helped shape indicator selection, geographic prioritization, and alignment with ongoing humanitarian analysis and planning.",,scraped_psas_translated.csv,0.5427,False,,Governance,"Maoni yaliyokusanywa kupitia mashauriano haya yalisaidia kuunda uteuzi wa viashiria, upendeleo wa kijiografia, na upatanishi na uchambuzi na mipango inayoendelea ya kibinadamu.",,,,,
,The resulting floods and landslides have resulted in casualties and widespread damage.,,scraped_psas_translated.csv,0.586,False,,Disaster/Health,Mafuriko yaliyotokea na maporomoko ya ardhi yamesababisha hasara na uharibifu mkubwa.,,,,,
,"The case, a 29-yearold male truck driver, Kenyan national and a resident of Zambia was said to have visited St.",,scraped_psas_translated.csv,0.379,False,,Disaster/Health,"Kesi hiyo, dereva wa lori wa kiume mwenye umri wa miaka 29, raia wa Kenya na mkazi wa Zambia inasemekana alitembelea St.",,,,,
,"Fortunately, all the tests have turned negative.",,scraped_psas_translated.csv,0.4223,False,,Disaster/Health,"Kwa bahati nzuri, vipimo vyote vimegeuka kuwa hasi.",,,,,
,"People’s vulnerability is closely connected to structural inequalities in the country, where people in areas defined as arid and semi-arid lands (ASALs) suffer from lack of government services, investment and economic opportunities, with wealth concentrated in the capital, Nairobi.",,scraped_psas_translated.csv,0.5931,False,,Governance,"Athari za watu zinahusiana kwa karibu na ukosefu wa usawa wa kimuundo nchini, ambapo watu katika maeneo yanayofafanuliwa kama ardhi kame na nusu kame (ASALs) wanakabiliwa na ukosefu wa huduma za serikali, uwekezaji na fursa za kiuchumi, huku utajiri ukiwa umejilimbikizia mji mkuu, Nairobi.",,,,,
,"The ASAL Humanitarian Network (AHN) was formed to collectively address immediate humanitarian needs and the drivers of crises, including a significant focus on ensuring the state takes on greater crisis response leadership.",,scraped_psas_translated.csv,0.5387,False,,Disaster/Health,"Mtandao wa Kibinadamu wa ASAL (AHN) uliundwa ili kushughulikia kwa pamoja mahitaji ya haraka ya kibinadamu na vichochezi vya migogoro, ikiwa ni pamoja na kuzingatia kwa kiasi kikubwa kuhakikisha kuwa serikali inachukua uongozi mkubwa wa kukabiliana na mgogoro.",,,,,
,"This article examines how such aspirations play out in practice, focusing on two AHN responses, to a recent flood and ongoing drought.",,scraped_psas_translated.csv,0.5916,False,,Disaster/Health,"Makala haya yanachunguza jinsi matarajio kama haya yanavyotekelezwa, kwa kuzingatia majibu mawili ya AHN, kwa mafuriko ya hivi karibuni na ukame unaoendelea.",,,,,
,"Hosting nearly half of Africa’s migrants, the East and Horn of Africa offers key corridors and major transit points for human mobility.",,scraped_psas_translated.csv,0.3935,False,,Disaster/Health,"Likipokea karibu nusu ya wahamiaji wa Afrika, Mashariki na Pembe ya Afrika inatoa korido muhimu na sehemu kuu za kupita kwa uhamaji wa binadamu.",,,,,
,Pivoting on three (3) strategic pillars i.e.,,scraped_psas_translated.csv,0.5482,False,,Disaster/Health,Kuegemea kwenye nguzo tatu (3) za kimkakati i.e.,,,,,
,"It also aims to demystify negative perspectives on LM industry’s unattractiveness for sustainable finance, by prioritizing and navigating complex regulatory environment, technology partnership, and building replicable operational models that meet international compliance standards.",,scraped_psas_translated.csv,0.498,False,,Disaster/Health,"Pia inalenga kufifisha mitazamo hasi kuhusu kutovutia kwa sekta ya LM kwa fedha endelevu, kwa kuweka kipaumbele na kuabiri mazingira changamano ya udhibiti, ushirikiano wa teknolojia, na kujenga miundo ya utendakazi inayoweza kuigwa ambayo inakidhi viwango vya utiifu wa kimataifa.",,,,,
,Canada strengthens humanitarian and economic partnerships during Secretary of State Sarai’s visit to Kenya,,scraped_psas_translated.csv,0.5925,False,,Disaster/Health,Kanada inaimarisha ushirikiano wa kibinadamu na kiuchumi wakati wa ziara ya Waziri wa Mambo ya Nje Sarai nchini Kenya,,,,,
,Urgent: 3.3 Million Kenyans face acute hunger as multi-year drought devastates ASAL counties: Urgent multisectoral action needed to save lives,,scraped_psas_translated.csv,0.5566,False,,Disaster/Health,Haraka: Wakenya Milioni 3.3 wanakabiliwa na njaa kali huku ukame wa miaka mingi ukiharibu kaunti za ASAL: Hatua za haraka za sekta mbalimbali zinahitajika kuokoa maisha,,,,,
,"“Under One Tree”? Exploring Pastoral, National, and International Approaches to Humanitarian Action: Phase 1 Synthesis Report in the Diverse Perspectives on Humanitarian Action in the Pastoral Drylands Series",,scraped_psas_translated.csv,0.4925,False,,Disaster/Health,"“Chini ya Mti Mmoja”? Kuchunguza Mbinu za Kichungaji, Kitaifa na Kimataifa za Utekelezaji wa Kibinadamu: Ripoti ya Awamu ya 1 ya Awamu katika Mitazamo Mbalimbali ya Hatua za Kibinadamu katika Msururu wa Maeneo Kavu ya Kichungaji.",,,,,
,"Media Advisory: UN Deputy Humanitarian chief to visit Southern, Eastern Africa",,scraped_psas_translated.csv,0.5648,False,,Disaster/Health,"Ushauri wa Vyombo vya Habari: Naibu Mkuu wa Umoja wa Mataifa wa Misaada ya Kibinadamu kutembelea Kusini, Afrika Mashariki",,,,,
,Young Kenyans call for urgent action on hunger crisis,,scraped_psas_translated.csv,0.5692,False,,Disaster/Health,Vijana wa Kenya watoa wito wa kuchukuliwa hatua za haraka kukabiliana na baa la njaa,,,,,
,Kenyan Elections - Another Test in the Country’s Democratic Journey,,scraped_psas_translated.csv,0.5753,False,,Governance,Uchaguzi wa Kenya - Mtihani Mwingine katika Safari ya Kidemokrasia ya Nchi,,,,,
,"Malteser International: ""The need for humanitarian aid has never been greater""",,scraped_psas_translated.csv,0.4848,False,,Disaster/Health,"Malteser International: ""Haja ya misaada ya kibinadamu haijawahi kuwa kubwa zaidi""",,,,,
,To introduce the definition of new terms Section 4A (1) insert a new sub-paragraph in paragraph (h)— (ix) credit guarantee companies and agents insert a new paragraph immediately after paragraph (h)— (i) license and supervise credit guarantee companies.,,scraped_psas_translated.csv,0.2274,False,,Disaster/Health,Ili kutambulisha ufafanuzi wa masharti mapya Kifungu cha 4A (1) ingiza aya ndogo mpya katika aya ya (h)— (ix) makampuni na mawakala wa udhamini wa mikopo ingiza aya mpya mara baada ya aya ya (h)— (i) leseni na kusimamia kampuni za udhamini wa mikopo.,,,,,
,"MAUDHUI:Kudumisha Ajenda ya Ustawi wa Uchumi Kupitia Mfumo wa Chini Juu, Kuimarisha Matumizi ya Fedha na Kuwekeza Katika Kukabiliana na Adhari za M abadiliko ya Tabianchi ili kuboresha Maisha.",,scraped_psas_translated.csv,0.5401,False,,Disaster/Health,"MAUDHUI: Kudumisha Ajenda ya Ustawi wa Uchumi Kupitia Mfumo wa Chini Juu, Kuimarisha Matumizi ya Fedha na Kuwekeza Katika Kukabiliana na Adhari za M abadiliko ya Tabianchi ili kuboresha Maisha.",,,,,
,The National Treasury and Economic Planning P.O.,,scraped_psas_translated.csv,0.4869,False,,Governance,Hazina ya Kitaifa na Mipango ya Kiuchumi P.O.,,,,,
,"Achievement of this goal requires a sustained annual Gross Domestic Product (GDP) growth rate of 10 percent based on the contribution of six (6) high potential business -oriented priority sectors namely Tourism and Mining, Agriculture, Manufacturing, Wholesale and Retail, Business Process outsourcing and Financial Services.",,scraped_psas_translated.csv,0.4439,False,,Disaster/Health,"Mafanikio ya lengo hili yanahitaji ukuaji endelevu wa Pato la Taifa (GDP) kwa mwaka wa asilimia 10 kulingana na mchango wa sekta sita (6) za kipaumbele zenye mwelekeo wa juu wa biashara ambazo ni Utalii na Madini, Kilimo, Uzalishaji, Jumla na Reja reja, Utoaji wa huduma za Mchakato wa Biashara na Huduma za Kifedha.",,,,,
,"Micro Small and Medium Enterprises (MSMEs) therefore, play a critical role as key drivers of business and economic growth, employment creation, poverty alleviation, innovation and competitiveness.",,scraped_psas_translated.csv,0.4963,False,,Disaster/Health,"Kwa hivyo, Biashara Ndogo Ndogo na za Kati (MSMEs) zina jukumu muhimu kama vichochezi muhimu vya ukuaji wa biashara na uchumi, kuunda ajira, kupunguza umaskini, uvumbuzi na ushindani.",,,,,
,THE NATIONAL TREASURY VOTE 1071 EXPENDITURE REQUISITION FORM Requisitioning Officer………………………………………… Department………………………… Signature………………….,,scraped_psas_translated.csv,0.5164,False,,Governance,HAZINA YA TAIFA KURA 1071 FOMU YA MAHITAJI YA MATUMIZI Afisa Mahitaji ……………………………………………………………………………………………………………………………………………………………………………………………………………………………………,,,,,
,"I certify that this expenditure is authorised, necessary for official purposes, and within approved budget provisions.",,scraped_psas_translated.csv,0.4626,False,,Governance,"Ninathibitisha kuwa matumizi haya yameidhinishwa, ni muhimu kwa madhumuni rasmi, na ndani ya masharti ya bajeti yaliyoidhinishwa.",,,,,
,"In order to come up with well -reasoned conclusions and make recommendations regarding these bills/claim(s), the Committee is required to scrutinize and analyse the existing stock of National Government Pending Bills/claim(s) (excluding any bill(s)/ claim(s ) from County Governments.",,scraped_psas_translated.csv,0.5597,False,,Governance,"Ili kupata hitimisho lenye sababu nzuri na kutoa mapendekezo kuhusu miswada/madai haya), Kamati inahitajika kuchunguza na kuchanganua hisa iliyopo ya Miswada/madai Yanayosubiri ya Serikali ya Kitaifa (bila kujumuisha bili/dai/dai) kutoka kwa Serikali za Kaunti.",,,,,
,"CPA JOHN MBADI NG’ONGO, EGH CABINET SECRETARY",,scraped_psas_translated.csv,0.4925,False,,Disaster/Health,"CPA JOHN MBADI NG’ONGO, EGH KATIBU WA BARAZA LA MAWAZIRI",,,,,
,The approved BROP will subsequently be submitted to Parliament.,,scraped_psas_translated.csv,0.542,False,,Governance,BROP iliyoidhinishwa itawasilishwa Bungeni baadaye.,,,,,
,"The outlook reflects economic recovery in China, Euro area and UK, despite a slowdown in activity in the USA and Japan.",,scraped_psas_translated.csv,0.2556,False,,Disaster/Health,"Mtazamo huo unaonyesha kuimarika kwa uchumi nchini China, eneo la Euro na Uingereza, licha ya kudorora kwa shughuli nchini Marekani na Japan.",,,,,
,The Commission on Revenue Allocation; ii.,,scraped_psas_translated.csv,0.4941,False,,Disaster/Health,Tume ya Ugawaji wa Mapato; ii.,,,,,
,PART II—PROCEDURE AND CRITERIA FOR ESTABLISHING A GOVERNMENT OWNED ENTERPRISE 7— Guiding principles for the establishment of Government Owned Enterprises. 8— Procedure for establishment of a Government Owned Enterprise. 9— Attributes of a Government Owned Enterprise.,,scraped_psas_translated.csv,0.5208,False,,Governance,SEHEMU YA PILI—UTARATIBU NA VIGEZO VYA KUANZISHA BIASHARA INAYOMILIKIWA NA SERIKALI 7— Kanuni elekezi za uanzishaji wa Mashirika Yanayomilikiwa na Serikali. 8- Utaratibu wa kuanzishwa kwa Biashara Inayomilikiwa na Serikali. 9- Sifa za Biashara Inayomilikiwa na Serikali.,,,,,
,As such this National Tax Policy identifies and analyses the challenges of the current tax regime and sets out broad policy guidelines to address these challenges thereby forming a basis for tax reforms and review of existing tax legislation.,,scraped_psas_translated.csv,0.5519,False,,Governance,Kwa hivyo Sera hii ya Kitaifa ya Ushuru inabainisha na kuchambua changamoto za mfumo wa sasa wa kodi na kuweka miongozo mipana ya sera ili kutatua changamoto hizi na hivyo kutengeneza msingi wa marekebisho ya kodi na mapitio ya sheria zilizopo za kodi.,,,,,
,"Alternatively, persons may submit written memoranda in hard copies, in the format provided for in the National Treasury website, addressed to the Principal Secretary, National Treasury, P .O.",,scraped_psas_translated.csv,0.5405,False,,Governance,"Vinginevyo, watu wanaweza kuwasilisha memoranda zilizoandikwa katika nakala ngumu, katika muundo uliotolewa katika tovuti ya Hazina ya Kitaifa, iliyotumwa kwa Katibu Mkuu, Hazina ya Kitaifa, P.O.",,,,,
,Pivoting on three (3) strategic pillars i.e.,,scraped_psas_part4.csv,0.5482,False,,Disaster/Health,Kuegemea kwenye nguzo tatu (3) za kimkakati i.e.,,,,,
,"It also aims to demystify negative perspectives on LM industry’s unattractiveness for sustainable finance, by prioritizing and navigating complex regulatory environment, technology partnership, and building replicable operational models that meet international compliance standards.",,scraped_psas_part4.csv,0.498,False,,Disaster/Health,"Pia inalenga kufifisha mitazamo hasi kuhusu kutovutia kwa sekta ya LM kwa fedha endelevu, kwa kuweka kipaumbele na kuabiri mazingira changamano ya udhibiti, ushirikiano wa teknolojia, na kujenga miundo ya utendakazi inayoweza kuigwa ambayo inakidhi viwango vya utiifu wa kimataifa.",,,,,
,Canada strengthens humanitarian and economic partnerships during Secretary of State Sarai’s visit to Kenya,,scraped_psas_part4.csv,0.5925,False,,Disaster/Health,Kanada inaimarisha ushirikiano wa kibinadamu na kiuchumi wakati wa ziara ya Waziri wa Mambo ya Nje Sarai nchini Kenya,,,,,
,Urgent: 3.3 Million Kenyans face acute hunger as multi-year drought devastates ASAL counties: Urgent multisectoral action needed to save lives,,scraped_psas_part4.csv,0.5566,False,,Disaster/Health,Haraka: Wakenya Milioni 3.3 wanakabiliwa na njaa kali huku ukame wa miaka mingi ukiharibu kaunti za ASAL: Hatua za haraka za sekta mbalimbali zinahitajika kuokoa maisha,,,,,
,"“Under One Tree”? Exploring Pastoral, National, and International Approaches to Humanitarian Action: Phase 1 Synthesis Report in the Diverse Perspectives on Humanitarian Action in the Pastoral Drylands Series",,scraped_psas_part4.csv,0.4925,False,,Disaster/Health,"“Chini ya Mti Mmoja”? Kuchunguza Mbinu za Kichungaji, Kitaifa na Kimataifa za Utekelezaji wa Kibinadamu: Ripoti ya Awamu ya 1 ya Awamu katika Mitazamo Mbalimbali ya Hatua za Kibinadamu katika Msururu wa Maeneo Kavu ya Kichungaji.",,,,,
,"Media Advisory: UN Deputy Humanitarian chief to visit Southern, Eastern Africa",,scraped_psas_part4.csv,0.5648,False,,Disaster/Health,"Ushauri wa Vyombo vya Habari: Naibu Mkuu wa Umoja wa Mataifa wa Misaada ya Kibinadamu kutembelea Kusini, Afrika Mashariki",,,,,
,Young Kenyans call for urgent action on hunger crisis,,scraped_psas_part4.csv,0.5692,False,,Disaster/Health,Vijana wa Kenya watoa wito wa kuchukuliwa hatua za haraka kukabiliana na baa la njaa,,,,,
,Kenyan Elections - Another Test in the Country’s Democratic Journey,,scraped_psas_part4.csv,0.5753,False,,Governance,Kufuatilia Athari za Mishtuko kwa Kaya nchini Kenya,,,,,
,"Malteser International: ""The need for humanitarian aid has never been greater""",,scraped_psas_part4.csv,0.4848,False,,Disaster/Health,"Malteser International: ""Haja ya misaada ya kibinadamu haijawahi kuwa kubwa zaidi""",,,,,
,To introduce the definition of new terms Section 4A (1) insert a new sub-paragraph in paragraph (h)— (ix) credit guarantee companies and agents insert a new paragraph immediately after paragraph (h)— (i) license and supervise credit guarantee companies.,,scraped_psas_part4.csv,0.2274,False,,Disaster/Health,JAMHURI YA KENYA HAZINA YA KITAIFA NA MIPANGO YA UCHUMI SERA YA TAIFA YA USHURI Karatasi ya Kipindi Na.,,,,,
,"MAUDHUI:Kudumisha Ajenda ya Ustawi wa Uchumi Kupitia Mfumo wa Chini Juu, Kuimarisha Matumizi ya Fedha na Kuwekeza Katika Kukabiliana na Adhari za M abadiliko ya Tabianchi ili kuboresha Maisha.",,scraped_psas_part4.csv,0.5401,False,,Disaster/Health,Hazina ya Kitaifa na Mipango ya Kiuchumi P.O.,,,,,
,The National Treasury and Economic Planning P.O.,,scraped_psas_part4.csv,0.4869,False,,Governance,Hazina ya Kitaifa na Mipango ya Kiuchumi P.O.,,,,,
,"Achievement of this goal requires a sustained annual Gross Domestic Product (GDP) growth rate of 10 percent based on the contribution of six (6) high potential business -oriented priority sectors namely Tourism and Mining, Agriculture, Manufacturing, Wholesale and Retail, Business Process outsourcing and Financial Services.",,scraped_psas_part4.csv,0.4439,False,,Disaster/Health,"Mafanikio ya lengo hili yanahitaji ukuaji endelevu wa Pato la Taifa (GDP) kwa mwaka wa asilimia 10 kulingana na mchango wa sekta sita (6) za kipaumbele zenye mwelekeo wa juu wa biashara ambazo ni Utalii na Madini, Kilimo, Uzalishaji, Jumla na Reja reja, Utoaji wa huduma za Mchakato wa Biashara na Huduma za Kifedha.",,,,,
,"Micro Small and Medium Enterprises (MSMEs) therefore, play a critical role as key drivers of business and economic growth, employment creation, poverty alleviation, innovation and competitiveness.",,scraped_psas_part4.csv,0.4963,False,,Disaster/Health,"Kwa hivyo, Biashara Ndogo Ndogo na za Kati (MSMEs) zina jukumu muhimu kama vichochezi muhimu vya ukuaji wa biashara na uchumi, kuunda ajira, kupunguza umaskini, uvumbuzi na ushindani.",,,,,
,THE NATIONAL TREASURY VOTE 1071 EXPENDITURE REQUISITION FORM Requisitioning Officer………………………………………… Department………………………… Signature………………….,,scraped_psas_part4.csv,0.5164,False,,Governance,HAZINA YA TAIFA KURA 1071 FOMU YA MAHITAJI YA MATUMIZI Afisa Mahitaji ……………………………………………………………………………………………………………………………………………………………………………………………………………………………………,,,,,
,"I certify that this expenditure is authorised, necessary for official purposes, and within approved budget provisions.",,scraped_psas_part4.csv,0.4626,False,,Governance,"Ili kupata hitimisho lenye sababu nzuri na kutoa mapendekezo kuhusu miswada/madai haya), Kamati inahitajika kuchunguza na kuchanganua hisa iliyopo ya Miswada/madai Yanayosubiri ya Serikali ya Kitaifa (bila kujumuisha bili/dai/dai) kutoka kwa Serikali za Kaunti.",,,,,
,"In order to come up with well -reasoned conclusions and make recommendations regarding these bills/claim(s), the Committee is required to scrutinize and analyse the existing stock of National Government Pending Bills/claim(s) (excluding any bill(s)/ claim(s ) from County Governments.",,scraped_psas_part4.csv,0.5597,False,,Governance,"Ili kupata hitimisho lenye sababu nzuri na kutoa mapendekezo kuhusu miswada/madai haya), Kamati inahitajika kuchunguza na kuchanganua hisa iliyopo ya Miswada/madai Yanayosubiri ya Serikali ya Kitaifa (bila kujumuisha bili/dai/dai) kutoka kwa Serikali za Kaunti.",,,,,
,"CPA JOHN MBADI NG’ONGO, EGH CABINET SECRETARY",,scraped_psas_part4.csv,0.4925,False,,Disaster/Health,"CPA JOHN MBADI NG’ONGO, EGH KATIBU WA BARAZA LA MAWAZIRI",,,,,
,The approved BROP will subsequently be submitted to Parliament.,,scraped_psas_part4.csv,0.542,False,,Governance,"Ili kukamilisha waraka huo, Hazina ya Taifa inatarajiwa kwa masharti ya Sheria ya USM kutafuta maoni kutoka kwa taasisi zilizoorodheshwa katika Sheria ya USM, umma na watu wengine wenye nia au makundi yoyote kama ilivyoainishwa katika vifungu husika vya Sheria hiyo.",,,,,
,"The outlook reflects economic recovery in China, Euro area and UK, despite a slowdown in activity in the USA and Japan.",,scraped_psas_part4.csv,0.2556,False,,Disaster/Health,"Mtazamo huo unaonyesha kuimarika kwa uchumi nchini China, eneo la Euro na Uingereza, licha ya kudorora kwa shughuli nchini Marekani na Japan.",,,,,
,The Commission on Revenue Allocation; ii.,,scraped_psas_part4.csv,0.4941,False,,Disaster/Health,Tume ya Ugawaji wa Mapato; ii.,,,,,
,PART II—PROCEDURE AND CRITERIA FOR ESTABLISHING A GOVERNMENT OWNED ENTERPRISE 7— Guiding principles for the establishment of Government Owned Enterprises. 8— Procedure for establishment of a Government Owned Enterprise. 9— Attributes of a Government Owned Enterprise.,,scraped_psas_part4.csv,0.5208,False,,Governance,Sera hiyo inaungwa mkono na kujitolea kwa Serikali kushughulikia changamoto ambazo zimekabili mfumo wa ushuru wa Kenya kwa muda mrefu.,,,,,
,As such this National Tax Policy identifies and analyses the challenges of the current tax regime and sets out broad policy guidelines to address these challenges thereby forming a basis for tax reforms and review of existing tax legislation.,,scraped_psas_part4.csv,0.5519,False,,Governance,Kwa hivyo Sera hii ya Kitaifa ya Ushuru inabainisha na kuchambua changamoto za mfumo wa sasa wa kodi na kuweka miongozo mipana ya sera ili kutatua changamoto hizi na hivyo kutengeneza msingi wa marekebisho ya kodi na mapitio ya sheria zilizopo za kodi.,,,,,
,"Alternatively, persons may submit written memoranda in hard copies, in the format provided for in the National Treasury website, addressed to the Principal Secretary, National Treasury, P .O.",,scraped_psas_part4.csv,0.5405,False,,Governance,"Vinginevyo, watu wanaweza kuwasilisha memoranda zilizoandikwa katika nakala ngumu, katika muundo uliotolewa katika tovuti ya Hazina ya Kitaifa, iliyotumwa kwa Katibu Mkuu, Hazina ya Kitaifa, P.O.",,,,,
,Canada strengthens humanitarian and economic partnerships during Secretary of State Sarai’s visit to Kenya,,real_web_psas.csv,0.5925,False,,Disaster/Health,Kanada inaimarisha ushirikiano wa kibinadamu na kiuchumi wakati wa ziara ya Waziri wa Mambo ya Nje Sarai nchini Kenya,,,,,
,Urgent: 3.3 Million Kenyans face acute hunger as multi-year drought devastates ASAL counties: Urgent multisectoral action needed to save lives,,real_web_psas.csv,0.5566,False,,Disaster/Health,Haraka: Wakenya Milioni 3.3 wanakabiliwa na njaa kali huku ukame wa miaka mingi ukiharibu kaunti za ASAL: Hatua za haraka za kisekta mbalimbali zinahitajika kuokoa maisha,,,,,
,"“Under One Tree”? Exploring Pastoral, National, and International Approaches to Humanitarian Action: Phase 1 Synthesis Report in the Diverse Perspectives on Humanitarian Action in the Pastoral Drylands Series",,real_web_psas.csv,0.4925,False,,Disaster/Health,"“Chini ya Mti Mmoja”? Kuchunguza Mbinu za Kichungaji, Kitaifa na Kimataifa za Utekelezaji wa Kibinadamu: Ripoti ya Awamu ya 1 ya Awamu katika Mitazamo Mbalimbali ya Hatua za Kibinadamu katika Msururu wa Maeneo Kavu ya Kichungaji.",,,,,
,"Media Advisory: UN Deputy Humanitarian chief to visit Southern, Eastern Africa",,real_web_psas.csv,0.5648,False,,Disaster/Health,"Ushauri wa Vyombo vya Habari: Naibu Mkuu wa Umoja wa Mataifa wa Misaada ya Kibinadamu kutembelea Kusini, Afrika Mashariki",,,,,
,Young Kenyans call for urgent action on hunger crisis,,real_web_psas.csv,0.5692,False,,Disaster/Health,Vijana wa Kenya watoa wito wa kuchukuliwa hatua za haraka kukabiliana na baa la njaa,,,,,
,Kenyan Elections - Another Test in the Country’s Democratic Journey,,real_web_psas.csv,0.5753,False,,Governance,Uchaguzi wa Kenya - Mtihani Mwingine katika Safari ya Kidemokrasia ya Nchi,,,,,
,"Malteser International: ""The need for humanitarian aid has never been greater""",,real_web_psas.csv,0.4848,False,,Disaster/Health,"Malteser International: ""Haja ya misaada ya kibinadamu haijawahi kuwa kubwa zaidi""",,,,,
,To introduce the definition of new terms Section 4A (1) insert a new sub-paragraph in paragraph (h)— (ix) credit guarantee companies and agents insert a new paragraph immediately after paragraph (h)— (i) license and supervise credit guarantee companies.,,kenya_bulk_notices_extracted.csv,0.2274,False,,Disaster/Health,Ili kutambulisha ufafanuzi wa masharti mapya Kifungu cha 4A (1) ingiza aya ndogo mpya katika aya ya (h)— (ix) makampuni na mawakala wa udhamini wa mikopo ingiza aya mpya mara baada ya aya ya (h)— (i) leseni na kusimamia kampuni za udhamini wa mikopo.,,,,,
,As such this National Tax Policy identifies and analyses the challenges of the current tax regime and sets out broad policy guidelines to address these challenges thereby forming a basis for tax reforms and review of existing tax legislation.,,kenya_bulk_notices_extracted.csv,0.5519,False,,Governance,Kwa hivyo Sera hii ya Kitaifa ya Ushuru inabainisha na kuchambua changamoto za mfumo wa sasa wa kodi na kuweka miongozo mipana ya sera ili kutatua changamoto hizi na hivyo kutengeneza msingi wa marekebisho ya kodi na mapitio ya sheria zilizopo za kodi.,,,,,
,This is critical in nurturing a conducive environment for both local and foreign investors.,,kenya_bulk_notices_extracted.csv,0.5652,False,,Disaster/Health,Hili ni muhimu katika kukuza mazingira mazuri kwa wawekezaji wa ndani na nje ya nchi.,,,,,
,"MAUDHUI:Kudumisha Ajenda ya Ustawi wa Uchumi Kupitia Mfumo wa Chini Juu, Kuimarisha Matumizi ya Fedha na Kuwekeza Katika Kukabiliana na Adhari za M abadiliko ya Tabianchi ili kuboresha Maisha.",,kenya_bulk_notices_extracted.csv,0.5401,False,,Disaster/Health,"MAUDHUI: Kudumisha Ajenda ya Ustawi wa Uchumi Kupitia Mfumo wa Chini Juu, Kuimarisha Matumizi ya Fedha na Kuwekeza Katika Kukabiliana na Adhari za M abadiliko ya Tabianchi ili kuboresha Maisha.",,,,,
,"A publication of The National Treasury & Economic Planning The National Treasury and Economic Planning Communications@treasury.go.ke @KeTreasury www.treasury.go.ke TREASURY THE MWANANCHI GUIDE Financial Year 2024/25 2 THE NATIONAL TREASURY AND ECONOMIC PLANNING CONTENTS The PFM Act, 2012 requires the Government’s Budget to be publicized.",,kenya_bulk_notices_extracted.csv,0.5193,False,,Governance,Chapisho la Hazina ya Kitaifa na Mipango ya Kiuchumi Hazina ya Kitaifa na Mipango ya Uchumi Mawasiliano@treasury.go.ke @KeTreasury www.treasury.go.ke HAZINA MWONGOZO WA MWANANCHI Mwaka wa Fedha 2024/25 2 HAZINA YA TAIFA NA UCHUMI20 Sheria ya UCHUMI20 ya Serikali. Bajeti ya kutangazwa.,,,,,
,The National Treasury and Economic Planning P.O.,,kenya_bulk_notices_extracted.csv,0.4869,False,,Governance,Hazina ya Kitaifa na Mipango ya Kiuchumi P.O.,,,,,
,"Achievement of this goal requires a sustained annual Gross Domestic Product (GDP) growth rate of 10 percent based on the contribution of six (6) high potential business -oriented priority sectors namely Tourism and Mining, Agriculture, Manufacturing, Wholesale and Retail, Business Process outsourcing and Financial Services.",,kenya_bulk_notices_extracted.csv,0.4439,False,,Disaster/Health,"Mafanikio ya lengo hili yanahitaji ukuaji endelevu wa Pato la Taifa (GDP) kwa mwaka wa asilimia 10 kulingana na mchango wa sekta sita (6) za kipaumbele zenye mwelekeo wa juu wa biashara ambazo ni Utalii na Madini, Kilimo, Uzalishaji, Jumla na Reja reja, Utoaji wa huduma za Mchakato wa Biashara na Huduma za Kifedha.",,,,,
,"Micro Small and Medium Enterprises (MSMEs) therefore, play a critical role as key drivers of business and economic growth, employment creation, poverty alleviation, innovation and competitiveness.",,kenya_bulk_notices_extracted.csv,0.4963,False,,Disaster/Health,"Kwa hivyo, Biashara Ndogo Ndogo na za Kati (MSMEs) zina jukumu muhimu kama vichochezi muhimu vya ukuaji wa biashara na uchumi, kuunda ajira, kupunguza umaskini, uvumbuzi na ushindani.",,,,,
,"According to the Economic survey of 2023, approximately 16 million persons were employed in the MSMEs sector.",,kenya_bulk_notices_extracted.csv,0.4379,False,,Disaster/Health,"Kulingana na utafiti wa Kiuchumi wa 2023, takriban watu milioni 16 waliajiriwa katika sekta ya MSMEs.",,,,,
,"Large number and wide distribution of MSMEs at the bottom of the pyramid implies that, if well harnessed, this sector has a high potential for favorable socio-economic impact.",,kenya_bulk_notices_extracted.csv,0.5244,False,,Disaster/Health,"Idadi kubwa na usambazaji mpana wa MSMEs chini ya piramidi ina maana kwamba, ikiwa itatumika vyema, sekta hii ina uwezekano mkubwa wa matokeo mazuri ya kijamii na kiuchumi.",,,,,
,"Notwithstanding the central role played by MSMEs, the businesses face many constraints that stifle their growth.",,kenya_bulk_notices_extracted.csv,0.3814,False,,Disaster/Health,"Licha ya jukumu kuu linalochezwa na MSMEs, biashara zinakabiliwa na vikwazo vingi vinavyozuia ukuaji wao.",,,,,
,THE NATIONAL TREASURY VOTE 1071 EXPENDITURE REQUISITION FORM Requisitioning Officer………………………………………… Department………………………… Signature………………….,,kenya_bulk_notices_extracted.csv,0.5164,False,,Governance,HAZINA YA TAIFA KURA 1071 FOMU YA MAHITAJI YA MATUMIZI Afisa Mahitaji ……………………………………………………………………………………………………………………………………………………………………………………………………………………………………,,,,,
,"I certify that this expenditure is authorised, necessary for official purposes, and within approved budget provisions.",,kenya_bulk_notices_extracted.csv,0.4626,False,,Governance,"Ninathibitisha kuwa matumizi haya yameidhinishwa, ni muhimu kwa madhumuni rasmi, na ndani ya masharti ya bajeti yaliyoidhinishwa.",,,,,
,"Before seeking approval, kindly confirm account balances. 2.",,kenya_bulk_notices_extracted.csv,0.5861,False,,Disaster/Health,"Kabla ya kuomba idhini, tafadhali thibitisha salio la akaunti. 2.",,,,,
,"In order to come up with well -reasoned conclusions and make recommendations regarding these bills/claim(s), the Committee is required to scrutinize and analyse the existing stock of National Government Pending Bills/claim(s) (excluding any bill(s)/ claim(s ) from County Governments.",,kenya_bulk_notices_extracted.csv,0.5597,False,,Governance,"Ili kupata hitimisho lenye sababu nzuri na kutoa mapendekezo kuhusu miswada/madai haya), Kamati inahitajika kuchunguza na kuchanganua hisa iliyopo ya Miswada/madai Yanayosubiri ya Serikali ya Kitaifa (bila kujumuisha bili/dai/dai) kutoka kwa Serikali za Kaunti.",,,,,
,"Each page of the hard copy submitted should be sequentially paginated, serialised, and countersigned by the individual or the authorised representative of the individual or the firm.",,kenya_bulk_notices_extracted.csv,0.4344,False,,Disaster/Health,"Kila ukurasa wa nakala ngumu iliyowasilishwa unapaswa kuorodheshwa kwa mpangilio, kusasishwa, na kutiwa saini na mtu binafsi au mwakilishi aliyeidhinishwa wa mtu binafsi au kampuni.",,,,,
,"The outlook reflects economic recovery in China, Euro area and UK, despite a slowdown in activity in the USA and Japan.",,kenya_bulk_notices_extracted.csv,0.2556,False,,Disaster/Health,"Mtazamo huo unaonyesha kuimarika kwa uchumi nchini China, eneo la Euro na Uingereza, licha ya kudorora kwa shughuli nchini Marekani na Japan.",,,,,
,"On the domestic front, the Kenyan economy is currently unwinding from layers of negative and persistent s hocks that had a structural effect on economic activities .",,kenya_bulk_notices_extracted.csv,0.5686,False,,Disaster/Health,"Kwa upande wa ndani, uchumi wa Kenya kwa sasa unayumba kutoka kwa matabaka ya mambo hasi na yanayoendelea ambayo yalikuwa na athari za kimuundo kwa shughuli za kiuchumi.",,,,,
,"CPA JOHN MBADI NG’ONGO, EGH CABINET SECRETARY",,kenya_bulk_notices_extracted.csv,0.4925,False,,Disaster/Health,"CPA JOHN MBADI NG’ONGO, EGH KATIBU WA BARAZA LA MAWAZIRI",,,,,
,The approved BROP will subsequently be submitted to Parliament.,,kenya_bulk_notices_extracted.csv,0.542,False,,Governance,BROP iliyoidhinishwa itawasilishwa Bungeni baadaye.,,,,,
,The Commission on Revenue Allocation; ii.,,kenya_bulk_notices_extracted.csv,0.4941,False,,Disaster/Health,Tume ya Ugawaji wa Mapato; ii.,,,,,
,Reforms to enhance tax administration and compliance so as to ensure each taxpayer pay the rightful share of tax through reducing tax evasion and avoidance.,,kenya_bulk_notices_extracted.csv,0.578,False,,Governance,Marekebisho ya kuimarisha usimamizi na kufuata kodi ili kuhakikisha kila mlipakodi analipa sehemu halali ya kodi kwa kupunguza ukwepaji na kuepuka kodi.,,,,,
,The Government has implemented policy measures to mitigate these negative shocks and embarked on structural reforms under BETA as articulated in the Fourth Medium Term Plan .,,kenya_bulk_notices_extracted.csv,0.5999,False,,Governance,Serikali imetekeleza hatua za kisera ili kupunguza misukosuko hii hasi na imeanza marekebisho ya kimuundo chini ya BETA kama ilivyoainishwa katika Mpango wa Nne wa Muda wa Kati.,,,,,
,"BETA targets to bring down the cost of living; eradicat e hunger; create jobs; expand the tax base; and improve foreign exchange balances and inclusive growth , through a value chain approach.",,kenya_bulk_notices_extracted.csv,0.4648,False,,Disaster/Health,"BETA inalenga kupunguza gharama ya maisha; kuondokana na njaa; kuunda ajira; kupanua wigo wa ushuru; na kuboresha urari wa fedha za kigeni na ukuaji jumuishi, kupitia mbinu ya mnyororo wa thamani.",,,,,
,We have now prepared the draft 2024 Budget Review and Outlook Paper for the MTEF FY 202 5/26 - 2027/28 Budget which is available at the National Treasury website (www.treasury.go.ke).,,kenya_bulk_notices_extracted.csv,0.573,False,,Governance,Sasa tumetayarisha rasimu ya Mapitio ya Bajeti ya 2024 na Mtazamo wa Bajeti ya MTEF FY 202 5/26 - 2027/28 ambayo inapatikana katika tovuti ya Hazina ya Kitaifa (www.treasury.go.ke).,,,,,
,"CPA JOHN MBADI NG’ONGO, EGH CABINET SECRETARY/ THE NATIONAL TREASURY & ECONOMIC PLANNING",,kenya_bulk_notices_extracted.csv,0.469,False,,Governance,"CPA JOHN MBADI NG’ONGO, EGH KATIBU WA BARAZA LA MAWAZIRI/ HAZINA YA TAIFA & MIPANGO YA UCHUMI",,,,,
,"Alternatively, persons may submit written memoranda in hard copies, in the format provided for in the National Treasury website, addressed to the Principal Secretary, National Treasury, P .O.",,kenya_bulk_notices_extracted.csv,0.5405,False,,Governance,"Vinginevyo, watu wanaweza kuwasilisha memoranda zilizoandikwa katika nakala ngumu, katika muundo uliotolewa katika tovuti ya Hazina ya Kitaifa, iliyotumwa kwa Katibu Mkuu, Hazina ya Kitaifa, P.O.",,,,,
,"A steering committee, appointed by the Cabinet Secretary for the National Treasury and Economic Planning, will oversee the process, with the inaugural meeting chaired by the Principal Secretary, National Treasury, held today.",,kenya_bulk_notices_extracted.csv,0.498,False,,Governance,"Kamati ya Uongozi iliyoteuliwa na Katibu wa Baraza la Mawaziri wa Hazina ya Taifa na Mipango ya Uchumi, itasimamia mchakato huo, ambapo kikao cha uzinduzi kikiongozwa na Katibu Mkuu, Hazina ya Taifa, kikifanyika leo.",,,,,
,"Under cash accounting, financial transactions are recorded only when cash is exchanged, which, while straightforward, limits the government’s ability to present a comprehensive view of its financial position.",,kenya_bulk_notices_extracted.csv,0.572,False,,Governance,"Chini ya uhasibu wa fedha, shughuli za kifedha zinarekodi tu wakati fedha zinapobadilishwa, ambayo, wakati wa moja kwa moja, hupunguza uwezo wa serikali wa kuwasilisha mtazamo wa kina wa hali yake ya kifedha.",,,,,
,"Accrual accounting addresses this by recognizing revenues and expenses when they are earned or incurred, regardless of when cash is exchanged.",,kenya_bulk_notices_extracted.csv,0.5166,False,,Disaster/Health,"Uhasibu wa ziada hushughulikia hili kwa kutambua mapato na matumizi yanapopatikana au yanayotumika, bila kujali wakati pesa inabadilishwa.",,,,,
,"The Virtual Asset Service Providers Bill, 2025 2 30— Duty to prepare annual audited financial statements. 31— Appointment of chief executive officer. 32— Duty to protect customer assets.",,kenya_bulk_notices_extracted.csv,0.5937,False,,Disaster/Health,"Muswada wa Mswada wa Watoa Huduma za Mali, 2025 2 30— Wajibu wa kuandaa taarifa za fedha zilizokaguliwa za kila mwaka. 31- Uteuzi wa afisa mkuu mtendaji. 32— Wajibu wa kulinda mali ya mteja.",,,,,
,"PART VIINITIAL VIRTUAL ASSET OFFERING 35— Issuers of initial virtual asset offering PART VII — INVESTIGATION AND EXAMINATION 36— Compliance, inspection and investigation. 37— Appointment or designation of examiner. 38— General powers to request information. 39— Additional powers.",,kenya_bulk_notices_extracted.csv,0.3451,False,,Education,"SEHEMU YA SABA YA OFA YA MALI HALISI 35— Watoaji wa mali ya awali ya mtandaoni inayotoa SEHEMU YA VII - UCHUNGUZI NA MTIHANI WA 36— Utii, ukaguzi na uchunguzi. 37- Uteuzi au uteuzi wa mtahini. 38- Mamlaka ya jumla ya kuomba habari. 39- Mamlaka ya ziada.",,,,,
,Regulation 9 of the principal Regulations is amended in paragraph (b)─ (a) by deleting the word “knowledge and”. (b) by deleting subparagraph (vi) and substituting therefor the following new paragraph─ (vi) arts; 9.,,kenya_bulk_notices_extracted.csv,0.4279,False,,Disaster/Health,"Kanuni ya 9 ya Kanuni kuu inarekebishwa katika aya (b)─ (a) kwa kufuta neno ""maarifa na"". (b) kwa kufuta ibara ndogo ya (vi) na kuweka badala yake aya mpya ifuatayo─ (vi) sanaa; 9.",,,,,
,Regulation 11 of the principal Regulations is amended in subregulation (1) by deleting the words “accounting ofﬁcer responsible for matters relating to sports” and substituting the words “Chief Executive Officer”. 11.,,kenya_bulk_notices_extracted.csv,0.3392,False,,Disaster/Health,Kanuni ya 11 ya Kanuni kuu inarekebishwa katika kanuni ndogo ya (1) kwa kufuta maneno “afisa mhasibu anayehusika na masuala yanayohusu michezo” na kuweka badala ya maneno “Afisa Mtendaji Mkuu”. 11.,,,,,
,PART II—PROCEDURE AND CRITERIA FOR ESTABLISHING A GOVERNMENT OWNED ENTERPRISE 7— Guiding principles for the establishment of Government Owned Enterprises. 8— Procedure for establishment of a Government Owned Enterprise. 9— Attributes of a Government Owned Enterprise.,,kenya_bulk_notices_extracted.csv,0.5208,False,,Governance,SEHEMU YA PILI—UTARATIBU NA VIGEZO VYA KUANZISHA BIASHARA INAYOMILIKIWA NA SERIKALI 7— Kanuni elekezi za uanzishaji wa Mashirika Yanayomilikiwa na Serikali. 8- Utaratibu wa kuanzishwa kwa Biashara Inayomilikiwa na Serikali. 9- Sifa za Biashara Inayomilikiwa na Serikali.,,,,,
,PART IV—PERFORMANCE 26—Business Plan. 27—Performance management. 28—Performance evaluation.,,kenya_bulk_notices_extracted.csv,0.4379,False,,Disaster/Health,SEHEMU YA IV—UTENDAJI 26—Mpango wa Biashara. 27 - Usimamizi wa utendaji. 28-Tathmini ya utendaji.,,,,,
,"At the same time, revenue collection, as a share of Gross Domestic Product ( GDP) continues to decline .",,kenya_bulk_notices_extracted.csv,0.4363,False,,Disaster/Health,"Wakati huo huo, ukusanyaji wa mapato, kama sehemu ya Pato la Taifa ( Pato la Taifa ) unaendelea kupungua.",,,,,
,"This significant event will take place on 22nd July 2026 at the Kenyatta International Convention Centre (KICC), beginning at 8:30 am.",,extracted_pdf_data.csv,0.486,False,,Disaster/Health,"Tukio hili muhimu litafanyika tarehe 22 Julai 2026 katika Kituo cha Mikutano cha Kimataifa cha Kenyatta (KICC), kuanzia saa 8:30 asubuhi.",,,,,
,To introduce the definition of new terms Section 4A (1) insert a new sub-paragraph in paragraph (h)— (ix) credit guarantee companies and agents insert a new paragraph immediately after paragraph (h)— (i) license and supervise credit guarantee companies.,,extracted_pdf_data.csv,0.2274,False,,Disaster/Health,Ili kutambulisha ufafanuzi wa masharti mapya Kifungu cha 4A (1) ingiza aya ndogo mpya katika aya ya (h)— (ix) makampuni na mawakala wa udhamini wa mikopo ingiza aya mpya mara baada ya aya ya (h)— (i) leseni na kusimamia kampuni za udhamini wa mikopo.,,,,,
,"MAUDHUI:Kudumisha Ajenda ya Ustawi wa Uchumi Kupitia Mfumo wa Chini Juu, Kuimarisha Matumizi ya Fedha na Kuwekeza Katika Kukabiliana na Adhari za M abadiliko ya Tabianchi ili kuboresha Maisha.",,extracted_pdf_data.csv,0.5401,False,,Disaster/Health,"MAUDHUI: Kudumisha Ajenda ya Ustawi wa Uchumi Kupitia Mfumo wa Chini Juu, Kuimarisha Matumizi ya Fedha na Kuwekeza Katika Kukabiliana na Adhari za M abadiliko ya Tabianchi ili kuboresha Maisha.",,,,,
,The National Treasury and Economic Planning P.O.,,extracted_pdf_data.csv,0.4869,False,,Governance,Hazina ya Kitaifa na Mipango ya Kiuchumi P.O.,,,,,
,"Achievement of this goal requires a sustained annual Gross Domestic Product (GDP) growth rate of 10 percent based on the contribution of six (6) high potential business -oriented priority sectors namely Tourism and Mining, Agriculture, Manufacturing, Wholesale and Retail, Business Process outsourcing and Financial Services.",,extracted_pdf_data.csv,0.4439,False,,Disaster/Health,"Mafanikio ya lengo hili yanahitaji ukuaji endelevu wa Pato la Taifa (GDP) kwa mwaka wa asilimia 10 kulingana na mchango wa sekta sita (6) za kipaumbele zenye mwelekeo wa juu wa biashara ambazo ni Utalii na Madini, Kilimo, Uzalishaji, Jumla na Reja reja, Utoaji wa huduma za Mchakato wa Biashara na Huduma za Kifedha.",,,,,
,"Micro Small and Medium Enterprises (MSMEs) therefore, play a critical role as key drivers of business and economic growth, employment creation, poverty alleviation, innovation and competitiveness.",,extracted_pdf_data.csv,0.4963,False,,Disaster/Health,"Kwa hivyo, Biashara Ndogo Ndogo na za Kati (MSMEs) zina jukumu muhimu kama vichochezi muhimu vya ukuaji wa biashara na uchumi, kuunda ajira, kupunguza umaskini, uvumbuzi na ushindani.",,,,,
,THE NATIONAL TREASURY VOTE 1071 EXPENDITURE REQUISITION FORM Requisitioning Officer………………………………………… Department………………………… Signature………………….,,extracted_pdf_data.csv,0.5164,False,,Governance,HAZINA YA TAIFA KURA 1071 FOMU YA MAHITAJI YA MATUMIZI Afisa Mahitaji ……………………………………………………………………………………………………………………………………………………………………………………………………………………………………,,,,,
,"I certify that this expenditure is authorised, necessary for official purposes, and within approved budget provisions.",,extracted_pdf_data.csv,0.4626,False,,Governance,"Ninathibitisha kuwa matumizi haya yameidhinishwa, ni muhimu kwa madhumuni rasmi, na ndani ya masharti ya bajeti yaliyoidhinishwa.",,,,,
,"In order to come up with well -reasoned conclusions and make recommendations regarding these bills/claim(s), the Committee is required to scrutinize and analyse the existing stock of National Government Pending Bills/claim(s) (excluding any bill(s)/ claim(s ) from County Governments.",,extracted_pdf_data.csv,0.5597,False,,Governance,"Ili kupata hitimisho lenye sababu nzuri na kutoa mapendekezo kuhusu miswada/madai haya), Kamati inahitajika kuchunguza na kuchanganua hisa iliyopo ya Miswada/madai Yanayosubiri ya Serikali ya Kitaifa (bila kujumuisha bili/dai/dai) kutoka kwa Serikali za Kaunti.",,,,,
,"CPA JOHN MBADI NG’ONGO, EGH CABINET SECRETARY",,extracted_pdf_data.csv,0.4925,False,,Disaster/Health,"CPA JOHN MBADI NG’ONGO, EGH KATIBU WA BARAZA LA MAWAZIRI",,,,,
,The approved BROP will subsequently be submitted to Parliament.,,extracted_pdf_data.csv,0.542,False,,Governance,BROP iliyoidhinishwa itawasilishwa Bungeni baadaye.,,,,,
,"The outlook reflects economic recovery in China, Euro area and UK, despite a slowdown in activity in the USA and Japan.",,extracted_pdf_data.csv,0.2556,False,,Disaster/Health,"Mtazamo huo unaonyesha kuimarika kwa uchumi nchini China, eneo la Euro na Uingereza, licha ya kudorora kwa shughuli nchini Marekani na Japan.",,,,,
,The Commission on Revenue Allocation; ii.,,extracted_pdf_data.csv,0.4941,False,,Disaster/Health,Tume ya Ugawaji wa Mapato; ii.,,,,,
,PART II—PROCEDURE AND CRITERIA FOR ESTABLISHING A GOVERNMENT OWNED ENTERPRISE 7— Guiding principles for the establishment of Government Owned Enterprises. 8— Procedure for establishment of a Government Owned Enterprise. 9— Attributes of a Government Owned Enterprise.,,extracted_pdf_data.csv,0.5208,False,,Governance,SEHEMU YA PILI—UTARATIBU NA VIGEZO VYA KUANZISHA BIASHARA INAYOMILIKIWA NA SERIKALI 7— Kanuni elekezi za uanzishaji wa Mashirika Yanayomilikiwa na Serikali. 8- Utaratibu wa kuanzishwa kwa Biashara Inayomilikiwa na Serikali. 9- Sifa za Biashara Inayomilikiwa na Serikali.,,,,,
,As such this National Tax Policy identifies and analyses the challenges of the current tax regime and sets out broad policy guidelines to address these challenges thereby forming a basis for tax reforms and review of existing tax legislation.,,extracted_pdf_data.csv,0.5519,False,,Governance,Kwa hivyo Sera hii ya Kitaifa ya Ushuru inabainisha na kuchambua changamoto za mfumo wa sasa wa kodi na kuweka miongozo mipana ya sera ili kutatua changamoto hizi na hivyo kutengeneza msingi wa marekebisho ya kodi na mapitio ya sheria zilizopo za kodi.,,,,,
,"Alternatively, persons may submit written memoranda in hard copies, in the format provided for in the National Treasury website, addressed to the Principal Secretary, National Treasury, P .O.",,extracted_pdf_data.csv,0.5405,False,,Governance,"Vinginevyo, watu wanaweza kuwasilisha memoranda zilizoandikwa katika nakala ngumu, katika muundo uliotolewa katika tovuti ya Hazina ya Kitaifa, iliyotumwa kwa Katibu Mkuu, Hazina ya Kitaifa, P.O.",,,,,
,. @KenyaAirports continues to disinfect and sanitise our airports in the ongoing fight against the spread of #COVID19 #KomeshaCorona,X / Ministry of Health Kenya,moh_x_posts_translated.csv,0.5644,False,,Public Health,,MOH_Kenya,. @KenyaAirports inaendelea kuua na kuvisafisha viwanja vyetu vya ndege katika vita vinavyoendelea dhidi ya kuenea kwa #COVID19 #KomeshaCorona,2020-04-03T08:49:58.000Z,https://x.com/MOH_Kenya/status/1245996956650024960,sanitise
,"We are not yet there, continue washing hands, continue working from home and observing social distance to be able to defeat this monster; Dr. Patrick Amoth, Ag. Director General. #KomeshaCorona update",X / Ministry of Health Kenya,moh_x_posts_translated.csv,0.5398,False,,Public Health,,MOH_Kenya,"Bado hatujafika, endelea kunawa mikono, endelea kufanya kazi kutoka nyumbani na kutazama umbali wa kijamii ili kuweza kumshinda mnyama huyu; Dk. Patrick Amoth, Ag. Mkurugenzi Mkuu. #KomeshaCorona sasisho",2020-04-30T12:57:00.000Z,https://x.com/MOH_Kenya/status/1255843597380919296,social distance
,"The techniques needed to win this war, and which are known to all of us include; maintaining physical distance, hand washing, sanitizing, wearing masks at all times, avoiding crowds by staying at home, & visiting a hospital when one feels unwell. #KomeshaCorona",X / Ministry of Health Kenya,moh_x_posts_translated.csv,0.4579,False,,Public Health,,MOH_Kenya,"Mbinu zinazohitajika kushinda vita hivi, na ambazo zinajulikana kwetu sote ni pamoja na; kudumisha umbali wa kimwili, kunawa mikono, kusafisha, kuvaa barakoa wakati wote, kuepuka mikusanyiko ya watu kwa kukaa nyumbani, na kutembelea hospitali wakati mtu anahisi mgonjwa. #KomeshaCorona",2020-07-04T16:04:09.000Z,https://x.com/MOH_Kenya/status/1279445907252154371,physical distance
,"Pass the message to #KomeshaCorona virus. Focus on hand washing, coughing etiquette, not touching your face, physical distance and staying home if feeling unwell.",X / Ministry of Health Kenya,moh_x_posts_translated.csv,0.5255,False,,Public Health,,MOH_Kenya,"Tuma ujumbe kwa virusi vya #KomeshaCorona. Zingatia kunawa mikono, adabu za kukohoa, kutogusa uso wako, umbali wa kimwili na kukaa nyumbani ikiwa unajisikia vibaya.",2020-04-11T07:30:05.000Z,https://x.com/MOH_Kenya/status/1248875957647282176,physical distance
,Keeping physical distance is paramount in ensuring we #KomeshaCorona with overall behavior change during this pandemic times #KomeshaCorona,X / Ministry of Health Kenya,moh_x_posts_translated.csv,0.5074,False,,Public Health,,MOH_Kenya,Kuweka umbali wa mwili ni jambo la msingi katika kuhakikisha sisi #KomeshaCorona na mabadiliko ya tabia kwa ujumla wakati huu wa janga #KomeshaCorona,2020-04-01T13:05:28.000Z,https://x.com/MOH_Kenya/status/1245336479376846849,physical distance
,"As you stay home to #KomeshaCorona try to add the following anti-viral and immune-boosting herbs and spices to the meals you prepare for yourself and your family: *Chili pepper, oregano , rosemary, or turmeric. *Fresh garlic and ginger.",X / Ministry of Health Kenya,moh_x_posts_translated.csv,0.5935,False,,Public Health,,MOH_Kenya,"Unapokaa nyumbani kwa #KomeshaCorona jaribu kuongeza mimea na viungo vifuatavyo vya kuzuia virusi na kuongeza kinga kwenye milo unayojiandalia wewe na familia yako: *Pilipili Chili, oregano , rosemary, au manjano. *Kitunguu saumu safi na tangawizi.",2020-04-26T12:59:25.000Z,https://x.com/MOH_Kenya/status/1254394652704333824,stay home
,The collective fight against #COVID19 gives hope that we shall overcome. A great future awaits us. Asante @magicalkenya for the inspiration. Let us believe and achieve. Stay home. Slow the spread. Save lives. #KomeshaCorona,X / Ministry of Health Kenya,moh_x_posts_translated.csv,0.4696,False,,Public Health,,MOH_Kenya,Mapambano ya pamoja dhidi ya #COVID19 yanatoa matumaini kwamba tutashinda. Wakati ujao mzuri unatungoja. Asante @magicalkenya kwa msukumo. Tuamini na tufanikiwe. Kaa nyumbani. Punguza kuenea. Okoa maisha. #KomeshaCorona,2020-04-18T07:03:00.000Z,https://x.com/MOH_Kenya/status/1251405856534650880,stay home
,"Every day that you practice social distancing during the pandemic, you’re doing someone else (maybe hundreds or even thousands) a great kindness. So if you can, stay home. It’s the easiest act of heroism you’ll ever do #KomeshaCorona",X / Ministry of Health Kenya,moh_x_posts_translated.csv,0.3733,False,,Public Health,,MOH_Kenya,"Kila siku unapofanya mazoezi ya kutengwa kwa jamii wakati wa janga hili, unamfanyia mtu mwingine (labda mamia au hata maelfu) wema mkubwa. Kwa hivyo ikiwa unaweza, kaa nyumbani. Ni tendo rahisi zaidi la ushujaa utawahi kufanya #KomeshaCorona",2020-03-28T06:18:54.000Z,https://x.com/MOH_Kenya/status/1243784613081812992,stay home
,"@DrMercyHealth .We continue to encourage all parents & guardians to ensure that 10-year-old girls have received two doses of the HPV vaccine and Infants complete their vaccination schedule, receiving two doses of measles rubella vaccine by the time they are 2 years old.",X / Ministry of Health Kenya,moh_x_posts_translated.csv,0.5441,False,,Public Health,,MOH_Kenya,"@DrMercyHealth .Tunaendelea kuwahimiza wazazi na walezi wote kuhakikisha kuwa wasichana wenye umri wa miaka 10 wamepata dozi mbili za chanjo ya HPV na Watoto wachanga wanakamilisha ratiba yao ya chanjo, kupokea dozi mbili za chanjo ya surua hadi kufikia umri wa miaka 2.",2020-08-20T12:57:35.000Z,https://x.com/MOH_Kenya/status/1296431184294092800,vaccination
,"While KEMRI continues to collaborate with Astra-Zeneca and Oxford university in the trials for this vaccine, the Government remains open to other collaborative opportunities.",X / Ministry of Health Kenya,moh_x_posts_translated.csv,0.5038,False,,Public Health,,MOH_Kenya,"Huku KEMRI ikiendelea kushirikiana na Astra-Zeneca na chuo kikuu cha Oxford katika majaribio ya chanjo hii, Serikali inasalia wazi kwa fursa nyingine za ushirikiano.",2020-11-30T14:34:39.000Z,https://x.com/MOH_Kenya/status/1333419176032088069,vaccine
,"The H.E will this afternoon join key world leaders in the Gavi Global Vaccine Summit 2020, hosted by UK Prime Minister, Rt. Hon Boris Johnson.",X / Ministry of Health Kenya,moh_x_posts_translated.csv,0.3731,False,,Public Health,,MOH_Kenya,"The HE ataungana na viongozi wakuu wa dunia leo alasiri katika Mkutano wa kilele wa chanjo ya Gavi Global 2020, ulioandaliwa na Waziri Mkuu wa Uingereza, Rt. Mhe Boris Johnson.",2020-06-04T14:18:41.000Z,https://x.com/MOH_Kenya/status/1268547729137041410,vaccine
,Kenya is one of the few African countries to have introduced the HPV vaccine free of charge into routine immunization schedules. The Vaccine targets girls who are currently 10 years old & subsequently to all girls as they turn 10 years @WHOKenya @UNICEFKenya #STOPCervicalCancer,X / Ministry of Health Kenya,moh_x_posts_translated.csv,0.5756,False,,Public Health,,MOH_Kenya,Kenya ni mojawapo ya nchi chache za Kiafrika ambazo zimeanzisha chanjo ya HPV bila malipo katika ratiba za kawaida za chanjo. Chanjo hiyo inalenga wasichana ambao kwa sasa wana umri wa miaka 10 na kisha wasichana wote wanapofikisha miaka 10 @WHOKenya @UNICEFKenya #STOPCervicalCancer,2020-01-21T13:22:07.000Z,https://x.com/MOH_Kenya/status/1219611129003085824,vaccine
,"@DrMercyHealth A scaling of these joint investments has seen a further expansion of our immunization programs through the introduction of 6 new vaccines in the past decade, all of which are contributing to the reduction of childhood diseases and deaths. #CoronaVirusUpdates",X / Ministry of Health Kenya,moh_x_posts_translated.csv,0.5263,False,,Public Health,,MOH_Kenya,"@DrMercyHealth Kuongezeka kwa uwekezaji huu wa pamoja kumesaidia kupanuka zaidi kwa programu zetu za chanjo kupitia kuanzishwa kwa chanjo 6 mpya katika muongo mmoja uliopita, ambazo zote zinachangia kupunguza magonjwa na vifo vya watoto. Taarifa za #CoronaVirus",2020-08-20T12:51:44.000Z,https://x.com/MOH_Kenya/status/1296429710793224194,immunization
,"The successes of immunization, facilitated by this assistance, have led to tremendous improvement in child survival rates in our country, keeping the promise of a prosperous, and healthy future of our Nation. #KomeshaCorona update.",X / Ministry of Health Kenya,moh_x_posts_translated.csv,0.5377,False,,Public Health,,MOH_Kenya,"Mafanikio ya chanjo, yaliyowezeshwa na msaada huu, yamesababisha uboreshaji mkubwa wa viwango vya maisha ya watoto katika nchi yetu, na kutimiza ahadi ya mustakabali mzuri na wenye afya wa Taifa letu. #KomeshaCorona sasisho.",2020-06-04T14:09:32.000Z,https://x.com/MOH_Kenya/status/1268545423356108803,immunization
,"This year’s awareness week theme is “United to Prevent drug resistance,” & the focus is on changing from ""antibiotics"" to the more encompassing and inclusive term ""antimicrobials.""",X / Ministry of Health Kenya,moh_x_posts_translated.csv,0.4956,False,,Public Health,,MOH_Kenya,"Mandhari ya wiki ya uhamasishaji ya mwaka huu ni ""Kuungana Kuzuia Ukinzani wa dawa,"" na lengo ni kubadilisha kutoka ""antibiotics"" hadi neno linalojumuisha na kujumuisha zaidi ""antimicrobials.""",2020-11-18T12:44:35.000Z,https://x.com/MOH_Kenya/status/1329042820896858113,prevent
,"#COVID19 Myth Vs Fact. Myth Taking a hot bath can prevent the new coronavirus disease. Fact Taking a hot bath will not prevent you from catching #COVID19. Your normal body temperature remains around 36.5 to 37C, regardless of the temperatures of your bath. #KomeshaCorona",X / Ministry of Health Kenya,moh_x_posts_translated.csv,0.5367,False,,Public Health,,MOH_Kenya,"Hadithi za #COVID19 Vs Ukweli. Hadithi Kuoga kwa maji moto kunaweza kuzuia ugonjwa mpya wa coronavirus. Ukweli Kuoga kwa moto hautakuzuia kuambukizwa #COVID19. Joto lako la kawaida la mwili husalia kati ya 36.5 hadi 37C, bila kujali halijoto ya kuoga kwako. #KomeshaCorona",2020-06-06T18:32:11.000Z,https://x.com/MOH_Kenya/status/1269336297161793536,prevent
,Now is the time: The only way to prevent this is physical distancing today. Not tomorrow. Today. #KomeshaCorona,X / Ministry of Health Kenya,moh_x_posts_translated.csv,0.4483,False,,Public Health,,MOH_Kenya,Sasa ni wakati: Njia pekee ya kuzuia hii ni umbali wa mwili leo. Si kesho. Leo. #KomeshaCorona,2020-04-04T20:43:58.000Z,https://x.com/MOH_Kenya/status/1246539026577965056,prevent
,During the day-to-day activities people can take the following measures to prevent infection. #KomeshaCorona,X / Ministry of Health Kenya,moh_x_posts_translated.csv,0.568,False,,Public Health,,MOH_Kenya,Wakati wa shughuli za kila siku watu wanaweza kuchukua hatua zifuatazo kuzuia maambukizi. #KomeshaCorona,2020-04-03T07:53:25.000Z,https://x.com/MOH_Kenya/status/1245982723023519745,prevent
,The CS also met with EU Head of Mission Ambassador Simon Mordue who also paid him.a courtesy call at his office.,X / Ministry of Health Kenya,moh_x_posts_translated.csv,0.4479,False,,Public Health,,MOH_Kenya,Waziri huyo pia alikutana na Mkuu wa Balozi wa Umoja wa Ulaya Simon Mordue ambaye pia alimtembelea ofisini kwake.,2020-11-12T11:32:47.000Z,https://x.com/MOH_Kenya/status/1326850424092188672,call
,"Here are some ideas on how you can continue the joy of Easter celebrations & connectedness in a different way: Try something new – a new recipe or Practice selfcare – read a book, exercise, meditate, or call a friend or relative. #KomeshaCorona",X / Ministry of Health Kenya,moh_x_posts_translated.csv,0.2729,False,,Public Health,,MOH_Kenya,"Haya hapa ni baadhi ya mawazo kuhusu jinsi unavyoweza kuendeleza furaha ya sherehe za Pasaka & muunganisho kwa njia tofauti: Jaribu kitu kipya - kichocheo kipya au Jizoeze kujitunza - soma kitabu, fanya mazoezi, tafakari, au upige simu kwa rafiki au jamaa. #KomeshaCorona",2020-04-10T11:48:43.000Z,https://x.com/MOH_Kenya/status/1248578654520647683,call
,The current threat is set to impact all of us in one form or another and stronger local connections within communities are vital to see this crisis out. That is way we have joined forces with partners to call on people everywhere to take positive action to #KomeshaCorona,X / Ministry of Health Kenya,moh_x_posts_translated.csv,0.538,False,,Public Health,,MOH_Kenya,Tishio la sasa limewekwa kutuathiri sisi sote kwa namna moja au nyingine na miunganisho thabiti ya ndani ndani ya jumuiya ni muhimu ili kumaliza mgogoro huu. Ndio maana tumeunganisha nguvu na washirika kutoa wito kwa watu kila mahali kuchukua hatua chanya kwa #KomeshaCorona,2020-04-05T11:03:40.000Z,https://x.com/MOH_Kenya/status/1246755377984745472,call
,We call upon the youth to employ their energy in fighting the coronavirus disease. They are safer than the older people and the carriers who take it to the older people as has been witnessed in other countries~CS Kagwe #KomeshaCorona,X / Ministry of Health Kenya,moh_x_posts_translated.csv,0.5734,False,,Public Health,,MOH_Kenya,Tunatoa wito kwa vijana kutumia nguvu zao katika kupambana na ugonjwa wa coronavirus. Wao ni salama kuliko wazee na wabebaji wanaoipeleka kwa wazee kama inavyoshuhudiwa katika nchi nyingine~CS Kagwe #KomeshaCorona,2020-04-04T13:37:59.000Z,https://x.com/MOH_Kenya/status/1246431826148810755,call
,"Remember: “If you’re exhibiting symptoms, call 719 and let them know and decide on a course of action #KomeshaCorona",X / Ministry of Health Kenya,moh_x_posts_translated.csv,0.5817,False,,Public Health,,MOH_Kenya,"Kumbuka: ""Ikiwa unaonyesha dalili, piga 719 na uwajulishe na uamue hatua ya kuchukua #KomeshaCorona",2020-03-29T06:27:34.000Z,https://x.com/MOH_Kenya/status/1244149182186864640,call
,"“Make it difficult if not impossible for the police to come into contact with you by just doing the right thing – stay at home. The number 659.59, as our curfew number should be a rallying call for all of us at this time,” CS Kagwe #KomeshaCorona update",X / Ministry of Health Kenya,moh_x_posts_translated.csv,0.4696,False,,Public Health,,MOH_Kenya,"""Fanya iwe vigumu kama haiwezekani kwa polisi kuwasiliana nawe kwa kufanya jambo sahihi - baki nyumbani. Nambari 659.59, kama nambari yetu ya kutotoka nje inapaswa kuwa wito wetu sote kwa wakati huu,"" CS Kagwe #KomeshaCorona sasisho.",2020-03-28T13:37:05.000Z,https://x.com/MOH_Kenya/status/1243894884681031682,call
,@WHOKenya Country Representative Dr. Rudolf Eggers today paid a courtesy call on the Cabinet Secretary for Health Hon. Mutahi Kagwe at Afya House.,X / Ministry of Health Kenya,moh_x_posts_translated.csv,0.54,False,,Public Health,,MOH_Kenya,@WHOKenya Mwakilishi wa Nchi Dkt Rudolf Eggers leo amemtembelea Katibu wa Baraza la Mawaziri wa Afya Mhe. Mutahi Kagwe akiwa Afya House.,2020-03-11T09:53:32.000Z,https://x.com/MOH_Kenya/status/1237678033437327360,call
