English,Domain,Source,SourceFile
Situation & EW Phase Classification Several places in the county received depressed and intermittent for a few days.,Agriculture/Disaster,NDMA Baringo Drought Early Warning Bulletin April 2025,Baringo_DEW_Bulletin_April_202520250516125942.pdf
This triggered further regeneration of pasture and browse and improved recharge of water sources.,Agriculture/Disaster,NDMA Baringo Drought Early Warning Bulletin April 2025,Baringo_DEW_Bulletin_April_202520250516125942.pdf
Most production and utilization indicators were within the normal season range retaining the drought phase classification at normal with improving trends.,Agriculture/Disaster,NDMA Baringo Drought Early Warning Bulletin April 2025,Baringo_DEW_Bulletin_April_202520250516125942.pdf
"Generally, the quantity of rains received on average was near to below normal at the same time of the year.",Agriculture/Disaster,NDMA Baringo Drought Early Warning Bulletin April 2025,Baringo_DEW_Bulletin_April_202520250516125942.pdf
Trekking distances to water points for domestic and livestock remained within seasonal range.,Agriculture/Disaster,NDMA Baringo Drought Early Warning Bulletin April 2025,Baringo_DEW_Bulletin_April_202520250516125942.pdf
Indicators (Impact Indicators) Production indicators Livestock body condition is generally fair across the livelihood zones.,Agriculture/Disaster,NDMA Baringo Drought Early Warning Bulletin April 2025,Baringo_DEW_Bulletin_April_202520250516125942.pdf
Milk production and consumption was above normal.,Agriculture/Disaster,NDMA Baringo Drought Early Warning Bulletin April 2025,Baringo_DEW_Bulletin_April_202520250516125942.pdf
There were no unusual livestock death cases reported.,Agriculture/Disaster,NDMA Baringo Drought Early Warning Bulletin April 2025,Baringo_DEW_Bulletin_April_202520250516125942.pdf
Utilization indicators Prevalence of children aged 12 – 59 months at risk of malnutrition was critical based on mid upper arm circumference.,Agriculture/Disaster,NDMA Baringo Drought Early Warning Bulletin April 2025,Baringo_DEW_Bulletin_April_202520250516125942.pdf
The copping strategy index (CSI) for households was within the normal seasonal range.,Agriculture/Disaster,NDMA Baringo Drought Early Warning Bulletin April 2025,Baringo_DEW_Bulletin_April_202520250516125942.pdf
Majority of households had acceptable and borderline food consumption scores.,Agriculture/Disaster,NDMA Baringo Drought Early Warning Bulletin April 2025,Baringo_DEW_Bulletin_April_202520250516125942.pdf
"Seasonally, April is typically the peak month of the long rains season.",Agriculture/Disaster,NDMA Baringo Drought Early Warning Bulletin April 2025,Baringo_DEW_Bulletin_April_202520250516125942.pdf
which was late by one dekad (10 days period).,Agriculture/Disaster,NDMA Baringo Drought Early Warning Bulletin April 2025,Baringo_DEW_Bulletin_April_202520250516125942.pdf
varied across the livelihood zones.,Agriculture/Disaster,NDMA Baringo Drought Early Warning Bulletin April 2025,Baringo_DEW_Bulletin_April_202520250516125942.pdf
The progression so far for the rains is poor with intermittent pattern.,Agriculture/Disaster,NDMA Baringo Drought Early Warning Bulletin April 2025,Baringo_DEW_Bulletin_April_202520250516125942.pdf
"According to the USGS (United State Geological Survey) data, indicated gradual progression of the rainfall amounts peaking in the middle of the month although reduced towards end of the month.",Agriculture/Disaster,NDMA Baringo Drought Early Warning Bulletin April 2025,Baringo_DEW_Bulletin_April_202520250516125942.pdf
"The amounts are above average for the second dekads only and below average for first and third dekads of the month, however, the amounts are more pronounced in the highlands compared to lowlands.",Agriculture/Disaster,NDMA Baringo Drought Early Warning Bulletin April 2025,Baringo_DEW_Bulletin_April_202520250516125942.pdf
"The rainfall estimates recorded during the month under review were 70 percent below average during the first dekad of April however, the amounts peaked to 585 higher than the long- term average in the second dekad of the month.",Agriculture/Disaster,NDMA Baringo Drought Early Warning Bulletin April 2025,Baringo_DEW_Bulletin_April_202520250516125942.pdf
It again reduced to 82 percent below average during the last 10 days of the month as per USGS satellite driven data (Figure 1).,Agriculture/Disaster,NDMA Baringo Drought Early Warning Bulletin April 2025,Baringo_DEW_Bulletin_April_202520250516125942.pdf
"Meteorological weather review for April 2025 indicated that areas bordering Laikipia County (Mukutani, Mochongoi) and Kisanana) bordering Nakuru County received 126 – 200 percent of the normal rainfall.",Agriculture/Disaster,NDMA Baringo Drought Early Warning Bulletin April 2025,Baringo_DEW_Bulletin_April_202520250516125942.pdf
Other areas of the county recorded varying rainfall amounts ranging between 78 – 125 percent of the normal rainfall (Figure 2) as the Kenya Meteorological climate outlook for May 2025 and Review of April 2025; REF.,Agriculture/Disaster,NDMA Baringo Drought Early Warning Bulletin April 2025,Baringo_DEW_Bulletin_April_202520250516125942.pdf
distribution in terms of time and uneven distribution in terms of space.,Agriculture/Disaster,NDMA Baringo Drought Early Warning Bulletin April 2025,Baringo_DEW_Bulletin_April_202520250516125942.pdf
County is characterized by both bushland and grasslands across the predominant livelihood zones.,Agriculture/Disaster,NDMA Baringo Drought Early Warning Bulletin April 2025,Baringo_DEW_Bulletin_April_202520250516125942.pdf
The rainfall received during the month of April and May 2025 had impacted positively on vegetation across the livelihood zones.,Agriculture/Disaster,NDMA Baringo Drought Early Warning Bulletin April 2025,Baringo_DEW_Bulletin_April_202520250516125942.pdf
It is worth noting that Baringo County is heavily infested with invasive plant species such Prosopis Juliflora particularly in areas surrounding Lake Baringo.,Agriculture/Disaster,NDMA Baringo Drought Early Warning Bulletin April 2025,Baringo_DEW_Bulletin_April_202520250516125942.pdf
These invasive plant species could be indicating higher vegetation greenness which is non palatable to livestock.,Agriculture/Disaster,NDMA Baringo Drought Early Warning Bulletin April 2025,Baringo_DEW_Bulletin_April_202520250516125942.pdf
Satellite derived data shows rapid improvement in vegetation greenness as depicted in normalized difference vegetation index (NDVI) in the figure 3 below.,Agriculture/Disaster,NDMA Baringo Drought Early Warning Bulletin April 2025,Baringo_DEW_Bulletin_April_202520250516125942.pdf
Normalized Difference Vegetation Index (NDVI) for the of March 2025 indicated steady improvement and was above the 2003 – 2022 years average as per the satellite driven imagery (Figure 3).,Agriculture/Disaster,NDMA Baringo Drought Early Warning Bulletin April 2025,Baringo_DEW_Bulletin_April_202520250516125942.pdf
"Pasture and Browse Condition Despite the rainfall received, there was limited vegetation greenness observed in several areas of the county, attributed to poor pasture regeneration.",Agriculture/Disaster,NDMA Baringo Drought Early Warning Bulletin April 2025,Baringo_DEW_Bulletin_April_202520250516125942.pdf
The current conditions are below average.,Agriculture/Disaster,NDMA Baringo Drought Early Warning Bulletin April 2025,Baringo_DEW_Bulletin_April_202520250516125942.pdf
remains in fair condition.,Agriculture/Disaster,NDMA Baringo Drought Early Warning Bulletin April 2025,Baringo_DEW_Bulletin_April_202520250516125942.pdf
"Around 63–78% of key community informants noted that the forage condition was fair, while 33% reported the pasture as poor.",Agriculture/Disaster,NDMA Baringo Drought Early Warning Bulletin April 2025,Baringo_DEW_Bulletin_April_202520250516125942.pdf
Only 4% and 15% of informants said that the pasture and browse were in good condition (Figure 4).,Agriculture/Disaster,NDMA Baringo Drought Early Warning Bulletin April 2025,Baringo_DEW_Bulletin_April_202520250516125942.pdf
Majority of households relied on open surface water sources for the month of March and April 2025.,Agriculture/Disaster,NDMA Baringo Drought Early Warning Bulletin April 2025,Baringo_DEW_Bulletin_April_202520250516125942.pdf
This is due to commencement of the long rains season that has so far been characterized intermittent and depressed storms.,Agriculture/Disaster,NDMA Baringo Drought Early Warning Bulletin April 2025,Baringo_DEW_Bulletin_April_202520250516125942.pdf
"During the month under review, households mainly depend on rivers, traditional water wells, and water pans for their domestic and livestock water needs.",Agriculture/Disaster,NDMA Baringo Drought Early Warning Bulletin April 2025,Baringo_DEW_Bulletin_April_202520250516125942.pdf
Some slight recharge was observed in open water sources in a few areas.,Agriculture/Disaster,NDMA Baringo Drought Early Warning Bulletin April 2025,Baringo_DEW_Bulletin_April_202520250516125942.pdf
"However, water turbidity was high due to surface runoff caused by soil erosion.",Agriculture/Disaster,NDMA Baringo Drought Early Warning Bulletin April 2025,Baringo_DEW_Bulletin_April_202520250516125942.pdf
"The proportion of households accessing water from rivers and traditional river wells increased to 25% and 28%, respectively, up from 21% and 25% recorded in March 2025.",Agriculture/Disaster,NDMA Baringo Drought Early Warning Bulletin April 2025,Baringo_DEW_Bulletin_April_202520250516125942.pdf
"Meanwhile, the proportion of households relying on pans and dams slightly decreased to 20% from 21% in the previous month.",Agriculture/Disaster,NDMA Baringo Drought Early Warning Bulletin April 2025,Baringo_DEW_Bulletin_April_202520250516125942.pdf
The use of other water sources remained relatively consistent with the figures recorded in the prior month (Figure 5).,Agriculture/Disaster,NDMA Baringo Drought Early Warning Bulletin April 2025,Baringo_DEW_Bulletin_April_202520250516125942.pdf
"In the reported month, the average household trekking distance was 3.6 km, reflecting a 10% decrease compared to the previous month.",Agriculture/Disaster,NDMA Baringo Drought Early Warning Bulletin April 2025,Baringo_DEW_Bulletin_April_202520250516125942.pdf
This distance is 20% below the long-term average.,Agriculture/Disaster,NDMA Baringo Drought Early Warning Bulletin April 2025,Baringo_DEW_Bulletin_April_202520250516125942.pdf
"Pastoral zone walked 3.3 km, and households in the Irrigated Cropping zone trekked only 1 km.",Agriculture/Disaster,NDMA Baringo Drought Early Warning Bulletin April 2025,Baringo_DEW_Bulletin_April_202520250516125942.pdf
"Water consumption at the household level remained low, ranging from 5 to 10 liters per person per day, which is significantly below the recommended SPHERE standards.",Agriculture/Disaster,NDMA Baringo Drought Early Warning Bulletin April 2025,Baringo_DEW_Bulletin_April_202520250516125942.pdf
"The average trekking distance for livestock from grazing areas to watering points was 5.4 km, which represents a slight decrease from the 5.7 km reported in February 2025.",Agriculture/Disaster,NDMA Baringo Drought Early Warning Bulletin April 2025,Baringo_DEW_Bulletin_April_202520250516125942.pdf
"sites, reaching up to 10 km to 8 km.",Agriculture/Disaster,NDMA Baringo Drought Early Warning Bulletin April 2025,Baringo_DEW_Bulletin_April_202520250516125942.pdf
distance is 32% lower (Figure 7).,Agriculture/Disaster,NDMA Baringo Drought Early Warning Bulletin April 2025,Baringo_DEW_Bulletin_April_202520250516125942.pdf
"rainfall expected to peak in May 2025, there is a likelihood of further forage rejuvenation and increased recharge of water sources.",Agriculture/Disaster,NDMA Baringo Drought Early Warning Bulletin April 2025,Baringo_DEW_Bulletin_April_202520250516125942.pdf
This is expected to further reduce the trekking distances between grazing fields and watering points.,Agriculture/Disaster,NDMA Baringo Drought Early Warning Bulletin April 2025,Baringo_DEW_Bulletin_April_202520250516125942.pdf
Body condition scoring (BCS) for cattle enables producers to evaluate the fat reserves of cows at different stages of production.,Agriculture/Disaster,NDMA Baringo Drought Early Warning Bulletin April 2025,Baringo_DEW_Bulletin_April_202520250516125942.pdf
"Most livestock owners (59%) indicated that their animals had a moderate body condition, neither fat nor thin this was an improvement as compared to 50% the previous month.",Agriculture/Disaster,NDMA Baringo Drought Early Warning Bulletin April 2025,Baringo_DEW_Bulletin_April_202520250516125942.pdf
"Meanwhile, 19% reported that their livestock displayed borderline conditions, with the fore ribs not visible but the 12th and 13th ribs visible a reduction in comparison to 37.5% previously.",Agriculture/Disaster,NDMA Baringo Drought Early Warning Bulletin April 2025,Baringo_DEW_Bulletin_April_202520250516125942.pdf
"Furthermore 22% noted that their livestock had a good, smooth appearance in terms of body condition.",Agriculture/Disaster,NDMA Baringo Drought Early Warning Bulletin April 2025,Baringo_DEW_Bulletin_April_202520250516125942.pdf
There was no livestock disease outbreak reported within the county.,Agriculture/Disaster,NDMA Baringo Drought Early Warning Bulletin April 2025,Baringo_DEW_Bulletin_April_202520250516125942.pdf
"However, livestock disease surveillance reports indicated existence of endemic cases of diseases such as Peste des petits ruminants (PPR), Contagious caprine pleuropneumonia (CCPP) were reported across the livelihood zones.",Agriculture/Disaster,NDMA Baringo Drought Early Warning Bulletin April 2025,Baringo_DEW_Bulletin_April_202520250516125942.pdf
No unusual livestock deaths were experienced within the period under review.,Agriculture/Disaster,NDMA Baringo Drought Early Warning Bulletin April 2025,Baringo_DEW_Bulletin_April_202520250516125942.pdf
average of 1.9 liters of milk per day.,Agriculture/Disaster,NDMA Baringo Drought Early Warning Bulletin April 2025,Baringo_DEW_Bulletin_April_202520250516125942.pdf
This marks a 27% increase compared to the previous month's average of around 1.5 liters per household per day.,Agriculture/Disaster,NDMA Baringo Drought Early Warning Bulletin April 2025,Baringo_DEW_Bulletin_April_202520250516125942.pdf
the remainder given to children under five years old.,Agriculture/Disaster,NDMA Baringo Drought Early Warning Bulletin April 2025,Baringo_DEW_Bulletin_April_202520250516125942.pdf
"Compared to the long-term average, the current daily milk production of 1.5 liters per household is 64% higher than the typical amount for this time of year (Figure 8).",Agriculture/Disaster,NDMA Baringo Drought Early Warning Bulletin April 2025,Baringo_DEW_Bulletin_April_202520250516125942.pdf
"During the month the crops in the Irrigated, mixed, Marginal mixed, and Agro pastoral livelihood zones are at knee high, and others are at weeding stage.",Agriculture/Disaster,NDMA Baringo Drought Early Warning Bulletin April 2025,Baringo_DEW_Bulletin_April_202520250516125942.pdf
"However, a few farmers are still planting their farms across the livelihood zones.",Agriculture/Disaster,NDMA Baringo Drought Early Warning Bulletin April 2025,Baringo_DEW_Bulletin_April_202520250516125942.pdf
4.0.0 MARKET PERFORMANCE 4.1.0 Livestock Marketing 4.1.1 Cattle Prices.,Agriculture/Disaster,NDMA Baringo Drought Early Warning Bulletin April 2025,Baringo_DEW_Bulletin_April_202520250516125942.pdf
Cattle selling prices have been slowly declining however it stabilizes compared to last month average price.,Agriculture/Disaster,NDMA Baringo Drought Early Warning Bulletin April 2025,Baringo_DEW_Bulletin_April_202520250516125942.pdf
The decline is attributed to low presence of external traders in main markets due to imperfect market operations coupled with road banditry.,Agriculture/Disaster,NDMA Baringo Drought Early Warning Bulletin April 2025,Baringo_DEW_Bulletin_April_202520250516125942.pdf
"observed, attributed to better nutrition from regenerating rangeland resources.",Agriculture/Disaster,NDMA Baringo Drought Early Warning Bulletin April 2025,Baringo_DEW_Bulletin_April_202520250516125942.pdf
"Currently, the average live weight retail price for a 3–4- year-old heifer or bull stands at Ksh 23,981, reflecting a two percent increase from the previous month's average of Ksh 23,489.",Agriculture/Disaster,NDMA Baringo Drought Early Warning Bulletin April 2025,Baringo_DEW_Bulletin_April_202520250516125942.pdf
"Markets such as Marigat, Loruk, Sibilio, and Kokwatoto reported higher prices, ranging between Ksh 30,000 and Ksh 35,000 for healthy, medium-sized cattle.",Agriculture/Disaster,NDMA Baringo Drought Early Warning Bulletin April 2025,Baringo_DEW_Bulletin_April_202520250516125942.pdf
"In contrast, markets like Kamurio, Nginyang, Chepngeret, and Ngoron recorded lower prices, averaging between Ksh 10,500 and Ksh 17,000, largely due to insecurity or their inaccessibility to external traders.",Agriculture/Disaster,NDMA Baringo Drought Early Warning Bulletin April 2025,Baringo_DEW_Bulletin_April_202520250516125942.pdf
"Despite the decrease, the retail prices compared to the three-year short-term average, is 64 percent higher for the same time of year. (Figure 9).",Agriculture/Disaster,NDMA Baringo Drought Early Warning Bulletin April 2025,Baringo_DEW_Bulletin_April_202520250516125942.pdf
"Unlike cattle prices, goat prices recorded a slight decrease compared to the previous month's average.",Agriculture/Disaster,NDMA Baringo Drought Early Warning Bulletin April 2025,Baringo_DEW_Bulletin_April_202520250516125942.pdf
"The current average retail price stands at Ksh 4,489, down from Ksh 4,604 recorded last month.",Agriculture/Disaster,NDMA Baringo Drought Early Warning Bulletin April 2025,Baringo_DEW_Bulletin_April_202520250516125942.pdf
numbers were limited due to households preferring to sell them at a younger age to meet basic needs.,Agriculture/Disaster,NDMA Baringo Drought Early Warning Bulletin April 2025,Baringo_DEW_Bulletin_April_202520250516125942.pdf
"Compared to the short-term three-year average, the current goat price is 48 percent higher for the same period. (Figure 10).",Agriculture/Disaster,NDMA Baringo Drought Early Warning Bulletin April 2025,Baringo_DEW_Bulletin_April_202520250516125942.pdf
"Maize market prices have continued to rise gradually, impacting the cost of maize flour, a staple food for many households in the county.",Agriculture/Disaster,NDMA Baringo Drought Early Warning Bulletin April 2025,Baringo_DEW_Bulletin_April_202520250516125942.pdf
kilogram retailed at Ksh 90.,Agriculture/Disaster,NDMA Baringo Drought Early Warning Bulletin April 2025,Baringo_DEW_Bulletin_April_202520250516125942.pdf
"varying prices, ranging from Ksh 50 to Ksh 75 per kilogram.",Agriculture/Disaster,NDMA Baringo Drought Early Warning Bulletin April 2025,Baringo_DEW_Bulletin_April_202520250516125942.pdf
"2024), the current maize price remains five percent lower for this time of year.",Agriculture/Disaster,NDMA Baringo Drought Early Warning Bulletin April 2025,Baringo_DEW_Bulletin_April_202520250516125942.pdf
"Prices are expected to continue rising as household stocks diminish until the next harvest season, anticipated around August 2025.",Agriculture/Disaster,NDMA Baringo Drought Early Warning Bulletin April 2025,Baringo_DEW_Bulletin_April_202520250516125942.pdf
"The average price of beans remained relatively stable, recorded at Ksh 176.7 per kilogram compared to Ksh 175.6 the previous month.",Agriculture/Disaster,NDMA Baringo Drought Early Warning Bulletin April 2025,Baringo_DEW_Bulletin_April_202520250516125942.pdf
"Most sampled markets reported prices ranging between Ksh 180 and Ksh 200 per kilogram, while Marigat had the lowest price at Ksh 140 per kilogram.",Agriculture/Disaster,NDMA Baringo Drought Early Warning Bulletin April 2025,Baringo_DEW_Bulletin_April_202520250516125942.pdf
"average (STA), the current price is 10 percent higher than the three-year average for the same period (Figure 13).",Agriculture/Disaster,NDMA Baringo Drought Early Warning Bulletin April 2025,Baringo_DEW_Bulletin_April_202520250516125942.pdf
"3 Terms of Trade Households in pastoral and parts of Agro-pastoral livelihood zones primarily rely on livestock sales, especially goats, to meet basic needs such as food, clothing, and school fees.",Agriculture/Disaster,NDMA Baringo Drought Early Warning Bulletin April 2025,Baringo_DEW_Bulletin_April_202520250516125942.pdf
"Goat-to-maize terms of trade remained above average, supported by strong goat prices in local markets.",Agriculture/Disaster,NDMA Baringo Drought Early Warning Bulletin April 2025,Baringo_DEW_Bulletin_April_202520250516125942.pdf
The income obtained by selling one goat could purchase approximately 66 kilograms of maize in the market.,Agriculture/Disaster,NDMA Baringo Drought Early Warning Bulletin April 2025,Baringo_DEW_Bulletin_April_202520250516125942.pdf
"This favorable exchange rate benefits pastoral households, as it ensures that selling a single goat can significantly support their food needs, assuming all proceeds are spent on maize.",Agriculture/Disaster,NDMA Baringo Drought Early Warning Bulletin April 2025,Baringo_DEW_Bulletin_April_202520250516125942.pdf
"kilograms due to lower maize prices; agro-pastoral households averaged 66 kilograms, while pastoral households averaged 63 kilograms.",Agriculture/Disaster,NDMA Baringo Drought Early Warning Bulletin April 2025,Baringo_DEW_Bulletin_April_202520250516125942.pdf
"condition of livestock and the ongoing calving of cows, camels, and kidding of goats.",Agriculture/Disaster,NDMA Baringo Drought Early Warning Bulletin April 2025,Baringo_DEW_Bulletin_April_202520250516125942.pdf
"Overall, the reported average was 60% higher than the long-term seasonal average.as shown (Figure 15).",Agriculture/Disaster,NDMA Baringo Drought Early Warning Bulletin April 2025,Baringo_DEW_Bulletin_April_202520250516125942.pdf
"Programme’s Vulnerability Analysis & Mapping defines the Food Consumption Score (FCS) as a composite measure that reflects dietary diversity, food frequency, and the nutritional value of various food groups, based on a seven-day recall of household food consumption.",Agriculture/Disaster,NDMA Baringo Drought Early Warning Bulletin April 2025,Baringo_DEW_Bulletin_April_202520250516125942.pdf
"Overall, most households recorded either borderline or acceptable food consumption patterns.",Agriculture/Disaster,NDMA Baringo Drought Early Warning Bulletin April 2025,Baringo_DEW_Bulletin_April_202520250516125942.pdf
"Borderline consumption, characterized by daily intake of staples and vegetables with occasional consumption of oil and pulses, was observed in 54.3% of households.",Agriculture/Disaster,NDMA Baringo Drought Early Warning Bulletin April 2025,Baringo_DEW_Bulletin_April_202520250516125942.pdf
"Meanwhile, 39.4% of households exhibited acceptable consumption, which includes daily staples and vegetables along with regular intake of meat or dairy products.",Agriculture/Disaster,NDMA Baringo Drought Early Warning Bulletin April 2025,Baringo_DEW_Bulletin_April_202520250516125942.pdf
"Pastoral livelihood zones, approximately 7.1% of households had poor food consumption, meaning they relied primarily on staples and vegetables with little to no access to protein-rich foods like meat and dairy.",Agriculture/Disaster,NDMA Baringo Drought Early Warning Bulletin April 2025,Baringo_DEW_Bulletin_April_202520250516125942.pdf
"with access to variety of protein rich food such as eggs, milk and fish from Lake Baringo.",Agriculture/Disaster,NDMA Baringo Drought Early Warning Bulletin April 2025,Baringo_DEW_Bulletin_April_202520250516125942.pdf
"related stresses, and limited access to essential services.",Agriculture/Disaster,NDMA Baringo Drought Early Warning Bulletin April 2025,Baringo_DEW_Bulletin_April_202520250516125942.pdf
were particularly noted in the Pastoral and Agro-Pastoral livelihood zones.,Agriculture/Disaster,NDMA Baringo Drought Early Warning Bulletin April 2025,Baringo_DEW_Bulletin_April_202520250516125942.pdf
"Circumference (MUAC), stood at 22.6% in April.",Agriculture/Disaster,NDMA Baringo Drought Early Warning Bulletin April 2025,Baringo_DEW_Bulletin_April_202520250516125942.pdf
"Most households in Pastoral and Agro-Pastoral areas reported consuming only 1–2 meals per day, which falls short of the recommended 3–4 meals.",Agriculture/Disaster,NDMA Baringo Drought Early Warning Bulletin April 2025,Baringo_DEW_Bulletin_April_202520250516125942.pdf
"Hotspot areas for malnutrition included Akoret, Komolion, Ribko, and Orus, all within pastoral zones.",Agriculture/Disaster,NDMA Baringo Drought Early Warning Bulletin April 2025,Baringo_DEW_Bulletin_April_202520250516125942.pdf
The current proportion of children at risk is 53% higher than the long-term average for the same period. (Figure 16).,Agriculture/Disaster,NDMA Baringo Drought Early Warning Bulletin April 2025,Baringo_DEW_Bulletin_April_202520250516125942.pdf
No human diseases outbreak that was reported during the period under review.,Agriculture/Disaster,NDMA Baringo Drought Early Warning Bulletin April 2025,Baringo_DEW_Bulletin_April_202520250516125942.pdf
"There were reports that children have suffered illness which are either diarrhea, fever with difficulty in breathing or fever with chills like malaria.",Agriculture/Disaster,NDMA Baringo Drought Early Warning Bulletin April 2025,Baringo_DEW_Bulletin_April_202520250516125942.pdf
4 Coping Strategies 5.4.1 Coping Strategy Index Households facing acute food shortages adopted various coping strategies to meet their immediate food needs.,Agriculture/Disaster,NDMA Baringo Drought Early Warning Bulletin April 2025,Baringo_DEW_Bulletin_April_202520250516125942.pdf
Common approaches included relying on less preferred or cheaper foods and cutting back on non-food expenditures.,Agriculture/Disaster,NDMA Baringo Drought Early Warning Bulletin April 2025,Baringo_DEW_Bulletin_April_202520250516125942.pdf
"A small number of households, especially those near urban centers, turned to charcoal burning as a way to cope.",Agriculture/Disaster,NDMA Baringo Drought Early Warning Bulletin April 2025,Baringo_DEW_Bulletin_April_202520250516125942.pdf
"The Coping Strategy Index (CSI), which measures how often households resort to harmful strategies when they lack sufficient food or money, recorded a mean score of 12.11 in April — a slight decrease from 13.16 in March 2025.",Agriculture/Disaster,NDMA Baringo Drought Early Warning Bulletin April 2025,Baringo_DEW_Bulletin_April_202520250516125942.pdf
"Overall, 53.3% of households engaged in stress-level coping strategies such as borrowing money or using up their savings.",Agriculture/Disaster,NDMA Baringo Drought Early Warning Bulletin April 2025,Baringo_DEW_Bulletin_April_202520250516125942.pdf
"Another 30.7% adopted crisis-level strategies, like selling productive assets, while 15.9% reported not employing any food-related coping measures.",Agriculture/Disaster,NDMA Baringo Drought Early Warning Bulletin April 2025,Baringo_DEW_Bulletin_April_202520250516125942.pdf
"CSI scores varied by livelihood zone, averaging 15.1 in Pastoral areas, 9.8 in Agro-Pastoral zones, and 3 in Irrigated Cropping zones. (Figure 18).",Agriculture/Disaster,NDMA Baringo Drought Early Warning Bulletin April 2025,Baringo_DEW_Bulletin_April_202520250516125942.pdf
distribution of specialized nutrition commodities7.6MT- RUSF.,Agriculture/Disaster,NDMA Baringo Drought Early Warning Bulletin April 2025,Baringo_DEW_Bulletin_April_202520250516125942.pdf
Road banditry has been rampant along the Marigat to Chemolingot road.,Agriculture/Disaster,NDMA Baringo Drought Early Warning Bulletin April 2025,Baringo_DEW_Bulletin_April_202520250516125942.pdf
vehicles were attacked claiming human lives and several injuries.,Agriculture/Disaster,NDMA Baringo Drought Early Warning Bulletin April 2025,Baringo_DEW_Bulletin_April_202520250516125942.pdf
The incidences had negative impact to Nginyang Market operations which is the key market for livestock and food stuffs in the Pastoral livelihood zone.,Agriculture/Disaster,NDMA Baringo Drought Early Warning Bulletin April 2025,Baringo_DEW_Bulletin_April_202520250516125942.pdf
"Banditry makes it dangerous for traders and transporters to travel, leading to delays, reduced supplies, and higher prices for goods.",Agriculture/Disaster,NDMA Baringo Drought Early Warning Bulletin April 2025,Baringo_DEW_Bulletin_April_202520250516125942.pdf
"April 2025 rainfall outlook shows that counties within the Lake Victoria Basin (Siaya, Kisumu, Homa Bay, Migori, Busia, Highlands West of the Rift Valley (Bungoma, Kisii, Nyamira, Bomet, Nandi, Kakamega, Vihiga, West Pokot, Elgeyo Marakwet, Trans Nzoia and Uasin Gishu), Central and South Rift Valley (Baringo, Nakuru, Narok and Western parts of Laikipia County): The total amounts of rainfall expected are likely to be near to above average.",Agriculture/Disaster,NDMA Baringo Drought Early Warning Bulletin April 2025,Baringo_DEW_Bulletin_April_202520250516125942.pdf
Occasional storms are also likely to be experienced.,Agriculture/Disaster,NDMA Baringo Drought Early Warning Bulletin April 2025,Baringo_DEW_Bulletin_April_202520250516125942.pdf
activities through the month of May 2025.,Agriculture/Disaster,NDMA Baringo Drought Early Warning Bulletin April 2025,Baringo_DEW_Bulletin_April_202520250516125942.pdf
above average rainfall in the month of May 2025.,Agriculture/Disaster,NDMA Baringo Drought Early Warning Bulletin April 2025,Baringo_DEW_Bulletin_April_202520250516125942.pdf
and central during the peak of the rains.,Agriculture/Disaster,NDMA Baringo Drought Early Warning Bulletin April 2025,Baringo_DEW_Bulletin_April_202520250516125942.pdf
trigger more Agricultural labor-based activities in the irrigated farms.,Agriculture/Disaster,NDMA Baringo Drought Early Warning Bulletin April 2025,Baringo_DEW_Bulletin_April_202520250516125942.pdf
markets for food through end of June 2025.,Agriculture/Disaster,NDMA Baringo Drought Early Warning Bulletin April 2025,Baringo_DEW_Bulletin_April_202520250516125942.pdf
8.0 RECOMMENDATIONS 8.1.0 Proposed Recommendations 8.1.1.,Agriculture/Disaster,NDMA Baringo Drought Early Warning Bulletin April 2025,Baringo_DEW_Bulletin_April_202520250516125942.pdf
harvesting and storage techniques.,Agriculture/Disaster,NDMA Baringo Drought Early Warning Bulletin April 2025,Baringo_DEW_Bulletin_April_202520250516125942.pdf
"such as rivers, Lake and dams.",Agriculture/Disaster,NDMA Baringo Drought Early Warning Bulletin April 2025,Baringo_DEW_Bulletin_April_202520250516125942.pdf
"malnutrition, including inpatient and outpatient care.",Agriculture/Disaster,NDMA Baringo Drought Early Warning Bulletin April 2025,Baringo_DEW_Bulletin_April_202520250516125942.pdf
"women, for malnutrition using anthropometric measurements and intensifying support for integrated medical outreaches in hotspot areas.",Agriculture/Disaster,NDMA Baringo Drought Early Warning Bulletin April 2025,Baringo_DEW_Bulletin_April_202520250516125942.pdf
Promote community rangeland management practices in terms of pasture conservation through rotational/deferred grazing systems.,Agriculture/Disaster,NDMA Baringo Drought Early Warning Bulletin April 2025,Baringo_DEW_Bulletin_April_202520250516125942.pdf
Support farmers with extension services across the crop growing zones.,Agriculture/Disaster,NDMA Baringo Drought Early Warning Bulletin April 2025,Baringo_DEW_Bulletin_April_202520250516125942.pdf
Baringo and those in landslide high risk areas.,Agriculture/Disaster,NDMA Baringo Drought Early Warning Bulletin April 2025,Baringo_DEW_Bulletin_April_202520250516125942.pdf
Situation & EW Phase Classification Biophysical Indicators Rainfall The county received insignificant rainfall during the month of November.,Agriculture/Disaster,NDMA Mandera Drought Early Warning Bulletin November 2025,Mandera_DEW_Bulletin_November_202520251219081652.pdf
⚫ The vegetation condition Index (VCI-3Month) recorded during the month under review was 28.64 compared 34 of the previous month.,Agriculture/Disaster,NDMA Mandera Drought Early Warning Bulletin November 2025,Mandera_DEW_Bulletin_November_202520251219081652.pdf
⚫ The VCI indicated severe vegetation deficit across the County.,Agriculture/Disaster,NDMA Mandera Drought Early Warning Bulletin November 2025,Mandera_DEW_Bulletin_November_202520251219081652.pdf
⚫ Forage condition was poor in all livelihood zones.,Agriculture/Disaster,NDMA Mandera Drought Early Warning Bulletin November 2025,Mandera_DEW_Bulletin_November_202520251219081652.pdf
Socio-Economic Indicators (Impact Indicators) Production Indicators Livestock body condition was poor.,Agriculture/Disaster,NDMA Mandera Drought Early Warning Bulletin November 2025,Mandera_DEW_Bulletin_November_202520251219081652.pdf
Livestock diseases were reported.,Agriculture/Disaster,NDMA Mandera Drought Early Warning Bulletin November 2025,Mandera_DEW_Bulletin_November_202520251219081652.pdf
Milk production was below normal ranges.,Agriculture/Disaster,NDMA Mandera Drought Early Warning Bulletin November 2025,Mandera_DEW_Bulletin_November_202520251219081652.pdf
Terms of trade were below normal ranges.,Agriculture/Disaster,NDMA Mandera Drought Early Warning Bulletin November 2025,Mandera_DEW_Bulletin_November_202520251219081652.pdf
Household water distances were below normal.,Agriculture/Disaster,NDMA Mandera Drought Early Warning Bulletin November 2025,Mandera_DEW_Bulletin_November_202520251219081652.pdf
Livestock watering distance were above the normal ranges.,Agriculture/Disaster,NDMA Mandera Drought Early Warning Bulletin November 2025,Mandera_DEW_Bulletin_November_202520251219081652.pdf
Water consumption was below the normal range.,Agriculture/Disaster,NDMA Mandera Drought Early Warning Bulletin November 2025,Mandera_DEW_Bulletin_November_202520251219081652.pdf
Malnutrition cases are on upsurge compared to the normal ranges.,Agriculture/Disaster,NDMA Mandera Drought Early Warning Bulletin November 2025,Mandera_DEW_Bulletin_November_202520251219081652.pdf
Strategy was above normal ranges.,Agriculture/Disaster,NDMA Mandera Drought Early Warning Bulletin November 2025,Mandera_DEW_Bulletin_November_202520251219081652.pdf
Households with acceptable food consumption category recorded below the normal range.,Agriculture/Disaster,NDMA Mandera Drought Early Warning Bulletin November 2025,Mandera_DEW_Bulletin_November_202520251219081652.pdf
Households within the borderline have decreased.,Agriculture/Disaster,NDMA Mandera Drought Early Warning Bulletin November 2025,Mandera_DEW_Bulletin_November_202520251219081652.pdf
Households within the poor category have increased.,Agriculture/Disaster,NDMA Mandera Drought Early Warning Bulletin November 2025,Mandera_DEW_Bulletin_November_202520251219081652.pdf
And acceptable also decreased.,Agriculture/Disaster,NDMA Mandera Drought Early Warning Bulletin November 2025,Mandera_DEW_Bulletin_November_202520251219081652.pdf
Kiliwaheri sub-counties with very little impact on livestock and crop production.,Agriculture/Disaster,NDMA Mandera Drought Early Warning Bulletin November 2025,Mandera_DEW_Bulletin_November_202520251219081652.pdf
"term average of 52.7 mm, as shown in Figure 1.",Agriculture/Disaster,NDMA Mandera Drought Early Warning Bulletin November 2025,Mandera_DEW_Bulletin_November_202520251219081652.pdf
to concentrated livestock migration into those areas.,Agriculture/Disaster,NDMA Mandera Drought Early Warning Bulletin November 2025,Mandera_DEW_Bulletin_November_202520251219081652.pdf
vegetation health and density.,Agriculture/Disaster,NDMA Mandera Drought Early Warning Bulletin November 2025,Mandera_DEW_Bulletin_November_202520251219081652.pdf
indicating sparse and below- normal vegetation conditions.,Agriculture/Disaster,NDMA Mandera Drought Early Warning Bulletin November 2025,Mandera_DEW_Bulletin_November_202520251219081652.pdf
rainfall and drought episodes.,Agriculture/Disaster,NDMA Mandera Drought Early Warning Bulletin November 2025,Mandera_DEW_Bulletin_November_202520251219081652.pdf
as shown in the map in figure 3.,Agriculture/Disaster,NDMA Mandera Drought Early Warning Bulletin November 2025,Mandera_DEW_Bulletin_November_202520251219081652.pdf
communities have long relied on seasonal rains to sustain their livestock.,Agriculture/Disaster,NDMA Mandera Drought Early Warning Bulletin November 2025,Mandera_DEW_Bulletin_November_202520251219081652.pdf
"areas that received little rainfall, signaling a deepening crisis for livestock-dependent families.",Agriculture/Disaster,NDMA Mandera Drought Early Warning Bulletin November 2025,Mandera_DEW_Bulletin_November_202520251219081652.pdf
"increased livestock deaths, lower milk production, and falling market prices for weak and underfed animals.",Agriculture/Disaster,NDMA Mandera Drought Early Warning Bulletin November 2025,Mandera_DEW_Bulletin_November_202520251219081652.pdf
with dwindling incomes and few options.,Agriculture/Disaster,NDMA Mandera Drought Early Warning Bulletin November 2025,Mandera_DEW_Bulletin_November_202520251219081652.pdf
out their herds completely.,Agriculture/Disaster,NDMA Mandera Drought Early Warning Bulletin November 2025,Mandera_DEW_Bulletin_November_202520251219081652.pdf
"management, water harvesting techniques, and drought-resistant fodder programs, many families may be forced to abandon their traditional way of life altogether.",Agriculture/Disaster,NDMA Mandera Drought Early Warning Bulletin November 2025,Mandera_DEW_Bulletin_November_202520251219081652.pdf
limited number of water sources to meet both domestic and livestock needs.,Agriculture/Disaster,NDMA Mandera Drought Early Warning Bulletin November 2025,Mandera_DEW_Bulletin_November_202520251219081652.pdf
cent of total water use across all livelihood zones.,Agriculture/Disaster,NDMA Mandera Drought Early Warning Bulletin November 2025,Mandera_DEW_Bulletin_November_202520251219081652.pdf
population during the drought period.,Agriculture/Disaster,NDMA Mandera Drought Early Warning Bulletin November 2025,Mandera_DEW_Bulletin_November_202520251219081652.pdf
"overstretched, resulting in frequent breakdowns.",Agriculture/Disaster,NDMA Mandera Drought Early Warning Bulletin November 2025,Mandera_DEW_Bulletin_November_202520251219081652.pdf
"affected, with over 186 centers relying on water trucking as their main source of water.",Agriculture/Disaster,NDMA Mandera Drought Early Warning Bulletin November 2025,Mandera_DEW_Bulletin_November_202520251219081652.pdf
These available water bowsers cannot adequately serve the ever-increasing number of water trucking sites.,Agriculture/Disaster,NDMA Mandera Drought Early Warning Bulletin November 2025,Mandera_DEW_Bulletin_November_202520251219081652.pdf
"Therefore, the county is currently facing acute water shortages which calls for immediate intervention to avert the situation.",Agriculture/Disaster,NDMA Mandera Drought Early Warning Bulletin November 2025,Mandera_DEW_Bulletin_November_202520251219081652.pdf
boreholes and shallow wells.,Agriculture/Disaster,NDMA Mandera Drought Early Warning Bulletin November 2025,Mandera_DEW_Bulletin_November_202520251219081652.pdf
"irrigated livelihood zones trekked approximately 10 km, 8 km, and 6 km, respectively, to access water.",Agriculture/Disaster,NDMA Mandera Drought Early Warning Bulletin November 2025,Mandera_DEW_Bulletin_November_202520251219081652.pdf
distance is at par with normal short-term averages as shown in the figure above.,Agriculture/Disaster,NDMA Mandera Drought Early Warning Bulletin November 2025,Mandera_DEW_Bulletin_November_202520251219081652.pdf
"Water consumption was estimated at 7–10 litres, varying according to the type and reliability of the water source accessed.",Agriculture/Disaster,NDMA Mandera Drought Early Warning Bulletin November 2025,Mandera_DEW_Bulletin_November_202520251219081652.pdf
"the month of November as compared to month of October that recorded 16.4km, indicating a notable rise.",Agriculture/Disaster,NDMA Mandera Drought Early Warning Bulletin November 2025,Mandera_DEW_Bulletin_November_202520251219081652.pdf
"providing ample forage expected to last for the next few months, the increased trekking distance suggests other influencing factors at play.",Agriculture/Disaster,NDMA Mandera Drought Early Warning Bulletin November 2025,Mandera_DEW_Bulletin_November_202520251219081652.pdf
up or became less accessible due to environmental changes or human activities.,Agriculture/Disaster,NDMA Mandera Drought Early Warning Bulletin November 2025,Mandera_DEW_Bulletin_November_202520251219081652.pdf
"competition for water resources among different livestock herds or wildlife, forcing the animals to travel further to find less crowded or unexploited water sources.",Agriculture/Disaster,NDMA Mandera Drought Early Warning Bulletin November 2025,Mandera_DEW_Bulletin_November_202520251219081652.pdf
normal for this time of the year.,Agriculture/Disaster,NDMA Mandera Drought Early Warning Bulletin November 2025,Mandera_DEW_Bulletin_November_202520251219081652.pdf
The current average trekking distances are higher than the long-term averages.,Agriculture/Disaster,NDMA Mandera Drought Early Warning Bulletin November 2025,Mandera_DEW_Bulletin_November_202520251219081652.pdf
"increase compared to the previous month and remained the dominant source of income, accounting for 56 per cent in November, as the county continues to experience an alarm phase of the drought cycle some of the pastoralist resort to earn through casual labour in order to purchase livestock feeds.",Agriculture/Disaster,NDMA Mandera Drought Early Warning Bulletin November 2025,Mandera_DEW_Bulletin_November_202520251219081652.pdf
"products indicates slight increase compared to the preceding month, while income from trade remained stable.",Agriculture/Disaster,NDMA Mandera Drought Early Warning Bulletin November 2025,Mandera_DEW_Bulletin_November_202520251219081652.pdf
"1,600 in the previous month.",Agriculture/Disaster,NDMA Mandera Drought Early Warning Bulletin November 2025,Mandera_DEW_Bulletin_November_202520251219081652.pdf
3.1.0 Livestock Migration Patterns Outward livestock migration to parts of Wajir County and neighboring Country (Ethiopia) was reported.,Agriculture/Disaster,NDMA Mandera Drought Early Warning Bulletin November 2025,Mandera_DEW_Bulletin_November_202520251219081652.pdf
There is also internal migration within the sub-counties.,Agriculture/Disaster,NDMA Mandera Drought Early Warning Bulletin November 2025,Mandera_DEW_Bulletin_November_202520251219081652.pdf
pastoral Livelihood zones recorded significant cases of fair livestock body conditions.,Agriculture/Disaster,NDMA Mandera Drought Early Warning Bulletin November 2025,Mandera_DEW_Bulletin_November_202520251219081652.pdf
3.1.2 Livestock death and Diseases There were reported cases of livestock mortalities due to drought and diseases during the month.,Agriculture/Disaster,NDMA Mandera Drought Early Warning Bulletin November 2025,Mandera_DEW_Bulletin_November_202520251219081652.pdf
following livestock deaths were reported; 55 Cattle and 815 shoats (goats and sheep) across the county.,Agriculture/Disaster,NDMA Mandera Drought Early Warning Bulletin November 2025,Mandera_DEW_Bulletin_November_202520251219081652.pdf
"Sheep), Sheep & Goat pox and trypanosomiasis.",Agriculture/Disaster,NDMA Mandera Drought Early Warning Bulletin November 2025,Mandera_DEW_Bulletin_November_202520251219081652.pdf
by 30 per cent compared to the previous month.,Agriculture/Disaster,NDMA Mandera Drought Early Warning Bulletin November 2025,Mandera_DEW_Bulletin_November_202520251219081652.pdf
sampled sentinel sites reported milk production during the period.,Agriculture/Disaster,NDMA Mandera Drought Early Warning Bulletin November 2025,Mandera_DEW_Bulletin_November_202520251219081652.pdf
"The community primarily cultivates maize, simsim, sorghum, millet, and cowpeas.",Agriculture/Disaster,NDMA Mandera Drought Early Warning Bulletin November 2025,Mandera_DEW_Bulletin_November_202520251219081652.pdf
Few farmers are currently engaged in land preparation activities despite the delayed onset of the OND rains.,Agriculture/Disaster,NDMA Mandera Drought Early Warning Bulletin November 2025,Mandera_DEW_Bulletin_November_202520251219081652.pdf
"Irrigated cropping zone, The main crop grown are; Maize, cow peas, sunflower, Simsim, onions, tomatoes and watermelon.",Agriculture/Disaster,NDMA Mandera Drought Early Warning Bulletin November 2025,Mandera_DEW_Bulletin_November_202520251219081652.pdf
"Maize crop is in different stages of germination; Knee height, above knee height and others are at flowering stages in irrigated cropping zones.",Agriculture/Disaster,NDMA Mandera Drought Early Warning Bulletin November 2025,Mandera_DEW_Bulletin_November_202520251219081652.pdf
as fodder for livestock which resulted in reduced crop production.,Agriculture/Disaster,NDMA Mandera Drought Early Warning Bulletin November 2025,Mandera_DEW_Bulletin_November_202520251219081652.pdf
"25,200 compared to KES 26,250 in the previous month.",Agriculture/Disaster,NDMA Mandera Drought Early Warning Bulletin November 2025,Mandera_DEW_Bulletin_November_202520251219081652.pdf
decline further in the coming weeks if the ongoing dry conditions persist.,Agriculture/Disaster,NDMA Mandera Drought Early Warning Bulletin November 2025,Mandera_DEW_Bulletin_November_202520251219081652.pdf
livestock body condition.,Agriculture/Disaster,NDMA Mandera Drought Early Warning Bulletin November 2025,Mandera_DEW_Bulletin_November_202520251219081652.pdf
attributed to poor body condition as a resuly of severe vegetation deficit.,Agriculture/Disaster,NDMA Mandera Drought Early Warning Bulletin November 2025,Mandera_DEW_Bulletin_November_202520251219081652.pdf
"Rhamu market at Kes 2,400.",Agriculture/Disaster,NDMA Mandera Drought Early Warning Bulletin November 2025,Mandera_DEW_Bulletin_November_202520251219081652.pdf
"The average Camel prices for month was Kes 29,700, a drop from Kes 36,000 in the previous month.",Agriculture/Disaster,NDMA Mandera Drought Early Warning Bulletin November 2025,Mandera_DEW_Bulletin_November_202520251219081652.pdf
translates to 17 per cent lower compared to the previous month.,Agriculture/Disaster,NDMA Mandera Drought Early Warning Bulletin November 2025,Mandera_DEW_Bulletin_November_202520251219081652.pdf
price for the reporting month is attributed to poor body condition.,Agriculture/Disaster,NDMA Mandera Drought Early Warning Bulletin November 2025,Mandera_DEW_Bulletin_November_202520251219081652.pdf
"recorded Kes 50,000 at Mandera market and the lowest recorded Kes 20,000 at Elwak market.",Agriculture/Disaster,NDMA Mandera Drought Early Warning Bulletin November 2025,Mandera_DEW_Bulletin_November_202520251219081652.pdf
averages and below the previous year’s averages.,Agriculture/Disaster,NDMA Mandera Drought Early Warning Bulletin November 2025,Mandera_DEW_Bulletin_November_202520251219081652.pdf
"Lafey market recorded the lowest price at Kes 2,500.",Agriculture/Disaster,NDMA Mandera Drought Early Warning Bulletin November 2025,Mandera_DEW_Bulletin_November_202520251219081652.pdf
expected to decrease in the next few weeks due to pasture depletion and decline in body condition.,Agriculture/Disaster,NDMA Mandera Drought Early Warning Bulletin November 2025,Mandera_DEW_Bulletin_November_202520251219081652.pdf
markets raise prices and change market dynamics across livelihood zones.,Agriculture/Disaster,NDMA Mandera Drought Early Warning Bulletin November 2025,Mandera_DEW_Bulletin_November_202520251219081652.pdf
"across different markets, Banisa recorded the highest price at Kes 150 and Dandu market recorded the lowest price at Kes 120, thus prices follow seasonal trends.",Agriculture/Disaster,NDMA Mandera Drought Early Warning Bulletin November 2025,Mandera_DEW_Bulletin_November_202520251219081652.pdf
The maize prices are likely to remain above average in the coming months as farmers use it as livestock feeds.,Agriculture/Disaster,NDMA Mandera Drought Early Warning Bulletin November 2025,Mandera_DEW_Bulletin_November_202520251219081652.pdf
to the previous month of October.,Agriculture/Disaster,NDMA Mandera Drought Early Warning Bulletin November 2025,Mandera_DEW_Bulletin_November_202520251219081652.pdf
decreased by 25 per cent in comparison to the previous month.,Agriculture/Disaster,NDMA Mandera Drought Early Warning Bulletin November 2025,Mandera_DEW_Bulletin_November_202520251219081652.pdf
production and high prices in Maize at different markets.,Agriculture/Disaster,NDMA Mandera Drought Early Warning Bulletin November 2025,Mandera_DEW_Bulletin_November_202520251219081652.pdf
highest terms of trade at 48 while the lowest recorded 25 in Mandera North sub county.,Agriculture/Disaster,NDMA Mandera Drought Early Warning Bulletin November 2025,Mandera_DEW_Bulletin_November_202520251219081652.pdf
"(ToT) are below the LTA, the upper limit year, lower limit and the previous year’s averages.",Agriculture/Disaster,NDMA Mandera Drought Early Warning Bulletin November 2025,Mandera_DEW_Bulletin_November_202520251219081652.pdf
⚫ The average market price for a Kilogram of beans has decreased by five per cent compared to the previous month of October.,Agriculture/Disaster,NDMA Mandera Drought Early Warning Bulletin November 2025,Mandera_DEW_Bulletin_November_202520251219081652.pdf
⚫ The current beans price was below the STA by 28 per cent.,Agriculture/Disaster,NDMA Mandera Drought Early Warning Bulletin November 2025,Mandera_DEW_Bulletin_November_202520251219081652.pdf
⚫ The high price was attributed to high demand for the commodity in the sampled markets.,Agriculture/Disaster,NDMA Mandera Drought Early Warning Bulletin November 2025,Mandera_DEW_Bulletin_November_202520251219081652.pdf
⚫ Unstable and external source of supply for the commodity also forced households to rely on local markets and retail shops.,Agriculture/Disaster,NDMA Mandera Drought Early Warning Bulletin November 2025,Mandera_DEW_Bulletin_November_202520251219081652.pdf
⚫ The price of beans was constant in all markets across the county.,Agriculture/Disaster,NDMA Mandera Drought Early Warning Bulletin November 2025,Mandera_DEW_Bulletin_November_202520251219081652.pdf
⚫ Beans price usually skyrocket during the drier periods as its mostly used by pastoral communities.,Agriculture/Disaster,NDMA Mandera Drought Early Warning Bulletin November 2025,Mandera_DEW_Bulletin_November_202520251219081652.pdf
below the long-term averages.,Agriculture/Disaster,NDMA Mandera Drought Early Warning Bulletin November 2025,Mandera_DEW_Bulletin_November_202520251219081652.pdf
households in the sampled sentinel sites reported milk consumption during the month.,Agriculture/Disaster,NDMA Mandera Drought Early Warning Bulletin November 2025,Mandera_DEW_Bulletin_November_202520251219081652.pdf
recorded in pastoral livelihood zones.,Agriculture/Disaster,NDMA Mandera Drought Early Warning Bulletin November 2025,Mandera_DEW_Bulletin_November_202520251219081652.pdf
consumption is attributed to forage conditions which are deteriorating.,Agriculture/Disaster,NDMA Mandera Drought Early Warning Bulletin November 2025,Mandera_DEW_Bulletin_November_202520251219081652.pdf
"livelihood zones, an increase in poor food consumption was noted during the month suggesting that the food security situation is currently fragile.",Agriculture/Disaster,NDMA Mandera Drought Early Warning Bulletin November 2025,Mandera_DEW_Bulletin_November_202520251219081652.pdf
"acceptable FC has also reduced, signalling unstable food insecurity county wide.",Agriculture/Disaster,NDMA Mandera Drought Early Warning Bulletin November 2025,Mandera_DEW_Bulletin_November_202520251219081652.pdf
percentage of household with poor food consumptions are increasing while those with acceptable food consumption are reducing.,Agriculture/Disaster,NDMA Mandera Drought Early Warning Bulletin November 2025,Mandera_DEW_Bulletin_November_202520251219081652.pdf
"cent above the long-term average, as illustrated in Figure 18.",Agriculture/Disaster,NDMA Mandera Drought Early Warning Bulletin November 2025,Mandera_DEW_Bulletin_November_202520251219081652.pdf
Index (rCSI) tells a concerning story.,Agriculture/Disaster,NDMA Mandera Drought Early Warning Bulletin November 2025,Mandera_DEW_Bulletin_November_202520251219081652.pdf
indicating a stressful food security situation.,Agriculture/Disaster,NDMA Mandera Drought Early Warning Bulletin November 2025,Mandera_DEW_Bulletin_November_202520251219081652.pdf
employing coping strategies like reducing meal sizes or skipping meals altogether.,Agriculture/Disaster,NDMA Mandera Drought Early Warning Bulletin November 2025,Mandera_DEW_Bulletin_November_202520251219081652.pdf
"Households are struggling even more to access food, relying more heavily on negative coping mechanisms.",Agriculture/Disaster,NDMA Mandera Drought Early Warning Bulletin November 2025,Mandera_DEW_Bulletin_November_202520251219081652.pdf
"situation, potentially due to seasonal fluctuations, economic challenges, or other stressors.",Agriculture/Disaster,NDMA Mandera Drought Early Warning Bulletin November 2025,Mandera_DEW_Bulletin_November_202520251219081652.pdf
growing food insecurity concerns.,Agriculture/Disaster,NDMA Mandera Drought Early Warning Bulletin November 2025,Mandera_DEW_Bulletin_November_202520251219081652.pdf
"Orphans and Vulnerable Children (OVC), and Older Persons Cash Transfer (OPCT) programmes each received an average of Kes 2000.",Agriculture/Disaster,NDMA Mandera Drought Early Warning Bulletin November 2025,Mandera_DEW_Bulletin_November_202520251219081652.pdf
"6.2 FOOD AID: The County government of Mandera distributed food rations to 16,500 vulnerable households, mainly in urban centers.",Agriculture/Disaster,NDMA Mandera Drought Early Warning Bulletin November 2025,Mandera_DEW_Bulletin_November_202520251219081652.pdf
The Ministry of Interior and National Administration distributed 600 bags or rice 520 beans in mandera East.,Agriculture/Disaster,NDMA Mandera Drought Early Warning Bulletin November 2025,Mandera_DEW_Bulletin_November_202520251219081652.pdf
across the County during the month of November 2025.,Agriculture/Disaster,NDMA Mandera Drought Early Warning Bulletin November 2025,Mandera_DEW_Bulletin_November_202520251219081652.pdf
"Outward livestock migration was reported, especially towards Wajir North and neighboring Country of Ethiopia.",Agriculture/Disaster,NDMA Mandera Drought Early Warning Bulletin November 2025,Mandera_DEW_Bulletin_November_202520251219081652.pdf
There is also internal migration within the sub-counties of Mandera.,Agriculture/Disaster,NDMA Mandera Drought Early Warning Bulletin November 2025,Mandera_DEW_Bulletin_November_202520251219081652.pdf
likelihood of below-average rainfall in Mandera County.,Agriculture/Disaster,NDMA Mandera Drought Early Warning Bulletin November 2025,Mandera_DEW_Bulletin_November_202520251219081652.pdf
"The rains are expected to be occasional, poorly distributed both time and space.",Agriculture/Disaster,NDMA Mandera Drought Early Warning Bulletin November 2025,Mandera_DEW_Bulletin_November_202520251219081652.pdf
Temperatures are also forecasted to be higher than normal.,Agriculture/Disaster,NDMA Mandera Drought Early Warning Bulletin November 2025,Mandera_DEW_Bulletin_November_202520251219081652.pdf
Water availability for both livestock and domestic use is declining and is likely to worsen.,Agriculture/Disaster,NDMA Mandera Drought Early Warning Bulletin November 2025,Mandera_DEW_Bulletin_November_202520251219081652.pdf
expected to result in minimal regeneration.,Agriculture/Disaster,NDMA Mandera Drought Early Warning Bulletin November 2025,Mandera_DEW_Bulletin_November_202520251219081652.pdf
"The livestock body condition for all species is expected to decline further, due to poor pasture regeneration.",Agriculture/Disaster,NDMA Mandera Drought Early Warning Bulletin November 2025,Mandera_DEW_Bulletin_November_202520251219081652.pdf
"Maize prices are projected to rise, while goat prices may decline as market supply increases.",Agriculture/Disaster,NDMA Mandera Drought Early Warning Bulletin November 2025,Mandera_DEW_Bulletin_November_202520251219081652.pdf
Resource-based conflicts are expected to arise due to high concentration at grazing areas and water points.,Agriculture/Disaster,NDMA Mandera Drought Early Warning Bulletin November 2025,Mandera_DEW_Bulletin_November_202520251219081652.pdf
3 (Crisis) with the number of food insecure households requiring external assistance expected to increase across the county.,Agriculture/Disaster,NDMA Mandera Drought Early Warning Bulletin November 2025,Mandera_DEW_Bulletin_November_202520251219081652.pdf
boreholes across the County.,Agriculture/Disaster,NDMA Mandera Drought Early Warning Bulletin November 2025,Mandera_DEW_Bulletin_November_202520251219081652.pdf
5000 DRC and County Government.,Agriculture/Disaster,NDMA Mandera Drought Early Warning Bulletin November 2025,Mandera_DEW_Bulletin_November_202520251219081652.pdf
Upscaling of Water Trucking across the County.,Agriculture/Disaster,NDMA Mandera Drought Early Warning Bulletin November 2025,Mandera_DEW_Bulletin_November_202520251219081652.pdf
Situation & EW Phase Classification Biophysical Indicators Rainfall: The county received 135 percent of the normal rainfall.,Agriculture/Disaster,NDMA Marsabit Drought Early Warning Bulletin August 2025,Marsabit_DEW_Bulletin_August_202520250911171517.pdf
"Conditions were largely dry, with only light off-season showers.",Agriculture/Disaster,NDMA Marsabit Drought Early Warning Bulletin August 2025,Marsabit_DEW_Bulletin_August_202520250911171517.pdf
"Vegetation Condition: The VCI stood at 48.1, which is within the normal range of 35–50, though some wards reported pockets of deficit.",Agriculture/Disaster,NDMA Marsabit Drought Early Warning Bulletin August 2025,Marsabit_DEW_Bulletin_August_202520250911171517.pdf
"NDVI anomaly was 116% of the long-term average, showing above-normal vegetation greenness.",Agriculture/Disaster,NDMA Marsabit Drought Early Warning Bulletin August 2025,Marsabit_DEW_Bulletin_August_202520250911171517.pdf
"Water Sources: Water sources were stable with levels between 2–4, which is normal.",Agriculture/Disaster,NDMA Marsabit Drought Early Warning Bulletin August 2025,Marsabit_DEW_Bulletin_August_202520250911171517.pdf
"However, surface water has begun declining as the dry spell progresses.",Agriculture/Disaster,NDMA Marsabit Drought Early Warning Bulletin August 2025,Marsabit_DEW_Bulletin_August_202520250911171517.pdf
"Socio-Economic Indicators (Impact Indicators) Production Indicators: Most livestock species had body condition scores between 3 and 5 (fair to good), which is the normal range.",Agriculture/Disaster,NDMA Marsabit Drought Early Warning Bulletin August 2025,Marsabit_DEW_Bulletin_August_202520250911171517.pdf
"Households produced an average of 2.4 litres of milk per day, which is above the normal threshold of 1.8 litres.",Agriculture/Disaster,NDMA Marsabit Drought Early Warning Bulletin August 2025,Marsabit_DEW_Bulletin_August_202520250911171517.pdf
"Livestock migration patterns remained normal, with minimal migration along traditional routes.",Agriculture/Disaster,NDMA Marsabit Drought Early Warning Bulletin August 2025,Marsabit_DEW_Bulletin_August_202520250911171517.pdf
"Despite normal body condition, disease outbreaks were reported, including PPR in North Horr and Laisamis, Rabies in Moyale and Saku, abortions from Brucellosis/CCPP, and camel hemorrhagic septicemia and flu.",Agriculture/Disaster,NDMA Marsabit Drought Early Warning Bulletin August 2025,Marsabit_DEW_Bulletin_August_202520250911171517.pdf
"Harvesting of maize, beans, and cowpeas/green grams was ongoing, but farmers reported pest infestations such as aphids, whiteflies, cutworms, and diamondback moths.",Agriculture/Disaster,NDMA Marsabit Drought Early Warning Bulletin August 2025,Marsabit_DEW_Bulletin_August_202520250911171517.pdf
"Access Indicators: The ToT stood at 102.7, well above the normal threshold of 78.9, showing favourable exchange terms for pastoral households.",Agriculture/Disaster,NDMA Marsabit Drought Early Warning Bulletin August 2025,Marsabit_DEW_Bulletin_August_202520250911171517.pdf
"Households consumed an average of 1.2 litres per day, which is less than the normal milk threshold of above 1.2 litres.",Agriculture/Disaster,NDMA Marsabit Drought Early Warning Bulletin August 2025,Marsabit_DEW_Bulletin_August_202520250911171517.pdf
"Household return distance to water was 7.2 km (normal range 0–7.9 km), and livestock trekking distances were 15.4 km (normal <15.7 km).",Agriculture/Disaster,NDMA Marsabit Drought Early Warning Bulletin August 2025,Marsabit_DEW_Bulletin_August_202520250911171517.pdf
Utilization Indicators: 22.1% of children under five were at risk of malnutrition which is above the normal threshold of 0–17.3%.,Agriculture/Disaster,NDMA Marsabit Drought Early Warning Bulletin August 2025,Marsabit_DEW_Bulletin_August_202520250911171517.pdf
"The Reduced Coping Strategy Index (rCSI) was 19.5, higher than the normal threshold (<18), showing that households increasingly relied on crisis-level coping strategies.",Agriculture/Disaster,NDMA Marsabit Drought Early Warning Bulletin August 2025,Marsabit_DEW_Bulletin_August_202520250911171517.pdf
"The Food Consumption Score (FCS) was 33.4, below the normal threshold (>35).",Agriculture/Disaster,NDMA Marsabit Drought Early Warning Bulletin August 2025,Marsabit_DEW_Bulletin_August_202520250911171517.pdf
This indicates borderline consumption and IPC Phase 3 (crisis-level outcomes).,Agriculture/Disaster,NDMA Marsabit Drought Early Warning Bulletin August 2025,Marsabit_DEW_Bulletin_August_202520250911171517.pdf
"Households remained in crisis-level coping, with reduced food intake and dietary diversity, reflecting persistent food insecurity.",Agriculture/Disaster,NDMA Marsabit Drought Early Warning Bulletin August 2025,Marsabit_DEW_Bulletin_August_202520250911171517.pdf
"when compared to the long-term average over the first 2 dekads, indicating above normal precipitation ranges for the period.",Agriculture/Disaster,NDMA Marsabit Drought Early Warning Bulletin August 2025,Marsabit_DEW_Bulletin_August_202520250911171517.pdf
"This was coupled with a cold month, featuring notable periods of dewy mornings and cloudy daytime periods across the County.",Agriculture/Disaster,NDMA Marsabit Drought Early Warning Bulletin August 2025,Marsabit_DEW_Bulletin_August_202520250911171517.pdf
"The highland areas of Saku, Moyale, Hurri Hills, Mt.",Agriculture/Disaster,NDMA Marsabit Drought Early Warning Bulletin August 2025,Marsabit_DEW_Bulletin_August_202520250911171517.pdf
"Kulal, and the central areas of North Horr, Dukana, Kalacha, Maikona, Kargi, and Korr received at least one day of moderate to light showers.",Agriculture/Disaster,NDMA Marsabit Drought Early Warning Bulletin August 2025,Marsabit_DEW_Bulletin_August_202520250911171517.pdf
"greenness of 116 percent, coinciding with the normal range for the period.",Agriculture/Disaster,NDMA Marsabit Drought Early Warning Bulletin August 2025,Marsabit_DEW_Bulletin_August_202520250911171517.pdf
"NDVI values ranged from normal to above historical averages across the three dekads of the month under review, reflecting enhanced vegetative cover likely attributed to above-normal seasonal rainfall observed earlier in the long rains season.",Agriculture/Disaster,NDMA Marsabit Drought Early Warning Bulletin August 2025,Marsabit_DEW_Bulletin_August_202520250911171517.pdf
severe vegetation deficit.,Agriculture/Disaster,NDMA Marsabit Drought Early Warning Bulletin August 2025,Marsabit_DEW_Bulletin_August_202520250911171517.pdf
"Dukana, Turbi, Uran, and Obbu show mostly normal to above-normal vegetation greenness, suggesting relatively better vegetation conditions.",Agriculture/Disaster,NDMA Marsabit Drought Early Warning Bulletin August 2025,Marsabit_DEW_Bulletin_August_202520250911171517.pdf
"Illeret, Butiye, and Golbo present patches of moderate vegetation deficit alongside areas of greenness.",Agriculture/Disaster,NDMA Marsabit Drought Early Warning Bulletin August 2025,Marsabit_DEW_Bulletin_August_202520250911171517.pdf
"The southern wards, particularly Laisamis and Korr, display pockets of severe and extreme deficits, though some zones still maintain normal vegetation greenness.",Agriculture/Disaster,NDMA Marsabit Drought Early Warning Bulletin August 2025,Marsabit_DEW_Bulletin_August_202520250911171517.pdf
"By and large, the north-eastern and northern wards are relatively better off, while the central and western wards, especially around North Horr and Kargi, are the most adversely affected by vegetation stress.",Agriculture/Disaster,NDMA Marsabit Drought Early Warning Bulletin August 2025,Marsabit_DEW_Bulletin_August_202520250911171517.pdf
"significant decline over the first two dekad, with pasture at 36 percent good and 64 percent fair, compared to the previous month at 46 percent good for pasture and 54 percent fair for browse across all livelihood zones.",Agriculture/Disaster,NDMA Marsabit Drought Early Warning Bulletin August 2025,Marsabit_DEW_Bulletin_August_202520250911171517.pdf
This is attributed to the decline in precipitation levels across all livelihood zones.,Agriculture/Disaster,NDMA Marsabit Drought Early Warning Bulletin August 2025,Marsabit_DEW_Bulletin_August_202520250911171517.pdf
as a result of the harvesting at farms.,Agriculture/Disaster,NDMA Marsabit Drought Early Warning Bulletin August 2025,Marsabit_DEW_Bulletin_August_202520250911171517.pdf
"The current vegetation biomass can sustain the livestock until the next season, given the positive effect of the above normal MAM rains received, coupled with the effect of the still below normal tropical livestock units (TLUs).",Agriculture/Disaster,NDMA Marsabit Drought Early Warning Bulletin August 2025,Marsabit_DEW_Bulletin_August_202520250911171517.pdf
"species including acacia reficiens and woodland covering about a total of 35,000 hectares.",Agriculture/Disaster,NDMA Marsabit Drought Early Warning Bulletin August 2025,Marsabit_DEW_Bulletin_August_202520250911171517.pdf
respectively in Laisamis sub-county.,Agriculture/Disaster,NDMA Marsabit Drought Early Warning Bulletin August 2025,Marsabit_DEW_Bulletin_August_202520250911171517.pdf
"In Saku subcounty, invasive weed/plant species include Capparis tomentosa, Solanum incanum, and Lantana camara.",Agriculture/Disaster,NDMA Marsabit Drought Early Warning Bulletin August 2025,Marsabit_DEW_Bulletin_August_202520250911171517.pdf
"Prosopis menace is also dangerously spreading in areas of Bori, Moyale sub County hence posing much threats.",Agriculture/Disaster,NDMA Marsabit Drought Early Warning Bulletin August 2025,Marsabit_DEW_Bulletin_August_202520250911171517.pdf
percent good and 76 percent fair).,Agriculture/Disaster,NDMA Marsabit Drought Early Warning Bulletin August 2025,Marsabit_DEW_Bulletin_August_202520250911171517.pdf
This is a significant decline compared to the previous period’s 39 percent good and 61 percent fair.,Agriculture/Disaster,NDMA Marsabit Drought Early Warning Bulletin August 2025,Marsabit_DEW_Bulletin_August_202520250911171517.pdf
"This is attributable to the ongoing dry spell, which is normal at this time of the year.",Agriculture/Disaster,NDMA Marsabit Drought Early Warning Bulletin August 2025,Marsabit_DEW_Bulletin_August_202520250911171517.pdf
Browse conditions are expected to maintain at above normal in browse quality and quantity across most parts of the County in the short term.,Agriculture/Disaster,NDMA Marsabit Drought Early Warning Bulletin August 2025,Marsabit_DEW_Bulletin_August_202520250911171517.pdf
next rainy season expected in October.,Agriculture/Disaster,NDMA Marsabit Drought Early Warning Bulletin August 2025,Marsabit_DEW_Bulletin_August_202520250911171517.pdf
is a slight increase in the use of surface water sources and a stable usage of ground/subsurface water sources.,Agriculture/Disaster,NDMA Marsabit Drought Early Warning Bulletin August 2025,Marsabit_DEW_Bulletin_August_202520250911171517.pdf
"In terms of usage, boreholes lead at 38 percent (stable compared to previous), followed by pans and dams at 21 percent (same as previous), Shallow wells at 19 percent (a light increase from 16 percent), rivers at 7 percent (a slight increase from 4 percent) and Traditional river wells and springs at 5 and 8 percent respectively.",Agriculture/Disaster,NDMA Marsabit Drought Early Warning Bulletin August 2025,Marsabit_DEW_Bulletin_August_202520250911171517.pdf
"Water availability is steady throughout the entire county after the above- normal MAM rainy season, which went better than expected.",Agriculture/Disaster,NDMA Marsabit Drought Early Warning Bulletin August 2025,Marsabit_DEW_Bulletin_August_202520250911171517.pdf
"However, the amount of surface water has decreased as a result of the prevailing dry conditions.",Agriculture/Disaster,NDMA Marsabit Drought Early Warning Bulletin August 2025,Marsabit_DEW_Bulletin_August_202520250911171517.pdf
"During the period under review, this is typical.",Agriculture/Disaster,NDMA Marsabit Drought Early Warning Bulletin August 2025,Marsabit_DEW_Bulletin_August_202520250911171517.pdf
as recorded during the previous month.,Agriculture/Disaster,NDMA Marsabit Drought Early Warning Bulletin August 2025,Marsabit_DEW_Bulletin_August_202520250911171517.pdf
"This was largely attributed to the prevailing dry conditions and precipitation deficit, which has resulted in drying up/ diminishing surface water sources across all livelihood zones.",Agriculture/Disaster,NDMA Marsabit Drought Early Warning Bulletin August 2025,Marsabit_DEW_Bulletin_August_202520250911171517.pdf
The per capita water consumption levels of 15-20 liters per day are prevalent across all livelihood zones on average.,Agriculture/Disaster,NDMA Marsabit Drought Early Warning Bulletin August 2025,Marsabit_DEW_Bulletin_August_202520250911171517.pdf
"Areas of Merille and Laisamis recorded the highest decrease in distances to water sources, coinciding with the minimal rains received during the MAM rains season.",Agriculture/Disaster,NDMA Marsabit Drought Early Warning Bulletin August 2025,Marsabit_DEW_Bulletin_August_202520250911171517.pdf
Water shortages persisted in areas with perennial water problems such as Kambinye and Gas.,Agriculture/Disaster,NDMA Marsabit Drought Early Warning Bulletin August 2025,Marsabit_DEW_Bulletin_August_202520250911171517.pdf
"Other areas recording above normal distances are Saku: Karare, Boru Haro, Moyale: Laaqi, Lataka, Dabel, Watiti, Antut, Dadach Lakole, Oga, Guyo Timo, Ambalo, Malbe-Bali, Laisamis: Gudas, Thurusi, Ririma, Farakoren, Arge, Ilmoti, Balaah, Korr, Namarei, North Horr: Tigo, Burgabo, Bubisa, El Boji, Did Gola.",Agriculture/Disaster,NDMA Marsabit Drought Early Warning Bulletin August 2025,Marsabit_DEW_Bulletin_August_202520250911171517.pdf
The waiting times at water sources remained stable over the reporting period.,Agriculture/Disaster,NDMA Marsabit Drought Early Warning Bulletin August 2025,Marsabit_DEW_Bulletin_August_202520250911171517.pdf
is expected to increase in September.,Agriculture/Disaster,NDMA Marsabit Drought Early Warning Bulletin August 2025,Marsabit_DEW_Bulletin_August_202520250911171517.pdf
"The waiting time ranges between 25-40 minutes in agro- pastoral zones, compared to the usual 30-45 minutes.",Agriculture/Disaster,NDMA Marsabit Drought Early Warning Bulletin August 2025,Marsabit_DEW_Bulletin_August_202520250911171517.pdf
"In pastoral zones, the average wait time is 30-60 minutes, which is the normal for the current period.",Agriculture/Disaster,NDMA Marsabit Drought Early Warning Bulletin August 2025,Marsabit_DEW_Bulletin_August_202520250911171517.pdf
"period, which has slightly boosted water availability in the areas of Sagante in Saku, Kargi and Korr in Laisamis, Maikona, Kalcha, Qorqa and Dukana in North Horr and Moyale township among other few areas.",Agriculture/Disaster,NDMA Marsabit Drought Early Warning Bulletin August 2025,Marsabit_DEW_Bulletin_August_202520250911171517.pdf
water points has slightly increased from 13.7 in July to 15.4 during the reporting period.,Agriculture/Disaster,NDMA Marsabit Drought Early Warning Bulletin August 2025,Marsabit_DEW_Bulletin_August_202520250911171517.pdf
This distance remains within acceptable ranges relative to the normal grazing distance of 15.7 km for the period.,Agriculture/Disaster,NDMA Marsabit Drought Early Warning Bulletin August 2025,Marsabit_DEW_Bulletin_August_202520250911171517.pdf
"Some of the areas with reported notable increase in livestock distance to water sources are Merille, Lontolio, Ndikir, Dhemo, Ididho, Ambalo and Badanrero, attributable to livestock migration to dry season grazing areas and dysfunctional water sources.",Agriculture/Disaster,NDMA Marsabit Drought Early Warning Bulletin August 2025,Marsabit_DEW_Bulletin_August_202520250911171517.pdf
the normal one-day interval.,Agriculture/Disaster,NDMA Marsabit Drought Early Warning Bulletin August 2025,Marsabit_DEW_Bulletin_August_202520250911171517.pdf
"Camels are watered every 5-7 days, which is below the typical 7- 10 days, while sheep and goats are watered every 2 days, which is normal.",Agriculture/Disaster,NDMA Marsabit Drought Early Warning Bulletin August 2025,Marsabit_DEW_Bulletin_August_202520250911171517.pdf
normal vegetation conditions and water availability across the livelihood zones compounded with below normal TLUs.,Agriculture/Disaster,NDMA Marsabit Drought Early Warning Bulletin August 2025,Marsabit_DEW_Bulletin_August_202520250911171517.pdf
"Livestock watering intervals remain stable, albeit with a slight increasing trend as the dry spell persists.",Agriculture/Disaster,NDMA Marsabit Drought Early Warning Bulletin August 2025,Marsabit_DEW_Bulletin_August_202520250911171517.pdf
good across all livelihood zones.,Agriculture/Disaster,NDMA Marsabit Drought Early Warning Bulletin August 2025,Marsabit_DEW_Bulletin_August_202520250911171517.pdf
"This favorable situation is mostly due to the above-normal MAM rainfall season and comparatively low tropical livestock units, which reduce the strain on the available grazing resources.",Agriculture/Disaster,NDMA Marsabit Drought Early Warning Bulletin August 2025,Marsabit_DEW_Bulletin_August_202520250911171517.pdf
"However, there was notable decline in milk availability at the household level as livestock moved to dry season grazing zones.",Agriculture/Disaster,NDMA Marsabit Drought Early Warning Bulletin August 2025,Marsabit_DEW_Bulletin_August_202520250911171517.pdf
"exist, including livestock diseases, a shortage of breeding stock, and growing distances to water sources in certain regions.",Agriculture/Disaster,NDMA Marsabit Drought Early Warning Bulletin August 2025,Marsabit_DEW_Bulletin_August_202520250911171517.pdf
"from fair (BCS 3) to good (BCS 5), which is normal for the period.",Agriculture/Disaster,NDMA Marsabit Drought Early Warning Bulletin August 2025,Marsabit_DEW_Bulletin_August_202520250911171517.pdf
The body condition of both small stock and large stock is generally very fair to good and stable compared to the previous month.,Agriculture/Disaster,NDMA Marsabit Drought Early Warning Bulletin August 2025,Marsabit_DEW_Bulletin_August_202520250911171517.pdf
"However, isolated cases of poor to fair body condition persist, mainly as a result of incidences of disease prevalence.",Agriculture/Disaster,NDMA Marsabit Drought Early Warning Bulletin August 2025,Marsabit_DEW_Bulletin_August_202520250911171517.pdf
"period, supported by consistent access to water and sufficient grazing resources.",Agriculture/Disaster,NDMA Marsabit Drought Early Warning Bulletin August 2025,Marsabit_DEW_Bulletin_August_202520250911171517.pdf
This long-term improvement is anticipated to maintain acceptable levels of household milk production and maintain good prices in key livestock markets.,Agriculture/Disaster,NDMA Marsabit Drought Early Warning Bulletin August 2025,Marsabit_DEW_Bulletin_August_202520250911171517.pdf
led by the general availability of grazing resources.,Agriculture/Disaster,NDMA Marsabit Drought Early Warning Bulletin August 2025,Marsabit_DEW_Bulletin_August_202520250911171517.pdf
"Notable intra migration cases were noted across Laisamis and North Horr Sub-Counties, towards dry season grazing areas such as Kom (Laisamis) and Dosawachu, Kambi Nyoka and Idhidho (North Horr).",Agriculture/Disaster,NDMA Marsabit Drought Early Warning Bulletin August 2025,Marsabit_DEW_Bulletin_August_202520250911171517.pdf
"In most areas, livestock remained in their traditional grazing zones.",Agriculture/Disaster,NDMA Marsabit Drought Early Warning Bulletin August 2025,Marsabit_DEW_Bulletin_August_202520250911171517.pdf
The livestock grazing distance is likely to increase as the dry spell prevails.,Agriculture/Disaster,NDMA Marsabit Drought Early Warning Bulletin August 2025,Marsabit_DEW_Bulletin_August_202520250911171517.pdf
"compared to good years preceding the prolonged drought periods, although there is significant/ positive change due to the persistently good pasture and browse conditions, resulting in consistent calving, kidding and lambing over the past three seasons.",Agriculture/Disaster,NDMA Marsabit Drought Early Warning Bulletin August 2025,Marsabit_DEW_Bulletin_August_202520250911171517.pdf
livestock diseases especially at border regions and an increased case of abortions that continued to pose significant challenges to livestock production full recovery.,Agriculture/Disaster,NDMA Marsabit Drought Early Warning Bulletin August 2025,Marsabit_DEW_Bulletin_August_202520250911171517.pdf
community syndromic surveillance reported a total of 20 livestock disease syndromes across the county affecting all livestock species.,Agriculture/Disaster,NDMA Marsabit Drought Early Warning Bulletin August 2025,Marsabit_DEW_Bulletin_August_202520250911171517.pdf
"The eight (8) most commonly reported syndromes in all livestock species were; Nasal discharges 17.5%, Discharge from eyes 12.7%, Abortions 11.5%, Skin swellings 11.3%, Difficulty breathing 9.3%, Swollen glands 9.2%, Diarrhoea 7.1% and Wounds on Legs & mouth 6.8%.",Agriculture/Disaster,NDMA Marsabit Drought Early Warning Bulletin August 2025,Marsabit_DEW_Bulletin_August_202520250911171517.pdf
form (ND1) recorded 8 notifiable livestock diseases.,Agriculture/Disaster,NDMA Marsabit Drought Early Warning Bulletin August 2025,Marsabit_DEW_Bulletin_August_202520250911171517.pdf
"The four most prevalent ones include Peste des Petit Ruminants (PPR) 23.5%, Brucellosis 15.7%, Contagious Caprine Pleuropneumonia (CCPP) 13.7% and Rabies 9.8%.",Agriculture/Disaster,NDMA Marsabit Drought Early Warning Bulletin August 2025,Marsabit_DEW_Bulletin_August_202520250911171517.pdf
Sheep 13.5% and Cattle 6.2% indicating a consistently high incidences of diseases of goats and camels over time compared to sheep and cattle.,Agriculture/Disaster,NDMA Marsabit Drought Early Warning Bulletin August 2025,Marsabit_DEW_Bulletin_August_202520250911171517.pdf
"Considering the above described most common syndromes reported, their frequencies and the species of livestock affected, they seem to be consistency with clinical disease presentations for PPR, CCPP and Brucellosis.",Agriculture/Disaster,NDMA Marsabit Drought Early Warning Bulletin August 2025,Marsabit_DEW_Bulletin_August_202520250911171517.pdf
Active cases of PPR have been observed particularly in goats across the county.,Agriculture/Disaster,NDMA Marsabit Drought Early Warning Bulletin August 2025,Marsabit_DEW_Bulletin_August_202520250911171517.pdf
"The presenting symptoms include diarrhoea, bilateral eye discharge, nasal discharges, sores in the mouth, emaciation and death.",Agriculture/Disaster,NDMA Marsabit Drought Early Warning Bulletin August 2025,Marsabit_DEW_Bulletin_August_202520250911171517.pdf
"Although PPR affects both sheep and goats, severe disease has been observed among goats while the disease in sheep is mild.",Agriculture/Disaster,NDMA Marsabit Drought Early Warning Bulletin August 2025,Marsabit_DEW_Bulletin_August_202520250911171517.pdf
"In Moyale Sub County, Rabies outbreak was reported in Aria, Sololo town and Anona (Sololo ward).",Agriculture/Disaster,NDMA Marsabit Drought Early Warning Bulletin August 2025,Marsabit_DEW_Bulletin_August_202520250911171517.pdf
5 suspected rabies dog cases reported in Uran and Sololo.,Agriculture/Disaster,NDMA Marsabit Drought Early Warning Bulletin August 2025,Marsabit_DEW_Bulletin_August_202520250911171517.pdf
"Abortions in sheep and goats are reported in Funan Qumbi, Elle dimtu and Amballo suspected to be brucellosis.",Agriculture/Disaster,NDMA Marsabit Drought Early Warning Bulletin August 2025,Marsabit_DEW_Bulletin_August_202520250911171517.pdf
"CCPP cases in Uran, Obbu, Sololo, Butiye, H/Manyatta and Golbo wards.",Agriculture/Disaster,NDMA Marsabit Drought Early Warning Bulletin August 2025,Marsabit_DEW_Bulletin_August_202520250911171517.pdf
"Camel hemorrhagic septicemia reported in Misa, Antuta, Qate, Boru and Dadach elele, Camel flu in Bori, Walda and Antut and LSD cases in Ellebor, Kobb and Amballo.",Agriculture/Disaster,NDMA Marsabit Drought Early Warning Bulletin August 2025,Marsabit_DEW_Bulletin_August_202520250911171517.pdf
Rabies in cattle was also reported in Gar Qarsa village of Saku Sub County.,Agriculture/Disaster,NDMA Marsabit Drought Early Warning Bulletin August 2025,Marsabit_DEW_Bulletin_August_202520250911171517.pdf
"livelihood zones recorded a slight decline at 2.4 liters, but is still above the long-term average of 1.8 liters.",Agriculture/Disaster,NDMA Marsabit Drought Early Warning Bulletin August 2025,Marsabit_DEW_Bulletin_August_202520250911171517.pdf
This is attributed to the cessation of kidding and lambing and migration to dry season grazing areas in certain regions.,Agriculture/Disaster,NDMA Marsabit Drought Early Warning Bulletin August 2025,Marsabit_DEW_Bulletin_August_202520250911171517.pdf
"recent kidding and lambing, coupled with the availability of fodder and browse.",Agriculture/Disaster,NDMA Marsabit Drought Early Warning Bulletin August 2025,Marsabit_DEW_Bulletin_August_202520250911171517.pdf
"start rising towards the oncoming season, when calving is expected to commence and kidding is expected to resume.",Agriculture/Disaster,NDMA Marsabit Drought Early Warning Bulletin August 2025,Marsabit_DEW_Bulletin_August_202520250911171517.pdf
"Milk access in all the livelihood zones is expected to remain stable in the short term (2 months), mostly from camels.",Agriculture/Disaster,NDMA Marsabit Drought Early Warning Bulletin August 2025,Marsabit_DEW_Bulletin_August_202520250911171517.pdf
"The MAM 2025 Marsabit County rain season recorded fairly good crop performance across key staples and vegetables, supported by above-average rainfall and active field management.",Agriculture/Disaster,NDMA Marsabit Drought Early Warning Bulletin August 2025,Marsabit_DEW_Bulletin_August_202520250911171517.pdf
"Approximately 1,412 hectares were under cultivation, with maize (780 ha) at drying/maturity stages, beans (500 ha) and green grams/cowpeas (100 ha) harvesting, and vegetables (32 ha) already in production.",Agriculture/Disaster,NDMA Marsabit Drought Early Warning Bulletin August 2025,Marsabit_DEW_Bulletin_August_202520250911171517.pdf
Farmers have been sensitized on control of storage pests.,Agriculture/Disaster,NDMA Marsabit Drought Early Warning Bulletin August 2025,Marsabit_DEW_Bulletin_August_202520250911171517.pdf
on control of storage pests.,Agriculture/Disaster,NDMA Marsabit Drought Early Warning Bulletin August 2025,Marsabit_DEW_Bulletin_August_202520250911171517.pdf
Farmers have been sensitized on the pesticides to use to control the pests.,Agriculture/Disaster,NDMA Marsabit Drought Early Warning Bulletin August 2025,Marsabit_DEW_Bulletin_August_202520250911171517.pdf
preparation for early planting in October for the OND season.,Agriculture/Disaster,NDMA Marsabit Drought Early Warning Bulletin August 2025,Marsabit_DEW_Bulletin_August_202520250911171517.pdf
The farmers are being sensitized on early land preparation and inputs acquisition for early planting.,Agriculture/Disaster,NDMA Marsabit Drought Early Warning Bulletin August 2025,Marsabit_DEW_Bulletin_August_202520250911171517.pdf
for crop production and access to certified drought tolerant crop seeds as reported by more than 30 percent of the farmers.,Agriculture/Disaster,NDMA Marsabit Drought Early Warning Bulletin August 2025,Marsabit_DEW_Bulletin_August_202520250911171517.pdf
"46,192, depicting a slight increase in cattle price compared to previous month, which is significantly above the short-term average of Kshs.",Agriculture/Disaster,NDMA Marsabit Drought Early Warning Bulletin August 2025,Marsabit_DEW_Bulletin_August_202520250911171517.pdf
"cattle and rising demand, especially at cross border markets.",Agriculture/Disaster,NDMA Marsabit Drought Early Warning Bulletin August 2025,Marsabit_DEW_Bulletin_August_202520250911171517.pdf
"The highest prices were observed in the Jirime, Moyale and Sololo markets, ranging from Kshs.",Agriculture/Disaster,NDMA Marsabit Drought Early Warning Bulletin August 2025,Marsabit_DEW_Bulletin_August_202520250911171517.pdf
"60,000 and above, while Loiyangalani and Dukana recorded the lowest prices of Kshs.",Agriculture/Disaster,NDMA Marsabit Drought Early Warning Bulletin August 2025,Marsabit_DEW_Bulletin_August_202520250911171517.pdf
"30,000, influenced by poor market integration.",Agriculture/Disaster,NDMA Marsabit Drought Early Warning Bulletin August 2025,Marsabit_DEW_Bulletin_August_202520250911171517.pdf
short-term average due low tropical livestock units (TLU) and prevailing good body condition.,Agriculture/Disaster,NDMA Marsabit Drought Early Warning Bulletin August 2025,Marsabit_DEW_Bulletin_August_202520250911171517.pdf
Figure 9 below indicates the current average price of a medium-sized goat at Kshs.,Agriculture/Disaster,NDMA Marsabit Drought Early Warning Bulletin August 2025,Marsabit_DEW_Bulletin_August_202520250911171517.pdf
"which slightly increased from 6,533 as recorded during previous month.",Agriculture/Disaster,NDMA Marsabit Drought Early Warning Bulletin August 2025,Marsabit_DEW_Bulletin_August_202520250911171517.pdf
The current price is significantly higher than the short-term average of Kshs.,Agriculture/Disaster,NDMA Marsabit Drought Early Warning Bulletin August 2025,Marsabit_DEW_Bulletin_August_202520250911171517.pdf
"4,887, as illustrated in the figure below.",Agriculture/Disaster,NDMA Marsabit Drought Early Warning Bulletin August 2025,Marsabit_DEW_Bulletin_August_202520250911171517.pdf
in demand at the market level. the above average price is expected to prevail as a result of the existing TLU deficit.,Agriculture/Disaster,NDMA Marsabit Drought Early Warning Bulletin August 2025,Marsabit_DEW_Bulletin_August_202520250911171517.pdf
"Horr, Sololo, and Jirime markets, ranging from Kshs.",Agriculture/Disaster,NDMA Marsabit Drought Early Warning Bulletin August 2025,Marsabit_DEW_Bulletin_August_202520250911171517.pdf
"In contrast, lower prices were observed in Dukana, Loiyangalani, and Korr, where goats were sold for between Kshs.",Agriculture/Disaster,NDMA Marsabit Drought Early Warning Bulletin August 2025,Marsabit_DEW_Bulletin_August_202520250911171517.pdf
which a slight rise from Kshs.,Agriculture/Disaster,NDMA Marsabit Drought Early Warning Bulletin August 2025,Marsabit_DEW_Bulletin_August_202520250911171517.pdf
"5,168 in the previous month, and is higher than the long-term average Kshs.",Agriculture/Disaster,NDMA Marsabit Drought Early Warning Bulletin August 2025,Marsabit_DEW_Bulletin_August_202520250911171517.pdf
"3,507 for the month under review.",Agriculture/Disaster,NDMA Marsabit Drought Early Warning Bulletin August 2025,Marsabit_DEW_Bulletin_August_202520250911171517.pdf
This slight incline in sheep prices was attributed to slight increase in the demand at the local markets and excellent body condition coupled with the low TLU.,Agriculture/Disaster,NDMA Marsabit Drought Early Warning Bulletin August 2025,Marsabit_DEW_Bulletin_August_202520250911171517.pdf
"The highest recorded sheep prices, ranging between Kshs.",Agriculture/Disaster,NDMA Marsabit Drought Early Warning Bulletin August 2025,Marsabit_DEW_Bulletin_August_202520250911171517.pdf
"observed in markets such as Sololo, Moyale, and North Horr.",Agriculture/Disaster,NDMA Marsabit Drought Early Warning Bulletin August 2025,Marsabit_DEW_Bulletin_August_202520250911171517.pdf
"In contrast, the lowest sheep prices, ranging from Kshs.",Agriculture/Disaster,NDMA Marsabit Drought Early Warning Bulletin August 2025,Marsabit_DEW_Bulletin_August_202520250911171517.pdf
"4,000, were recorded in Korr, Dukana and Loiyangalani markets.",Agriculture/Disaster,NDMA Marsabit Drought Early Warning Bulletin August 2025,Marsabit_DEW_Bulletin_August_202520250911171517.pdf
driven by the ongoing good body condition of the sheep and the low volumes being traded in the livestock markets compared to the normal.,Agriculture/Disaster,NDMA Marsabit Drought Early Warning Bulletin August 2025,Marsabit_DEW_Bulletin_August_202520250911171517.pdf
Figure 11 above indicates the current average price of maize at Kshs.,Agriculture/Disaster,NDMA Marsabit Drought Early Warning Bulletin August 2025,Marsabit_DEW_Bulletin_August_202520250911171517.pdf
is stable compared to previous month's price.,Agriculture/Disaster,NDMA Marsabit Drought Early Warning Bulletin August 2025,Marsabit_DEW_Bulletin_August_202520250911171517.pdf
The current maize price is slightly less the short-term average of Kshs.,Agriculture/Disaster,NDMA Marsabit Drought Early Warning Bulletin August 2025,Marsabit_DEW_Bulletin_August_202520250911171517.pdf
"67.8 per kilogram, which indicates a stable price trend.",Agriculture/Disaster,NDMA Marsabit Drought Early Warning Bulletin August 2025,Marsabit_DEW_Bulletin_August_202520250911171517.pdf
The stable price can be attributed to the ended local harvests which have contributed to heightened cereal availability at the household level.,Agriculture/Disaster,NDMA Marsabit Drought Early Warning Bulletin August 2025,Marsabit_DEW_Bulletin_August_202520250911171517.pdf
"as well as those along the Ethiopian border such as Dukana and Sololo recorded the lower maize prices, ranging from Kshs.",Agriculture/Disaster,NDMA Marsabit Drought Early Warning Bulletin August 2025,Marsabit_DEW_Bulletin_August_202520250911171517.pdf
"This is attributed to ongoing harvests and by general injections from external markets in Central and Rift Valley regions, as well as imports from neighboring Ethiopia.",Agriculture/Disaster,NDMA Marsabit Drought Early Warning Bulletin August 2025,Marsabit_DEW_Bulletin_August_202520250911171517.pdf
"The highest prevailing market prices for maize were observed in the Korr, Loiyangalani and North Horr commodity markets, where prices ranged from Kshs.",Agriculture/Disaster,NDMA Marsabit Drought Early Warning Bulletin August 2025,Marsabit_DEW_Bulletin_August_202520250911171517.pdf
The location of the markets and prevailing inefficient market functions result in the high pricing.,Agriculture/Disaster,NDMA Marsabit Drought Early Warning Bulletin August 2025,Marsabit_DEW_Bulletin_August_202520250911171517.pdf
predicted to prop up the stable prices over the coming period.,Agriculture/Disaster,NDMA Marsabit Drought Early Warning Bulletin August 2025,Marsabit_DEW_Bulletin_August_202520250911171517.pdf
"117 per kilogram, which is stable compared to the previous month.",Agriculture/Disaster,NDMA Marsabit Drought Early Warning Bulletin August 2025,Marsabit_DEW_Bulletin_August_202520250911171517.pdf
The price is below the short-term average of Kshs.,Agriculture/Disaster,NDMA Marsabit Drought Early Warning Bulletin August 2025,Marsabit_DEW_Bulletin_August_202520250911171517.pdf
"125 per kilogram, attributed to the previous good harvests from agropastoral zones and injections from external markets.",Agriculture/Disaster,NDMA Marsabit Drought Early Warning Bulletin August 2025,Marsabit_DEW_Bulletin_August_202520250911171517.pdf
"Moyale, Sololo and Jirime markets recorded the lowest bean prices, ranging from Kshs.",Agriculture/Disaster,NDMA Marsabit Drought Early Warning Bulletin August 2025,Marsabit_DEW_Bulletin_August_202520250911171517.pdf
"100 per kilogram, attributable to injection of supplies from Ethiopia and harvest of MAM season production.",Agriculture/Disaster,NDMA Marsabit Drought Early Warning Bulletin August 2025,Marsabit_DEW_Bulletin_August_202520250911171517.pdf
"Contrarywise, Loiyangalani, North Horr and Korr markets still recorded the highest prices for beans, ranging greater than Kshs.",Agriculture/Disaster,NDMA Marsabit Drought Early Warning Bulletin August 2025,Marsabit_DEW_Bulletin_August_202520250911171517.pdf
This is credited to the location and poor market integration of the three markets.,Agriculture/Disaster,NDMA Marsabit Drought Early Warning Bulletin August 2025,Marsabit_DEW_Bulletin_August_202520250911171517.pdf
increased supply from recent local harvests will maintain bean prices stable in the foreseeable forthcoming period.,Agriculture/Disaster,NDMA Marsabit Drought Early Warning Bulletin August 2025,Marsabit_DEW_Bulletin_August_202520250911171517.pdf
exchange for the sale of a medium-sized goat.,Agriculture/Disaster,NDMA Marsabit Drought Early Warning Bulletin August 2025,Marsabit_DEW_Bulletin_August_202520250911171517.pdf
"This is a very slight decrease compared to the previous month at 103.3 kilograms and way above the normal value for the month at 82.8 kilograms, thus favorable terms of trade at the household level for livestock keepers.",Agriculture/Disaster,NDMA Marsabit Drought Early Warning Bulletin August 2025,Marsabit_DEW_Bulletin_August_202520250911171517.pdf
"Furthermore, the current terms of trade are 24 percent higher than the short-term average, reflecting the overall trend of livestock keepers' high purchasing power compared to maize farmers throughout the course of the year.",Agriculture/Disaster,NDMA Marsabit Drought Early Warning Bulletin August 2025,Marsabit_DEW_Bulletin_August_202520250911171517.pdf
"to show above-average trends of the terms of trade, given the relatively good rainfall received across all livelihood zones and the effect of recent harvests.",Agriculture/Disaster,NDMA Marsabit Drought Early Warning Bulletin August 2025,Marsabit_DEW_Bulletin_August_202520250911171517.pdf
"day, which slightly decreased from 1.25 litres per day across all livelihood zones as recorded during preceding month.",Agriculture/Disaster,NDMA Marsabit Drought Early Warning Bulletin August 2025,Marsabit_DEW_Bulletin_August_202520250911171517.pdf
"Current milk consumption is same as the short-term average, hence normal for the period.",Agriculture/Disaster,NDMA Marsabit Drought Early Warning Bulletin August 2025,Marsabit_DEW_Bulletin_August_202520250911171517.pdf
"livelihood zones and assume an increasing trend towards the OND, given the good availability of grazing resources, harvest residue and expected calving, kidding and lambing.",Agriculture/Disaster,NDMA Marsabit Drought Early Warning Bulletin August 2025,Marsabit_DEW_Bulletin_August_202520250911171517.pdf
indicative of crisis-level food consumption trend.,Agriculture/Disaster,NDMA Marsabit Drought Early Warning Bulletin August 2025,Marsabit_DEW_Bulletin_August_202520250911171517.pdf
The FCS remained stable when compared to the previous month.,Agriculture/Disaster,NDMA Marsabit Drought Early Warning Bulletin August 2025,Marsabit_DEW_Bulletin_August_202520250911171517.pdf
"Figure 16 indicates that 2.5-16.2 percent of households reported poor food consumption scores, while those with borderline scores ranged from 53.3-53.6 percent.",Agriculture/Disaster,NDMA Marsabit Drought Early Warning Bulletin August 2025,Marsabit_DEW_Bulletin_August_202520250911171517.pdf
with acceptable scores were 28.5- 43.9 percent across the different livelihood zones.,Agriculture/Disaster,NDMA Marsabit Drought Early Warning Bulletin August 2025,Marsabit_DEW_Bulletin_August_202520250911171517.pdf
"noted across the livelihood zones, indicative of crisis level IPC food security outcomes.",Agriculture/Disaster,NDMA Marsabit Drought Early Warning Bulletin August 2025,Marsabit_DEW_Bulletin_August_202520250911171517.pdf
"A slight increase in poor consumption levels is attributed to worsening food availability situation at the households, especially for stockless households.",Agriculture/Disaster,NDMA Marsabit Drought Early Warning Bulletin August 2025,Marsabit_DEW_Bulletin_August_202520250911171517.pdf
"The main factors resulting in the persistent inadequate food consumption outcomes are the scale-down of humanitarian assistance, slow recovery from previous drought and market inefficiencies.",Agriculture/Disaster,NDMA Marsabit Drought Early Warning Bulletin August 2025,Marsabit_DEW_Bulletin_August_202520250911171517.pdf
Table 3.0 above displays food consumption scores across different wards.,Agriculture/Disaster,NDMA Marsabit Drought Early Warning Bulletin August 2025,Marsabit_DEW_Bulletin_August_202520250911171517.pdf
"recorded the lowest score, indicative of emergency level food security consumption outcomes, a situation attributed to insecurity incidences and poor market integration.",Agriculture/Disaster,NDMA Marsabit Drought Early Warning Bulletin August 2025,Marsabit_DEW_Bulletin_August_202520250911171517.pdf
"Uran, Sagante and Karare wards reported food consumption scores that were within the borderline, indicating that food security outcomes were in Crisis phase.",Agriculture/Disaster,NDMA Marsabit Drought Early Warning Bulletin August 2025,Marsabit_DEW_Bulletin_August_202520250911171517.pdf
"Crisis level food consumption outcomes are likely to persist in the next month due to insecurity, poor market integration and scale down of humanitarian support.",Agriculture/Disaster,NDMA Marsabit Drought Early Warning Bulletin August 2025,Marsabit_DEW_Bulletin_August_202520250911171517.pdf
"risk of malnutrition, a slight increase compared to the previous month.",Agriculture/Disaster,NDMA Marsabit Drought Early Warning Bulletin August 2025,Marsabit_DEW_Bulletin_August_202520250911171517.pdf
"The current MUAC rate is also above the long-term average MUAC at risk threshold of 17.3 percent for the period and the out-of-control limit of 19.7, thus indicative of an increase in malnutrition levels among under-five children, likely due to crisis level food security outcomes.",Agriculture/Disaster,NDMA Marsabit Drought Early Warning Bulletin August 2025,Marsabit_DEW_Bulletin_August_202520250911171517.pdf
This is largely attributed to the scale down of humanitarian support in addition to insecurity incidences and high commodity prices due to poor market integration.,Agriculture/Disaster,NDMA Marsabit Drought Early Warning Bulletin August 2025,Marsabit_DEW_Bulletin_August_202520250911171517.pdf
malnutrition in the Agropastoral and Pastoral areas.,Agriculture/Disaster,NDMA Marsabit Drought Early Warning Bulletin August 2025,Marsabit_DEW_Bulletin_August_202520250911171517.pdf
"In the Agropastoral Livelihood Zone, 7.7% of children were classified as moderately malnourished, and 14.7% were at risk of malnutrition.",Agriculture/Disaster,NDMA Marsabit Drought Early Warning Bulletin August 2025,Marsabit_DEW_Bulletin_August_202520250911171517.pdf
"In contrast, the Pastoral Livelihood Zone recorded a lower proportion of moderate malnutrition at 3.94% but a notably higher proportion of children at risk of malnutrition at 23.52%, alongside a presence of severe malnutrition at 0.62%, which was not reported in the Agropastoral zone.",Agriculture/Disaster,NDMA Marsabit Drought Early Warning Bulletin August 2025,Marsabit_DEW_Bulletin_August_202520250911171517.pdf
"These differences indicate that while moderate malnutrition is more prevalent in agropastoral areas, the pastoral livelihood zone is facing higher acute malnutrition vulnerability.",Agriculture/Disaster,NDMA Marsabit Drought Early Warning Bulletin August 2025,Marsabit_DEW_Bulletin_August_202520250911171517.pdf
"Index (rCSI) was 19.5, indicative of crisis-level consumption-based coping strategies.",Agriculture/Disaster,NDMA Marsabit Drought Early Warning Bulletin August 2025,Marsabit_DEW_Bulletin_August_202520250911171517.pdf
This is stable compared to the previous month at 19.2.,Agriculture/Disaster,NDMA Marsabit Drought Early Warning Bulletin August 2025,Marsabit_DEW_Bulletin_August_202520250911171517.pdf
46.9 percent and 34.5 percent of households applied crisis coping strategies in the pastoral and agropastoral zones respectively.,Agriculture/Disaster,NDMA Marsabit Drought Early Warning Bulletin August 2025,Marsabit_DEW_Bulletin_August_202520250911171517.pdf
"applied stressed coping strategies in the pastoral and agropastoral zones, respectively.",Agriculture/Disaster,NDMA Marsabit Drought Early Warning Bulletin August 2025,Marsabit_DEW_Bulletin_August_202520250911171517.pdf
"and chronic household food security deficiencies, mainly attributed to factors such as reduction of humanitarian support, poor market integration, insecurity incidences and slow recovery.",Agriculture/Disaster,NDMA Marsabit Drought Early Warning Bulletin August 2025,Marsabit_DEW_Bulletin_August_202520250911171517.pdf
signals the onset of the dry spell.,Agriculture/Disaster,NDMA Marsabit Drought Early Warning Bulletin August 2025,Marsabit_DEW_Bulletin_August_202520250911171517.pdf
"Vegetation conditions remain stable with a county VCI of 48.1 and an NDVI anomaly of 116%, indicating above-normal greenness in most areas.",Agriculture/Disaster,NDMA Marsabit Drought Early Warning Bulletin August 2025,Marsabit_DEW_Bulletin_August_202520250911171517.pdf
"However, localized deficits persist in wards such as Kargi, Logologo, and parts of Laisamis.",Agriculture/Disaster,NDMA Marsabit Drought Early Warning Bulletin August 2025,Marsabit_DEW_Bulletin_August_202520250911171517.pdf
"Water sources are currently stable, but surface water is gradually declining, and distances to household and livestock water points have risen slightly.",Agriculture/Disaster,NDMA Marsabit Drought Early Warning Bulletin August 2025,Marsabit_DEW_Bulletin_August_202520250911171517.pdf
"In the coming month, vegetation is expected to decline further as the dry season continues, while water stress will likely intensify, especially in already deficit-prone wards.",Agriculture/Disaster,NDMA Marsabit Drought Early Warning Bulletin August 2025,Marsabit_DEW_Bulletin_August_202520250911171517.pdf
"and water availability, but will likely deteriorate in September as pasture and browse quality declines.",Agriculture/Disaster,NDMA Marsabit Drought Early Warning Bulletin August 2025,Marsabit_DEW_Bulletin_August_202520250911171517.pdf
"Milk production averaged 2.4 litres per household per day in August, above the long-term norm, but is expected to drop gradually as herds move deeper into dry-season grazing areas.",Agriculture/Disaster,NDMA Marsabit Drought Early Warning Bulletin August 2025,Marsabit_DEW_Bulletin_August_202520250911171517.pdf
"Minimal livestock migration was observed in August, though an upward trend is likely as water and pasture deficits widen.",Agriculture/Disaster,NDMA Marsabit Drought Early Warning Bulletin August 2025,Marsabit_DEW_Bulletin_August_202520250911171517.pdf
"No drought-related livestock deaths were reported, but multiple disease outbreaks—including PPR, rabies, brucellosis, and camel diseases—pose ongoing risks that could undermine livestock productivity if not controlled.",Agriculture/Disaster,NDMA Marsabit Drought Early Warning Bulletin August 2025,Marsabit_DEW_Bulletin_August_202520250911171517.pdf
"Crop harvests of maize, beans, and cowpeas helped stabilize household food stocks, but post-harvest losses and pest infestations may reduce available supplies in the short term.",Agriculture/Disaster,NDMA Marsabit Drought Early Warning Bulletin August 2025,Marsabit_DEW_Bulletin_August_202520250911171517.pdf
stable cereal supplies from harvests and cross-border trade.,Agriculture/Disaster,NDMA Marsabit Drought Early Warning Bulletin August 2025,Marsabit_DEW_Bulletin_August_202520250911171517.pdf
"Household milk consumption was 1.2 litres per day, which is normal, but this is projected to decline in line with falling production.",Agriculture/Disaster,NDMA Marsabit Drought Early Warning Bulletin August 2025,Marsabit_DEW_Bulletin_August_202520250911171517.pdf
"Household water access is becoming more constrained, with return distances at 7.2 km, and livestock trekking distances rising to 15.4 km.",Agriculture/Disaster,NDMA Marsabit Drought Early Warning Bulletin August 2025,Marsabit_DEW_Bulletin_August_202520250911171517.pdf
"Both are still normal but trending upward, which suggests that water stress will deepen in September as surface sources diminish further.",Agriculture/Disaster,NDMA Marsabit Drought Early Warning Bulletin August 2025,Marsabit_DEW_Bulletin_August_202520250911171517.pdf
"This is expected to remain fragile in the coming month, especially in poorly integrated markets such as Loiyangalani, Korr, and North Horr, where food access challenges are already pronounced.",Agriculture/Disaster,NDMA Marsabit Drought Early Warning Bulletin August 2025,Marsabit_DEW_Bulletin_August_202520250911171517.pdf
"Nutrition outcomes worsened in August, with 22.1% of under-fives at risk of malnutrition, well above the seasonal threshold.",Agriculture/Disaster,NDMA Marsabit Drought Early Warning Bulletin August 2025,Marsabit_DEW_Bulletin_August_202520250911171517.pdf
"This trend is likely to persist or worsen in September due to reduced milk availability, insecurity, and limited humanitarian assistance.",Agriculture/Disaster,NDMA Marsabit Drought Early Warning Bulletin August 2025,Marsabit_DEW_Bulletin_August_202520250911171517.pdf
"Coping strategies also reflected household stress, with an rCSI of 19.5, above the normal limit.",Agriculture/Disaster,NDMA Marsabit Drought Early Warning Bulletin August 2025,Marsabit_DEW_Bulletin_August_202520250911171517.pdf
"Families are expected to continue adopting crisis-level coping mechanisms, including reducing meal portions and skipping meals, as food access deteriorates further.",Agriculture/Disaster,NDMA Marsabit Drought Early Warning Bulletin August 2025,Marsabit_DEW_Bulletin_August_202520250911171517.pdf
"Livestock vaccination, vector control, deworming, and disease control.",Agriculture/Disaster,NDMA Marsabit Drought Early Warning Bulletin August 2025,Marsabit_DEW_Bulletin_August_202520250911171517.pdf
Provision of food to low-cost boarding primary and secondary schools.,Agriculture/Disaster,NDMA Marsabit Drought Early Warning Bulletin August 2025,Marsabit_DEW_Bulletin_August_202520250911171517.pdf
"Situation & EW Phase Classification Biophysical Indicators Rainfall: In the month under review, northern and eastern parts of the County received relatively higher amounts compared to the central and southern parts.",Agriculture/Disaster,NDMA Marsabit Drought Early Warning Bulletin October 2025,Marsabit_DEW_Bulletin_October_202520251124132740.pdf
"Vegetation Condition: The VCI stood at 45.2, which is within the normal range of 35–50, though some wards reported moderate vegetation deficit.",Agriculture/Disaster,NDMA Marsabit Drought Early Warning Bulletin October 2025,Marsabit_DEW_Bulletin_October_202520251124132740.pdf
"NDVI anomaly was 90% of the long-term average, showing normal vegetation greenness.",Agriculture/Disaster,NDMA Marsabit Drought Early Warning Bulletin October 2025,Marsabit_DEW_Bulletin_October_202520251124132740.pdf
Water Sources: Water sources are drying up with frequent breakdowns of boreholes being reported.,Agriculture/Disaster,NDMA Marsabit Drought Early Warning Bulletin October 2025,Marsabit_DEW_Bulletin_October_202520251124132740.pdf
Groundwater recharge has declined.,Agriculture/Disaster,NDMA Marsabit Drought Early Warning Bulletin October 2025,Marsabit_DEW_Bulletin_October_202520251124132740.pdf
"Socio-Economic Indicators (Impact Indicators) Production Indicators: Most livestock species had body condition scores between 3 and 4 (fair to good), which is the normal range.",Agriculture/Disaster,NDMA Marsabit Drought Early Warning Bulletin October 2025,Marsabit_DEW_Bulletin_October_202520251124132740.pdf
"Households produced an average of 1.5 litres of milk per day, which is normal.",Agriculture/Disaster,NDMA Marsabit Drought Early Warning Bulletin October 2025,Marsabit_DEW_Bulletin_October_202520251124132740.pdf
"Livestock migration patterns remained normal, with migration along traditional routes.",Agriculture/Disaster,NDMA Marsabit Drought Early Warning Bulletin October 2025,Marsabit_DEW_Bulletin_October_202520251124132740.pdf
"Moyale Sub- County reported ongoing cases of PPR and CCPP, as well as camel respiratory diseases and reproductive issues in small stock.",Agriculture/Disaster,NDMA Marsabit Drought Early Warning Bulletin October 2025,Marsabit_DEW_Bulletin_October_202520251124132740.pdf
Laisamis reported camel HS and PPR in goats.,Agriculture/Disaster,NDMA Marsabit Drought Early Warning Bulletin October 2025,Marsabit_DEW_Bulletin_October_202520251124132740.pdf
"North Horr experienced high PPR incidence, outbreaks of rabies, and camel mortalities, while Saku reported rabies among various species and diarrhea deaths in kids, likely due to PPR.",Agriculture/Disaster,NDMA Marsabit Drought Early Warning Bulletin October 2025,Marsabit_DEW_Bulletin_October_202520251124132740.pdf
"Access Indicators: The ToT stood at 105, well above the normal threshold of 91, exhibiting favourable exchange terms for pastoral households.",Agriculture/Disaster,NDMA Marsabit Drought Early Warning Bulletin October 2025,Marsabit_DEW_Bulletin_October_202520251124132740.pdf
Households consumed an average of 1.0 litres per day.,Agriculture/Disaster,NDMA Marsabit Drought Early Warning Bulletin October 2025,Marsabit_DEW_Bulletin_October_202520251124132740.pdf
"Household return distance to water was 7.3 km (normal range 0–8.0 km), and livestock trekking distances were 15.1 km (normal <15.0 km).",Agriculture/Disaster,NDMA Marsabit Drought Early Warning Bulletin October 2025,Marsabit_DEW_Bulletin_October_202520251124132740.pdf
"Utilization Indicators: 29.0% of children under five were at risk of malnutrition, which is above the normal threshold of 0–18.2%.",Agriculture/Disaster,NDMA Marsabit Drought Early Warning Bulletin October 2025,Marsabit_DEW_Bulletin_October_202520251124132740.pdf
"The Reduced Coping Strategy Index (rCSI) was 20.4, higher than the normal threshold (<18), indicating that households increasingly relied on crisis-level coping strategies.",Agriculture/Disaster,NDMA Marsabit Drought Early Warning Bulletin October 2025,Marsabit_DEW_Bulletin_October_202520251124132740.pdf
"The Food Consumption Score (FCS) was 30.1, below the normal threshold (>35).",Agriculture/Disaster,NDMA Marsabit Drought Early Warning Bulletin October 2025,Marsabit_DEW_Bulletin_October_202520251124132740.pdf
An increase in the proportion of households in the poor food consumption group was noted in all the livelihood zones.,Agriculture/Disaster,NDMA Marsabit Drought Early Warning Bulletin October 2025,Marsabit_DEW_Bulletin_October_202520251124132740.pdf
Households applied crisis-level coping to address large food consumption gaps.,Agriculture/Disaster,NDMA Marsabit Drought Early Warning Bulletin October 2025,Marsabit_DEW_Bulletin_October_202520251124132740.pdf
(NDVI) and Rainfall for Estimate (RFE) and the corresponding historical averages.,Agriculture/Disaster,NDMA Marsabit Drought Early Warning Bulletin October 2025,Marsabit_DEW_Bulletin_October_202520251124132740.pdf
"According to the illustration, the month under review experienced an increase in precipitation levels in October, albeit at 74 percent of the long-term average across the three dekads.",Agriculture/Disaster,NDMA Marsabit Drought Early Warning Bulletin October 2025,Marsabit_DEW_Bulletin_October_202520251124132740.pdf
"The 3-month NDVI anomaly for October 2025 indicates slightly below-normal vegetation conditions, at 90 percent of normal.",Agriculture/Disaster,NDMA Marsabit Drought Early Warning Bulletin October 2025,Marsabit_DEW_Bulletin_October_202520251124132740.pdf
"recorded, respectively, over a period of four to seven rainy days.",Agriculture/Disaster,NDMA Marsabit Drought Early Warning Bulletin October 2025,Marsabit_DEW_Bulletin_October_202520251124132740.pdf
"The highest daily rainfall was observed at the Moyale Station on 27th October, with 40.2 mm recorded.",Agriculture/Disaster,NDMA Marsabit Drought Early Warning Bulletin October 2025,Marsabit_DEW_Bulletin_October_202520251124132740.pdf
"were recorded across the Mountain, Sagante, and Karare areas.",Agriculture/Disaster,NDMA Marsabit Drought Early Warning Bulletin October 2025,Marsabit_DEW_Bulletin_October_202520251124132740.pdf
varied rainfall in October 2025.,Agriculture/Disaster,NDMA Marsabit Drought Early Warning Bulletin October 2025,Marsabit_DEW_Bulletin_October_202520251124132740.pdf
"Most areas, including Maikona, Kargi, Laisamis, and parts of Loiyangalani, recorded low rainfall ranging between 0–4 mm.",Agriculture/Disaster,NDMA Marsabit Drought Early Warning Bulletin October 2025,Marsabit_DEW_Bulletin_October_202520251124132740.pdf
"Moderate rainfall (4–12 mm) was observed in Dukana, Turbi, and North Horr, while higher rainfall amounts (12–20 mm) were recorded in the eastern parts, notably Golbo, Obbu, and Butiye.",Agriculture/Disaster,NDMA Marsabit Drought Early Warning Bulletin October 2025,Marsabit_DEW_Bulletin_October_202520251124132740.pdf
"A few localized areas, such as Logologo, experienced rainfall exceeding 20 mm.",Agriculture/Disaster,NDMA Marsabit Drought Early Warning Bulletin October 2025,Marsabit_DEW_Bulletin_October_202520251124132740.pdf
"Generally, the county exhibited poor spatial variability, with northern and eastern parts receiving relatively higher totals compared to the central and southern parts.",Agriculture/Disaster,NDMA Marsabit Drought Early Warning Bulletin October 2025,Marsabit_DEW_Bulletin_October_202520251124132740.pdf
normal to above- normal greenness.,Agriculture/Disaster,NDMA Marsabit Drought Early Warning Bulletin October 2025,Marsabit_DEW_Bulletin_October_202520251124132740.pdf
"However, central and southern parts of the County, including pockets of Kargi, Korr, Karare, Logologo, and Laisamis, indicate moderate to severe vegetation deficits.",Agriculture/Disaster,NDMA Marsabit Drought Early Warning Bulletin October 2025,Marsabit_DEW_Bulletin_October_202520251124132740.pdf
Extreme deficits are particularly concentrated in southern zones like Kargi and Laisamis thus indication of vegetation deterioration as dry than usual conditions.,Agriculture/Disaster,NDMA Marsabit Drought Early Warning Bulletin October 2025,Marsabit_DEW_Bulletin_October_202520251124132740.pdf
"While a few wards, such as Kargi and Loiyangalani, recorded notable improvements, most wards, particularly Laisamis, Logologo, Heillu, and Illeret, recorded declining VCI values, indicating worsening vegetation conditions.",Agriculture/Disaster,NDMA Marsabit Drought Early Warning Bulletin October 2025,Marsabit_DEW_Bulletin_October_202520251124132740.pdf
"Northern wards, such as Dukana, Maikona, and Karare, remained stable with above-normal greenness; however, these gains did not offset the broader decline observed in the southern and eastern parts of the county.",Agriculture/Disaster,NDMA Marsabit Drought Early Warning Bulletin October 2025,Marsabit_DEW_Bulletin_October_202520251124132740.pdf
"Generally, vegetation conditions deteriorated from September to October, driven by the persistence of drier-than-usual conditions across most parts of the County.",Agriculture/Disaster,NDMA Marsabit Drought Early Warning Bulletin October 2025,Marsabit_DEW_Bulletin_October_202520251124132740.pdf
"18 percent of the pasture was rated as good, while 50 percent was rated as fair.",Agriculture/Disaster,NDMA Marsabit Drought Early Warning Bulletin October 2025,Marsabit_DEW_Bulletin_October_202520251124132740.pdf
"This represents a deterioration from the previous month, where 20 percent of pasture was reported as good and 60 percent was rated as fair across all livelihood zones.",Agriculture/Disaster,NDMA Marsabit Drought Early Warning Bulletin October 2025,Marsabit_DEW_Bulletin_October_202520251124132740.pdf
"The deterioration is largely attributed to the hot and dry weather conditions experienced across the County, especially in the first two dekads of the month.",Agriculture/Disaster,NDMA Marsabit Drought Early Warning Bulletin October 2025,Marsabit_DEW_Bulletin_October_202520251124132740.pdf
"A major factor restricting access to pasture is the proliferation of invasive plant species, particularly Acacia reficiens and Prosopis spp., which are rapidly encroaching on grazing areas.",Agriculture/Disaster,NDMA Marsabit Drought Early Warning Bulletin October 2025,Marsabit_DEW_Bulletin_October_202520251124132740.pdf
"In Laisamis Sub-County, Prosopis spp. and Acacia reficiens are estimated to cover approximately 3,000 hectares and 20,000 hectares, respectively.",Agriculture/Disaster,NDMA Marsabit Drought Early Warning Bulletin October 2025,Marsabit_DEW_Bulletin_October_202520251124132740.pdf
"In Saku Sub-County, key invasive species include Capparis tomentosa, Solanum incanum, and Lantana camara.",Agriculture/Disaster,NDMA Marsabit Drought Early Warning Bulletin October 2025,Marsabit_DEW_Bulletin_October_202520251124132740.pdf
"The Prosopis invasion is also aggressively spreading in parts of Golbo and Butiye wards of Moyale Sub-County, posing a significant threat to pasture availability.",Agriculture/Disaster,NDMA Marsabit Drought Early Warning Bulletin October 2025,Marsabit_DEW_Bulletin_October_202520251124132740.pdf
"zones, with 21 percent rated as good and 63 percent as fair.",Agriculture/Disaster,NDMA Marsabit Drought Early Warning Bulletin October 2025,Marsabit_DEW_Bulletin_October_202520251124132740.pdf
"This marks a slight deterioration compared to the previous month, which recorded 28 percent good and 60 percent fair.",Agriculture/Disaster,NDMA Marsabit Drought Early Warning Bulletin October 2025,Marsabit_DEW_Bulletin_October_202520251124132740.pdf
The deterioration is attributed to the persistent drier-than-usual conditions experienced across the County.,Agriculture/Disaster,NDMA Marsabit Drought Early Warning Bulletin October 2025,Marsabit_DEW_Bulletin_October_202520251124132740.pdf
"Despite the decline, browse quality and quantity are expected to remain above normal in most areas of the County over the short term.",Agriculture/Disaster,NDMA Marsabit Drought Early Warning Bulletin October 2025,Marsabit_DEW_Bulletin_October_202520251124132740.pdf
Available forage across the different livelihood zones is projected to sustain livestock up to the onset of the next rainy season.,Agriculture/Disaster,NDMA Marsabit Drought Early Warning Bulletin October 2025,Marsabit_DEW_Bulletin_October_202520251124132740.pdf
"notable increase in the use of surface water sources, and slight decreasein the use of ground and subsurface sources.",Agriculture/Disaster,NDMA Marsabit Drought Early Warning Bulletin October 2025,Marsabit_DEW_Bulletin_October_202520251124132740.pdf
"Boreholes remained the most utilized water source, accounting for 37.5 percent of total usage, followed by shallow wells at 24.5 percent.",Agriculture/Disaster,NDMA Marsabit Drought Early Warning Bulletin October 2025,Marsabit_DEW_Bulletin_October_202520251124132740.pdf
traditional river wells recorded 10.8 percent.,Agriculture/Disaster,NDMA Marsabit Drought Early Warning Bulletin October 2025,Marsabit_DEW_Bulletin_October_202520251124132740.pdf
"The availability of surface water has slightly increased due to the increase in precipitation levels in the second half of the month, which is typical for this time of the year.",Agriculture/Disaster,NDMA Marsabit Drought Early Warning Bulletin October 2025,Marsabit_DEW_Bulletin_October_202520251124132740.pdf
"Water stress and borehole breakdowns were reported across several sub-counties in Marsabit County, affecting both human and livestock access to water.",Agriculture/Disaster,NDMA Marsabit Drought Early Warning Bulletin October 2025,Marsabit_DEW_Bulletin_October_202520251124132740.pdf
Several boreholes across Marsabit County have broken down or are experiencing severe water stress.,Agriculture/Disaster,NDMA Marsabit Drought Early Warning Bulletin October 2025,Marsabit_DEW_Bulletin_October_202520251124132740.pdf
"Sub-County, the affected boreholes include Shashafi, Muthama, Kooba, and Bori.",Agriculture/Disaster,NDMA Marsabit Drought Early Warning Bulletin October 2025,Marsabit_DEW_Bulletin_October_202520251124132740.pdf
"Sub-County reports breakdowns in Gudas, Soriadi (Logologo), California, Halisurwa, Balaah, Saanget, Tubcha, and Gambare all requiring repair and rehabilitation.",Agriculture/Disaster,NDMA Marsabit Drought Early Warning Bulletin October 2025,Marsabit_DEW_Bulletin_October_202520251124132740.pdf
"Additional affected sites in the sub-county are Kambinye, Kargi, Gangeisa, and Torri Rammo boreholes.",Agriculture/Disaster,NDMA Marsabit Drought Early Warning Bulletin October 2025,Marsabit_DEW_Bulletin_October_202520251124132740.pdf
"In North Horr Sub-County, Bubisa I, Bubisa II, and Marine (Elhadi) boreholes are nonfunctional.",Agriculture/Disaster,NDMA Marsabit Drought Early Warning Bulletin October 2025,Marsabit_DEW_Bulletin_October_202520251124132740.pdf
"Lastly, in Saku Sub-County, the Shegel–Abbatoir borehole has also broken down.",Agriculture/Disaster,NDMA Marsabit Drought Early Warning Bulletin October 2025,Marsabit_DEW_Bulletin_October_202520251124132740.pdf
Urgent maintenance and rehabilitation interventions are needed to restore water access in these affected areas.,Agriculture/Disaster,NDMA Marsabit Drought Early Warning Bulletin October 2025,Marsabit_DEW_Bulletin_October_202520251124132740.pdf
"a slight decrease from 7.9 km in the previous month to 7.2 km (within normal), attributed to increased precipitation levels in the latter part of the month.",Agriculture/Disaster,NDMA Marsabit Drought Early Warning Bulletin October 2025,Marsabit_DEW_Bulletin_October_202520251124132740.pdf
breakdown of boreholes and drying up of the majority of open water sources persist across all livelihood zones.,Agriculture/Disaster,NDMA Marsabit Drought Early Warning Bulletin October 2025,Marsabit_DEW_Bulletin_October_202520251124132740.pdf
"averaging 10–12 litres per person per day, compared to the typical 15–20 litres in all the livelihood zones.",Agriculture/Disaster,NDMA Marsabit Drought Early Warning Bulletin October 2025,Marsabit_DEW_Bulletin_October_202520251124132740.pdf
"Waiting times at water sources slightly decreased, ranging between 35– 50 minutes in agro-pastoral zones (down from prevoious month’s 45–60 minutes) and 45– 60 minutes in pastoral zones (down from prevoious month’s 60–90 minutes).",Agriculture/Disaster,NDMA Marsabit Drought Early Warning Bulletin October 2025,Marsabit_DEW_Bulletin_October_202520251124132740.pdf
decrease in the next month across the livelihood zones.,Agriculture/Disaster,NDMA Marsabit Drought Early Warning Bulletin October 2025,Marsabit_DEW_Bulletin_October_202520251124132740.pdf
water points slightly decreased from 16.4 to 15 Km currently.,Agriculture/Disaster,NDMA Marsabit Drought Early Warning Bulletin October 2025,Marsabit_DEW_Bulletin_October_202520251124132740.pdf
This distance coincides with th normal grazing distance of 15 km for the period.,Agriculture/Disaster,NDMA Marsabit Drought Early Warning Bulletin October 2025,Marsabit_DEW_Bulletin_October_202520251124132740.pdf
"Livestock return grazing distances varied significantly across the wards, reflecting the availability and accessibility of pasture.",Agriculture/Disaster,NDMA Marsabit Drought Early Warning Bulletin October 2025,Marsabit_DEW_Bulletin_October_202520251124132740.pdf
"The longest distances were recorded in North Horr (28 km) and Merille (26 km each), followed by Dukana (18Km), Turbi and Bori (14 km each).",Agriculture/Disaster,NDMA Marsabit Drought Early Warning Bulletin October 2025,Marsabit_DEW_Bulletin_October_202520251124132740.pdf
These longer distances suggest that migration of livestock farther from settlements in search of forage and water resource was prevalent during the reporting period.,Agriculture/Disaster,NDMA Marsabit Drought Early Warning Bulletin October 2025,Marsabit_DEW_Bulletin_October_202520251124132740.pdf
"In all livelihood zones, the watering interval for cattle is every 1-2 days.",Agriculture/Disaster,NDMA Marsabit Drought Early Warning Bulletin October 2025,Marsabit_DEW_Bulletin_October_202520251124132740.pdf
"every 6-10 days, which is slightly longer than the typical 5-7 days, while sheep and goats are watered every 3 days, which is also somewhat longer than normal.",Agriculture/Disaster,NDMA Marsabit Drought Early Warning Bulletin October 2025,Marsabit_DEW_Bulletin_October_202520251124132740.pdf
vegetation condition and drying up of open water sources across the livelihood zones.,Agriculture/Disaster,NDMA Marsabit Drought Early Warning Bulletin October 2025,Marsabit_DEW_Bulletin_October_202520251124132740.pdf
range; fair to good across all livelihood zones.,Agriculture/Disaster,NDMA Marsabit Drought Early Warning Bulletin October 2025,Marsabit_DEW_Bulletin_October_202520251124132740.pdf
"This is largely attributed to the combined effect of above-normal long rains and relatively low tropical livestock units (TLUs), which reduced pressure on available grazing resources.",Agriculture/Disaster,NDMA Marsabit Drought Early Warning Bulletin October 2025,Marsabit_DEW_Bulletin_October_202520251124132740.pdf
"the later part of the month, thus limiting access to lactating animals.",Agriculture/Disaster,NDMA Marsabit Drought Early Warning Bulletin October 2025,Marsabit_DEW_Bulletin_October_202520251124132740.pdf
"Furthermore, a number of issues still plague the livestock sector, such as the frequency of livestock diseases, a lack of high-quality breeding stock, and limited access to water in some areas of the county, all of which could hinder future progress in livestock production.",Agriculture/Disaster,NDMA Marsabit Drought Early Warning Bulletin October 2025,Marsabit_DEW_Bulletin_October_202520251124132740.pdf
"from fair body condition (BCS 3) to good (BCS 5), which is considered normal for this time of year.",Agriculture/Disaster,NDMA Marsabit Drought Early Warning Bulletin October 2025,Marsabit_DEW_Bulletin_October_202520251124132740.pdf
"The body condition of both small and large stock remained generally stable, with no significant change compared to the previous month.",Agriculture/Disaster,NDMA Marsabit Drought Early Warning Bulletin October 2025,Marsabit_DEW_Bulletin_October_202520251124132740.pdf
"However, isolated cases of poor to fair body condition were reported, primarily linked to an upsurge of livestock disease incidences.",Agriculture/Disaster,NDMA Marsabit Drought Early Warning Bulletin October 2025,Marsabit_DEW_Bulletin_October_202520251124132740.pdf
"In Moyale Sub-county, the affected areas include Sololo, Madoadi, Waye, Amballo, Elle Dimtu, Gawale, Uran, Funan Qumbi, Bori, Golbo, Obbu, Misa, and Antuta.",Agriculture/Disaster,NDMA Marsabit Drought Early Warning Bulletin October 2025,Marsabit_DEW_Bulletin_October_202520251124132740.pdf
"In Laisamis Sub- county, cases were reported in Kargi, South Horr, Korr, and Ngurunit wards.",Agriculture/Disaster,NDMA Marsabit Drought Early Warning Bulletin October 2025,Marsabit_DEW_Bulletin_October_202520251124132740.pdf
"In North Horr Sub-county, the affected areas include Kambi Nyoka (Turbi ward), Burgabo, and Dukana, with PPR upsurge reported across all wards in the sub-county.",Agriculture/Disaster,NDMA Marsabit Drought Early Warning Bulletin October 2025,Marsabit_DEW_Bulletin_October_202520251124132740.pdf
Incidences of ticks and lice affecting goats were noted in North Horr area.,Agriculture/Disaster,NDMA Marsabit Drought Early Warning Bulletin October 2025,Marsabit_DEW_Bulletin_October_202520251124132740.pdf
within the fair to good range.,Agriculture/Disaster,NDMA Marsabit Drought Early Warning Bulletin October 2025,Marsabit_DEW_Bulletin_October_202520251124132740.pdf
"This projected improvement will be driven by the improvement of forage and water resources, as increased precipitation persists across the livelihood zones.",Agriculture/Disaster,NDMA Marsabit Drought Early Warning Bulletin October 2025,Marsabit_DEW_Bulletin_October_202520251124132740.pdf
"County, propelled by the general deterioration of grazing resources.",Agriculture/Disaster,NDMA Marsabit Drought Early Warning Bulletin October 2025,Marsabit_DEW_Bulletin_October_202520251124132740.pdf
Livestock migration patterns across Marsabit County followed typical dry-season trends.,Agriculture/Disaster,NDMA Marsabit Drought Early Warning Bulletin October 2025,Marsabit_DEW_Bulletin_October_202520251124132740.pdf
"In Laisamis Sub-County, livestock migrated from Ngurunit, Korr, and Logologo toward the dry-season grazing areas of Kom, Kargi, and South Horr.",Agriculture/Disaster,NDMA Marsabit Drought Early Warning Bulletin October 2025,Marsabit_DEW_Bulletin_October_202520251124132740.pdf
"In North Horr Sub-County, migration was noted from Maikona, El Beso, and Telesgaye toward Dosawachu, Kambi Nyoka, Idhidho, and Balesa, where forage is relatively more available.",Agriculture/Disaster,NDMA Marsabit Drought Early Warning Bulletin October 2025,Marsabit_DEW_Bulletin_October_202520251124132740.pdf
"In Moyale, limited livestock movements were reported from Obbu, Uran, and Golbo toward Sololo and Funan Qumbi.",Agriculture/Disaster,NDMA Marsabit Drought Early Warning Bulletin October 2025,Marsabit_DEW_Bulletin_October_202520251124132740.pdf
"In Saku, most livestock remained around Karare and Jaldesa.",Agriculture/Disaster,NDMA Marsabit Drought Early Warning Bulletin October 2025,Marsabit_DEW_Bulletin_October_202520251124132740.pdf
"In Laisamis Sub County, livestock migrated towards Ndonyo Wasin in Samburu County and towards Mt.",Agriculture/Disaster,NDMA Marsabit Drought Early Warning Bulletin October 2025,Marsabit_DEW_Bulletin_October_202520251124132740.pdf
"Kulal, Sarima, Soit and South Horr.",Agriculture/Disaster,NDMA Marsabit Drought Early Warning Bulletin October 2025,Marsabit_DEW_Bulletin_October_202520251124132740.pdf
"In North Horr, some livestock tock migrated towards Balesa, Dukana, Shur and Idhidho areas.In Moyale, migration has been noted from ares of Badanrero, Laaqi and Ambalo to Adadi – Oga area and others from Rawana, Walda areas to Sololo and Dambala Fachana.",Agriculture/Disaster,NDMA Marsabit Drought Early Warning Bulletin October 2025,Marsabit_DEW_Bulletin_October_202520251124132740.pdf
"Similarly, migration has been noted from Elebor and Eledimtu towards Ethiopia.",Agriculture/Disaster,NDMA Marsabit Drought Early Warning Bulletin October 2025,Marsabit_DEW_Bulletin_October_202520251124132740.pdf
compared to good years preceding the protracted drought periods.,Agriculture/Disaster,NDMA Marsabit Drought Early Warning Bulletin October 2025,Marsabit_DEW_Bulletin_October_202520251124132740.pdf
"However, abundant grazing resources across most of the County in the last two years has sustained fair to good livestock body condition, resulting in calving, kidding, and lambing over the past three seasons.",Agriculture/Disaster,NDMA Marsabit Drought Early Warning Bulletin October 2025,Marsabit_DEW_Bulletin_October_202520251124132740.pdf
diseases and an increased cases of abortions that continue to pose significant challenges to livestock production's full recovery.,Agriculture/Disaster,NDMA Marsabit Drought Early Warning Bulletin October 2025,Marsabit_DEW_Bulletin_October_202520251124132740.pdf
"(54.5percent) of the cases, followed by sheep, camels, and cattle.",Agriculture/Disaster,NDMA Marsabit Drought Early Warning Bulletin October 2025,Marsabit_DEW_Bulletin_October_202520251124132740.pdf
"The pattern of clinical signs is highly consistent with Peste des Petits Ruminants (PPR), a severe and economically important disease of small ruminants that is endemic in Marsabit County.",Agriculture/Disaster,NDMA Marsabit Drought Early Warning Bulletin October 2025,Marsabit_DEW_Bulletin_October_202520251124132740.pdf
"Helminthiasis, Pneumonia, Brucellosis, and Haemorrhagic Septicemia.",Agriculture/Disaster,NDMA Marsabit Drought Early Warning Bulletin October 2025,Marsabit_DEW_Bulletin_October_202520251124132740.pdf
"widespread PPR outbreaks, especially in acute and chronic forms.",Agriculture/Disaster,NDMA Marsabit Drought Early Warning Bulletin October 2025,Marsabit_DEW_Bulletin_October_202520251124132740.pdf
"PPR is known to cause diarrhoea, eye and nasal discharge, mouth sores, emaciation, and death, particularly in goats, while sheep are less severely affected.",Agriculture/Disaster,NDMA Marsabit Drought Early Warning Bulletin October 2025,Marsabit_DEW_Bulletin_October_202520251124132740.pdf
Sub-county reports confirm the widespread nature of these diseases.,Agriculture/Disaster,NDMA Marsabit Drought Early Warning Bulletin October 2025,Marsabit_DEW_Bulletin_October_202520251124132740.pdf
"reported ongoing cases of PPR and CCPP, as well as camel respiratory diseases and reproductive issues in small stock.",Agriculture/Disaster,NDMA Marsabit Drought Early Warning Bulletin October 2025,Marsabit_DEW_Bulletin_October_202520251124132740.pdf
"North Horr experienced high PPR incidence, outbreaks of rabies, and camel mortalities, while Saku reported rabies among various species and diarrhoeal deaths in kids, likely due to PPR.",Agriculture/Disaster,NDMA Marsabit Drought Early Warning Bulletin October 2025,Marsabit_DEW_Bulletin_October_202520251124132740.pdf
"In summary, PPR remains the leading livestock health concern in Marsabit County, particularly affecting goats.",Agriculture/Disaster,NDMA Marsabit Drought Early Warning Bulletin October 2025,Marsabit_DEW_Bulletin_October_202520251124132740.pdf
"Its persistence, along with other diseases such as CCPP, HS, and rabies, underscores the urgent need for coordinated disease surveillance, vaccination, and control programs to protect livelihoods that depend on livestock.",Agriculture/Disaster,NDMA Marsabit Drought Early Warning Bulletin October 2025,Marsabit_DEW_Bulletin_October_202520251124132740.pdf
"livelihood zones slightly declined from 1.7 liters the previous month to the current 1.5 liters, slightly above the long-term average of 1.4 liters for this period.",Agriculture/Disaster,NDMA Marsabit Drought Early Warning Bulletin October 2025,Marsabit_DEW_Bulletin_October_202520251124132740.pdf
which has reduced household access to lactating animals.,Agriculture/Disaster,NDMA Marsabit Drought Early Warning Bulletin October 2025,Marsabit_DEW_Bulletin_October_202520251124132740.pdf
calving and kidding and the expected positive effect of OND rains in fodder and pasture production.,Agriculture/Disaster,NDMA Marsabit Drought Early Warning Bulletin October 2025,Marsabit_DEW_Bulletin_October_202520251124132740.pdf
food crops across the reporting area.,Agriculture/Disaster,NDMA Marsabit Drought Early Warning Bulletin October 2025,Marsabit_DEW_Bulletin_October_202520251124132740.pdf
"Maize covers about 820 hectares, beans about 1,230 hectares, and green grams/cowpeas approximately 100 hectares.",Agriculture/Disaster,NDMA Marsabit Drought Early Warning Bulletin October 2025,Marsabit_DEW_Bulletin_October_202520251124132740.pdf
"All crops are currently at the germination stage, with performance described as good despite a late onset of rains.",Agriculture/Disaster,NDMA Marsabit Drought Early Warning Bulletin October 2025,Marsabit_DEW_Bulletin_October_202520251124132740.pdf
"Ongoing field activities include planting and weeding, while soil pests, particularly cutworms, have been observed affecting the emerging crop.",Agriculture/Disaster,NDMA Marsabit Drought Early Warning Bulletin October 2025,Marsabit_DEW_Bulletin_October_202520251124132740.pdf
"42,126, depicting a decline from Kshs.",Agriculture/Disaster,NDMA Marsabit Drought Early Warning Bulletin October 2025,Marsabit_DEW_Bulletin_October_202520251124132740.pdf
"43,250 reported in the previous month.",Agriculture/Disaster,NDMA Marsabit Drought Early Warning Bulletin October 2025,Marsabit_DEW_Bulletin_October_202520251124132740.pdf
"The decline is attributed to the supply-demand dynamics at the markets due to factors such as migration as herders move to areas which have already received some rains, coupled with the possibility of below normal rains.",Agriculture/Disaster,NDMA Marsabit Drought Early Warning Bulletin October 2025,Marsabit_DEW_Bulletin_October_202520251124132740.pdf
The current cattle price is significantly above the short-term average of Kshs.,Agriculture/Disaster,NDMA Marsabit Drought Early Warning Bulletin October 2025,Marsabit_DEW_Bulletin_October_202520251124132740.pdf
is mostly attributable to the good body condition of cattle.,Agriculture/Disaster,NDMA Marsabit Drought Early Warning Bulletin October 2025,Marsabit_DEW_Bulletin_October_202520251124132740.pdf
The highest price was recorded in North Horr livestock market at Kshs.,Agriculture/Disaster,NDMA Marsabit Drought Early Warning Bulletin October 2025,Marsabit_DEW_Bulletin_October_202520251124132740.pdf
"65,500, followed by Jirime at Kshs.",Agriculture/Disaster,NDMA Marsabit Drought Early Warning Bulletin October 2025,Marsabit_DEW_Bulletin_October_202520251124132740.pdf
"57,600, indicating stronger market integration and functionality.",Agriculture/Disaster,NDMA Marsabit Drought Early Warning Bulletin October 2025,Marsabit_DEW_Bulletin_October_202520251124132740.pdf
Moyale and Merille also posted relatively favorable prices at Kshs.,Agriculture/Disaster,NDMA Marsabit Drought Early Warning Bulletin October 2025,Marsabit_DEW_Bulletin_October_202520251124132740.pdf
Sololo and Dukana markets recorded a mid-range price of Kshs.,Agriculture/Disaster,NDMA Marsabit Drought Early Warning Bulletin October 2025,Marsabit_DEW_Bulletin_October_202520251124132740.pdf
The lowest price was reported in Loiyangalani at Kshs.,Agriculture/Disaster,NDMA Marsabit Drought Early Warning Bulletin October 2025,Marsabit_DEW_Bulletin_October_202520251124132740.pdf
"20,000, largely attributed to poor market integration due to geographical location.",Agriculture/Disaster,NDMA Marsabit Drought Early Warning Bulletin October 2025,Marsabit_DEW_Bulletin_October_202520251124132740.pdf
with a possibility of further decline if the OND rains fail.,Agriculture/Disaster,NDMA Marsabit Drought Early Warning Bulletin October 2025,Marsabit_DEW_Bulletin_October_202520251124132740.pdf
The illustration above indicates the current average price of a medium-sized goat at Kshs.,Agriculture/Disaster,NDMA Marsabit Drought Early Warning Bulletin October 2025,Marsabit_DEW_Bulletin_October_202520251124132740.pdf
"7,084, which is stable compared Kshs.",Agriculture/Disaster,NDMA Marsabit Drought Early Warning Bulletin October 2025,Marsabit_DEW_Bulletin_October_202520251124132740.pdf
"7,137 recorded during the previous month.",Agriculture/Disaster,NDMA Marsabit Drought Early Warning Bulletin October 2025,Marsabit_DEW_Bulletin_October_202520251124132740.pdf
Above normal goat prices during the month under review were attributed to generally good body condition for goats and sustained demand for goats.,Agriculture/Disaster,NDMA Marsabit Drought Early Warning Bulletin October 2025,Marsabit_DEW_Bulletin_October_202520251124132740.pdf
The highest average price was recorded in North Horr at Kshs.,Agriculture/Disaster,NDMA Marsabit Drought Early Warning Bulletin October 2025,Marsabit_DEW_Bulletin_October_202520251124132740.pdf
Marsabit (Jirime market) at Kshs.,Agriculture/Disaster,NDMA Marsabit Drought Early Warning Bulletin October 2025,Marsabit_DEW_Bulletin_October_202520251124132740.pdf
"9,000, indicating strong market demand and good goat body conditions in these areas.",Agriculture/Disaster,NDMA Marsabit Drought Early Warning Bulletin October 2025,Marsabit_DEW_Bulletin_October_202520251124132740.pdf
"Moyale, Sololo and Dukana markets posted a mid-range price of Kshs.",Agriculture/Disaster,NDMA Marsabit Drought Early Warning Bulletin October 2025,Marsabit_DEW_Bulletin_October_202520251124132740.pdf
Merille market recorded an average price of Kshs.,Agriculture/Disaster,NDMA Marsabit Drought Early Warning Bulletin October 2025,Marsabit_DEW_Bulletin_October_202520251124132740.pdf
"6,000 while Loiyangalani followed closely at Kshs.",Agriculture/Disaster,NDMA Marsabit Drought Early Warning Bulletin October 2025,Marsabit_DEW_Bulletin_October_202520251124132740.pdf
"4,500, and the lowest price was observed in Korr market at Kshs.",Agriculture/Disaster,NDMA Marsabit Drought Early Warning Bulletin October 2025,Marsabit_DEW_Bulletin_October_202520251124132740.pdf
"During the reporting period, goat price variations were attributed to migrations to and from external market functionalities and poor linkages.",Agriculture/Disaster,NDMA Marsabit Drought Early Warning Bulletin October 2025,Marsabit_DEW_Bulletin_October_202520251124132740.pdf
"5,200, a slight decrease compared to the previous month.",Agriculture/Disaster,NDMA Marsabit Drought Early Warning Bulletin October 2025,Marsabit_DEW_Bulletin_October_202520251124132740.pdf
This was attributed to the prevailing hot and dry conditions.,Agriculture/Disaster,NDMA Marsabit Drought Early Warning Bulletin October 2025,Marsabit_DEW_Bulletin_October_202520251124132740.pdf
the long-term average of Kshs.,Agriculture/Disaster,NDMA Marsabit Drought Early Warning Bulletin October 2025,Marsabit_DEW_Bulletin_October_202520251124132740.pdf
"3,924 for the same period, largely due to good body condition.",Agriculture/Disaster,NDMA Marsabit Drought Early Warning Bulletin October 2025,Marsabit_DEW_Bulletin_October_202520251124132740.pdf
differences in body condition.,Agriculture/Disaster,NDMA Marsabit Drought Early Warning Bulletin October 2025,Marsabit_DEW_Bulletin_October_202520251124132740.pdf
The highest prices were recorded in North Horr (Kshs.,Agriculture/Disaster,NDMA Marsabit Drought Early Warning Bulletin October 2025,Marsabit_DEW_Bulletin_October_202520251124132740.pdf
"7,500), indicating strong demand and good sheep body condition in these areas.",Agriculture/Disaster,NDMA Marsabit Drought Early Warning Bulletin October 2025,Marsabit_DEW_Bulletin_October_202520251124132740.pdf
Moyale and Merille markets also posted a favorable price of Kshs.,Agriculture/Disaster,NDMA Marsabit Drought Early Warning Bulletin October 2025,Marsabit_DEW_Bulletin_October_202520251124132740.pdf
"However, Loiyangalani (Kshs.",Agriculture/Disaster,NDMA Marsabit Drought Early Warning Bulletin October 2025,Marsabit_DEW_Bulletin_October_202520251124132740.pdf
"3,250), Loiyangalani and Korr recorded the lowest average prices at Kshs.",Agriculture/Disaster,NDMA Marsabit Drought Early Warning Bulletin October 2025,Marsabit_DEW_Bulletin_October_202520251124132740.pdf
"improve in the coming month across most livelihood zones, and are likely to remain above the long-term average.",Agriculture/Disaster,NDMA Marsabit Drought Early Warning Bulletin October 2025,Marsabit_DEW_Bulletin_October_202520251124132740.pdf
"71 per kilogram, indicating a slight increase compared to the previous month's price of Kshs.",Agriculture/Disaster,NDMA Marsabit Drought Early Warning Bulletin October 2025,Marsabit_DEW_Bulletin_October_202520251124132740.pdf
This price is also considered slightly above normal when compared to the short-term average of Kshs.,Agriculture/Disaster,NDMA Marsabit Drought Early Warning Bulletin October 2025,Marsabit_DEW_Bulletin_October_202520251124132740.pdf
"The stable maize prices are largely attributed to increased supply from external commodity markets, including cross-border imports.",Agriculture/Disaster,NDMA Marsabit Drought Early Warning Bulletin October 2025,Marsabit_DEW_Bulletin_October_202520251124132740.pdf
The highest price was recorded in North Horr at Kshs.,Agriculture/Disaster,NDMA Marsabit Drought Early Warning Bulletin October 2025,Marsabit_DEW_Bulletin_October_202520251124132740.pdf
"100 per kilogram, followed by Korr at Kshs.",Agriculture/Disaster,NDMA Marsabit Drought Early Warning Bulletin October 2025,Marsabit_DEW_Bulletin_October_202520251124132740.pdf
"87, likely due to supply constraints and high transport costs in remote areas.",Agriculture/Disaster,NDMA Marsabit Drought Early Warning Bulletin October 2025,Marsabit_DEW_Bulletin_October_202520251124132740.pdf
Jirime market reported a price of Kshs.,Agriculture/Disaster,NDMA Marsabit Drought Early Warning Bulletin October 2025,Marsabit_DEW_Bulletin_October_202520251124132740.pdf
"70, same as Loiyangalani, which aligns with the County average.",Agriculture/Disaster,NDMA Marsabit Drought Early Warning Bulletin October 2025,Marsabit_DEW_Bulletin_October_202520251124132740.pdf
"Markets in Sololo, Moyale, Turbi, and Dukana recorded Kshs.",Agriculture/Disaster,NDMA Marsabit Drought Early Warning Bulletin October 2025,Marsabit_DEW_Bulletin_October_202520251124132740.pdf
"60, influenced by cross-border trade with Ethiopia. while Merille market recorded the lowest price at Kshs.",Agriculture/Disaster,NDMA Marsabit Drought Early Warning Bulletin October 2025,Marsabit_DEW_Bulletin_October_202520251124132740.pdf
"50, attributable to supplies from markets around Mt.",Agriculture/Disaster,NDMA Marsabit Drought Early Warning Bulletin October 2025,Marsabit_DEW_Bulletin_October_202520251124132740.pdf
prices across most markets in the next month.,Agriculture/Disaster,NDMA Marsabit Drought Early Warning Bulletin October 2025,Marsabit_DEW_Bulletin_October_202520251124132740.pdf
under review stood at Kshs.,Agriculture/Disaster,NDMA Marsabit Drought Early Warning Bulletin October 2025,Marsabit_DEW_Bulletin_October_202520251124132740.pdf
"120 per kilogram, reflecting a decrease from Kshs.",Agriculture/Disaster,NDMA Marsabit Drought Early Warning Bulletin October 2025,Marsabit_DEW_Bulletin_October_202520251124132740.pdf
"125, was recorded in the previous month.",Agriculture/Disaster,NDMA Marsabit Drought Early Warning Bulletin October 2025,Marsabit_DEW_Bulletin_October_202520251124132740.pdf
"The current price is below normal when compared to the long-term average of Kshs.127, largely supported by previous good harvests in agro- pastoral zones and continued supplies from external commodity markets.",Agriculture/Disaster,NDMA Marsabit Drought Early Warning Bulletin October 2025,Marsabit_DEW_Bulletin_October_202520251124132740.pdf
"146), likely due to poor market integration and logistical challenges.",Agriculture/Disaster,NDMA Marsabit Drought Early Warning Bulletin October 2025,Marsabit_DEW_Bulletin_October_202520251124132740.pdf
"Dukana and Merille, posted mid-range prices of Kshs.",Agriculture/Disaster,NDMA Marsabit Drought Early Warning Bulletin October 2025,Marsabit_DEW_Bulletin_October_202520251124132740.pdf
"120, whereas Sololo, Moyale and Jirime posted lower prices of Kshs.",Agriculture/Disaster,NDMA Marsabit Drought Early Warning Bulletin October 2025,Marsabit_DEW_Bulletin_October_202520251124132740.pdf
Turbi posted the lowest average price at Kshs.,Agriculture/Disaster,NDMA Marsabit Drought Early Warning Bulletin October 2025,Marsabit_DEW_Bulletin_October_202520251124132740.pdf
"90, potentially influenced by cross-border inflows.",Agriculture/Disaster,NDMA Marsabit Drought Early Warning Bulletin October 2025,Marsabit_DEW_Bulletin_October_202520251124132740.pdf
b e a n p r i c e s a c r oss most markets in the county in the coming month.,Agriculture/Disaster,NDMA Marsabit Drought Early Warning Bulletin October 2025,Marsabit_DEW_Bulletin_October_202520251124132740.pdf
This indicates a slight decrease from the previous month’s 108 kilograms and a notable 15 percent above the short-term average of 91 kilograms for the period.,Agriculture/Disaster,NDMA Marsabit Drought Early Warning Bulletin October 2025,Marsabit_DEW_Bulletin_October_202520251124132740.pdf
"prices, coupled with stable goat prices.",Agriculture/Disaster,NDMA Marsabit Drought Early Warning Bulletin October 2025,Marsabit_DEW_Bulletin_October_202520251124132740.pdf
"These conditions have slightly dented pastoralists’ purchasing power, with a negative effect on household food access.",Agriculture/Disaster,NDMA Marsabit Drought Early Warning Bulletin October 2025,Marsabit_DEW_Bulletin_October_202520251124132740.pdf
driven by sustained good body condition of livestock and external maize inflows that continue to stabilize maize prices.,Agriculture/Disaster,NDMA Marsabit Drought Early Warning Bulletin October 2025,Marsabit_DEW_Bulletin_October_202520251124132740.pdf
"For the month under review, the average household milk consumption was recorded at 1 litre per day, a slight decrease compared to the previous month at 1.2 litres.",Agriculture/Disaster,NDMA Marsabit Drought Early Warning Bulletin October 2025,Marsabit_DEW_Bulletin_October_202520251124132740.pdf
"In the pastoral livelihood zone, households consumed an average of 2 litres per day.",Agriculture/Disaster,NDMA Marsabit Drought Early Warning Bulletin October 2025,Marsabit_DEW_Bulletin_October_202520251124132740.pdf
"Minimal households reported milk sales, selling at an average price of Kshs.",Agriculture/Disaster,NDMA Marsabit Drought Early Warning Bulletin October 2025,Marsabit_DEW_Bulletin_October_202520251124132740.pdf
"100 per litre, indicating vibrant market demand amid constrained supply resulting from livestock migration to dry-season grazing areas.",Agriculture/Disaster,NDMA Marsabit Drought Early Warning Bulletin October 2025,Marsabit_DEW_Bulletin_October_202520251124132740.pdf
"For the agropastoral livelihood zone, households reported lower consumption at 1.0 litres, with 0.5 litres sold, at an average price of Kshs.",Agriculture/Disaster,NDMA Marsabit Drought Early Warning Bulletin October 2025,Marsabit_DEW_Bulletin_October_202520251124132740.pdf
"90 per litre, due to limited milk production, attributed to declining lactation rates and migration of herds.",Agriculture/Disaster,NDMA Marsabit Drought Early Warning Bulletin October 2025,Marsabit_DEW_Bulletin_October_202520251124132740.pdf
Milk consumption is likely to improve across all livelihood zones due to the anticipated improvement in pasture and fodder availability as a result of the OND rains.,Agriculture/Disaster,NDMA Marsabit Drought Early Warning Bulletin October 2025,Marsabit_DEW_Bulletin_October_202520251124132740.pdf
"across the County stands at 30.1 (borderline), indicative of crisis-level food consumption.",Agriculture/Disaster,NDMA Marsabit Drought Early Warning Bulletin October 2025,Marsabit_DEW_Bulletin_October_202520251124132740.pdf
those with borderline scores ranged from 55.2-56 percent.,Agriculture/Disaster,NDMA Marsabit Drought Early Warning Bulletin October 2025,Marsabit_DEW_Bulletin_October_202520251124132740.pdf
"A notable increase in the proportion of households in the poor food consumption group was noted in both pastoral and agro-pastoral livelihood zones, where 19.5 and 14.1 percent of households consumed food indicative of emergency level food security outcomes.",Agriculture/Disaster,NDMA Marsabit Drought Early Warning Bulletin October 2025,Marsabit_DEW_Bulletin_October_202520251124132740.pdf
"Key factors contributing to the persistent crisis-level food consumption outcomes are the scale-down of humanitarian assistance, slow recovery from the previous drought and poor market integration, especially in the pastoral livelihood zone.",Agriculture/Disaster,NDMA Marsabit Drought Early Warning Bulletin October 2025,Marsabit_DEW_Bulletin_October_202520251124132740.pdf
"of malnutrition, which is similar to the previous month.",Agriculture/Disaster,NDMA Marsabit Drought Early Warning Bulletin October 2025,Marsabit_DEW_Bulletin_October_202520251124132740.pdf
"This figure not only surpasses the long-term average MUAC at-risk threshold of 18.5 percent, but also exceeds the out-of- control limit of 21 percent, a significant deterioration in the nutritional status of children.",Agriculture/Disaster,NDMA Marsabit Drought Early Warning Bulletin October 2025,Marsabit_DEW_Bulletin_October_202520251124132740.pdf
particularly in pastoral zones.,Agriculture/Disaster,NDMA Marsabit Drought Early Warning Bulletin October 2025,Marsabit_DEW_Bulletin_October_202520251124132740.pdf
"Key contributing factors include the scale-down of humanitarian assistance, poor market integration, and crisis-level food security outcomes.",Agriculture/Disaster,NDMA Marsabit Drought Early Warning Bulletin October 2025,Marsabit_DEW_Bulletin_October_202520251124132740.pdf
"between January and August 2025, compared to a projected caseload of 21,083 and a target caseload of 10,542.",Agriculture/Disaster,NDMA Marsabit Drought Early Warning Bulletin October 2025,Marsabit_DEW_Bulletin_October_202520251124132740.pdf
This results in a coverage rate of 42.6 percent of the total caseload and 85.1 percent of the target caseload.,Agriculture/Disaster,NDMA Marsabit Drought Early Warning Bulletin October 2025,Marsabit_DEW_Bulletin_October_202520251124132740.pdf
"An increase in MAM admissions was observed from April to May 2025, compared to the same period in 2024.",Agriculture/Disaster,NDMA Marsabit Drought Early Warning Bulletin October 2025,Marsabit_DEW_Bulletin_October_202520251124132740.pdf
"However, there was a steady decline in admissions from June to August 2025.",Agriculture/Disaster,NDMA Marsabit Drought Early Warning Bulletin October 2025,Marsabit_DEW_Bulletin_October_202520251124132740.pdf
"January and August 2025, against a projected caseload of 4,862 and a target caseload of 3,647.",Agriculture/Disaster,NDMA Marsabit Drought Early Warning Bulletin October 2025,Marsabit_DEW_Bulletin_October_202520251124132740.pdf
This translates to a coverage rate of 49.4 percent against the total caseload and 65.9 percent against the target caseload.,Agriculture/Disaster,NDMA Marsabit Drought Early Warning Bulletin October 2025,Marsabit_DEW_Bulletin_October_202520251124132740.pdf
"An increase in SAM admissions was recorded from April to May 2025, compared to the same period in 2024.",Agriculture/Disaster,NDMA Marsabit Drought Early Warning Bulletin October 2025,Marsabit_DEW_Bulletin_October_202520251124132740.pdf
"However, a gradual decline in admissions was observed from June to August 2025.",Agriculture/Disaster,NDMA Marsabit Drought Early Warning Bulletin October 2025,Marsabit_DEW_Bulletin_October_202520251124132740.pdf
strategies when households do not have food or money to buy food.,Agriculture/Disaster,NDMA Marsabit Drought Early Warning Bulletin October 2025,Marsabit_DEW_Bulletin_October_202520251124132740.pdf
compared to the previous months' rCSI.,Agriculture/Disaster,NDMA Marsabit Drought Early Warning Bulletin October 2025,Marsabit_DEW_Bulletin_October_202520251124132740.pdf
"coping strategies, whereas 55 percent applied crisis and worse-off coping strategies.",Agriculture/Disaster,NDMA Marsabit Drought Early Warning Bulletin October 2025,Marsabit_DEW_Bulletin_October_202520251124132740.pdf
"A total of 52.3 percent and 56.7 percent of households applied crisis coping strategies in the pastoral and agropastoral zones, respectively.",Agriculture/Disaster,NDMA Marsabit Drought Early Warning Bulletin October 2025,Marsabit_DEW_Bulletin_October_202520251124132740.pdf
"Additionally, 43.3 percent and 41.9 percent of households applied stressed coping strategies in the pastoral and agropastoral zones, respectively.",Agriculture/Disaster,NDMA Marsabit Drought Early Warning Bulletin October 2025,Marsabit_DEW_Bulletin_October_202520251124132740.pdf
livelihood zones did not apply any coping mechanisms.,Agriculture/Disaster,NDMA Marsabit Drought Early Warning Bulletin October 2025,Marsabit_DEW_Bulletin_October_202520251124132740.pdf
"which are typically used during worse-off food security situations, where access to food is severely constrained and households begin to undermine their future livelihoods for immediate survival.",Agriculture/Disaster,NDMA Marsabit Drought Early Warning Bulletin October 2025,Marsabit_DEW_Bulletin_October_202520251124132740.pdf
"Agropastoral households were better off, with 45.4 percent not using any coping mechanisms, and only 2.5 percent of households reported applying emergency- level strategies.",Agriculture/Disaster,NDMA Marsabit Drought Early Warning Bulletin October 2025,Marsabit_DEW_Bulletin_October_202520251124132740.pdf
"Overall, 34.9 percent of households employed crisis coping strategies, and 9.1 percent were in emergency.",Agriculture/Disaster,NDMA Marsabit Drought Early Warning Bulletin October 2025,Marsabit_DEW_Bulletin_October_202520251124132740.pdf
County is currently in a 'Normal but Deteriorating' drought phase.,Agriculture/Disaster,NDMA Marsabit Drought Early Warning Bulletin October 2025,Marsabit_DEW_Bulletin_October_202520251124132740.pdf
northern and eastern parts of the County received relatively higher rainfall compared to the central and southern areas.,Agriculture/Disaster,NDMA Marsabit Drought Early Warning Bulletin October 2025,Marsabit_DEW_Bulletin_October_202520251124132740.pdf
The overall rainfall was 74 percent of the long-term average.,Agriculture/Disaster,NDMA Marsabit Drought Early Warning Bulletin October 2025,Marsabit_DEW_Bulletin_October_202520251124132740.pdf
"Vegetation Condition: The Vegetation Condition Index (VCI) stood at 45.2, which is within the normal range (35-50).",Agriculture/Disaster,NDMA Marsabit Drought Early Warning Bulletin October 2025,Marsabit_DEW_Bulletin_October_202520251124132740.pdf
"The Normalized Difference Vegetation Index (NDVI) anomaly was 90 percent of the long-term average, indicating normal vegetation greenness.",Agriculture/Disaster,NDMA Marsabit Drought Early Warning Bulletin October 2025,Marsabit_DEW_Bulletin_October_202520251124132740.pdf
"However, localized deterioration was noted in areas like Korr, Loiyangalani, Illeret, and Kargi.",Agriculture/Disaster,NDMA Marsabit Drought Early Warning Bulletin October 2025,Marsabit_DEW_Bulletin_October_202520251124132740.pdf
The 3-month NDVI anomaly for October 2025 indicates slightly below-normal vegetation conditions.,Agriculture/Disaster,NDMA Marsabit Drought Early Warning Bulletin October 2025,Marsabit_DEW_Bulletin_October_202520251124132740.pdf
"Surface water sources saw increased use, while ground and subsurface sources decreased.",Agriculture/Disaster,NDMA Marsabit Drought Early Warning Bulletin October 2025,Marsabit_DEW_Bulletin_October_202520251124132740.pdf
"Boreholes remain the most utilized source (37.5%), followed by shallow wells (24.5%).",Agriculture/Disaster,NDMA Marsabit Drought Early Warning Bulletin October 2025,Marsabit_DEW_Bulletin_October_202520251124132740.pdf
"Approximately 80% of open water sources are drying up, leading to water stress and longer waiting times.",Agriculture/Disaster,NDMA Marsabit Drought Early Warning Bulletin October 2025,Marsabit_DEW_Bulletin_October_202520251124132740.pdf
considered normal for this time of year [8] [9].,Agriculture/Disaster,NDMA Marsabit Drought Early Warning Bulletin October 2025,Marsabit_DEW_Bulletin_October_202520251124132740.pdf
"However, isolated cases of poor to fair body condition were reported, linked to an upsurge of livestock diseases.",Agriculture/Disaster,NDMA Marsabit Drought Early Warning Bulletin October 2025,Marsabit_DEW_Bulletin_October_202520251124132740.pdf
Deterioration is expected in October due to reduced forage and longer watering intervals.,Agriculture/Disaster,NDMA Marsabit Drought Early Warning Bulletin October 2025,Marsabit_DEW_Bulletin_October_202520251124132740.pdf
"this is a slight decrease from 1.7 litres in the previous month, primarily due to livestock migration to dry-season grazing areas.",Agriculture/Disaster,NDMA Marsabit Drought Early Warning Bulletin October 2025,Marsabit_DEW_Bulletin_October_202520251124132740.pdf
"Milk production is expected to improve in the short term with calving and kidding, and the positive effect of short rains on fodder and pasture.",Agriculture/Disaster,NDMA Marsabit Drought Early Warning Bulletin October 2025,Marsabit_DEW_Bulletin_October_202520251124132740.pdf
areas with more available forage and water.,Agriculture/Disaster,NDMA Marsabit Drought Early Warning Bulletin October 2025,Marsabit_DEW_Bulletin_October_202520251124132740.pdf
"In the latter part of the month, migration shifted to areas with recent precipitation.",Agriculture/Disaster,NDMA Marsabit Drought Early Warning Bulletin October 2025,Marsabit_DEW_Bulletin_October_202520251124132740.pdf
"Ruminants (PPR) being the most frequent (24%), followed by CCPP (16%), Helminthiasis, Pneumonia, Brucellosis, and Haemorrhagic Septicemia [12].",Agriculture/Disaster,NDMA Marsabit Drought Early Warning Bulletin October 2025,Marsabit_DEW_Bulletin_October_202520251124132740.pdf
"PPR remains a leading concern, particularly affecting goats.",Agriculture/Disaster,NDMA Marsabit Drought Early Warning Bulletin October 2025,Marsabit_DEW_Bulletin_October_202520251124132740.pdf
terms for pastoral households.,Agriculture/Disaster,NDMA Marsabit Drought Early Warning Bulletin October 2025,Marsabit_DEW_Bulletin_October_202520251124132740.pdf
"However, a slight decrease was observed in the month under review, with one medium-sized goat exchanging for 104 kg of maize, down from 108 kg previously.",Agriculture/Disaster,NDMA Marsabit Drought Early Warning Bulletin October 2025,Marsabit_DEW_Bulletin_October_202520251124132740.pdf
the normal threshold of 0-18.2%.,Agriculture/Disaster,NDMA Marsabit Drought Early Warning Bulletin October 2025,Marsabit_DEW_Bulletin_October_202520251124132740.pdf
"This figure surpasses the long-term average MUAC at- risk threshold of 18.5% and the out-of-control limit of 21%, indicating a significant deterioration in children's nutritional status.",Agriculture/Disaster,NDMA Marsabit Drought Early Warning Bulletin October 2025,Marsabit_DEW_Bulletin_October_202520251124132740.pdf
"Elevated malnutrition levels are linked to crisis-level food security outcomes, reduced humanitarian assistance, and poor market integration.",Agriculture/Disaster,NDMA Marsabit Drought Early Warning Bulletin October 2025,Marsabit_DEW_Bulletin_October_202520251124132740.pdf
to above normal in the county and all its sub counties.,Agriculture/Disaster,NDMA Meru Drought Early Warning Bulletin April 2025,Meru_DEW_Bulletin_April_202520250516124928.pdf
remained stable and favorable to livestock farmers .,Agriculture/Disaster,NDMA Meru Drought Early Warning Bulletin April 2025,Meru_DEW_Bulletin_April_202520250516124928.pdf
consumption increased and was above the LTA .,Agriculture/Disaster,NDMA Meru Drought Early Warning Bulletin April 2025,Meru_DEW_Bulletin_April_202520250516124928.pdf
food assistance and nutrition programs.,Agriculture/Disaster,NDMA Meru Drought Early Warning Bulletin April 2025,Meru_DEW_Bulletin_April_202520250516124928.pdf
across most surveyed areas.,Agriculture/Disaster,NDMA Meru Drought Early Warning Bulletin April 2025,Meru_DEW_Bulletin_April_202520250516124928.pdf
37 percent of sampled children at risk.,Agriculture/Disaster,NDMA Meru Drought Early Warning Bulletin April 2025,Meru_DEW_Bulletin_April_202520250516124928.pdf
compared to the previous month .,Agriculture/Disaster,NDMA Meru Drought Early Warning Bulletin April 2025,Meru_DEW_Bulletin_April_202520250516124928.pdf
Index (NDVI ) for the first decade was above the long term average .,Agriculture/Disaster,NDMA Meru Drought Early Warning Bulletin April 2025,Meru_DEW_Bulletin_April_202520250516124928.pdf
normal vegetation greenness.,Agriculture/Disaster,NDMA Meru Drought Early Warning Bulletin April 2025,Meru_DEW_Bulletin_April_202520250516124928.pdf
isolated areas indicating severe vegetation deficit.,Agriculture/Disaster,NDMA Meru Drought Early Warning Bulletin April 2025,Meru_DEW_Bulletin_April_202520250516124928.pdf
insecurity arising from cattle theft in specific parts of Igembe North.,Agriculture/Disaster,NDMA Meru Drought Early Warning Bulletin April 2025,Meru_DEW_Bulletin_April_202520250516124928.pdf
"North, central, and Tigania West, and up to 3 months in the Mixed Farming Livelihood Zones.",Agriculture/Disaster,NDMA Meru Drought Early Warning Bulletin April 2025,Meru_DEW_Bulletin_April_202520250516124928.pdf
percent of sampled households respectively .,Agriculture/Disaster,NDMA Meru Drought Early Warning Bulletin April 2025,Meru_DEW_Bulletin_April_202520250516124928.pdf
"Mixed farming, and the majority of the Agropastoral zone.",Agriculture/Disaster,NDMA Meru Drought Early Warning Bulletin April 2025,Meru_DEW_Bulletin_April_202520250516124928.pdf
3 kilometers in April 2025.,Agriculture/Disaster,NDMA Meru Drought Early Warning Bulletin April 2025,Meru_DEW_Bulletin_April_202520250516124928.pdf
35 percent of households treat drinking water using filtration and boiling methods.,Agriculture/Disaster,NDMA Meru Drought Early Warning Bulletin April 2025,Meru_DEW_Bulletin_April_202520250516124928.pdf
kilometers to 4.1 kilometers in April 2025 .,Agriculture/Disaster,NDMA Meru Drought Early Warning Bulletin April 2025,Meru_DEW_Bulletin_April_202520250516124928.pdf
similar periods of the year.,Agriculture/Disaster,NDMA Meru Drought Early Warning Bulletin April 2025,Meru_DEW_Bulletin_April_202520250516124928.pdf
regeneration of pasture and browse.,Agriculture/Disaster,NDMA Meru Drought Early Warning Bulletin April 2025,Meru_DEW_Bulletin_April_202520250516124928.pdf
The frequency was 2-3 days in the Agropastoral zone of Igembe North.,Agriculture/Disaster,NDMA Meru Drought Early Warning Bulletin April 2025,Meru_DEW_Bulletin_April_202520250516124928.pdf
"zones of Igembe North, where the condition was fair to good.",Agriculture/Disaster,NDMA Meru Drought Early Warning Bulletin April 2025,Meru_DEW_Bulletin_April_202520250516124928.pdf
This is due to the restricted access to grazing zones due to high incidences of insecurity in the area.,Agriculture/Disaster,NDMA Meru Drought Early Warning Bulletin April 2025,Meru_DEW_Bulletin_April_202520250516124928.pdf
by the ongoing seasonal rainfall and the favorable performance of the previous two rainfall seasons.,Agriculture/Disaster,NDMA Meru Drought Early Warning Bulletin April 2025,Meru_DEW_Bulletin_April_202520250516124928.pdf
contributing to the overall health and resilience of livestock in the area.,Agriculture/Disaster,NDMA Meru Drought Early Warning Bulletin April 2025,Meru_DEW_Bulletin_April_202520250516124928.pdf
Livestock mortality were within normal rates.,Agriculture/Disaster,NDMA Meru Drought Early Warning Bulletin April 2025,Meru_DEW_Bulletin_April_202520250516124928.pdf
"of 1.1 to 2.6 liters for similar periods of the year, as shown in Figure 6.",Agriculture/Disaster,NDMA Meru Drought Early Warning Bulletin April 2025,Meru_DEW_Bulletin_April_202520250516124928.pdf
Crop conditions are generally favorable across all livelihood zones.,Agriculture/Disaster,NDMA Meru Drought Early Warning Bulletin April 2025,Meru_DEW_Bulletin_April_202520250516124928.pdf
Farmers who planted later in the season are currently engaged in weeding.,Agriculture/Disaster,NDMA Meru Drought Early Warning Bulletin April 2025,Meru_DEW_Bulletin_April_202520250516124928.pdf
condition across the livelihood zones.,Agriculture/Disaster,NDMA Meru Drought Early Warning Bulletin April 2025,Meru_DEW_Bulletin_April_202520250516124928.pdf
mixed farming livelihood zone.,Agriculture/Disaster,NDMA Meru Drought Early Warning Bulletin April 2025,Meru_DEW_Bulletin_April_202520250516124928.pdf
March 2025 as shown in figure 8.,Agriculture/Disaster,NDMA Meru Drought Early Warning Bulletin April 2025,Meru_DEW_Bulletin_April_202520250516124928.pdf
"seasonal ranges of KES 3624 – KES 6,487.",Agriculture/Disaster,NDMA Meru Drought Early Warning Bulletin April 2025,Meru_DEW_Bulletin_April_202520250516124928.pdf
2025 compared to KES 50 in March 2025.,Agriculture/Disaster,NDMA Meru Drought Early Warning Bulletin April 2025,Meru_DEW_Bulletin_April_202520250516124928.pdf
March to KES 109 in April 2025 .,Agriculture/Disaster,NDMA Meru Drought Early Warning Bulletin April 2025,Meru_DEW_Bulletin_April_202520250516124928.pdf
the seasonal ranges of KES 65 – KES 144 for similar periods of the year .,Agriculture/Disaster,NDMA Meru Drought Early Warning Bulletin April 2025,Meru_DEW_Bulletin_April_202520250516124928.pdf
in exchange for a medium-sized goat.,Agriculture/Disaster,NDMA Meru Drought Early Warning Bulletin April 2025,Meru_DEW_Bulletin_April_202520250516124928.pdf
compared to 1.1 litres in March 2025 .,Agriculture/Disaster,NDMA Meru Drought Early Warning Bulletin April 2025,Meru_DEW_Bulletin_April_202520250516124928.pdf
due to improved livestock body condition .,Agriculture/Disaster,NDMA Meru Drought Early Warning Bulletin April 2025,Meru_DEW_Bulletin_April_202520250516124928.pdf
compared to 40.5 percent in March.,Agriculture/Disaster,NDMA Meru Drought Early Warning Bulletin April 2025,Meru_DEW_Bulletin_April_202520250516124928.pdf
percent were under the borderline score.,Agriculture/Disaster,NDMA Meru Drought Early Warning Bulletin April 2025,Meru_DEW_Bulletin_April_202520250516124928.pdf
"acceptable score, respectively.",Agriculture/Disaster,NDMA Meru Drought Early Warning Bulletin April 2025,Meru_DEW_Bulletin_April_202520250516124928.pdf
feeding habits across the livelihood zones.,Agriculture/Disaster,NDMA Meru Drought Early Warning Bulletin April 2025,Meru_DEW_Bulletin_April_202520250516124928.pdf
compared to 12.5 percent.,Agriculture/Disaster,NDMA Meru Drought Early Warning Bulletin April 2025,Meru_DEW_Bulletin_April_202520250516124928.pdf
seasonal ranges of 2.1 – 11.5 for similar periods.,Agriculture/Disaster,NDMA Meru Drought Early Warning Bulletin April 2025,Meru_DEW_Bulletin_April_202520250516124928.pdf
Only 1.4 percent of the children were reported to be moderately malnourished.,Agriculture/Disaster,NDMA Meru Drought Early Warning Bulletin April 2025,Meru_DEW_Bulletin_April_202520250516124928.pdf
No severe cases of malnutrition were reported among the sampled households.,Agriculture/Disaster,NDMA Meru Drought Early Warning Bulletin April 2025,Meru_DEW_Bulletin_April_202520250516124928.pdf
"malnutrition, with 37.5 percent of children aged 6-59 months at risk of malnutrition in the ward.",Agriculture/Disaster,NDMA Meru Drought Early Warning Bulletin April 2025,Meru_DEW_Bulletin_April_202520250516124928.pdf
on a list of behaviors (coping strategies).,Agriculture/Disaster,NDMA Meru Drought Early Warning Bulletin April 2025,Meru_DEW_Bulletin_April_202520250516124928.pdf
coping strategies during the month under review.,Agriculture/Disaster,NDMA Meru Drought Early Warning Bulletin April 2025,Meru_DEW_Bulletin_April_202520250516124928.pdf
"in stressed and crisis phase ,respectively.",Agriculture/Disaster,NDMA Meru Drought Early Warning Bulletin April 2025,Meru_DEW_Bulletin_April_202520250516124928.pdf
employing strategies compared to the mixed farming zone .,Agriculture/Disaster,NDMA Meru Drought Early Warning Bulletin April 2025,Meru_DEW_Bulletin_April_202520250516124928.pdf
relying on trade as a major source of income.,Agriculture/Disaster,NDMA Meru Drought Early Warning Bulletin April 2025,Meru_DEW_Bulletin_April_202520250516124928.pdf
"Insecurity remains high, especially in parts of Kamweline, Kinisa, Mwanika, and Njaruine.",Agriculture/Disaster,NDMA Meru Drought Early Warning Bulletin April 2025,Meru_DEW_Bulletin_April_202520250516124928.pdf
these areas are unable to access forage in the lower grazing areas due to fear of attacks.,Agriculture/Disaster,NDMA Meru Drought Early Warning Bulletin April 2025,Meru_DEW_Bulletin_April_202520250516124928.pdf
zone of Igembe North and central receiving below average rainfall during the season.,Agriculture/Disaster,NDMA Meru Drought Early Warning Bulletin April 2025,Meru_DEW_Bulletin_April_202520250516124928.pdf
crops in “fair to good condition across the zones.,Agriculture/Disaster,NDMA Meru Drought Early Warning Bulletin April 2025,Meru_DEW_Bulletin_April_202520250516124928.pdf
forage and access to water sources.,Agriculture/Disaster,NDMA Meru Drought Early Warning Bulletin April 2025,Meru_DEW_Bulletin_April_202520250516124928.pdf
availability of milk and a variety of fresh vegetables such as kales among others.,Agriculture/Disaster,NDMA Meru Drought Early Warning Bulletin April 2025,Meru_DEW_Bulletin_April_202520250516124928.pdf
sorghum in the next season.,Agriculture/Disaster,NDMA Meru Drought Early Warning Bulletin April 2025,Meru_DEW_Bulletin_April_202520250516124928.pdf
Situation & EW Phase Classification Biophysical Indicators Rainfall The county recorded above normal rains with fair distribution in both time and space during the month under review.,Agriculture/Disaster,NDMA Narok Drought Early Warning Bulletin April 2025,Narok_DEW_Bulletin_April_202520250516124829.pdf
Forage condition: The county is experienced normal vegetation greenness as depicted by the vegetation condition index (VCI) this month.,Agriculture/Disaster,NDMA Narok Drought Early Warning Bulletin April 2025,Narok_DEW_Bulletin_April_202520250516124829.pdf
Forage condition across the livelihood ranged from fair to good.,Agriculture/Disaster,NDMA Narok Drought Early Warning Bulletin April 2025,Narok_DEW_Bulletin_April_202520250516124829.pdf
Socio-Economic Indicators (Impact Indicators) Production Indicators Planting and weeding is on-going.,Agriculture/Disaster,NDMA Narok Drought Early Warning Bulletin April 2025,Narok_DEW_Bulletin_April_202520250516124829.pdf
Livestock body condition ranged from good to fair across the livelihood zones.,Agriculture/Disaster,NDMA Narok Drought Early Warning Bulletin April 2025,Narok_DEW_Bulletin_April_202520250516124829.pdf
No livestock migration was registered.,Agriculture/Disaster,NDMA Narok Drought Early Warning Bulletin April 2025,Narok_DEW_Bulletin_April_202520250516124829.pdf
Milk production was within the normal range.,Agriculture/Disaster,NDMA Narok Drought Early Warning Bulletin April 2025,Narok_DEW_Bulletin_April_202520250516124829.pdf
Terms of trade were within the normal range.,Agriculture/Disaster,NDMA Narok Drought Early Warning Bulletin April 2025,Narok_DEW_Bulletin_April_202520250516124829.pdf
Household water distances were below the normal.,Agriculture/Disaster,NDMA Narok Drought Early Warning Bulletin April 2025,Narok_DEW_Bulletin_April_202520250516124829.pdf
Livestock watering distance were within the normal.,Agriculture/Disaster,NDMA Narok Drought Early Warning Bulletin April 2025,Narok_DEW_Bulletin_April_202520250516124829.pdf
Water consumption was below normal.,Agriculture/Disaster,NDMA Narok Drought Early Warning Bulletin April 2025,Narok_DEW_Bulletin_April_202520250516124829.pdf
Malnutrition cases were within normal range.,Agriculture/Disaster,NDMA Narok Drought Early Warning Bulletin April 2025,Narok_DEW_Bulletin_April_202520250516124829.pdf
Milk consumption was within the normal range.,Agriculture/Disaster,NDMA Narok Drought Early Warning Bulletin April 2025,Narok_DEW_Bulletin_April_202520250516124829.pdf
Majority of households were in acceptable food consumption category.,Agriculture/Disaster,NDMA Narok Drought Early Warning Bulletin April 2025,Narok_DEW_Bulletin_April_202520250516124829.pdf
increased when compared to previous month.,Agriculture/Disaster,NDMA Narok Drought Early Warning Bulletin April 2025,Narok_DEW_Bulletin_April_202520250516124829.pdf
No households employed stressed livelihood coping mechanisms.,Agriculture/Disaster,NDMA Narok Drought Early Warning Bulletin April 2025,Narok_DEW_Bulletin_April_202520250516124829.pdf
registered above normal rains.The rains received were erractic with dry days intervals across the livelihood zones.,Agriculture/Disaster,NDMA Narok Drought Early Warning Bulletin April 2025,Narok_DEW_Bulletin_April_202520250516124829.pdf
The temporal and spatial distribution was fair across the livelihood zones.,Agriculture/Disaster,NDMA Narok Drought Early Warning Bulletin April 2025,Narok_DEW_Bulletin_April_202520250516124829.pdf
The Mixed farming and Agro-pastoral livelihood zone recording more rainfall amonths when compared to areas in the pastoral livelihood zone which recorded few rainy days.,Agriculture/Disaster,NDMA Narok Drought Early Warning Bulletin April 2025,Narok_DEW_Bulletin_April_202520250516124829.pdf
The pastoral livelihood zone recorded an average of 8-12 rainy days compared the mixed and Agro-pastoral livelihood zones which recorded 10-20 rainy days.,Agriculture/Disaster,NDMA Narok Drought Early Warning Bulletin April 2025,Narok_DEW_Bulletin_April_202520250516124829.pdf
"VAM,CHIRPS/MODIS data, the county recorded an average of 67.29 and 79.64 milimetres of rainfall in the first and second dekad of the month compared to 59.55 and 48.26 milimetres normally respectively.",Agriculture/Disaster,NDMA Narok Drought Early Warning Bulletin April 2025,Narok_DEW_Bulletin_April_202520250516124829.pdf
The rainfall amounts received were above the previous month and the normal range as shown in figure1.,Agriculture/Disaster,NDMA Narok Drought Early Warning Bulletin April 2025,Narok_DEW_Bulletin_April_202520250516124829.pdf
1.28 compared to 1.18 long term average (Figure 1).,Agriculture/Disaster,NDMA Narok Drought Early Warning Bulletin April 2025,Narok_DEW_Bulletin_April_202520250516124829.pdf
"condition index(VCI-3 months) is within the normal vegetation condition category, the normal condition is due to March-April- May season on going rains which occassioned the vegetation cover greenness .",Agriculture/Disaster,NDMA Narok Drought Early Warning Bulletin April 2025,Narok_DEW_Bulletin_April_202520250516124829.pdf
The VCI value is within the normal range of 25 – 70 of vegetation condition across the livelihood zones as shown in figure 2.,Agriculture/Disaster,NDMA Narok Drought Early Warning Bulletin April 2025,Narok_DEW_Bulletin_April_202520250516124829.pdf
when compared to the previous month.,Agriculture/Disaster,NDMA Narok Drought Early Warning Bulletin April 2025,Narok_DEW_Bulletin_April_202520250516124829.pdf
The Pasture was generally good in the Mixed and Agro-pastoral livelihood zone and fair-good in the pastoral livelihood.,Agriculture/Disaster,NDMA Narok Drought Early Warning Bulletin April 2025,Narok_DEW_Bulletin_April_202520250516124829.pdf
The pasture condition improved owed to on-going showers during the month under review.,Agriculture/Disaster,NDMA Narok Drought Early Warning Bulletin April 2025,Narok_DEW_Bulletin_April_202520250516124829.pdf
quality and quantity from 83 percent in previous month as indicated in figure 3.,Agriculture/Disaster,NDMA Narok Drought Early Warning Bulletin April 2025,Narok_DEW_Bulletin_April_202520250516124829.pdf
months compared to the normal 2-3 months.,Agriculture/Disaster,NDMA Narok Drought Early Warning Bulletin April 2025,Narok_DEW_Bulletin_April_202520250516124829.pdf
improved in April when compared to the previous month.,Agriculture/Disaster,NDMA Narok Drought Early Warning Bulletin April 2025,Narok_DEW_Bulletin_April_202520250516124829.pdf
The conditions across the livelihood zones ranged was generally good.,Agriculture/Disaster,NDMA Narok Drought Early Warning Bulletin April 2025,Narok_DEW_Bulletin_April_202520250516124829.pdf
was within normal range during the month under review as indicated in figure 4.,Agriculture/Disaster,NDMA Narok Drought Early Warning Bulletin April 2025,Narok_DEW_Bulletin_April_202520250516124829.pdf
"consumption were pans/dams, rivers, boreholes and shallow wells which were the normal water sources relied on.",Agriculture/Disaster,NDMA Narok Drought Early Warning Bulletin April 2025,Narok_DEW_Bulletin_April_202520250516124829.pdf
"About 33, 22 and 17 percent households relied on pans/dams, rivers, boreholes and shallow wells respectively.",Agriculture/Disaster,NDMA Narok Drought Early Warning Bulletin April 2025,Narok_DEW_Bulletin_April_202520250516124829.pdf
occasioned by rains received during the month under review.,Agriculture/Disaster,NDMA Narok Drought Early Warning Bulletin April 2025,Narok_DEW_Bulletin_April_202520250516124829.pdf
ranged from fair to good in the mixed farming and agro-pastoral livelihood zones with the pastoral livelihood zone ranging from poor to fair quality owing to siltation of open water sources.,Agriculture/Disaster,NDMA Narok Drought Early Warning Bulletin April 2025,Narok_DEW_Bulletin_April_202520250516124829.pdf
agro-pastoral livelihood zones.,Agriculture/Disaster,NDMA Narok Drought Early Warning Bulletin April 2025,Narok_DEW_Bulletin_April_202520250516124829.pdf
"In pastoral livelihood zone, the water is likely to last for 2-3 months (Figure 5).",Agriculture/Disaster,NDMA Narok Drought Early Warning Bulletin April 2025,Narok_DEW_Bulletin_April_202520250516124829.pdf
The current water situation is above the normal range at this time of the year.,Agriculture/Disaster,NDMA Narok Drought Early Warning Bulletin April 2025,Narok_DEW_Bulletin_April_202520250516124829.pdf
the households to water sources decreased to 1.3 km from 1.4 km when compared to the previous month (Figure 6).,Agriculture/Disaster,NDMA Narok Drought Early Warning Bulletin April 2025,Narok_DEW_Bulletin_April_202520250516124829.pdf
trekked the longest distance of an average of 2.1 km compared 0.5- 1km in the mixed farming and agro- pastoral livelihood zones which recorded the shortest distance.,Agriculture/Disaster,NDMA Narok Drought Early Warning Bulletin April 2025,Narok_DEW_Bulletin_April_202520250516124829.pdf
water ranged from Kshs.0 -5 in mixed farming and agro-pastoral livelihood zones and Kshs 0-10 in pastoral areas.,Agriculture/Disaster,NDMA Narok Drought Early Warning Bulletin April 2025,Narok_DEW_Bulletin_April_202520250516124829.pdf
Minimal water treatment methods were employed in the sampled household before consuming with boiling being the most used water treatment method by households.,Agriculture/Disaster,NDMA Narok Drought Early Warning Bulletin April 2025,Narok_DEW_Bulletin_April_202520250516124829.pdf
from livestock grazing areas to watering points reduced to 2.0 km from 2.6 km when compared to the previous month.,Agriculture/Disaster,NDMA Narok Drought Early Warning Bulletin April 2025,Narok_DEW_Bulletin_April_202520250516124829.pdf
across all the livelihood zones in the county.,Agriculture/Disaster,NDMA Narok Drought Early Warning Bulletin April 2025,Narok_DEW_Bulletin_April_202520250516124829.pdf
from livestock grazing areas to watering points was within the normal range as indicated in figure 7.,Agriculture/Disaster,NDMA Narok Drought Early Warning Bulletin April 2025,Narok_DEW_Bulletin_April_202520250516124829.pdf
appearance body condition and 33 percent of livestock had moderate neither fat nor thin body condition.,Agriculture/Disaster,NDMA Narok Drought Early Warning Bulletin April 2025,Narok_DEW_Bulletin_April_202520250516124829.pdf
the normal range at this time of the year.,Agriculture/Disaster,NDMA Narok Drought Early Warning Bulletin April 2025,Narok_DEW_Bulletin_April_202520250516124829.pdf
The situation is likely to remain stable for the next three months(Figure 8).,Agriculture/Disaster,NDMA Narok Drought Early Warning Bulletin April 2025,Narok_DEW_Bulletin_April_202520250516124829.pdf
"trypanosomiasis with persistent livestock disease outbreaks being Lumpy Skin disease (LSD), Foot and Mouth Disease in Narok West subcounty and Anthrax in Ilmotiok, Emurua Dikirr and Koyiaki wards.",Agriculture/Disaster,NDMA Narok Drought Early Warning Bulletin April 2025,Narok_DEW_Bulletin_April_202520250516124829.pdf
Measures taken to control the disease outbreaks were farmers request for private veterinary service providers.,Agriculture/Disaster,NDMA Narok Drought Early Warning Bulletin April 2025,Narok_DEW_Bulletin_April_202520250516124829.pdf
household per day increased to 4.2 litres from 3.8 litres in the previous month.,Agriculture/Disaster,NDMA Narok Drought Early Warning Bulletin April 2025,Narok_DEW_Bulletin_April_202520250516124829.pdf
pastoral livelihood zone.,Agriculture/Disaster,NDMA Narok Drought Early Warning Bulletin April 2025,Narok_DEW_Bulletin_April_202520250516124829.pdf
The low milk production in the pastoral livelihood zone.,Agriculture/Disaster,NDMA Narok Drought Early Warning Bulletin April 2025,Narok_DEW_Bulletin_April_202520250516124829.pdf
within the normal range shown in figure 9.,Agriculture/Disaster,NDMA Narok Drought Early Warning Bulletin April 2025,Narok_DEW_Bulletin_April_202520250516124829.pdf
beans and Irish potatoes.,Agriculture/Disaster,NDMA Narok Drought Early Warning Bulletin April 2025,Narok_DEW_Bulletin_April_202520250516124829.pdf
Wheat and barley are mostly grown in large scale scheme for commercial purpose.,Agriculture/Disaster,NDMA Narok Drought Early Warning Bulletin April 2025,Narok_DEW_Bulletin_April_202520250516124829.pdf
high stages for maize and beans are in fair to good condition.,Agriculture/Disaster,NDMA Narok Drought Early Warning Bulletin April 2025,Narok_DEW_Bulletin_April_202520250516124829.pdf
"seasonal rivers in Mosiro, Pulunga and Naroosura region.",Agriculture/Disaster,NDMA Narok Drought Early Warning Bulletin April 2025,Narok_DEW_Bulletin_April_202520250516124829.pdf
medium sized cattle rose by ten percent to Ksh.,Agriculture/Disaster,NDMA Narok Drought Early Warning Bulletin April 2025,Narok_DEW_Bulletin_April_202520250516124829.pdf
"36, 167 when compared to the previous month.",Agriculture/Disaster,NDMA Narok Drought Early Warning Bulletin April 2025,Narok_DEW_Bulletin_April_202520250516124829.pdf
"51,000 compared to Ksh 22,000 in the Agro- Pastoral livelihood zone.",Agriculture/Disaster,NDMA Narok Drought Early Warning Bulletin April 2025,Narok_DEW_Bulletin_April_202520250516124829.pdf
The favourable cattle price is owned to good body condition and favorable market prices in the pastoral livelihood zone.,Agriculture/Disaster,NDMA Narok Drought Early Warning Bulletin April 2025,Narok_DEW_Bulletin_April_202520250516124829.pdf
72 percent above the normal range of Ksh.,Agriculture/Disaster,NDMA Narok Drought Early Warning Bulletin April 2025,Narok_DEW_Bulletin_April_202520250516124829.pdf
medium sized mature goat increased by 2.5 percent that is to Ksh.,Agriculture/Disaster,NDMA Narok Drought Early Warning Bulletin April 2025,Narok_DEW_Bulletin_April_202520250516124829.pdf
livelihood zones recorded the higher price of Ksh.,Agriculture/Disaster,NDMA Narok Drought Early Warning Bulletin April 2025,Narok_DEW_Bulletin_April_202520250516124829.pdf
"6,000-6,500 in the mixed farming livelihood zone.",Agriculture/Disaster,NDMA Narok Drought Early Warning Bulletin April 2025,Narok_DEW_Bulletin_April_202520250516124829.pdf
higher than the long-term average as shown figure 11.,Agriculture/Disaster,NDMA Narok Drought Early Warning Bulletin April 2025,Narok_DEW_Bulletin_April_202520250516124829.pdf
kilogram at the market level increased to Ksh.66 from Ksh.61 when compared to the previous month.,Agriculture/Disaster,NDMA Narok Drought Early Warning Bulletin April 2025,Narok_DEW_Bulletin_April_202520250516124829.pdf
The increase in price is owed diminishing stock at household level.,Agriculture/Disaster,NDMA Narok Drought Early Warning Bulletin April 2025,Narok_DEW_Bulletin_April_202520250516124829.pdf
The highest price was recorded in Pastoral Livelihood zone at Ksh.78 and Ksh.60 and Ksh.52 in the Mixed farming and Agro-pastoral livelihood zones respectively.,Agriculture/Disaster,NDMA Narok Drought Early Warning Bulletin April 2025,Narok_DEW_Bulletin_April_202520250516124829.pdf
below the normal as shown in figure 12.,Agriculture/Disaster,NDMA Narok Drought Early Warning Bulletin April 2025,Narok_DEW_Bulletin_April_202520250516124829.pdf
per kilogram increased to Ksh.141 from Ksh.134 when compared to the previous month.,Agriculture/Disaster,NDMA Narok Drought Early Warning Bulletin April 2025,Narok_DEW_Bulletin_April_202520250516124829.pdf
Pastoral and in and Pastoral livelihood zones at approximately Ksh.148-150 compared to Ksh.125 in Mixed Farming livelihood zone.,Agriculture/Disaster,NDMA Narok Drought Early Warning Bulletin April 2025,Narok_DEW_Bulletin_April_202520250516124829.pdf
the normal range as indicated in figure 13.,Agriculture/Disaster,NDMA Narok Drought Early Warning Bulletin April 2025,Narok_DEW_Bulletin_April_202520250516124829.pdf
the month under review reduced to 101 from 106 as recorded in the previous month.,Agriculture/Disaster,NDMA Narok Drought Early Warning Bulletin April 2025,Narok_DEW_Bulletin_April_202520250516124829.pdf
This implies that a sale of a medium-sized goat fetched 101 kgs of cereals.,Agriculture/Disaster,NDMA Narok Drought Early Warning Bulletin April 2025,Narok_DEW_Bulletin_April_202520250516124829.pdf
increase in maize and goat price across the livelihood zones during the month under review.,Agriculture/Disaster,NDMA Narok Drought Early Warning Bulletin April 2025,Narok_DEW_Bulletin_April_202520250516124829.pdf
is within the LTA (Figure 14).,Agriculture/Disaster,NDMA Narok Drought Early Warning Bulletin April 2025,Narok_DEW_Bulletin_April_202520250516124829.pdf
compared to the previous month.,Agriculture/Disaster,NDMA Narok Drought Early Warning Bulletin April 2025,Narok_DEW_Bulletin_April_202520250516124829.pdf
The steadiness is owed to increase in milk production at household level.,Agriculture/Disaster,NDMA Narok Drought Early Warning Bulletin April 2025,Narok_DEW_Bulletin_April_202520250516124829.pdf
variation in milk consumption during the month under review.,Agriculture/Disaster,NDMA Narok Drought Early Warning Bulletin April 2025,Narok_DEW_Bulletin_April_202520250516124829.pdf
is slightly below the normal range as shown in figure 15.,Agriculture/Disaster,NDMA Narok Drought Early Warning Bulletin April 2025,Narok_DEW_Bulletin_April_202520250516124829.pdf
were within acceptable food consumption category in Agro-pastoral and mixed farming livelihood zones.,Agriculture/Disaster,NDMA Narok Drought Early Warning Bulletin April 2025,Narok_DEW_Bulletin_April_202520250516124829.pdf
"In the pastoral livelihood zone about 95.5, 3.4 and 1.1 percent were in Acceptable, borderline and poor category respectively.",Agriculture/Disaster,NDMA Narok Drought Early Warning Bulletin April 2025,Narok_DEW_Bulletin_April_202520250516124829.pdf
Most of the households were consuming 2-3 meals per day contrary to 3-4 meals per day.,Agriculture/Disaster,NDMA Narok Drought Early Warning Bulletin April 2025,Narok_DEW_Bulletin_April_202520250516124829.pdf
"meals consisted of three food groups which include cereals, pulses and/or milk/livestock products compared to the normal of four or more food groups which include cereals, pulses, vegetables-other vegetables and/or milk/livestock products across the livelihood zones (Figure 16).",Agriculture/Disaster,NDMA Narok Drought Early Warning Bulletin April 2025,Narok_DEW_Bulletin_April_202520250516124829.pdf
trade across the livelihood zones and continuous sensitization on importance of diet diversity by partners in the county.,Agriculture/Disaster,NDMA Narok Drought Early Warning Bulletin April 2025,Narok_DEW_Bulletin_April_202520250516124829.pdf
proportion of children under five at risk of malnutrition increased to 1.4 percent from 0.80 percent when compared to the previous month.,Agriculture/Disaster,NDMA Narok Drought Early Warning Bulletin April 2025,Narok_DEW_Bulletin_April_202520250516124829.pdf
the highest proportion of children who were at risk of being malnourished were at 3.2 percent with Agro-pastoral and Mixed Farming having minimal to no children under risk of malnutrition.,Agriculture/Disaster,NDMA Narok Drought Early Warning Bulletin April 2025,Narok_DEW_Bulletin_April_202520250516124829.pdf
Naroosura(2.7 percent) and Siana(6.2 percent) wards both in the pastoral livelihood zone.,Agriculture/Disaster,NDMA Narok Drought Early Warning Bulletin April 2025,Narok_DEW_Bulletin_April_202520250516124829.pdf
importance of dietary diversity.,Agriculture/Disaster,NDMA Narok Drought Early Warning Bulletin April 2025,Narok_DEW_Bulletin_April_202520250516124829.pdf
average as shown in figure 17.,Agriculture/Disaster,NDMA Narok Drought Early Warning Bulletin April 2025,Narok_DEW_Bulletin_April_202520250516124829.pdf
temperatures and a few diarrhoea cases being observed mostly in the pastoral livelihood zone.,Agriculture/Disaster,NDMA Narok Drought Early Warning Bulletin April 2025,Narok_DEW_Bulletin_April_202520250516124829.pdf
approximately 3.9 percent of the sampled household employed reduced Coping Strategy Index (rCSI) having increased slightly from 3.1 percent when compared to the previous month.,Agriculture/Disaster,NDMA Narok Drought Early Warning Bulletin April 2025,Narok_DEW_Bulletin_April_202520250516124829.pdf
relatively employing minimal to no coping mechanisms.,Agriculture/Disaster,NDMA Narok Drought Early Warning Bulletin April 2025,Narok_DEW_Bulletin_April_202520250516124829.pdf
"expensive food, reduced portion size of meals, reduced quantity of food for children to eat, reduced number of meals eaten per day were the most frequent coping mechanisms adopted in Pastoral livelihood zone.",Agriculture/Disaster,NDMA Narok Drought Early Warning Bulletin April 2025,Narok_DEW_Bulletin_April_202520250516124829.pdf
The current rCSI is within the long-term mean as shown in figure 18.,Agriculture/Disaster,NDMA Narok Drought Early Warning Bulletin April 2025,Narok_DEW_Bulletin_April_202520250516124829.pdf
7.0 EMERGING ISSUES 7.1 Insecurity/Conflict/Human Displacement No major confirmed conflict issues related to drought were reported during the month under review.,Agriculture/Disaster,NDMA Narok Drought Early Warning Bulletin April 2025,Narok_DEW_Bulletin_April_202520250516124829.pdf
7.2 Migration The County did not record any livestock migration during the month under review.,Agriculture/Disaster,NDMA Narok Drought Early Warning Bulletin April 2025,Narok_DEW_Bulletin_April_202520250516124829.pdf
"7.3 FOOD SECURITY PROGNOSIS Based on Kenya Meteorological Department (KMD) weather forecast May, 2025 issued on 30th April indicates that the total amounts of rainfall expected are likely to be near to above average.",Agriculture/Disaster,NDMA Narok Drought Early Warning Bulletin April 2025,Narok_DEW_Bulletin_April_202520250516124829.pdf
Livestock productivity is likely to improve in areas with forecasted above normal rains.,Agriculture/Disaster,NDMA Narok Drought Early Warning Bulletin April 2025,Narok_DEW_Bulletin_April_202520250516124829.pdf
"As result, of the stated indicators positive impact on food security would be realized.",Agriculture/Disaster,NDMA Narok Drought Early Warning Bulletin April 2025,Narok_DEW_Bulletin_April_202520250516124829.pdf
Water for livestock and household use would be available in May 2025 due to rainfall recharge however it may lead to high siltation levels of open water sources that has been persistent overtime leading to poor water quality mostly in the pastoral livelihood zone.,Agriculture/Disaster,NDMA Narok Drought Early Warning Bulletin April 2025,Narok_DEW_Bulletin_April_202520250516124829.pdf
Maize prices are likely to remain higher than the long-term average owing to diminishing stock at household level which might lead to unfavourable terms of trade.,Agriculture/Disaster,NDMA Narok Drought Early Warning Bulletin April 2025,Narok_DEW_Bulletin_April_202520250516124829.pdf
Household food consumption patterns are likely to worsen due depletion of household stock and high food prices hence increase of households in borderline and poor food consumption scores.,Agriculture/Disaster,NDMA Narok Drought Early Warning Bulletin April 2025,Narok_DEW_Bulletin_April_202520250516124829.pdf
This would lead to increased copying strategies.,Agriculture/Disaster,NDMA Narok Drought Early Warning Bulletin April 2025,Narok_DEW_Bulletin_April_202520250516124829.pdf
Livestock (Supportive Vet.,Agriculture/Disaster,NDMA Narok Drought Early Warning Bulletin April 2025,Narok_DEW_Bulletin_April_202520250516124829.pdf
Situation & EW Phase Classification Biophysical Indicators Rainfall The October- December 2025 short rainy season started in the 2nd Dekad of October.,Agriculture/Disaster,NDMA Narok Drought Early Warning Bulletin October 2025,Narok_DEW_Bulletin_October_202520251124133207.pdf
Most parts registered moderate to heavy rains.,Agriculture/Disaster,NDMA Narok Drought Early Warning Bulletin October 2025,Narok_DEW_Bulletin_October_202520251124133207.pdf
Forage condition: Vegetation condition index was above normal.,Agriculture/Disaster,NDMA Narok Drought Early Warning Bulletin October 2025,Narok_DEW_Bulletin_October_202520251124133207.pdf
Forage condition across the livelihood ranged from fair to good on improving trend.,Agriculture/Disaster,NDMA Narok Drought Early Warning Bulletin October 2025,Narok_DEW_Bulletin_October_202520251124133207.pdf
Socio-Economic Indicators (Impact Indicators) Production Indicators Household maize stocks have increased.,Agriculture/Disaster,NDMA Narok Drought Early Warning Bulletin October 2025,Narok_DEW_Bulletin_October_202520251124133207.pdf
Household water distance was within the normal range.,Agriculture/Disaster,NDMA Narok Drought Early Warning Bulletin October 2025,Narok_DEW_Bulletin_October_202520251124133207.pdf
Livestock watering distance was within the normal.,Agriculture/Disaster,NDMA Narok Drought Early Warning Bulletin October 2025,Narok_DEW_Bulletin_October_202520251124133207.pdf
Malnutrition cases were below normal range.,Agriculture/Disaster,NDMA Narok Drought Early Warning Bulletin October 2025,Narok_DEW_Bulletin_October_202520251124133207.pdf
Most households fell in the acceptable food consumption category.,Agriculture/Disaster,NDMA Narok Drought Early Warning Bulletin October 2025,Narok_DEW_Bulletin_October_202520251124133207.pdf
December (OND) rainy season with above normal rainfall in the first Dekad of October.,Agriculture/Disaster,NDMA Narok Drought Early Warning Bulletin October 2025,Narok_DEW_Bulletin_October_202520251124133207.pdf
"However, the rainfall slightly decreased during the second Dekad compared to the long term average.",Agriculture/Disaster,NDMA Narok Drought Early Warning Bulletin October 2025,Narok_DEW_Bulletin_October_202520251124133207.pdf
by moderate to heavy downpour across the county.,Agriculture/Disaster,NDMA Narok Drought Early Warning Bulletin October 2025,Narok_DEW_Bulletin_October_202520251124133207.pdf
relatively fair spatial and temperol distribution.,Agriculture/Disaster,NDMA Narok Drought Early Warning Bulletin October 2025,Narok_DEW_Bulletin_October_202520251124133207.pdf
"VAM,CHIRPS/MODIS data, the county recorded 35.8 and 10.03 milimetres of rainfall in the 1st and 2nd dekad compared to mean 13.11 and 16.05 milimetres normally respectively.",Agriculture/Disaster,NDMA Narok Drought Early Warning Bulletin October 2025,Narok_DEW_Bulletin_October_202520251124133207.pdf
recorded were above the previous month of September.,Agriculture/Disaster,NDMA Narok Drought Early Warning Bulletin October 2025,Narok_DEW_Bulletin_October_202520251124133207.pdf
(NDVI) at 0.50 compared to 0.46 of the long term mean (Figure 1).,Agriculture/Disaster,NDMA Narok Drought Early Warning Bulletin October 2025,Narok_DEW_Bulletin_October_202520251124133207.pdf
was 66.45 depicting above normal vegetation cover greeeness condition category.,Agriculture/Disaster,NDMA Narok Drought Early Warning Bulletin October 2025,Narok_DEW_Bulletin_October_202520251124133207.pdf
"However, Narok town ward registered moderate vegetation condition of 28.6.",Agriculture/Disaster,NDMA Narok Drought Early Warning Bulletin October 2025,Narok_DEW_Bulletin_October_202520251124133207.pdf
The VCI value is above normal range of 35-50 of vegetation condition across the livelihood zones as shown in figure 2.,Agriculture/Disaster,NDMA Narok Drought Early Warning Bulletin October 2025,Narok_DEW_Bulletin_October_202520251124133207.pdf
This is attributed to the enhanced rains received during the month under review.,Agriculture/Disaster,NDMA Narok Drought Early Warning Bulletin October 2025,Narok_DEW_Bulletin_October_202520251124133207.pdf
The Pasture was generally good in the Mixed and Agro-pastoral livelihood zone and fair in the pastoral livelihood.,Agriculture/Disaster,NDMA Narok Drought Early Warning Bulletin October 2025,Narok_DEW_Bulletin_October_202520251124133207.pdf
was good and fair in both quality and quantity having improved when compared to the previous month as indicated in figure 3.,Agriculture/Disaster,NDMA Narok Drought Early Warning Bulletin October 2025,Narok_DEW_Bulletin_October_202520251124133207.pdf
months which is within the normal.,Agriculture/Disaster,NDMA Narok Drought Early Warning Bulletin October 2025,Narok_DEW_Bulletin_October_202520251124133207.pdf
when compared to September.,Agriculture/Disaster,NDMA Narok Drought Early Warning Bulletin October 2025,Narok_DEW_Bulletin_October_202520251124133207.pdf
conditions across the livelihood zones ranged between good-fair.,Agriculture/Disaster,NDMA Narok Drought Early Warning Bulletin October 2025,Narok_DEW_Bulletin_October_202520251124133207.pdf
review will likely to support regeneration of browse.,Agriculture/Disaster,NDMA Narok Drought Early Warning Bulletin October 2025,Narok_DEW_Bulletin_October_202520251124133207.pdf
range during the month under review as indicated in figure 4.,Agriculture/Disaster,NDMA Narok Drought Early Warning Bulletin October 2025,Narok_DEW_Bulletin_October_202520251124133207.pdf
"human and livestock use during the month under review were dams/pans, rivers and shallow wells which were the normal water sources depend on.",Agriculture/Disaster,NDMA Narok Drought Early Warning Bulletin October 2025,Narok_DEW_Bulletin_October_202520251124133207.pdf
"About 22, 17 and 15 percent of the households relied on dams/pans, rivers and shallow wells respectively (figure 5).",Agriculture/Disaster,NDMA Narok Drought Early Warning Bulletin October 2025,Narok_DEW_Bulletin_October_202520251124133207.pdf
The reliance on roof catchment remained relatively stable when compared to the previous month.,Agriculture/Disaster,NDMA Narok Drought Early Warning Bulletin October 2025,Narok_DEW_Bulletin_October_202520251124133207.pdf
percent in Pastoral livelihood zones having remained the same when compared to the previous month of September.,Agriculture/Disaster,NDMA Narok Drought Early Warning Bulletin October 2025,Narok_DEW_Bulletin_October_202520251124133207.pdf
"Major permanent rivers like Enkare Narok, Ewaso Nyiro, Siyiapei, Enkare Ngusor, Mogor, and Amalo rivers were within the normal flow rates.",Agriculture/Disaster,NDMA Narok Drought Early Warning Bulletin October 2025,Narok_DEW_Bulletin_October_202520251124133207.pdf
Approximately 75 percent of water facilities across the county are operational.,Agriculture/Disaster,NDMA Narok Drought Early Warning Bulletin October 2025,Narok_DEW_Bulletin_October_202520251124133207.pdf
"operational facilities are mainly observed in Narok South and Narok West sub-counties, primarily due to mismanagement, collapse of management committees, theft or breakage of solar panels and dilapidated infrastructure.",Agriculture/Disaster,NDMA Narok Drought Early Warning Bulletin October 2025,Narok_DEW_Bulletin_October_202520251124133207.pdf
by households to water points decreased slightly to 1.6 km from 1.7 km when compared to the previous month (Figure 6).,Agriculture/Disaster,NDMA Narok Drought Early Warning Bulletin October 2025,Narok_DEW_Bulletin_October_202520251124133207.pdf
trekked the longest distance at an average of 2.0 km compared 0.5-1 km in the mixed farming and agro-pastoral livelihood zones recording the shorter distance.,Agriculture/Disaster,NDMA Narok Drought Early Warning Bulletin October 2025,Narok_DEW_Bulletin_October_202520251124133207.pdf
farming and agro-pastoral livelihood zones and Kshs 2-5 in pastoral areas.,Agriculture/Disaster,NDMA Narok Drought Early Warning Bulletin October 2025,Narok_DEW_Bulletin_October_202520251124133207.pdf
sampled households purchased water during the period under review.,Agriculture/Disaster,NDMA Narok Drought Early Warning Bulletin October 2025,Narok_DEW_Bulletin_October_202520251124133207.pdf
"Only minimal water treatment methods were used by the sampled households before consumption, with boiling being the most preferred method.",Agriculture/Disaster,NDMA Narok Drought Early Warning Bulletin October 2025,Narok_DEW_Bulletin_October_202520251124133207.pdf
distance to watering points remained at 3.3 km when compared to the previous month.,Agriculture/Disaster,NDMA Narok Drought Early Warning Bulletin October 2025,Narok_DEW_Bulletin_October_202520251124133207.pdf
"livestock trekked an average distance of 5.8 km, compared to about 0.8–1.4 km in the Mixed Farming and Agro- pastoral livelihood zones.",Agriculture/Disaster,NDMA Narok Drought Early Warning Bulletin October 2025,Narok_DEW_Bulletin_October_202520251124133207.pdf
livelihood zones in the county was daily.,Agriculture/Disaster,NDMA Narok Drought Early Warning Bulletin October 2025,Narok_DEW_Bulletin_October_202520251124133207.pdf
livestock grazing areas to watering points is within the normal range (figure 7).,Agriculture/Disaster,NDMA Narok Drought Early Warning Bulletin October 2025,Narok_DEW_Bulletin_October_202520251124133207.pdf
"17 percent of livestock had good smooth appearance body condition, 72 percent of livestock had moderate neither fat nor thin and 11 percent had borderline, fore ribs not visible, 12th & 13th ribs visible body condition having improved slightly in the month under review.",Agriculture/Disaster,NDMA Narok Drought Early Warning Bulletin October 2025,Narok_DEW_Bulletin_October_202520251124133207.pdf
and goats was fairly good across all the livelihood zones which was within the normal range and this is attributed to availability of forage and water availability coupled with minimal livestock diseases out breaks.,Agriculture/Disaster,NDMA Narok Drought Early Warning Bulletin October 2025,Narok_DEW_Bulletin_October_202520251124133207.pdf
normal range at this time of the year (Figure 8).,Agriculture/Disaster,NDMA Narok Drought Early Warning Bulletin October 2025,Narok_DEW_Bulletin_October_202520251124133207.pdf
"Disease (LSD), Contagious Caprine Pleuro-Pneumonia (CCPP), and Anaplasmosis were reported in Mara, as well as parts of Naikarra and Siana wards in Narok West Sub-County during the period under review.",Agriculture/Disaster,NDMA Narok Drought Early Warning Bulletin October 2025,Narok_DEW_Bulletin_October_202520251124133207.pdf
by farmers through own arrangements County Government were employed.,Agriculture/Disaster,NDMA Narok Drought Early Warning Bulletin October 2025,Narok_DEW_Bulletin_October_202520251124133207.pdf
There were no reported livestock mortalities related to drought during the period under review.,Agriculture/Disaster,NDMA Narok Drought Early Warning Bulletin October 2025,Narok_DEW_Bulletin_October_202520251124133207.pdf
litres/day/household having increased by 11 percent when compared to previous month.,Agriculture/Disaster,NDMA Narok Drought Early Warning Bulletin October 2025,Narok_DEW_Bulletin_October_202520251124133207.pdf
recorded the highest yield at 6.8 litres/day/household while pastoral livelihood zones recorded the least amount of 2.6 litres/day/household.,Agriculture/Disaster,NDMA Narok Drought Early Warning Bulletin October 2025,Narok_DEW_Bulletin_October_202520251124133207.pdf
The low milk production in the pastoral livelihood zones is due to low livestock breeds.,Agriculture/Disaster,NDMA Narok Drought Early Warning Bulletin October 2025,Narok_DEW_Bulletin_October_202520251124133207.pdf
production is likely to improve further.,Agriculture/Disaster,NDMA Narok Drought Early Warning Bulletin October 2025,Narok_DEW_Bulletin_October_202520251124133207.pdf
The current milk production is above the normal range shown in figure 9.,Agriculture/Disaster,NDMA Narok Drought Early Warning Bulletin October 2025,Narok_DEW_Bulletin_October_202520251124133207.pdf
"3.2 RAIN-FED CROP PRODUCTION 3.2.1 Stage and Condition of Food Crops The main food crops grown in the county are Maize, Beans and Irish Potatoes.",Agriculture/Disaster,NDMA Narok Drought Early Warning Bulletin October 2025,Narok_DEW_Bulletin_October_202520251124133207.pdf
staple food crop followed by Irish potatoes and beans in the mixed farming livelihood zone and the agro-pastoral livelihood zone.,Agriculture/Disaster,NDMA Narok Drought Early Warning Bulletin October 2025,Narok_DEW_Bulletin_October_202520251124133207.pdf
Wheat and barley are generally grown in large scale scheme for commercial purpose by traders.,Agriculture/Disaster,NDMA Narok Drought Early Warning Bulletin October 2025,Narok_DEW_Bulletin_October_202520251124133207.pdf
The main activity at this time of the month is land preparation and planting.,Agriculture/Disaster,NDMA Narok Drought Early Warning Bulletin October 2025,Narok_DEW_Bulletin_October_202520251124133207.pdf
"in Mosiro, Pulunga and Naroosura region.",Agriculture/Disaster,NDMA Narok Drought Early Warning Bulletin October 2025,Narok_DEW_Bulletin_October_202520251124133207.pdf
"in the market during the month under review stood at Ksh.34,500 indicating slight increase of two percent when compared to the previous month of Ksh.",Agriculture/Disaster,NDMA Narok Drought Early Warning Bulletin October 2025,Narok_DEW_Bulletin_October_202520251124133207.pdf
livelihood zone particularly in Naroosura market at Ksh.,Agriculture/Disaster,NDMA Narok Drought Early Warning Bulletin October 2025,Narok_DEW_Bulletin_October_202520251124133207.pdf
"48,300 compared to Ksh 22,000 in the Agro- Pastoral livelihood zone.",Agriculture/Disaster,NDMA Narok Drought Early Warning Bulletin October 2025,Narok_DEW_Bulletin_October_202520251124133207.pdf
Slight increase in price is owed to improved livestock body condition.,Agriculture/Disaster,NDMA Narok Drought Early Warning Bulletin October 2025,Narok_DEW_Bulletin_October_202520251124133207.pdf
within the normal range (Figure 10).,Agriculture/Disaster,NDMA Narok Drought Early Warning Bulletin October 2025,Narok_DEW_Bulletin_October_202520251124133207.pdf
"medium sized mature goat stood at Ksh.6,583 having risen by five percent when compared to the previous month.",Agriculture/Disaster,NDMA Narok Drought Early Warning Bulletin October 2025,Narok_DEW_Bulletin_October_202520251124133207.pdf
"6,400-6,500 in the mixed farming and pastoral livelihood zones recording the least price.",Agriculture/Disaster,NDMA Narok Drought Early Warning Bulletin October 2025,Narok_DEW_Bulletin_October_202520251124133207.pdf
demand occasioned by good livestock body condition.,Agriculture/Disaster,NDMA Narok Drought Early Warning Bulletin October 2025,Narok_DEW_Bulletin_October_202520251124133207.pdf
normal range (Figure 11).,Agriculture/Disaster,NDMA Narok Drought Early Warning Bulletin October 2025,Narok_DEW_Bulletin_October_202520251124133207.pdf
58 having reduced by eight percent when compared to previous month’s price of Ksh.,Agriculture/Disaster,NDMA Narok Drought Early Warning Bulletin October 2025,Narok_DEW_Bulletin_October_202520251124133207.pdf
"from the month of June, 2025 through the month of October, 2025.",Agriculture/Disaster,NDMA Narok Drought Early Warning Bulletin October 2025,Narok_DEW_Bulletin_October_202520251124133207.pdf
improved stocks at household level owing to the increased maize harvest.,Agriculture/Disaster,NDMA Narok Drought Early Warning Bulletin October 2025,Narok_DEW_Bulletin_October_202520251124133207.pdf
highest price at Ksh.60 while Mixed farming recorded the least at Ksh.56.,Agriculture/Disaster,NDMA Narok Drought Early Warning Bulletin October 2025,Narok_DEW_Bulletin_October_202520251124133207.pdf
compared to September but slightly lower than the LTA.,Agriculture/Disaster,NDMA Narok Drought Early Warning Bulletin October 2025,Narok_DEW_Bulletin_October_202520251124133207.pdf
A kilo of beans stood at Ksh.140.,Agriculture/Disaster,NDMA Narok Drought Early Warning Bulletin October 2025,Narok_DEW_Bulletin_October_202520251124133207.pdf
livelihood zones Ksh.160 compared to the least price of Ksh.125recorded in Mixed Farming.,Agriculture/Disaster,NDMA Narok Drought Early Warning Bulletin October 2025,Narok_DEW_Bulletin_October_202520251124133207.pdf
normal range as shown in figure 13.,Agriculture/Disaster,NDMA Narok Drought Early Warning Bulletin October 2025,Narok_DEW_Bulletin_October_202520251124133207.pdf
month under review increased to 114 from 110 as recorded in the previous month.,Agriculture/Disaster,NDMA Narok Drought Early Warning Bulletin October 2025,Narok_DEW_Bulletin_October_202520251124133207.pdf
This indicates that a sale of a medium-sized goat fetched 4 kgs more compared to September.,Agriculture/Disaster,NDMA Narok Drought Early Warning Bulletin October 2025,Narok_DEW_Bulletin_October_202520251124133207.pdf
maize versus increase in goat price.,Agriculture/Disaster,NDMA Narok Drought Early Warning Bulletin October 2025,Narok_DEW_Bulletin_October_202520251124133207.pdf
within the long-term range (Figure 14).,Agriculture/Disaster,NDMA Narok Drought Early Warning Bulletin October 2025,Narok_DEW_Bulletin_October_202520251124133207.pdf
consumption and its nutrition value.,Agriculture/Disaster,NDMA Narok Drought Early Warning Bulletin October 2025,Narok_DEW_Bulletin_October_202520251124133207.pdf
the normal range as shown in figure 15.,Agriculture/Disaster,NDMA Narok Drought Early Warning Bulletin October 2025,Narok_DEW_Bulletin_October_202520251124133207.pdf
(consuming cereals and vegetables- other vegetables in last seven days) food consumption score.,Agriculture/Disaster,NDMA Narok Drought Early Warning Bulletin October 2025,Narok_DEW_Bulletin_October_202520251124133207.pdf
was within the acceptable category of 80-100 percent (Figure 16).,Agriculture/Disaster,NDMA Narok Drought Early Warning Bulletin October 2025,Narok_DEW_Bulletin_October_202520251124133207.pdf
categories respectively when compared to the household in the mixed and agro pastoral livelihood zones with no households in the poor or borderline category.,Agriculture/Disaster,NDMA Narok Drought Early Warning Bulletin October 2025,Narok_DEW_Bulletin_October_202520251124133207.pdf
The food dietary diversity at household level has influenced positively on household food security.,Agriculture/Disaster,NDMA Narok Drought Early Warning Bulletin October 2025,Narok_DEW_Bulletin_October_202520251124133207.pdf
to 1.9 from 1.7 percent in September.,Agriculture/Disaster,NDMA Narok Drought Early Warning Bulletin October 2025,Narok_DEW_Bulletin_October_202520251124133207.pdf
being malnourished at 2.7 percent compared to Agro-pastoral and Mixed Farming having minimal.,Agriculture/Disaster,NDMA Narok Drought Early Warning Bulletin October 2025,Narok_DEW_Bulletin_October_202520251124133207.pdf
The affected areas include Naroosura and Koyiaki wards in the pastoral livelihood zone (Figure 17).,Agriculture/Disaster,NDMA Narok Drought Early Warning Bulletin October 2025,Narok_DEW_Bulletin_October_202520251124133207.pdf
The current situation is expected to improve owing to the projected improved productivity.,Agriculture/Disaster,NDMA Narok Drought Early Warning Bulletin October 2025,Narok_DEW_Bulletin_October_202520251124133207.pdf
diarrhoea cases across the livelihood zones.,Agriculture/Disaster,NDMA Narok Drought Early Warning Bulletin October 2025,Narok_DEW_Bulletin_October_202520251124133207.pdf
index (rCSI) remained stable when compared to the previous month.,Agriculture/Disaster,NDMA Narok Drought Early Warning Bulletin October 2025,Narok_DEW_Bulletin_October_202520251124133207.pdf
favourable terms of trade.,Agriculture/Disaster,NDMA Narok Drought Early Warning Bulletin October 2025,Narok_DEW_Bulletin_October_202520251124133207.pdf
less expensive food and reduced portion of meals were the most frequent coping mechanisms adopted across the livelihood zones during the period under review.,Agriculture/Disaster,NDMA Narok Drought Early Warning Bulletin October 2025,Narok_DEW_Bulletin_October_202520251124133207.pdf
The current reduced coping strategy index (rCSI) is within the normal range (Figure 18).,Agriculture/Disaster,NDMA Narok Drought Early Warning Bulletin October 2025,Narok_DEW_Bulletin_October_202520251124133207.pdf
7.2 Migration The County did not register any livestock migration during the month under review.,Agriculture/Disaster,NDMA Narok Drought Early Warning Bulletin October 2025,Narok_DEW_Bulletin_October_202520251124133207.pdf
"7.3 FOOD SECURITY PROGNOSIS According to the Kenya Meteorological Department (KMD) weather forecast issued on 31st October 2025, rainfall in November 2025 is expected to range from near-average to above- average levels.",Agriculture/Disaster,NDMA Narok Drought Early Warning Bulletin October 2025,Narok_DEW_Bulletin_October_202520251124133207.pdf
"During this period, heavy storms are anticipated to occur more frequently, particularly in the afternoons and evenings.",Agriculture/Disaster,NDMA Narok Drought Early Warning Bulletin October 2025,Narok_DEW_Bulletin_October_202520251124133207.pdf
"Open water sources are expected to recharge to about 75–80 percent with the onset of the short rains season, resulting in shorter distances to domestic and livestock water points.",Agriculture/Disaster,NDMA Narok Drought Early Warning Bulletin October 2025,Narok_DEW_Bulletin_October_202520251124133207.pdf
The water is projected to last for approximately 2–3 months.,Agriculture/Disaster,NDMA Narok Drought Early Warning Bulletin October 2025,Narok_DEW_Bulletin_October_202520251124133207.pdf
Livestock productivity is likely to improve in areas with forecasted significant amounts of rains.,Agriculture/Disaster,NDMA Narok Drought Early Warning Bulletin October 2025,Narok_DEW_Bulletin_October_202520251124133207.pdf
The available pasture is likely to last for 1-3 in pastoral livelihood zone and 2-3 months in agro pastoral and mixed farming zones.,Agriculture/Disaster,NDMA Narok Drought Early Warning Bulletin October 2025,Narok_DEW_Bulletin_October_202520251124133207.pdf
The cereal prices of staple food commodities are likely to reduce as farmers have restocked leading to an improvement in households’ access to food for the next 2-3 months.,Agriculture/Disaster,NDMA Narok Drought Early Warning Bulletin October 2025,Narok_DEW_Bulletin_October_202520251124133207.pdf
Household food consumption patterns and nutrition status are likely to improve due to improved purchasing power.,Agriculture/Disaster,NDMA Narok Drought Early Warning Bulletin October 2025,Narok_DEW_Bulletin_October_202520251124133207.pdf
Risk of malnutrition is likely to remain low with most households having acceptable food consumption scores.,Agriculture/Disaster,NDMA Narok Drought Early Warning Bulletin October 2025,Narok_DEW_Bulletin_October_202520251124133207.pdf
Households are likely to continue employing minimal coping strategies for the next 2-3 months.,Agriculture/Disaster,NDMA Narok Drought Early Warning Bulletin October 2025,Narok_DEW_Bulletin_October_202520251124133207.pdf
"Situation & EW Phase Classification Biophysical Indicators Rainfall Performance: Rainfall was unevenly distributed, with onset varying between the 2nd and 3rd dekads.",Agriculture/Disaster,NDMA Tharaka Nithi Drought Early Warning Bulletin April 2025,Tharaka_Nithi_DEW_Bulletin_April_202520250516124428.pdf
"The Mixed Farming zone experienced regular and evenly distributed rainfall, while the Marginal Mixed Farming zone received fairly concentrated rains.",Agriculture/Disaster,NDMA Tharaka Nithi Drought Early Warning Bulletin April 2025,Tharaka_Nithi_DEW_Bulletin_April_202520250516124428.pdf
"Overall, the average rainfall recorded across monitoring sites was 146.6 mm over an average of 9 rainy days.",Agriculture/Disaster,NDMA Tharaka Nithi Drought Early Warning Bulletin April 2025,Tharaka_Nithi_DEW_Bulletin_April_202520250516124428.pdf
"Socio Economic Indicators (Impact Indicators) Production Indicators: Livestock body condition for 81.2% of livestock species were rated to be in moderate condition, neither fat nor thin (scale 4) whereas 18.8% in good, smooth appearance (scale 3).",Agriculture/Disaster,NDMA Tharaka Nithi Drought Early Warning Bulletin April 2025,Tharaka_Nithi_DEW_Bulletin_April_202520250516124428.pdf
Milk production was 1.3 litres in March.,Agriculture/Disaster,NDMA Tharaka Nithi Drought Early Warning Bulletin April 2025,Tharaka_Nithi_DEW_Bulletin_April_202520250516124428.pdf
Access indicators: Terms of Trade (ToT) across the livelihood zones increased by 10.2% to 153.6 kilograms of maize for a mature goat.,Agriculture/Disaster,NDMA Tharaka Nithi Drought Early Warning Bulletin April 2025,Tharaka_Nithi_DEW_Bulletin_April_202520250516124428.pdf
Household distance to water points was 2 km whereas livestock distance to watering points was 2.4 km.,Agriculture/Disaster,NDMA Tharaka Nithi Drought Early Warning Bulletin April 2025,Tharaka_Nithi_DEW_Bulletin_April_202520250516124428.pdf
Utilization indicators: Food Consumption Score (FCS) increased from 84.2% to 86.5% in April.,Agriculture/Disaster,NDMA Tharaka Nithi Drought Early Warning Bulletin April 2025,Tharaka_Nithi_DEW_Bulletin_April_202520250516124428.pdf
MUAC - Percentage of children between 6-59 months at Risk of malnutrition increased from 3.5% to 4%.,Agriculture/Disaster,NDMA Tharaka Nithi Drought Early Warning Bulletin April 2025,Tharaka_Nithi_DEW_Bulletin_April_202520250516124428.pdf
"May (MAM) 2025 long rains in Tharaka occurred variably between the 2nd and 3rd dekads of March, in line with forecasts from the Kenya Meteorological Department.",Agriculture/Disaster,NDMA Tharaka Nithi Drought Early Warning Bulletin April 2025,Tharaka_Nithi_DEW_Bulletin_April_202520250516124428.pdf
"Rainfall performance throughout the month was spatially uneven, with notable differences between the two main livelihood zones under monitoring: Mixed Farming (Marimanti and Karocho) and Marginal Mixed Farming (Kamanyaki and Kathangachini).",Agriculture/Disaster,NDMA Tharaka Nithi Drought Early Warning Bulletin April 2025,Tharaka_Nithi_DEW_Bulletin_April_202520250516124428.pdf
"fairly concentrated rainfall, averaging 212.3 mm over averagely 8 rainy days.",Agriculture/Disaster,NDMA Tharaka Nithi Drought Early Warning Bulletin April 2025,Tharaka_Nithi_DEW_Bulletin_April_202520250516124428.pdf
"This pattern was highlighted by Marimanti, which received the highest monthly total of 387.4 mm, indicating heavy downpours over fewer days.",Agriculture/Disaster,NDMA Tharaka Nithi Drought Early Warning Bulletin April 2025,Tharaka_Nithi_DEW_Bulletin_April_202520250516124428.pdf
"300.8 mm across averagely 10 rainy days, which is favorable for early crop planting and pasture regeneration.",Agriculture/Disaster,NDMA Tharaka Nithi Drought Early Warning Bulletin April 2025,Tharaka_Nithi_DEW_Bulletin_April_202520250516124428.pdf
"The overall average rainfall across all observed stations was 146.6 mm, recorded over an average of 9 rainy days.",Agriculture/Disaster,NDMA Tharaka Nithi Drought Early Warning Bulletin April 2025,Tharaka_Nithi_DEW_Bulletin_April_202520250516124428.pdf
reporting good quality and quantity in both livelihood zones.,Agriculture/Disaster,NDMA Tharaka Nithi Drought Early Warning Bulletin April 2025,Tharaka_Nithi_DEW_Bulletin_April_202520250516124428.pdf
This is as a result of the MAM rains experienced during the month.,Agriculture/Disaster,NDMA Tharaka Nithi Drought Early Warning Bulletin April 2025,Tharaka_Nithi_DEW_Bulletin_April_202520250516124428.pdf
Available pasture is expected to sustain livestock for three months.,Agriculture/Disaster,NDMA Tharaka Nithi Drought Early Warning Bulletin April 2025,Tharaka_Nithi_DEW_Bulletin_April_202520250516124428.pdf
No challenges were reported in accessing pasture during this period.,Agriculture/Disaster,NDMA Tharaka Nithi Drought Early Warning Bulletin April 2025,Tharaka_Nithi_DEW_Bulletin_April_202520250516124428.pdf
population in both livelihood zones as a result of the MAM rains experienced during the month.,Agriculture/Disaster,NDMA Tharaka Nithi Drought Early Warning Bulletin April 2025,Tharaka_Nithi_DEW_Bulletin_April_202520250516124428.pdf
Current browse is projected to sustain livestock for about three months.,Agriculture/Disaster,NDMA Tharaka Nithi Drought Early Warning Bulletin April 2025,Tharaka_Nithi_DEW_Bulletin_April_202520250516124428.pdf
No major constraints to accessing browse were reported during this period.,Agriculture/Disaster,NDMA Tharaka Nithi Drought Early Warning Bulletin April 2025,Tharaka_Nithi_DEW_Bulletin_April_202520250516124428.pdf
"and dependency in Tharaka were as follows; 30.4% of the population depended on boreholes, 21.9% on rivers, 21.7% on traditional river wells, 13% on shallow wells, 8.7% on springs and 4.3% on pans and dams as their primary sources as shown in figure 2.",Agriculture/Disaster,NDMA Tharaka Nithi Drought Early Warning Bulletin April 2025,Tharaka_Nithi_DEW_Bulletin_April_202520250516124428.pdf
"Mukothima, Gatunga, Tunyai, Chiakariga, Kibung’a, and Nkondi continued to benefit from piped water systems.",Agriculture/Disaster,NDMA Tharaka Nithi Drought Early Warning Bulletin April 2025,Tharaka_Nithi_DEW_Bulletin_April_202520250516124428.pdf
"parts of Chiakariga where boreholes are mostly used, the average waiting time to draw water using a manual pump reduced from 30 minutes to less than 5 minutes to fill a 20-litre jerrycan.",Agriculture/Disaster,NDMA Tharaka Nithi Drought Early Warning Bulletin April 2025,Tharaka_Nithi_DEW_Bulletin_April_202520250516124428.pdf
fetch water reduced to 2 km from the previous month as a result of good performance of the MAM rains.,Agriculture/Disaster,NDMA Tharaka Nithi Drought Early Warning Bulletin April 2025,Tharaka_Nithi_DEW_Bulletin_April_202520250516124428.pdf
"water, primarily through boiling.",Agriculture/Disaster,NDMA Tharaka Nithi Drought Early Warning Bulletin April 2025,Tharaka_Nithi_DEW_Bulletin_April_202520250516124428.pdf
Water prices decreased to Kshs.,Agriculture/Disaster,NDMA Tharaka Nithi Drought Early Warning Bulletin April 2025,Tharaka_Nithi_DEW_Bulletin_April_202520250516124428.pdf
"liter jerrycan at the source, while vendors in market areas charged Kshs.",Agriculture/Disaster,NDMA Tharaka Nithi Drought Early Warning Bulletin April 2025,Tharaka_Nithi_DEW_Bulletin_April_202520250516124428.pdf
"remains low, as rivers continue to serve as the primary water source for most households.",Agriculture/Disaster,NDMA Tharaka Nithi Drought Early Warning Bulletin April 2025,Tharaka_Nithi_DEW_Bulletin_April_202520250516124428.pdf
from grazing areas to watering points slightly reduced to 2.4 km due to effect of the MAM rains.,Agriculture/Disaster,NDMA Tharaka Nithi Drought Early Warning Bulletin April 2025,Tharaka_Nithi_DEW_Bulletin_April_202520250516124428.pdf
Farming livelihood zones are watered on a daily.,Agriculture/Disaster,NDMA Tharaka Nithi Drought Early Warning Bulletin April 2025,Tharaka_Nithi_DEW_Bulletin_April_202520250516124428.pdf
threshold for this period and is significantly lower than the Long-Term Average of 5.7 km.,Agriculture/Disaster,NDMA Tharaka Nithi Drought Early Warning Bulletin April 2025,Tharaka_Nithi_DEW_Bulletin_April_202520250516124428.pdf
"nor thin (scale 4), whereas 18.8% were reported to have a good smooth appearance (scale 3).",Agriculture/Disaster,NDMA Tharaka Nithi Drought Early Warning Bulletin April 2025,Tharaka_Nithi_DEW_Bulletin_April_202520250516124428.pdf
conditions across most livestock species.,Agriculture/Disaster,NDMA Tharaka Nithi Drought Early Warning Bulletin April 2025,Tharaka_Nithi_DEW_Bulletin_April_202520250516124428.pdf
"increased by 7.1% to 1.4 liters per household per day, primarily due to improved pasture conditions and reduced distance to water sources which positively impacted livestock conditions.",Agriculture/Disaster,NDMA Tharaka Nithi Drought Early Warning Bulletin April 2025,Tharaka_Nithi_DEW_Bulletin_April_202520250516124428.pdf
farmers across Marginal Mixed Farming and Mixed Farming livelihood zones ranged between Kshs.,Agriculture/Disaster,NDMA Tharaka Nithi Drought Early Warning Bulletin April 2025,Tharaka_Nithi_DEW_Bulletin_April_202520250516124428.pdf
threshold and Long-Term Average of 1.4 liters.,Agriculture/Disaster,NDMA Tharaka Nithi Drought Early Warning Bulletin April 2025,Tharaka_Nithi_DEW_Bulletin_April_202520250516124428.pdf
"These are millet, cowpeas, green grams, sorghum and pigeon peas.",Agriculture/Disaster,NDMA Tharaka Nithi Drought Early Warning Bulletin April 2025,Tharaka_Nithi_DEW_Bulletin_April_202520250516124428.pdf
The cattle price averaged Kshs.,Agriculture/Disaster,NDMA Tharaka Nithi Drought Early Warning Bulletin April 2025,Tharaka_Nithi_DEW_Bulletin_April_202520250516124428.pdf
This is a 16.5% drop from last month.,Agriculture/Disaster,NDMA Tharaka Nithi Drought Early Warning Bulletin April 2025,Tharaka_Nithi_DEW_Bulletin_April_202520250516124428.pdf
"different zones, with Kathangachini Market in the Marginal Mixed Farming Zone averaging Kshs.",Agriculture/Disaster,NDMA Tharaka Nithi Drought Early Warning Bulletin April 2025,Tharaka_Nithi_DEW_Bulletin_April_202520250516124428.pdf
"36,000, while Gatunga Market recorded Kshs.",Agriculture/Disaster,NDMA Tharaka Nithi Drought Early Warning Bulletin April 2025,Tharaka_Nithi_DEW_Bulletin_April_202520250516124428.pdf
Market reported an average price of Kshs.,Agriculture/Disaster,NDMA Tharaka Nithi Drought Early Warning Bulletin April 2025,Tharaka_Nithi_DEW_Bulletin_April_202520250516124428.pdf
"47,000, whereas Marimanti averaged Kshs.",Agriculture/Disaster,NDMA Tharaka Nithi Drought Early Warning Bulletin April 2025,Tharaka_Nithi_DEW_Bulletin_April_202520250516124428.pdf
normal threshold and exceed the Long- Term Average of Kshs.,Agriculture/Disaster,NDMA Tharaka Nithi Drought Early Warning Bulletin April 2025,Tharaka_Nithi_DEW_Bulletin_April_202520250516124428.pdf
"30,964, as shown in Figure 6.",Agriculture/Disaster,NDMA Tharaka Nithi Drought Early Warning Bulletin April 2025,Tharaka_Nithi_DEW_Bulletin_April_202520250516124428.pdf
The decrease is attributed to pricing trends.,Agriculture/Disaster,NDMA Tharaka Nithi Drought Early Warning Bulletin April 2025,Tharaka_Nithi_DEW_Bulletin_April_202520250516124428.pdf
"8,142, as illustrated in Figure 7.",Agriculture/Disaster,NDMA Tharaka Nithi Drought Early Warning Bulletin April 2025,Tharaka_Nithi_DEW_Bulletin_April_202520250516124428.pdf
"Zone, prices averaged Kshs.",Agriculture/Disaster,NDMA Tharaka Nithi Drought Early Warning Bulletin April 2025,Tharaka_Nithi_DEW_Bulletin_April_202520250516124428.pdf
"8,000, while the Mixed Farming Livelihood Zone recorded slightly higher prices at Kshs.",Agriculture/Disaster,NDMA Tharaka Nithi Drought Early Warning Bulletin April 2025,Tharaka_Nithi_DEW_Bulletin_April_202520250516124428.pdf
within the normal threshold and exceeds the Long-Term Average of Kshs.,Agriculture/Disaster,NDMA Tharaka Nithi Drought Early Warning Bulletin April 2025,Tharaka_Nithi_DEW_Bulletin_April_202520250516124428.pdf
"5,775, influenced by prevailing market forces.",Agriculture/Disaster,NDMA Tharaka Nithi Drought Early Warning Bulletin April 2025,Tharaka_Nithi_DEW_Bulletin_April_202520250516124428.pdf
"5,675 across the livelihood zones.",Agriculture/Disaster,NDMA Tharaka Nithi Drought Early Warning Bulletin April 2025,Tharaka_Nithi_DEW_Bulletin_April_202520250516124428.pdf
"While this remains within the normal range, it is slightly below the Long-Term Average of Kshs.",Agriculture/Disaster,NDMA Tharaka Nithi Drought Early Warning Bulletin April 2025,Tharaka_Nithi_DEW_Bulletin_April_202520250516124428.pdf
"56 per kilogram, as shown in Figure 9.",Agriculture/Disaster,NDMA Tharaka Nithi Drought Early Warning Bulletin April 2025,Tharaka_Nithi_DEW_Bulletin_April_202520250516124428.pdf
both the Marginal Mixed Farming and Mixed Farming Livelihood Zones ranging between Kshs.,Agriculture/Disaster,NDMA Tharaka Nithi Drought Early Warning Bulletin April 2025,Tharaka_Nithi_DEW_Bulletin_April_202520250516124428.pdf
"market supply dynamics, with ongoing harvests and imports from neighboring counties such as Embu and Meru helping to ease market pressures and enhance household access to staple foods.",Agriculture/Disaster,NDMA Tharaka Nithi Drought Early Warning Bulletin April 2025,Tharaka_Nithi_DEW_Bulletin_April_202520250516124428.pdf
"period under review to 153.6 kg of maize per goat, a 10.2% increase from the previous month and above the Long-Term Average of 108.",Agriculture/Disaster,NDMA Tharaka Nithi Drought Early Warning Bulletin April 2025,Tharaka_Nithi_DEW_Bulletin_April_202520250516124428.pdf
This shift reflects marginal gains in both livestock and maize prices over the period.,Agriculture/Disaster,NDMA Tharaka Nithi Drought Early Warning Bulletin April 2025,Tharaka_Nithi_DEW_Bulletin_April_202520250516124428.pdf
"remained relatively stable, averaging 150.6 kgs in Mixed Farming Zone and 157 kgs in the Marginal Mixed Farming Zone.",Agriculture/Disaster,NDMA Tharaka Nithi Drought Early Warning Bulletin April 2025,Tharaka_Nithi_DEW_Bulletin_April_202520250516124428.pdf
indicating a stable market environment and stronger purchasing power for households relying on livestock sales.,Agriculture/Disaster,NDMA Tharaka Nithi Drought Early Warning Bulletin April 2025,Tharaka_Nithi_DEW_Bulletin_April_202520250516124428.pdf
"households consumed an average of 1.5 liters, slightly higher than the 1.2 liter recorded in the Marginal Mixed Farming Zone.",Agriculture/Disaster,NDMA Tharaka Nithi Drought Early Warning Bulletin April 2025,Tharaka_Nithi_DEW_Bulletin_April_202520250516124428.pdf
"zones, reflecting an increase from 84.2% in the previous month.",Agriculture/Disaster,NDMA Tharaka Nithi Drought Early Warning Bulletin April 2025,Tharaka_Nithi_DEW_Bulletin_April_202520250516124428.pdf
"Zone, 75.7% met this threshold.",Agriculture/Disaster,NDMA Tharaka Nithi Drought Early Warning Bulletin April 2025,Tharaka_Nithi_DEW_Bulletin_April_202520250516124428.pdf
"and 18.2% in the Marginal Mixed Farming Zone, with 6.1% in the poor category.",Agriculture/Disaster,NDMA Tharaka Nithi Drought Early Warning Bulletin April 2025,Tharaka_Nithi_DEW_Bulletin_April_202520250516124428.pdf
"pulses at least four times a week, complemented by protein-rich foods once or twice weekly, indicating stable food availability and access.",Agriculture/Disaster,NDMA Tharaka Nithi Drought Early Warning Bulletin April 2025,Tharaka_Nithi_DEW_Bulletin_April_202520250516124428.pdf
"malnutrition, based on Mid-Upper Arm Circumference (MUAC) measurements of 125-134 mm, increased from 3.5% in the previous month to 4% this month.",Agriculture/Disaster,NDMA Tharaka Nithi Drought Early Warning Bulletin April 2025,Tharaka_Nithi_DEW_Bulletin_April_202520250516124428.pdf
"diversity, particularly in the Marginal Mixed Farming Zone, where challenge in access to food stocks from the previous harvest increased reliance on less nutritious meals.",Agriculture/Disaster,NDMA Tharaka Nithi Drought Early Warning Bulletin April 2025,Tharaka_Nithi_DEW_Bulletin_April_202520250516124428.pdf
"range and above the Long-Term Average of 1.7%, as shown in Figure 14.",Agriculture/Disaster,NDMA Tharaka Nithi Drought Early Warning Bulletin April 2025,Tharaka_Nithi_DEW_Bulletin_April_202520250516124428.pdf
There was no disease outbreak reported during the period under review.,Agriculture/Disaster,NDMA Tharaka Nithi Drought Early Warning Bulletin April 2025,Tharaka_Nithi_DEW_Bulletin_April_202520250516124428.pdf
Infections (URTI) were observed among both adults and children.,Agriculture/Disaster,NDMA Tharaka Nithi Drought Early Warning Bulletin April 2025,Tharaka_Nithi_DEW_Bulletin_April_202520250516124428.pdf
"Index (CSI) stood at 10, indicating reliance on coping mechanisms to manage food shortages.",Agriculture/Disaster,NDMA Tharaka Nithi Drought Early Warning Bulletin April 2025,Tharaka_Nithi_DEW_Bulletin_April_202520250516124428.pdf
"meal sizes, limiting portion sizes and seeking external food assistance.",Agriculture/Disaster,NDMA Tharaka Nithi Drought Early Warning Bulletin April 2025,Tharaka_Nithi_DEW_Bulletin_April_202520250516124428.pdf
"with the Mixed Farming Zone recording a lower index of 5.6, while the Marginal Mixed Farming Zone had a higher index of 14.3.",Agriculture/Disaster,NDMA Tharaka Nithi Drought Early Warning Bulletin April 2025,Tharaka_Nithi_DEW_Bulletin_April_202520250516124428.pdf
"better crop and dairy production, as well as relatively stable water access, reducing the need for coping strategies unlike the Marginal Mixed Farming Zone.",Agriculture/Disaster,NDMA Tharaka Nithi Drought Early Warning Bulletin April 2025,Tharaka_Nithi_DEW_Bulletin_April_202520250516124428.pdf
county remains relatively stable.,Agriculture/Disaster,NDMA Tharaka Nithi Drought Early Warning Bulletin April 2025,Tharaka_Nithi_DEW_Bulletin_April_202520250516124428.pdf
There was none during the month.,Agriculture/Disaster,NDMA Tharaka Nithi Drought Early Warning Bulletin April 2025,Tharaka_Nithi_DEW_Bulletin_April_202520250516124428.pdf
"However, the following were proposed.",Agriculture/Disaster,NDMA Tharaka Nithi Drought Early Warning Bulletin April 2025,Tharaka_Nithi_DEW_Bulletin_April_202520250516124428.pdf
Newcastle disease cases were reported within the two sub-counties of Tharaka North and South.,Agriculture/Disaster,NDMA Tharaka Nithi Drought Early Warning Bulletin April 2025,Tharaka_Nithi_DEW_Bulletin_April_202520250516124428.pdf
observed during the reporting period.,Agriculture/Disaster,NDMA Tharaka Nithi Drought Early Warning Bulletin April 2025,Tharaka_Nithi_DEW_Bulletin_April_202520250516124428.pdf
"Pasture and water resources remain relatively accessible within the county, reducing the need for herders to move their livestock in search of better conditions.",Agriculture/Disaster,NDMA Tharaka Nithi Drought Early Warning Bulletin April 2025,Tharaka_Nithi_DEW_Bulletin_April_202520250516124428.pdf
continues to improve as a result of the rainfall being experienced in the County.,Agriculture/Disaster,NDMA Tharaka Nithi Drought Early Warning Bulletin April 2025,Tharaka_Nithi_DEW_Bulletin_April_202520250516124428.pdf
Distances to water sources will reduce significantly which will likely increase watering frequency of livestock.,Agriculture/Disaster,NDMA Tharaka Nithi Drought Early Warning Bulletin April 2025,Tharaka_Nithi_DEW_Bulletin_April_202520250516124428.pdf
The high cost of living continues to strain household purchasing power.,Agriculture/Disaster,NDMA Tharaka Nithi Drought Early Warning Bulletin April 2025,Tharaka_Nithi_DEW_Bulletin_April_202520250516124428.pdf
Enhance resilience building activities in the County to build capacity of local communities to withstand climate related shocks.,Agriculture/Disaster,NDMA Tharaka Nithi Drought Early Warning Bulletin April 2025,Tharaka_Nithi_DEW_Bulletin_April_202520250516124428.pdf
"Action: County Government, County Commissioner (Interior), NDMA and Other stakeholders.",Agriculture/Disaster,NDMA Tharaka Nithi Drought Early Warning Bulletin April 2025,Tharaka_Nithi_DEW_Bulletin_April_202520250516124428.pdf
Encourage mindset change among farmers to stock more of their harvest and sell less.,Agriculture/Disaster,NDMA Tharaka Nithi Drought Early Warning Bulletin April 2025,Tharaka_Nithi_DEW_Bulletin_April_202520250516124428.pdf
Action: County Government (Dept of Agriculture) and other stakeholders.,Agriculture/Disaster,NDMA Tharaka Nithi Drought Early Warning Bulletin April 2025,Tharaka_Nithi_DEW_Bulletin_April_202520250516124428.pdf
Encourage mindset change among households to practice water harvesting and tree planting during the upcoming MAM rains.,Agriculture/Disaster,NDMA Tharaka Nithi Drought Early Warning Bulletin April 2025,Tharaka_Nithi_DEW_Bulletin_April_202520250516124428.pdf
Action: County Government (Dept of Water) and other relevant stakeholders.,Agriculture/Disaster,NDMA Tharaka Nithi Drought Early Warning Bulletin April 2025,Tharaka_Nithi_DEW_Bulletin_April_202520250516124428.pdf
"Implement projects geared towards enhancing community resilience i.e. water, crop and pasture development projects etc. Action: County Govt. and relevant stakeholders.",Agriculture/Disaster,NDMA Tharaka Nithi Drought Early Warning Bulletin April 2025,Tharaka_Nithi_DEW_Bulletin_April_202520250516124428.pdf
Situation & EW Phase Classification Biophysical Indicators Wajir County remained dry throughout the whole of August 2025.,Agriculture/Disaster,NDMA Wajir Drought Early Warning Bulletin August 2025,Wajir_DEW_Bulletin_August_202520250911172533.pdf
This is normal at this time of the year.,Agriculture/Disaster,NDMA Wajir Drought Early Warning Bulletin August 2025,Wajir_DEW_Bulletin_August_202520250911172533.pdf
September 2025 is also expected to be dry and sunny.,Agriculture/Disaster,NDMA Wajir Drought Early Warning Bulletin August 2025,Wajir_DEW_Bulletin_August_202520250911172533.pdf
"Vegetation Condition: The vegetation condition index (VCI) was normal to above normal greenness, except Ademasaida and Hadado wards in Wajir West Sub-County that recorded moderate vegetation deficit.",Agriculture/Disaster,NDMA Wajir Drought Early Warning Bulletin August 2025,Wajir_DEW_Bulletin_August_202520250911172533.pdf
Livestock prices reduced across the three species.,Agriculture/Disaster,NDMA Wajir Drought Early Warning Bulletin August 2025,Wajir_DEW_Bulletin_August_202520250911172533.pdf
Maize price slightly declined from Ksh.,Agriculture/Disaster,NDMA Wajir Drought Early Warning Bulletin August 2025,Wajir_DEW_Bulletin_August_202520250911172533.pdf
93 per kg in July 2025 to KSh.,Agriculture/Disaster,NDMA Wajir Drought Early Warning Bulletin August 2025,Wajir_DEW_Bulletin_August_202520250911172533.pdf
Indicators: The number of children at risk of malnutrition increased from 10.6 percent in July 2025 to 12.2 percent in August 2025.,Agriculture/Disaster,NDMA Wajir Drought Early Warning Bulletin August 2025,Wajir_DEW_Bulletin_August_202520250911172533.pdf
1.1 Rainfall Performance Drier conditions continued to be witnessed across the county during the month under review.,Agriculture/Disaster,NDMA Wajir Drought Early Warning Bulletin August 2025,Wajir_DEW_Bulletin_August_202520250911172533.pdf
"However, this is normal as the month of August normally falls under the JJA dry season.",Agriculture/Disaster,NDMA Wajir Drought Early Warning Bulletin August 2025,Wajir_DEW_Bulletin_August_202520250911172533.pdf
The KMD preliminary long-lead forecast for the October-November-December (OND) 2025 Short Rains season indicates that the County is expected to receive below-average rainfall.,Agriculture/Disaster,NDMA Wajir Drought Early Warning Bulletin August 2025,Wajir_DEW_Bulletin_August_202520250911172533.pdf
Vegetation condition registered a steep decline from June 2025 and has been declining since then as shown in the figure below.,Agriculture/Disaster,NDMA Wajir Drought Early Warning Bulletin August 2025,Wajir_DEW_Bulletin_August_202520250911172533.pdf
2.1 Vegetation Condition Index (VCI3M) Favourable vegetation condition of Normal to Above Normal Vegetation Greenness was recorded in August 2025 as shown in figure 2 below.,Agriculture/Disaster,NDMA Wajir Drought Early Warning Bulletin August 2025,Wajir_DEW_Bulletin_August_202520250911172533.pdf
"However, Ademasajida and Hadado/Adhibohol wards in Wajir West registered moderate vegetation deficit.",Agriculture/Disaster,NDMA Wajir Drought Early Warning Bulletin August 2025,Wajir_DEW_Bulletin_August_202520250911172533.pdf
The vegetation condition is expected to deteriorate in the coming months unless the county receives enhanced rainfall during the 2025 OND short rains season.,Agriculture/Disaster,NDMA Wajir Drought Early Warning Bulletin August 2025,Wajir_DEW_Bulletin_August_202520250911172533.pdf
The depletion was more pronounced in areas within the Pastoral Livelihood Zone.,Agriculture/Disaster,NDMA Wajir Drought Early Warning Bulletin August 2025,Wajir_DEW_Bulletin_August_202520250911172533.pdf
The poor temporal distribution of the 2025 long rains affected the regeneration of pasture.,Agriculture/Disaster,NDMA Wajir Drought Early Warning Bulletin August 2025,Wajir_DEW_Bulletin_August_202520250911172533.pdf
The available pasture is expected to last up to October 2025.,Agriculture/Disaster,NDMA Wajir Drought Early Warning Bulletin August 2025,Wajir_DEW_Bulletin_August_202520250911172533.pdf
No major constraints in access to pasture was noted during the reporting period.,Agriculture/Disaster,NDMA Wajir Drought Early Warning Bulletin August 2025,Wajir_DEW_Bulletin_August_202520250911172533.pdf
"However, bushfire outbreak in Lagbogol ward affected large sway of grazing land.",Agriculture/Disaster,NDMA Wajir Drought Early Warning Bulletin August 2025,Wajir_DEW_Bulletin_August_202520250911172533.pdf
The browse condition remained good to fair across the county.,Agriculture/Disaster,NDMA Wajir Drought Early Warning Bulletin August 2025,Wajir_DEW_Bulletin_August_202520250911172533.pdf
likely to last for more than two months.,Agriculture/Disaster,NDMA Wajir Drought Early Warning Bulletin August 2025,Wajir_DEW_Bulletin_August_202520250911172533.pdf
The poor temporal distribution of the 2025 long rains affected the adequate regeneration of browse.,Agriculture/Disaster,NDMA Wajir Drought Early Warning Bulletin August 2025,Wajir_DEW_Bulletin_August_202520250911172533.pdf
No major constraints reported during the month under review.,Agriculture/Disaster,NDMA Wajir Drought Early Warning Bulletin August 2025,Wajir_DEW_Bulletin_August_202520250911172533.pdf
isolated cases of biting insects in areas with dense browse that forced pastoralists to migrate from such areas.,Agriculture/Disaster,NDMA Wajir Drought Early Warning Bulletin August 2025,Wajir_DEW_Bulletin_August_202520250911172533.pdf
"2.3.1 Sources Majority of households currently get water for domestic and livestock needs primarily from boreholes, water pans and shallow wells.",Agriculture/Disaster,NDMA Wajir Drought Early Warning Bulletin August 2025,Wajir_DEW_Bulletin_August_202520250911172533.pdf
Water availability in open water sources such as water pans has been an issue for Wajir County since 2024 as the enhanced 2023 OND rains destroyed most of the water pans.,Agriculture/Disaster,NDMA Wajir Drought Early Warning Bulletin August 2025,Wajir_DEW_Bulletin_August_202520250911172533.pdf
There has been a marked increase in the number of centres relying on water trucking as their main source of water.,Agriculture/Disaster,NDMA Wajir Drought Early Warning Bulletin August 2025,Wajir_DEW_Bulletin_August_202520250911172533.pdf
2.3.2 Household Access and Utilization The domestic distance to water sources increased from 5km in July 2025 to 7.6 during the month under review.,Agriculture/Disaster,NDMA Wajir Drought Early Warning Bulletin August 2025,Wajir_DEW_Bulletin_August_202520250911172533.pdf
"When compared to the long-term average, the current distance increased by more than 22 percent.",Agriculture/Disaster,NDMA Wajir Drought Early Warning Bulletin August 2025,Wajir_DEW_Bulletin_August_202520250911172533.pdf
This increase in distance could be attributed to drying up of water pans.,Agriculture/Disaster,NDMA Wajir Drought Early Warning Bulletin August 2025,Wajir_DEW_Bulletin_August_202520250911172533.pdf
"When compared to the previous month, the distance to water sources in the month of Aug 2025 increased significantly and stood at 10.6km.",Agriculture/Disaster,NDMA Wajir Drought Early Warning Bulletin August 2025,Wajir_DEW_Bulletin_August_202520250911172533.pdf
"This is attributed to the drying up of water pans, especially in the Pastoral Livelihood Zone.",Agriculture/Disaster,NDMA Wajir Drought Early Warning Bulletin August 2025,Wajir_DEW_Bulletin_August_202520250911172533.pdf
The current distance is almost the same as the long-term average as shown in figure 4.,Agriculture/Disaster,NDMA Wajir Drought Early Warning Bulletin August 2025,Wajir_DEW_Bulletin_August_202520250911172533.pdf
"Frequency of watering livestock species largely remained the same as last month, with no variation across the livelihood zones.",Agriculture/Disaster,NDMA Wajir Drought Early Warning Bulletin August 2025,Wajir_DEW_Bulletin_August_202520250911172533.pdf
3.1.1 Livestock Body Condition The livestock body condition for all species across the livelihood zones ranged between very good to good.,Agriculture/Disaster,NDMA Wajir Drought Early Warning Bulletin August 2025,Wajir_DEW_Bulletin_August_202520250911172533.pdf
The browsers (camels and goats) are in very good body condition while the grazers (sheep and cattle) are in good to very good body condition.,Agriculture/Disaster,NDMA Wajir Drought Early Warning Bulletin August 2025,Wajir_DEW_Bulletin_August_202520250911172533.pdf
The good livestock body condition continues to have a positive impact on the livestock sale value.,Agriculture/Disaster,NDMA Wajir Drought Early Warning Bulletin August 2025,Wajir_DEW_Bulletin_August_202520250911172533.pdf
3.1.2 Livestock Diseases No livestock disease outbreak was reported during the month under review.,Agriculture/Disaster,NDMA Wajir Drought Early Warning Bulletin August 2025,Wajir_DEW_Bulletin_August_202520250911172533.pdf
"However, there are active cases of Contagious caprine pleuropneumonia (CCPP) and Peste des petit ruminants (PPR) reported across the county during the reporting period.",Agriculture/Disaster,NDMA Wajir Drought Early Warning Bulletin August 2025,Wajir_DEW_Bulletin_August_202520250911172533.pdf
There is heightened surveillance for Rift Valley Fever Outbreak (RVF) following the Alert raised by FAO and the Department of Veterinary Services.,Agriculture/Disaster,NDMA Wajir Drought Early Warning Bulletin August 2025,Wajir_DEW_Bulletin_August_202520250911172533.pdf
household per day declined from 2.5litres in July 2025 to 2.2litres in August 2025.,Agriculture/Disaster,NDMA Wajir Drought Early Warning Bulletin August 2025,Wajir_DEW_Bulletin_August_202520250911172533.pdf
"decrese, the current milk production is above the long- term average by around 26 percent.",Agriculture/Disaster,NDMA Wajir Drought Early Warning Bulletin August 2025,Wajir_DEW_Bulletin_August_202520250911172533.pdf
3.2 Rain-Fed Crop Production No meaningful harvest was realized from the crops planted during the 2025 long rains season.,Agriculture/Disaster,NDMA Wajir Drought Early Warning Bulletin August 2025,Wajir_DEW_Bulletin_August_202520250911172533.pdf
Most of the crops planted during the season withered and dried up following the early cessation of the season.,Agriculture/Disaster,NDMA Wajir Drought Early Warning Bulletin August 2025,Wajir_DEW_Bulletin_August_202520250911172533.pdf
Cattle price dropped from Ksh.,Agriculture/Disaster,NDMA Wajir Drought Early Warning Bulletin August 2025,Wajir_DEW_Bulletin_August_202520250911172533.pdf
deteriorating rangeland resources.,Agriculture/Disaster,NDMA Wajir Drought Early Warning Bulletin August 2025,Wajir_DEW_Bulletin_August_202520250911172533.pdf
"However, despite the decline, the current price is still above the long- term average by around 47 percent.",Agriculture/Disaster,NDMA Wajir Drought Early Warning Bulletin August 2025,Wajir_DEW_Bulletin_August_202520250911172533.pdf
"Small Ruminant (Goat price) During the month of August, a medium-size goat went for Ksh.",Agriculture/Disaster,NDMA Wajir Drought Early Warning Bulletin August 2025,Wajir_DEW_Bulletin_August_202520250911172533.pdf
"5,100; which is a slight decrease when compared to the previous month’s price of Ksh.",Agriculture/Disaster,NDMA Wajir Drought Early Warning Bulletin August 2025,Wajir_DEW_Bulletin_August_202520250911172533.pdf
attributed to high supply due to school opening.,Agriculture/Disaster,NDMA Wajir Drought Early Warning Bulletin August 2025,Wajir_DEW_Bulletin_August_202520250911172533.pdf
average as shown in figure 7.,Agriculture/Disaster,NDMA Wajir Drought Early Warning Bulletin August 2025,Wajir_DEW_Bulletin_August_202520250911172533.pdf
Camel price There was a slight decline in camel prices from Ksh.,Agriculture/Disaster,NDMA Wajir Drought Early Warning Bulletin August 2025,Wajir_DEW_Bulletin_August_202520250911172533.pdf
"56,000 during the month under review.",Agriculture/Disaster,NDMA Wajir Drought Early Warning Bulletin August 2025,Wajir_DEW_Bulletin_August_202520250911172533.pdf
This drop is attributed to reduced demand in the market.,Agriculture/Disaster,NDMA Wajir Drought Early Warning Bulletin August 2025,Wajir_DEW_Bulletin_August_202520250911172533.pdf
"However, despite the decline, the current price is still above the long-term average by around 17.2 percent as shown in figure 8 below. .",Agriculture/Disaster,NDMA Wajir Drought Early Warning Bulletin August 2025,Wajir_DEW_Bulletin_August_202520250911172533.pdf
"4.2 Crop Price 4.2.1 Maize As shown in Figure 9, the average retail price (per kg) of maize slightly declined from Ksh.",Agriculture/Disaster,NDMA Wajir Drought Early Warning Bulletin August 2025,Wajir_DEW_Bulletin_August_202520250911172533.pdf
This slight drop is attributed to normal market forces of demand and supply.,Agriculture/Disaster,NDMA Wajir Drought Early Warning Bulletin August 2025,Wajir_DEW_Bulletin_August_202520250911172533.pdf
Terms of Trade (ToT) The terms of trade in August 2025 largely remained the same as last month and stood at 67.,Agriculture/Disaster,NDMA Wajir Drought Early Warning Bulletin August 2025,Wajir_DEW_Bulletin_August_202520250911172533.pdf
This was due to the balance of ratio in goat and maize prices.,Agriculture/Disaster,NDMA Wajir Drought Early Warning Bulletin August 2025,Wajir_DEW_Bulletin_August_202520250911172533.pdf
The current ToT is slightly above average as shown in figure 10.,Agriculture/Disaster,NDMA Wajir Drought Early Warning Bulletin August 2025,Wajir_DEW_Bulletin_August_202520250911172533.pdf
"However, the Terms of Trade is expected to register deterioration in the coming months as livestock prices continue to decline.",Agriculture/Disaster,NDMA Wajir Drought Early Warning Bulletin August 2025,Wajir_DEW_Bulletin_August_202520250911172533.pdf
consumption in August 2025 remained the same as last month and stood at 1.5litres per litres.,Agriculture/Disaster,NDMA Wajir Drought Early Warning Bulletin August 2025,Wajir_DEW_Bulletin_August_202520250911172533.pdf
consumption is above the long- term average by about 35 percent.,Agriculture/Disaster,NDMA Wajir Drought Early Warning Bulletin August 2025,Wajir_DEW_Bulletin_August_202520250911172533.pdf
"consumption, while 31 percent were on the borderline.",Agriculture/Disaster,NDMA Wajir Drought Early Warning Bulletin August 2025,Wajir_DEW_Bulletin_August_202520250911172533.pdf
"Households in Pastoral Livelihood Zone were the most affected, as around 34 percent of them recorded poor food consumption score.",Agriculture/Disaster,NDMA Wajir Drought Early Warning Bulletin August 2025,Wajir_DEW_Bulletin_August_202520250911172533.pdf
"This high number of food insecure households could be attributed to significant downscaling of humanitarian interventions, since currently only one organization (RACIDA) is implementing cash transfer intervention.",Agriculture/Disaster,NDMA Wajir Drought Early Warning Bulletin August 2025,Wajir_DEW_Bulletin_August_202520250911172533.pdf
Figure 11: Milk consumption-Aug.,Agriculture/Disaster,NDMA Wajir Drought Early Warning Bulletin August 2025,Wajir_DEW_Bulletin_August_202520250911172533.pdf
5.2 Health and Nutrition Status 5.2.1 Nutrition Status The number of children at risk of moderate malnutrition increased from 10.6 percent in July 2025 to 12.2 percent during the month under review.,Agriculture/Disaster,NDMA Wajir Drought Early Warning Bulletin August 2025,Wajir_DEW_Bulletin_August_202520250911172533.pdf
humanitarian interventions across the county.,Agriculture/Disaster,NDMA Wajir Drought Early Warning Bulletin August 2025,Wajir_DEW_Bulletin_August_202520250911172533.pdf
"increase, the current trend is still below the long-term average by around 35 percent as shown in figure 13.",Agriculture/Disaster,NDMA Wajir Drought Early Warning Bulletin August 2025,Wajir_DEW_Bulletin_August_202520250911172533.pdf
5.3.2 Health Status There was no human disease outbreak reported in August 2025.,Agriculture/Disaster,NDMA Wajir Drought Early Warning Bulletin August 2025,Wajir_DEW_Bulletin_August_202520250911172533.pdf
Indices 5.4: Reduced coping strategy index (rCSI) The mean rCSI score for the county in August 2025 remained the same as last month and stood at 9.0.,Agriculture/Disaster,NDMA Wajir Drought Early Warning Bulletin August 2025,Wajir_DEW_Bulletin_August_202520250911172533.pdf
Households in the Pastoral Livelihood Zone applied more coping strategies when compared to households in other livelihood zones.,Agriculture/Disaster,NDMA Wajir Drought Early Warning Bulletin August 2025,Wajir_DEW_Bulletin_August_202520250911172533.pdf
The coping strategies commonly applied include relying on less preferred food and reducing the number of meals per day.,Agriculture/Disaster,NDMA Wajir Drought Early Warning Bulletin August 2025,Wajir_DEW_Bulletin_August_202520250911172533.pdf
Figure 14: Coping strategy index-Aug.,Agriculture/Disaster,NDMA Wajir Drought Early Warning Bulletin August 2025,Wajir_DEW_Bulletin_August_202520250911172533.pdf
6.1.1 Insecurity/Conflict/Human Displacement There were reported cases of resource-based conflict during the month under review at Arbajahan Ward in Wajir West where some lives were lost.,Agriculture/Disaster,NDMA Wajir Drought Early Warning Bulletin August 2025,Wajir_DEW_Bulletin_August_202520250911172533.pdf
The situation has been contained through community peace dialogue meetings.,Agriculture/Disaster,NDMA Wajir Drought Early Warning Bulletin August 2025,Wajir_DEW_Bulletin_August_202520250911172533.pdf
"However, there is the need to sustain more peace efforts in the said area to prevent further tension/conflict flare up.",Agriculture/Disaster,NDMA Wajir Drought Early Warning Bulletin August 2025,Wajir_DEW_Bulletin_August_202520250911172533.pdf
6.1.2 Migration There were no any unusual livestock migration reported during the month under review.,Agriculture/Disaster,NDMA Wajir Drought Early Warning Bulletin August 2025,Wajir_DEW_Bulletin_August_202520250911172533.pdf
The current migration pattern is still normal and within the seasonal trends.,Agriculture/Disaster,NDMA Wajir Drought Early Warning Bulletin August 2025,Wajir_DEW_Bulletin_August_202520250911172533.pdf
"However, there were some movements/migrations as pastoralists migrate from areas where the water pans have dried up.",Agriculture/Disaster,NDMA Wajir Drought Early Warning Bulletin August 2025,Wajir_DEW_Bulletin_August_202520250911172533.pdf
"There were reports of bush fires outbreak in Lagbogol Ward, Wajir South Sub-County which affected large sway of grazing land.",Agriculture/Disaster,NDMA Wajir Drought Early Warning Bulletin August 2025,Wajir_DEW_Bulletin_August_202520250911172533.pdf
'Short Rains' season indicates that the County is expected to receive below-average rainfall.,Agriculture/Disaster,NDMA Wajir Drought Early Warning Bulletin August 2025,Wajir_DEW_Bulletin_August_202520250911172533.pdf
2025 short rains season when the county may experience some short-lived regeneration.,Agriculture/Disaster,NDMA Wajir Drought Early Warning Bulletin August 2025,Wajir_DEW_Bulletin_August_202520250911172533.pdf
availability of rangeland resources.,Agriculture/Disaster,NDMA Wajir Drought Early Warning Bulletin August 2025,Wajir_DEW_Bulletin_August_202520250911172533.pdf
Livestock prices are expected to remain above average during the projected period.,Agriculture/Disaster,NDMA Wajir Drought Early Warning Bulletin August 2025,Wajir_DEW_Bulletin_August_202520250911172533.pdf
"However, should the 2025 short rains fail, then the price may start to decline.",Agriculture/Disaster,NDMA Wajir Drought Early Warning Bulletin August 2025,Wajir_DEW_Bulletin_August_202520250911172533.pdf
especially the provision of essential health and nutrition commodities.,Agriculture/Disaster,NDMA Wajir Drought Early Warning Bulletin August 2025,Wajir_DEW_Bulletin_August_202520250911172533.pdf
Livestock migration is expected to remain normal and within the seasonal ranges.,Agriculture/Disaster,NDMA Wajir Drought Early Warning Bulletin August 2025,Wajir_DEW_Bulletin_August_202520250911172533.pdf
"However, should the 2025 short rains fail, then we may have increased migration.",Agriculture/Disaster,NDMA Wajir Drought Early Warning Bulletin August 2025,Wajir_DEW_Bulletin_August_202520250911172533.pdf
"The abrupt closure of USAID funded projects is expected to have negative ripple effects on vulnerable households, with children and pregnant & lactating mothers becoming the most affected.",Agriculture/Disaster,NDMA Wajir Drought Early Warning Bulletin August 2025,Wajir_DEW_Bulletin_August_202520250911172533.pdf
"Currently, only one organization (RACIDA) is implementing interventions in the whole of Wajir County.",Agriculture/Disaster,NDMA Wajir Drought Early Warning Bulletin August 2025,Wajir_DEW_Bulletin_August_202520250911172533.pdf
Situation & EW Phase Classification Biophysical Indicators Rainfall The county had normal rains during the reporting period.,Agriculture/Disaster,NDMA West Pokot Drought Early Warning Bulletin August 2025,West_Pokot_DEW_Bulletin_August_202520250911172653.pdf
The amounts received were fair in both time and space across the livelihood zones.,Agriculture/Disaster,NDMA West Pokot Drought Early Warning Bulletin August 2025,West_Pokot_DEW_Bulletin_August_202520250911172653.pdf
Socio-Economic Indicators (Impact Indicators) Production Indicators Grain filling/podding and harvesting stages are in fair to good condition.,Agriculture/Disaster,NDMA West Pokot Drought Early Warning Bulletin August 2025,West_Pokot_DEW_Bulletin_August_202520250911172653.pdf
Livestock body condition was fair to good.,Agriculture/Disaster,NDMA West Pokot Drought Early Warning Bulletin August 2025,West_Pokot_DEW_Bulletin_August_202520250911172653.pdf
Milk production was within the normal ranges.,Agriculture/Disaster,NDMA West Pokot Drought Early Warning Bulletin August 2025,West_Pokot_DEW_Bulletin_August_202520250911172653.pdf
Household water distances were within normal.,Agriculture/Disaster,NDMA West Pokot Drought Early Warning Bulletin August 2025,West_Pokot_DEW_Bulletin_August_202520250911172653.pdf
Livestock watering distance were above the normal. ranges.,Agriculture/Disaster,NDMA West Pokot Drought Early Warning Bulletin August 2025,West_Pokot_DEW_Bulletin_August_202520250911172653.pdf
Risk of malnutrition was within the normal ranges.,Agriculture/Disaster,NDMA West Pokot Drought Early Warning Bulletin August 2025,West_Pokot_DEW_Bulletin_August_202520250911172653.pdf
Index was above normal ranges.,Agriculture/Disaster,NDMA West Pokot Drought Early Warning Bulletin August 2025,West_Pokot_DEW_Bulletin_August_202520250911172653.pdf
space across the livelihood zones.,Agriculture/Disaster,NDMA West Pokot Drought Early Warning Bulletin August 2025,West_Pokot_DEW_Bulletin_August_202520250911172653.pdf
"According to WFP-VAM datasets, cumulative rainfall estimates increased by 37 percent, rising to 97.37 mm in August from 71.71 mm in July (Figure 1).",Agriculture/Disaster,NDMA West Pokot Drought Early Warning Bulletin August 2025,West_Pokot_DEW_Bulletin_August_202520250911172653.pdf
"Rainfall amounts were generally higher in August compared to July, with the highest rainfall recorded at the Kapenguria AWS in West Pokot Sub-county, while the lowest rainfall was observed at the DCC Office in Sigor (Weiwei Ward), Pokot Central Sub-county.",Agriculture/Disaster,NDMA West Pokot Drought Early Warning Bulletin August 2025,West_Pokot_DEW_Bulletin_August_202520250911172653.pdf
"above normal, falling within the normal range of 35.56–97.37 mm (Figure 1).",Agriculture/Disaster,NDMA West Pokot Drought Early Warning Bulletin August 2025,West_Pokot_DEW_Bulletin_August_202520250911172653.pdf
"improved by 20 percent, rising to 62.11 in August from 51.80 in July.",Agriculture/Disaster,NDMA West Pokot Drought Early Warning Bulletin August 2025,West_Pokot_DEW_Bulletin_August_202520250911172653.pdf
"The VCI reflects a stable situation, showing a shift from near-normal vegetation conditions in July to above-normal conditions in August, according to FAO’s satellite-derived monthly datasets.",Agriculture/Disaster,NDMA West Pokot Drought Early Warning Bulletin August 2025,West_Pokot_DEW_Bulletin_August_202520250911172653.pdf
"A VCI above 35–50 denotes near- to above-normal vegetation conditions, which is consistent with the observed averages across livelihood zones (Figure 2).",Agriculture/Disaster,NDMA West Pokot Drought Early Warning Bulletin August 2025,West_Pokot_DEW_Bulletin_August_202520250911172653.pdf
"conditions, with a higher VCI of 71.41.",Agriculture/Disaster,NDMA West Pokot Drought Early Warning Bulletin August 2025,West_Pokot_DEW_Bulletin_August_202520250911172653.pdf
"This variation suggests better crop and pasture conditions in the Agro- Pastoral areas, likely driven by more diversified land use and higher soil moisture retention.",Agriculture/Disaster,NDMA West Pokot Drought Early Warning Bulletin August 2025,West_Pokot_DEW_Bulletin_August_202520250911172653.pdf
"(42.96), and Mnagei (49.89) reported near-normal vegetation conditions.",Agriculture/Disaster,NDMA West Pokot Drought Early Warning Bulletin August 2025,West_Pokot_DEW_Bulletin_August_202520250911172653.pdf
"Overall, vegetation conditions in these wards showed improvement compared to the previous month.",Agriculture/Disaster,NDMA West Pokot Drought Early Warning Bulletin August 2025,West_Pokot_DEW_Bulletin_August_202520250911172653.pdf
during the current month.,Agriculture/Disaster,NDMA West Pokot Drought Early Warning Bulletin August 2025,West_Pokot_DEW_Bulletin_August_202520250911172653.pdf
"conditions, as illustrated in Figure 3.",Agriculture/Disaster,NDMA West Pokot Drought Early Warning Bulletin August 2025,West_Pokot_DEW_Bulletin_August_202520250911172653.pdf
"zones, 80 percent of pasture was reported to be in fair condition, while the Agro-Pastoral livelihood zones recorded 50 percent in fair condition.",Agriculture/Disaster,NDMA West Pokot Drought Early Warning Bulletin August 2025,West_Pokot_DEW_Bulletin_August_202520250911172653.pdf
"Pasture conditions in August were better than the same period in 2023, but worse than in 2024.",Agriculture/Disaster,NDMA West Pokot Drought Early Warning Bulletin August 2025,West_Pokot_DEW_Bulletin_August_202520250911172653.pdf
"Nonetheless, the available pasture is expected to last for 2-3 months, which is normal for this time of year.",Agriculture/Disaster,NDMA West Pokot Drought Early Warning Bulletin August 2025,West_Pokot_DEW_Bulletin_August_202520250911172653.pdf
"livelihood zones recorded better browse conditions (ranging from fair to good) compared to the Pastoral zones, due to the relatively more favorable wet conditions experienced in Agro-Pastoral areas.",Agriculture/Disaster,NDMA West Pokot Drought Early Warning Bulletin August 2025,West_Pokot_DEW_Bulletin_August_202520250911172653.pdf
The current browse condition is better than the same period in 2023 but worse than in 2024.,Agriculture/Disaster,NDMA West Pokot Drought Early Warning Bulletin August 2025,West_Pokot_DEW_Bulletin_August_202520250911172653.pdf
"pans/dams, boreholes, traditional river wells, and rivers.",Agriculture/Disaster,NDMA West Pokot Drought Early Warning Bulletin August 2025,West_Pokot_DEW_Bulletin_August_202520250911172653.pdf
"for 25, 23 and 19 percent of usage, as shown in Figure 5.",Agriculture/Disaster,NDMA West Pokot Drought Early Warning Bulletin August 2025,West_Pokot_DEW_Bulletin_August_202520250911172653.pdf
significantly reduced the recharge capacity of open water sources.,Agriculture/Disaster,NDMA West Pokot Drought Early Warning Bulletin August 2025,West_Pokot_DEW_Bulletin_August_202520250911172653.pdf
"sources increasing to 40–50 percent of their capacity in most areas, up from 35–45 percent.",Agriculture/Disaster,NDMA West Pokot Drought Early Warning Bulletin August 2025,West_Pokot_DEW_Bulletin_August_202520250911172653.pdf
"Agro-Pastoral zones they are higher, at 60–70 percent.",Agriculture/Disaster,NDMA West Pokot Drought Early Warning Bulletin August 2025,West_Pokot_DEW_Bulletin_August_202520250911172653.pdf
from 3.4 km recorded in the previous month.,Agriculture/Disaster,NDMA West Pokot Drought Early Warning Bulletin August 2025,West_Pokot_DEW_Bulletin_August_202520250911172653.pdf
"within the normal seasonal range of 2.0–3.7 km, as illustrated in Figure 6.",Agriculture/Disaster,NDMA West Pokot Drought Early Warning Bulletin August 2025,West_Pokot_DEW_Bulletin_August_202520250911172653.pdf
"Water consumption per person per day stagnated at 12 litres, reflecting a stable water situation.",Agriculture/Disaster,NDMA West Pokot Drought Early Warning Bulletin August 2025,West_Pokot_DEW_Bulletin_August_202520250911172653.pdf
"However, this remains below the recommended threshold of 15 litres or more.",Agriculture/Disaster,NDMA West Pokot Drought Early Warning Bulletin August 2025,West_Pokot_DEW_Bulletin_August_202520250911172653.pdf
"Clear disparities were observed between zones: Agro-Pastoral households consumed nine litres, while Pastoral households consumed 13 litres.",Agriculture/Disaster,NDMA West Pokot Drought Early Warning Bulletin August 2025,West_Pokot_DEW_Bulletin_August_202520250911172653.pdf
"Both are below the standard, signaling access constraints likely driven by rugged terrain, scattered settlements, and limited infrastructure.",Agriculture/Disaster,NDMA West Pokot Drought Early Warning Bulletin August 2025,West_Pokot_DEW_Bulletin_August_202520250911172653.pdf
"consumption, up from the previous month.",Agriculture/Disaster,NDMA West Pokot Drought Early Warning Bulletin August 2025,West_Pokot_DEW_Bulletin_August_202520250911172653.pdf
"Despite this improvement, the low adoption of water treatment practices poses a public health risk, particularly in areas where open water sources are prone to contamination and shared with livestock.",Agriculture/Disaster,NDMA West Pokot Drought Early Warning Bulletin August 2025,West_Pokot_DEW_Bulletin_August_202520250911172653.pdf
were forced to travel farther in search of reliable water sources.,Agriculture/Disaster,NDMA West Pokot Drought Early Warning Bulletin August 2025,West_Pokot_DEW_Bulletin_August_202520250911172653.pdf
"Pastoral zones, a trend consistent with previous months.",Agriculture/Disaster,NDMA West Pokot Drought Early Warning Bulletin August 2025,West_Pokot_DEW_Bulletin_August_202520250911172653.pdf
"The longest distances were recorded in Masol and Weiwei wards, areas characterized by rugged terrain, dispersed settlements, and limited permanent water sources, which significantly constrain efficient access to water.",Agriculture/Disaster,NDMA West Pokot Drought Early Warning Bulletin August 2025,West_Pokot_DEW_Bulletin_August_202520250911172653.pdf
reflecting disparities in water infrastructure and vegetation cover.,Agriculture/Disaster,NDMA West Pokot Drought Early Warning Bulletin August 2025,West_Pokot_DEW_Bulletin_August_202520250911172653.pdf
"Agro-Pastoral areas benefit from relatively well-developed boreholes and surface water harvesting systems, which support more frequent access to water.",Agriculture/Disaster,NDMA West Pokot Drought Early Warning Bulletin August 2025,West_Pokot_DEW_Bulletin_August_202520250911172653.pdf
above the long-term average and 4 percent above the normal seasonal range of 1.3–3.5 km (Figure 7).,Agriculture/Disaster,NDMA West Pokot Drought Early Warning Bulletin August 2025,West_Pokot_DEW_Bulletin_August_202520250911172653.pdf
"This underscores a persistent vulnerability in Pastoral areas, where water access remains fragile and heavily dependent on rainfall distribution, surface runoff efficiency, and effective disease control measures.",Agriculture/Disaster,NDMA West Pokot Drought Early Warning Bulletin August 2025,West_Pokot_DEW_Bulletin_August_202520250911172653.pdf
"reduced availability of crop residues due to wilting and stunted crop growth in the Pastoral zones, compounded by increased livestock disease incidences.",Agriculture/Disaster,NDMA West Pokot Drought Early Warning Bulletin August 2025,West_Pokot_DEW_Bulletin_August_202520250911172653.pdf
"condition, while those in the Agro-Pastoral zones exhibited mostly good, smooth body condition.",Agriculture/Disaster,NDMA West Pokot Drought Early Warning Bulletin August 2025,West_Pokot_DEW_Bulletin_August_202520250911172653.pdf
"This disparity reflects the advantages in Agro-Pastoral areas such as better water access, stronger crop-livestock integration, and greater availability of supplementary feeding options, particularly in Chepareria and Weiwei wards.",Agriculture/Disaster,NDMA West Pokot Drought Early Warning Bulletin August 2025,West_Pokot_DEW_Bulletin_August_202520250911172653.pdf
"3.1.2 Livestock Diseases During the reporting period, multiple livestock disease outbreaks were reported across West Pokot County (Table 2), with varying levels of risk.",Agriculture/Disaster,NDMA West Pokot Drought Early Warning Bulletin August 2025,West_Pokot_DEW_Bulletin_August_202520250911172653.pdf
"Pleuropneumonia (CCPP) was the most severe outbreak, with 242 cases and 316 deaths in Pokot South Sub County.",Agriculture/Disaster,NDMA West Pokot Drought Early Warning Bulletin August 2025,West_Pokot_DEW_Bulletin_August_202520250911172653.pdf
The risk level is very high.,Agriculture/Disaster,NDMA West Pokot Drought Early Warning Bulletin August 2025,West_Pokot_DEW_Bulletin_August_202520250911172653.pdf
"Disease (NCD) affected 68 poultry, causing 20 deaths in West Pokot and Pokot South Sub Counties.",Agriculture/Disaster,NDMA West Pokot Drought Early Warning Bulletin August 2025,West_Pokot_DEW_Bulletin_August_202520250911172653.pdf
"Peste des Petits Ruminants (PPR) outbreaks occurred in Pokot South, Pokot Central, Pokot North, and West Pokot, affecting 164 small ruminants with 45 deaths.",Agriculture/Disaster,NDMA West Pokot Drought Early Warning Bulletin August 2025,West_Pokot_DEW_Bulletin_August_202520250911172653.pdf
to its contagious nature and rapid spread across multiple sub-counties.,Agriculture/Disaster,NDMA West Pokot Drought Early Warning Bulletin August 2025,West_Pokot_DEW_Bulletin_August_202520250911172653.pdf
Losses from PPR directly threaten household nutrition through reduced milk supply and diminish income from goat and sheep sales.,Agriculture/Disaster,NDMA West Pokot Drought Early Warning Bulletin August 2025,West_Pokot_DEW_Bulletin_August_202520250911172653.pdf
"Foot and Mouth Disease (FMD) was reported in West Pokot, with 103 cases but no mortalities.",Agriculture/Disaster,NDMA West Pokot Drought Early Warning Bulletin August 2025,West_Pokot_DEW_Bulletin_August_202520250911172653.pdf
"The risk level is high given its impact on cattle trade restrictions, reduced market access, and lower milk yields, which negatively affect household earnings and food access.",Agriculture/Disaster,NDMA West Pokot Drought Early Warning Bulletin August 2025,West_Pokot_DEW_Bulletin_August_202520250911172653.pdf
"Fever (ECF) and Anaplasmosis were reported in Pokot South and West Pokot sub- counties, affecting 142 cattle.",Agriculture/Disaster,NDMA West Pokot Drought Early Warning Bulletin August 2025,West_Pokot_DEW_Bulletin_August_202520250911172653.pdf
"While no mortalities were recorded, the risk level is moderate.",Agriculture/Disaster,NDMA West Pokot Drought Early Warning Bulletin August 2025,West_Pokot_DEW_Bulletin_August_202520250911172653.pdf
"Lastly, Helminthiasis in Pokot South (32 cases) and Lumpy Skin Disease (LSD) in West Pokot and Pokot North (22 cases) presented a low to moderate risk, with no recorded mortalities.",Agriculture/Disaster,NDMA West Pokot Drought Early Warning Bulletin August 2025,West_Pokot_DEW_Bulletin_August_202520250911172653.pdf
"A total of 1,301 animals were vaccinated across different wards in West Pokot County.",Agriculture/Disaster,NDMA West Pokot Drought Early Warning Bulletin August 2025,West_Pokot_DEW_Bulletin_August_202520250911172653.pdf
"In Pokot South Sub County, 100 sheep were vaccinated against Peste des Petit Ruminants (PPR) and 200 chickens against Newcastle Disease (NCD) in Chepareria Ward, while 1 head of cattle was vaccinated against East Coast Fever (ECF) in Lelan Ward.",Agriculture/Disaster,NDMA West Pokot Drought Early Warning Bulletin August 2025,West_Pokot_DEW_Bulletin_August_202520250911172653.pdf
"In Kapenguria Sub County, 216 chickens were vaccinated against Fowl Pox in Kapenguria Ward, and 100 goats against Contagious Caprine Pleuropneumonia (CCPP) in Endugh Ward.",Agriculture/Disaster,NDMA West Pokot Drought Early Warning Bulletin August 2025,West_Pokot_DEW_Bulletin_August_202520250911172653.pdf
"In Sigor Sub County, Sekerr Ward recorded the highest number with 681 goats vaccinated against PPR.",Agriculture/Disaster,NDMA West Pokot Drought Early Warning Bulletin August 2025,West_Pokot_DEW_Bulletin_August_202520250911172653.pdf
representing a 19 percent improvement compared to the previous month.,Agriculture/Disaster,NDMA West Pokot Drought Early Warning Bulletin August 2025,West_Pokot_DEW_Bulletin_August_202520250911172653.pdf
provided additional feed support.,Agriculture/Disaster,NDMA West Pokot Drought Early Warning Bulletin August 2025,West_Pokot_DEW_Bulletin_August_202520250911172653.pdf
"zones, with the gap widening during the month due to improved feed availability, shorter water access distances, and more integrated livestock management practices.",Agriculture/Disaster,NDMA West Pokot Drought Early Warning Bulletin August 2025,West_Pokot_DEW_Bulletin_August_202520250911172653.pdf
current milk production is still six percent below the long-term average and four percent below the normal seasonal range of 1.56–1.90 litres per household per day (Figure 9).,Agriculture/Disaster,NDMA West Pokot Drought Early Warning Bulletin August 2025,West_Pokot_DEW_Bulletin_August_202520250911172653.pdf
"This shortfall reflects the lingering effects of uneven pasture and browses recovery, especially in the drier Pastoral areas.",Agriculture/Disaster,NDMA West Pokot Drought Early Warning Bulletin August 2025,West_Pokot_DEW_Bulletin_August_202520250911172653.pdf
"maize and beans, while maize, beans, and Irish potatoes were the major crops planted in the mixed farming livelihood zone.",Agriculture/Disaster,NDMA West Pokot Drought Early Warning Bulletin August 2025,West_Pokot_DEW_Bulletin_August_202520250911172653.pdf
"harvesting stages, with overall conditions ranging from fair to good.",Agriculture/Disaster,NDMA West Pokot Drought Early Warning Bulletin August 2025,West_Pokot_DEW_Bulletin_August_202520250911172653.pdf
"However, in areas that received below-average rainfall, some crops are exhibiting early to late signs of wilting caused by moisture stress, resulting in fair to poor performance.",Agriculture/Disaster,NDMA West Pokot Drought Early Warning Bulletin August 2025,West_Pokot_DEW_Bulletin_August_202520250911172653.pdf
"In such areas, affected crops are still being utilized as crop residues to support livestock feeding.",Agriculture/Disaster,NDMA West Pokot Drought Early Warning Bulletin August 2025,West_Pokot_DEW_Bulletin_August_202520250911172653.pdf
"tomatoes, cabbages, and kales in parts of Pokot South and Pokot West sub-counties.",Agriculture/Disaster,NDMA West Pokot Drought Early Warning Bulletin August 2025,West_Pokot_DEW_Bulletin_August_202520250911172653.pdf
The crops were at various stages of growth and in good condition.,Agriculture/Disaster,NDMA West Pokot Drought Early Warning Bulletin August 2025,West_Pokot_DEW_Bulletin_August_202520250911172653.pdf
"4.0 MARKET PERFORMANCE 4.1 LIVESTOCK MARKETING 4.1.1 Cattle Prices The average market price for cattle rose by 11 percent, from Ksh.",Agriculture/Disaster,NDMA West Pokot Drought Early Warning Bulletin August 2025,West_Pokot_DEW_Bulletin_August_202520250911172653.pdf
improvement in livestock value.,Agriculture/Disaster,NDMA West Pokot Drought Early Warning Bulletin August 2025,West_Pokot_DEW_Bulletin_August_202520250911172653.pdf
"Pastoral livelihood zones, averaging Ksh.",Agriculture/Disaster,NDMA West Pokot Drought Early Warning Bulletin August 2025,West_Pokot_DEW_Bulletin_August_202520250911172653.pdf
"market dynamics, including reduced accessibility to major markets, periodic oversupply, and limited purchasing power among buyers.",Agriculture/Disaster,NDMA West Pokot Drought Early Warning Bulletin August 2025,West_Pokot_DEW_Bulletin_August_202520250911172653.pdf
than the short-term average and 24 percent above the normal range of Ksh.,Agriculture/Disaster,NDMA West Pokot Drought Early Warning Bulletin August 2025,West_Pokot_DEW_Bulletin_August_202520250911172653.pdf
"This sustained an upward trend strongly reflects improved livestock body conditions, consistent demand in well-connected trading centers, and overall market confidence, thereby underscoring the resilience of the livestock sector as a key livelihood and income source in the region.",Agriculture/Disaster,NDMA West Pokot Drought Early Warning Bulletin August 2025,West_Pokot_DEW_Bulletin_August_202520250911172653.pdf
"increased by 5 percent, rising from Ksh.",Agriculture/Disaster,NDMA West Pokot Drought Early Warning Bulletin August 2025,West_Pokot_DEW_Bulletin_August_202520250911172653.pdf
"4,238 in the previous month to Ksh.",Agriculture/Disaster,NDMA West Pokot Drought Early Warning Bulletin August 2025,West_Pokot_DEW_Bulletin_August_202520250911172653.pdf
body condition and marketability.,Agriculture/Disaster,NDMA West Pokot Drought Early Warning Bulletin August 2025,West_Pokot_DEW_Bulletin_August_202520250911172653.pdf
"Notably, the Agro-Pastoral livelihood zone recorded a significantly higher average goat price of Ksh.",Agriculture/Disaster,NDMA West Pokot Drought Early Warning Bulletin August 2025,West_Pokot_DEW_Bulletin_August_202520250911172653.pdf
"3,860 in the Pastoral zone.",Agriculture/Disaster,NDMA West Pokot Drought Early Warning Bulletin August 2025,West_Pokot_DEW_Bulletin_August_202520250911172653.pdf
"This price disparity highlights the advantages of Agro-Pastoral areas, where farmers benefit from better access to stable markets, veterinary services, and relatively healthier livestock, while Pastoral zones continue to face challenges of remoteness, weaker demand, and limited market integration.",Agriculture/Disaster,NDMA West Pokot Drought Early Warning Bulletin August 2025,West_Pokot_DEW_Bulletin_August_202520250911172653.pdf
"Despite the monthly gains, the current goat prices remain 13 percent below the short-term average and 18 percent below the normal range of Ksh.",Agriculture/Disaster,NDMA West Pokot Drought Early Warning Bulletin August 2025,West_Pokot_DEW_Bulletin_August_202520250911172653.pdf
"This persistent shortfall underscores the lingering effects of market distortions and reduced purchasing power, particularly in Pastoral areas, thereby justifying the need for enhanced livestock market access, support services, and resilience interventions to stabilize incomes and safeguard household food security.",Agriculture/Disaster,NDMA West Pokot Drought Early Warning Bulletin August 2025,West_Pokot_DEW_Bulletin_August_202520250911172653.pdf
"dependence on external markets, eased market pressure, and contributed to price stabilization.",Agriculture/Disaster,NDMA West Pokot Drought Early Warning Bulletin August 2025,West_Pokot_DEW_Bulletin_August_202520250911172653.pdf
slightly higher in the Pastoral livelihood zones at Ksh.,Agriculture/Disaster,NDMA West Pokot Drought Early Warning Bulletin August 2025,West_Pokot_DEW_Bulletin_August_202520250911172653.pdf
66 in the Agro-Pastoral zones.,Agriculture/Disaster,NDMA West Pokot Drought Early Warning Bulletin August 2025,West_Pokot_DEW_Bulletin_August_202520250911172653.pdf
"The price variation reflects the limited local production capacity in Pastoral areas, where rainfall is less reliable, and crop output remains minimal.",Agriculture/Disaster,NDMA West Pokot Drought Early Warning Bulletin August 2025,West_Pokot_DEW_Bulletin_August_202520250911172653.pdf
"As a result, these areas continue to rely heavily on market-supplied maize, sustaining relatively higher prices.",Agriculture/Disaster,NDMA West Pokot Drought Early Warning Bulletin August 2025,West_Pokot_DEW_Bulletin_August_202520250911172653.pdf
County and neighboring Uganda.,Agriculture/Disaster,NDMA West Pokot Drought Early Warning Bulletin August 2025,West_Pokot_DEW_Bulletin_August_202520250911172653.pdf
"These major surplus-producing regions continue to play a critical role in supplementing local supplies and cushioning food availability in West Pokot, especially in non-harvesting zones that remain vulnerable to market fluctuations.",Agriculture/Disaster,NDMA West Pokot Drought Early Warning Bulletin August 2025,West_Pokot_DEW_Bulletin_August_202520250911172653.pdf
average but remains within the normal price band of Ksh.,Agriculture/Disaster,NDMA West Pokot Drought Early Warning Bulletin August 2025,West_Pokot_DEW_Bulletin_August_202520250911172653.pdf
52–73 per kilogram (Figure 12).,Agriculture/Disaster,NDMA West Pokot Drought Early Warning Bulletin August 2025,West_Pokot_DEW_Bulletin_August_202520250911172653.pdf
This indicates that market conditions are generally stable and not under abnormal stress.,Agriculture/Disaster,NDMA West Pokot Drought Early Warning Bulletin August 2025,West_Pokot_DEW_Bulletin_August_202520250911172653.pdf
"However, continuous monitoring is required as post-harvest dynamics and potential disruptions in external supply chains could trigger further price volatility.",Agriculture/Disaster,NDMA West Pokot Drought Early Warning Bulletin August 2025,West_Pokot_DEW_Bulletin_August_202520250911172653.pdf
"percent in August, dropping to Ksh.",Agriculture/Disaster,NDMA West Pokot Drought Early Warning Bulletin August 2025,West_Pokot_DEW_Bulletin_August_202520250911172653.pdf
conditions were favourable for bean production.,Agriculture/Disaster,NDMA West Pokot Drought Early Warning Bulletin August 2025,West_Pokot_DEW_Bulletin_August_202520250911172653.pdf
"Increased availability at the household and market levels reduced pressure on prices, especially in key trading centres.",Agriculture/Disaster,NDMA West Pokot Drought Early Warning Bulletin August 2025,West_Pokot_DEW_Bulletin_August_202520250911172653.pdf
Bean prices were higher in the Pastoral livelihood zone compared to the Agro-Pastoral zone.,Agriculture/Disaster,NDMA West Pokot Drought Early Warning Bulletin August 2025,West_Pokot_DEW_Bulletin_August_202520250911172653.pdf
"This disparity is due to minimal bean production in the Pastoral areas, which are less agriculturally productive due to harsher climatic conditions and limited land under cultivation.",Agriculture/Disaster,NDMA West Pokot Drought Early Warning Bulletin August 2025,West_Pokot_DEW_Bulletin_August_202520250911172653.pdf
"Consequently, Pastoral areas rely more on market purchases, often sourced from the Agro- Pastoral areas or external markets, leading to higher local prices.",Agriculture/Disaster,NDMA West Pokot Drought Early Warning Bulletin August 2025,West_Pokot_DEW_Bulletin_August_202520250911172653.pdf
"90–170, as illustrated in Figure 13.",Agriculture/Disaster,NDMA West Pokot Drought Early Warning Bulletin August 2025,West_Pokot_DEW_Bulletin_August_202520250911172653.pdf
"While prices have dropped, the supply has improved, demand particularly in food-deficit zones remains strong.",Agriculture/Disaster,NDMA West Pokot Drought Early Warning Bulletin August 2025,West_Pokot_DEW_Bulletin_August_202520250911172653.pdf
"Additionally, transportation costs from producing to consuming zones, especially in remote Pastoral areas, contribute to the elevated prices.",Agriculture/Disaster,NDMA West Pokot Drought Early Warning Bulletin August 2025,West_Pokot_DEW_Bulletin_August_202520250911172653.pdf
kilograms of maize per goat sold.,Agriculture/Disaster,NDMA West Pokot Drought Early Warning Bulletin August 2025,West_Pokot_DEW_Bulletin_August_202520250911172653.pdf
"now purchase 65 kilograms of maize from the proceeds of selling one mature goat, compared to 65 kilograms the previous month.",Agriculture/Disaster,NDMA West Pokot Drought Early Warning Bulletin August 2025,West_Pokot_DEW_Bulletin_August_202520250911172653.pdf
"decline in maize prices following the onset of the harvest season, which eased market pressure on staple food commodities.",Agriculture/Disaster,NDMA West Pokot Drought Early Warning Bulletin August 2025,West_Pokot_DEW_Bulletin_August_202520250911172653.pdf
ToT was more favorable in the Agro-Pastoral livelihood zones than in the Pastoral zones.,Agriculture/Disaster,NDMA West Pokot Drought Early Warning Bulletin August 2025,West_Pokot_DEW_Bulletin_August_202520250911172653.pdf
"Pastoral areas benefit from diversified income sources, including both livestock and crop production, and their proximity to major supply markets lowers food purchase costs.",Agriculture/Disaster,NDMA West Pokot Drought Early Warning Bulletin August 2025,West_Pokot_DEW_Bulletin_August_202520250911172653.pdf
"In contrast, Pastoral areas remain more vulnerable due to higher maize prices and reduced bargaining power, exacerbated by longer market distances and limited agricultural activity.",Agriculture/Disaster,NDMA West Pokot Drought Early Warning Bulletin August 2025,West_Pokot_DEW_Bulletin_August_202520250911172653.pdf
"average, reflecting persistent market imbalances and limited recovery in livestock value due to ongoing animal health challenges.",Agriculture/Disaster,NDMA West Pokot Drought Early Warning Bulletin August 2025,West_Pokot_DEW_Bulletin_August_202520250911172653.pdf
"Nevertheless, the ToT remains 30 percent within the normal seasonal range of 72–94 kilograms, indicating that while conditions have not fully normalized.",Agriculture/Disaster,NDMA West Pokot Drought Early Warning Bulletin August 2025,West_Pokot_DEW_Bulletin_August_202520250911172653.pdf
Figure 14 illustrates these dynamics clearly.,Agriculture/Disaster,NDMA West Pokot Drought Early Warning Bulletin August 2025,West_Pokot_DEW_Bulletin_August_202520250911172653.pdf
"percent in August, falling to 1.43 liters from 1.20 liters in the previous month.",Agriculture/Disaster,NDMA West Pokot Drought Early Warning Bulletin August 2025,West_Pokot_DEW_Bulletin_August_202520250911172653.pdf
"reported higher household milk consumption compared to Pastoral zones, consistent with the previous month.",Agriculture/Disaster,NDMA West Pokot Drought Early Warning Bulletin August 2025,West_Pokot_DEW_Bulletin_August_202520250911172653.pdf
"This difference reflects better access to both livestock feed and supportive infrastructure (water and pasture) in Agro-Pastoral areas, which enables sustained milk production and retention.",Agriculture/Disaster,NDMA West Pokot Drought Early Warning Bulletin August 2025,West_Pokot_DEW_Bulletin_August_202520250911172653.pdf
"percent within the normal seasonal range of 1.39–1.79 liters per household per day, as illustrated in Figure 15.",Agriculture/Disaster,NDMA West Pokot Drought Early Warning Bulletin August 2025,West_Pokot_DEW_Bulletin_August_202520250911172653.pdf
"households (53 percent) remained in the borderline food consumption category, while 1.3 percent were categorized as having poor food consumption.",Agriculture/Disaster,NDMA West Pokot Drought Early Warning Bulletin August 2025,West_Pokot_DEW_Bulletin_August_202520250911172653.pdf
"This distribution suggests that although some improvements in food availability were recorded, a significant proportion of households are still consuming diets that are insufficient in either quantity, quality, or both particularly those in the Pastoral zones where market access and food diversity are limited.",Agriculture/Disaster,NDMA West Pokot Drought Early Warning Bulletin August 2025,West_Pokot_DEW_Bulletin_August_202520250911172653.pdf
"supported by better food production systems, diversified sources of income, and improved coping mechanisms.",Agriculture/Disaster,NDMA West Pokot Drought Early Warning Bulletin August 2025,West_Pokot_DEW_Bulletin_August_202520250911172653.pdf
"In contrast, Pastoral households remained more vulnerable to dietary fluctuations due to their reliance on livestock and purchased food.",Agriculture/Disaster,NDMA West Pokot Drought Early Warning Bulletin August 2025,West_Pokot_DEW_Bulletin_August_202520250911172653.pdf
"the same periods in 2024 and 2023, indicating gradual progress in food security, likely influenced by ongoing resilience-building and nutrition-focused interventions.",Agriculture/Disaster,NDMA West Pokot Drought Early Warning Bulletin August 2025,West_Pokot_DEW_Bulletin_August_202520250911172653.pdf
"As shown in Figure 16, this positive shift underscores the importance of sustaining community-based food systems and supporting household-level production to improve dietary outcomes.",Agriculture/Disaster,NDMA West Pokot Drought Early Warning Bulletin August 2025,West_Pokot_DEW_Bulletin_August_202520250911172653.pdf
<135mm) declined from 3.6 percent in July to 2.3 percent in August 2025.,Agriculture/Disaster,NDMA West Pokot Drought Early Warning Bulletin August 2025,West_Pokot_DEW_Bulletin_August_202520250911172653.pdf
persist across livelihood zones.,Agriculture/Disaster,NDMA West Pokot Drought Early Warning Bulletin August 2025,West_Pokot_DEW_Bulletin_August_202520250911172653.pdf
The Agro-Pastoral zones recorded a higher risk (4 percent) compared to one percent in the Pastoral zones.,Agriculture/Disaster,NDMA West Pokot Drought Early Warning Bulletin August 2025,West_Pokot_DEW_Bulletin_August_202520250911172653.pdf
"This compromises household dietary diversity, especially for vulnerable children.",Agriculture/Disaster,NDMA West Pokot Drought Early Warning Bulletin August 2025,West_Pokot_DEW_Bulletin_August_202520250911172653.pdf
"Furthermore, poor child care practices, including suboptimal feeding and limited health-seeking behavior, continue to undermine nutritional gains in these zones.",Agriculture/Disaster,NDMA West Pokot Drought Early Warning Bulletin August 2025,West_Pokot_DEW_Bulletin_August_202520250911172653.pdf
"6.3 percent within the normal range of 2.2–8.6 percent, as shown in Figure 17.",Agriculture/Disaster,NDMA West Pokot Drought Early Warning Bulletin August 2025,West_Pokot_DEW_Bulletin_August_202520250911172653.pdf
This signifies positive progress in child nutrition outcomes.,Agriculture/Disaster,NDMA West Pokot Drought Early Warning Bulletin August 2025,West_Pokot_DEW_Bulletin_August_202520250911172653.pdf
"However, without addressing socio-economic pressures and reinforcing maternal education on infant feeding and care practices, such improvements may not be sustained.",Agriculture/Disaster,NDMA West Pokot Drought Early Warning Bulletin August 2025,West_Pokot_DEW_Bulletin_August_202520250911172653.pdf
August from 5.68 in July.,Agriculture/Disaster,NDMA West Pokot Drought Early Warning Bulletin August 2025,West_Pokot_DEW_Bulletin_August_202520250911172653.pdf
"Agro-Pastoral zones recorded a higher rCSI of 8.4 compared to 5.2 in the Pastoral zones, indicating that food insecurity pressure is still more pronounced in areas with higher market dependence and limited own production.",Agriculture/Disaster,NDMA West Pokot Drought Early Warning Bulletin August 2025,West_Pokot_DEW_Bulletin_August_202520250911172653.pdf
"The most frequently used coping strategies included reducing meal portions, skipping meals, and consuming less preferred foods, reflecting constrained food choices and unstable income streams.",Agriculture/Disaster,NDMA West Pokot Drought Early Warning Bulletin August 2025,West_Pokot_DEW_Bulletin_August_202520250911172653.pdf
"than the normal range (0.7–2.3), as shown in Figure 18.",Agriculture/Disaster,NDMA West Pokot Drought Early Warning Bulletin August 2025,West_Pokot_DEW_Bulletin_August_202520250911172653.pdf
"This indicates stress on household food security, necessitating targeted interventions in food assistance, income diversification, and market stabilization to prevent further deterioration.",Agriculture/Disaster,NDMA West Pokot Drought Early Warning Bulletin August 2025,West_Pokot_DEW_Bulletin_August_202520250911172653.pdf
which was worsenening trend by two percent from 68 percent in previous month.,Agriculture/Disaster,NDMA West Pokot Drought Early Warning Bulletin August 2025,West_Pokot_DEW_Bulletin_August_202520250911172653.pdf
percent used moderate and 5.1 percent employed severe coping strategies.,Agriculture/Disaster,NDMA West Pokot Drought Early Warning Bulletin August 2025,West_Pokot_DEW_Bulletin_August_202520250911172653.pdf
"moderate, and 10.7 percent severe - demonstrating a significant reduction in distress-based responses.",Agriculture/Disaster,NDMA West Pokot Drought Early Warning Bulletin August 2025,West_Pokot_DEW_Bulletin_August_202520250911172653.pdf
"August 2025 than during similar periods in 2024 and 2023, indicating that households are still navigating chronic food access challenges, as shown in Figure 19.",Agriculture/Disaster,NDMA West Pokot Drought Early Warning Bulletin August 2025,West_Pokot_DEW_Bulletin_August_202520250911172653.pdf
"1 The population in terms of human elements and numbers for the case of non-human elements 2 Critical facilities like schools, health facilities, markets among others.",Agriculture/Disaster,NDMA West Pokot Drought Early Warning Bulletin August 2025,West_Pokot_DEW_Bulletin_August_202520250911172653.pdf
"Sun- Counties and Suam, Riwo, Batei & Masol Ward.",Agriculture/Disaster,NDMA West Pokot Drought Early Warning Bulletin August 2025,West_Pokot_DEW_Bulletin_August_202520250911172653.pdf
"County, Pokot North, West, South and Central Sub- Counties , Suam, Riwo, Batei and Masol Ward.",Agriculture/Disaster,NDMA West Pokot Drought Early Warning Bulletin August 2025,West_Pokot_DEW_Bulletin_August_202520250911172653.pdf
7.0 EMERGING ISSUES 7.1 Insecurity/Conflict/Human Displacement No major conflict issues that are related to drought were reported during the month under review.,Agriculture/Disaster,NDMA West Pokot Drought Early Warning Bulletin August 2025,West_Pokot_DEW_Bulletin_August_202520250911172653.pdf
7.2 Migration No major migrations were reported across the livelihoods.,Agriculture/Disaster,NDMA West Pokot Drought Early Warning Bulletin August 2025,West_Pokot_DEW_Bulletin_August_202520250911172653.pdf
This is expected to emerge though at minimal levels.,Agriculture/Disaster,NDMA West Pokot Drought Early Warning Bulletin August 2025,West_Pokot_DEW_Bulletin_August_202520250911172653.pdf
"released on August 31, 2025, the county is expected to receive near-to-above-average rainfall, though with intermittent breaks.",Agriculture/Disaster,NDMA West Pokot Drought Early Warning Bulletin August 2025,West_Pokot_DEW_Bulletin_August_202520250911172653.pdf
This outlook suggests overall improvement in water and forage availability but with uneven distribution between Agro-Pastoral and Pastoral livelihood zones.,Agriculture/Disaster,NDMA West Pokot Drought Early Warning Bulletin August 2025,West_Pokot_DEW_Bulletin_August_202520250911172653.pdf
"likely to enhance soil moisture, support crop recovery, and sustain short-cycle vegetable production.",Agriculture/Disaster,NDMA West Pokot Drought Early Warning Bulletin August 2025,West_Pokot_DEW_Bulletin_August_202520250911172653.pdf
"This will also contribute to improved livestock body condition, milk production, and shorter trekking distances for water and pasture.",Agriculture/Disaster,NDMA West Pokot Drought Early Warning Bulletin August 2025,West_Pokot_DEW_Bulletin_August_202520250911172653.pdf
"Conversely, Pastoral zones including Kapchok, Kiwawa, Alale, and Kodich may still experience erratic and poorly distributed rains, sustaining localized water stress and constraining livestock productivity.",Agriculture/Disaster,NDMA West Pokot Drought Early Warning Bulletin August 2025,West_Pokot_DEW_Bulletin_August_202520250911172653.pdf
"to normal vegetation, implying stable but uneven pasture and browse regeneration.",Agriculture/Disaster,NDMA West Pokot Drought Early Warning Bulletin August 2025,West_Pokot_DEW_Bulletin_August_202520250911172653.pdf
"While this will generally support livestock production, Pastoral areas may continue to experience strain, reinforcing disparities between zones.",Agriculture/Disaster,NDMA West Pokot Drought Early Warning Bulletin August 2025,West_Pokot_DEW_Bulletin_August_202520250911172653.pdf
"development, particularly late-planted maize at grain-filling stages, and enhancing prospects for household food stocks.",Agriculture/Disaster,NDMA West Pokot Drought Early Warning Bulletin August 2025,West_Pokot_DEW_Bulletin_August_202520250911172653.pdf
"However, prolonged rains during harvest could increase post-harvest losses due to inadequate drying and storage facilities.",Agriculture/Disaster,NDMA West Pokot Drought Early Warning Bulletin August 2025,West_Pokot_DEW_Bulletin_August_202520250911172653.pdf
into improved milk yields in wet areas and reduced trekking distances.,Agriculture/Disaster,NDMA West Pokot Drought Early Warning Bulletin August 2025,West_Pokot_DEW_Bulletin_August_202520250911172653.pdf
"Agro-Pastoral zones are likely to sustain moderate production levels, but Pastoral zones may see only marginal improvement given structural water and pasture constraints.",Agriculture/Disaster,NDMA West Pokot Drought Early Warning Bulletin August 2025,West_Pokot_DEW_Bulletin_August_202520250911172653.pdf
"challenges such as siltation and high evaporation, particularly in Masol, Weiwei, and Kiwawa- may undermine long-term water availability.",Agriculture/Disaster,NDMA West Pokot Drought Early Warning Bulletin August 2025,West_Pokot_DEW_Bulletin_August_202520250911172653.pdf
"In hard-to-reach areas, breaks in rainfall may worsen household water access, heightening vulnerability.",Agriculture/Disaster,NDMA West Pokot Drought Early Warning Bulletin August 2025,West_Pokot_DEW_Bulletin_August_202520250911172653.pdf
"may further compound food and market dynamics by disrupting trade flows, limiting service delivery, and displacing households.",Agriculture/Disaster,NDMA West Pokot Drought Early Warning Bulletin August 2025,West_Pokot_DEW_Bulletin_August_202520250911172653.pdf
"moderate-to-severe vegetation decline, expected water stress, and worsening food insecurity, Suam and Masol - Erratic rainfall, poor pasture regeneration, and increasing livestock stress, Alale and Lomut - Risk of insecurity affecting food access, livestock movement, and market dynamics and Weiwei and Chepareria – Soil erosion and siltation of water sources threaten future water availability.",Agriculture/Disaster,NDMA West Pokot Drought Early Warning Bulletin August 2025,West_Pokot_DEW_Bulletin_August_202520250911172653.pdf
"Campaigns: Scale up ongoing vaccinations for PPR, CCPP, and Newcastle disease to reduce mortality and increase market access confidence.",Agriculture/Disaster,NDMA West Pokot Drought Early Warning Bulletin August 2025,West_Pokot_DEW_Bulletin_August_202520250911172653.pdf
supplementary feeding using crop residues to cushion against poor pasture regeneration.,Agriculture/Disaster,NDMA West Pokot Drought Early Warning Bulletin August 2025,West_Pokot_DEW_Bulletin_August_202520250911172653.pdf
Access to Veterinary Services: Deploy mobile veterinary units and establish strategic drug reserves in hard-to-reach wards.,Agriculture/Disaster,NDMA West Pokot Drought Early Warning Bulletin August 2025,West_Pokot_DEW_Bulletin_August_202520250911172653.pdf
"varieties, especially for maize and beans, to improve resilience in areas experiencing moisture stress.",Agriculture/Disaster,NDMA West Pokot Drought Early Warning Bulletin August 2025,West_Pokot_DEW_Bulletin_August_202520250911172653.pdf
aggregation centres to minimize post- harvest losses and improve food availability through lean seasons.,Agriculture/Disaster,NDMA West Pokot Drought Early Warning Bulletin August 2025,West_Pokot_DEW_Bulletin_August_202520250911172653.pdf
Desilt and Rehabilitate Open Water Sources: Prioritize cleaning of silted pans/dams and improve catchment protection to increase water retention and recharge.,Agriculture/Disaster,NDMA West Pokot Drought Early Warning Bulletin August 2025,West_Pokot_DEW_Bulletin_August_202520250911172653.pdf
"Treatment: Scale up awareness and distribution of water treatment options to reduce waterborne diseases, especially in zones relying on rivers and wells.",Agriculture/Disaster,NDMA West Pokot Drought Early Warning Bulletin August 2025,West_Pokot_DEW_Bulletin_August_202520250911172653.pdf
"rehabilitate existing ones in critical wards to reduce trekking distances, especially for pastoralists.",Agriculture/Disaster,NDMA West Pokot Drought Early Warning Bulletin August 2025,West_Pokot_DEW_Bulletin_August_202520250911172653.pdf
"immunizations, child nutrition screening, and antenatal care.",Agriculture/Disaster,NDMA West Pokot Drought Early Warning Bulletin August 2025,West_Pokot_DEW_Bulletin_August_202520250911172653.pdf
feeding practices to address preventable illnesses.,Agriculture/Disaster,NDMA West Pokot Drought Early Warning Bulletin August 2025,West_Pokot_DEW_Bulletin_August_202520250911172653.pdf
Improve Disease Surveillance: Strengthen early warning systems and community health worker networks to monitor and report disease outbreaks quickly.,Agriculture/Disaster,NDMA West Pokot Drought Early Warning Bulletin August 2025,West_Pokot_DEW_Bulletin_August_202520250911172653.pdf
"Gardens: Support low-cost, water-efficient kitchen gardens to diversify diets with vegetables and legumes, especially in Agro-Pastoral areas.",Agriculture/Disaster,NDMA West Pokot Drought Early Warning Bulletin August 2025,West_Pokot_DEW_Bulletin_August_202520250911172653.pdf
"Feeding: Sustain nutrition interventions targeting children under five, pregnant and lactating women, especially in areas with high Global Acute Malnutrition (GAM) risk.",Agriculture/Disaster,NDMA West Pokot Drought Early Warning Bulletin August 2025,West_Pokot_DEW_Bulletin_August_202520250911172653.pdf
"community leaders to balance milk sales with consumption, particularly in Agro- Pastoral areas.",Agriculture/Disaster,NDMA West Pokot Drought Early Warning Bulletin August 2025,West_Pokot_DEW_Bulletin_August_202520250911172653.pdf
Access and Infrastructure: Rehabilitate roads and improve holding grounds and veterinary screening points to enhance livestock trade.,Agriculture/Disaster,NDMA West Pokot Drought Early Warning Bulletin August 2025,West_Pokot_DEW_Bulletin_August_202520250911172653.pdf
agreements with Uganda and Trans-Nzoia to ensure steady food supplies.,Agriculture/Disaster,NDMA West Pokot Drought Early Warning Bulletin August 2025,West_Pokot_DEW_Bulletin_August_202520250911172653.pdf
"households in value addition, agribusiness, and off-farm income-generating activities to reduce dependence on distressed sales.",Agriculture/Disaster,NDMA West Pokot Drought Early Warning Bulletin August 2025,West_Pokot_DEW_Bulletin_August_202520250911172653.pdf
dry weather throughout January.,Agriculture/Disaster,NDMA national_jan2026.pdf Drought Early Warning Bulletin,national_jan2026.pdf
"particularly in Mandera, Wajir, Garissa, Turkana, and Marsabit.",Agriculture/Disaster,NDMA national_jan2026.pdf Drought Early Warning Bulletin,national_jan2026.pdf
breastfeeding women requiring urgent treatment.,Agriculture/Disaster,NDMA national_jan2026.pdf Drought Early Warning Bulletin,national_jan2026.pdf
conditions during the month and resulting in limited moisture recharge.,Agriculture/Disaster,NDMA national_jan2026.pdf Drought Early Warning Bulletin,national_jan2026.pdf
poor spatial distribution.,Agriculture/Disaster,NDMA national_jan2026.pdf Drought Early Warning Bulletin,national_jan2026.pdf
recorded in some localized areas.,Agriculture/Disaster,NDMA national_jan2026.pdf Drought Early Warning Bulletin,national_jan2026.pdf
to significantly improve moisture conditions.,Agriculture/Disaster,NDMA national_jan2026.pdf Drought Early Warning Bulletin,national_jan2026.pdf
predominantly dry for most of the month.,Agriculture/Disaster,NDMA national_jan2026.pdf Drought Early Warning Bulletin,national_jan2026.pdf
areas throughout the month.,Agriculture/Disaster,NDMA national_jan2026.pdf Drought Early Warning Bulletin,national_jan2026.pdf
anticipated in a few localized areas.,Agriculture/Disaster,NDMA national_jan2026.pdf Drought Early Warning Bulletin,national_jan2026.pdf
average across all ASAL regions.,Agriculture/Disaster,NDMA national_jan2026.pdf Drought Early Warning Bulletin,national_jan2026.pdf
temperatures are likely to range from 20°C-26°C.,Agriculture/Disaster,NDMA national_jan2026.pdf Drought Early Warning Bulletin,national_jan2026.pdf
conditions are expected to be generally dry for most of the month.,Agriculture/Disaster,NDMA national_jan2026.pdf Drought Early Warning Bulletin,national_jan2026.pdf
may occur over a few places during the month.,Agriculture/Disaster,NDMA national_jan2026.pdf Drought Early Warning Bulletin,national_jan2026.pdf
"24°C to 36°C, while minimum temperatures are likely to range between 12°C and 23°C.",Agriculture/Disaster,NDMA national_jan2026.pdf Drought Early Warning Bulletin,national_jan2026.pdf
to prevail throughout the month.,Agriculture/Disaster,NDMA national_jan2026.pdf Drought Early Warning Bulletin,national_jan2026.pdf
minimum temperatures are likely to range between 23°C-27°C.,Agriculture/Disaster,NDMA national_jan2026.pdf Drought Early Warning Bulletin,national_jan2026.pdf
"water availability, pasture and browse or rangeland conditions.",Agriculture/Disaster,NDMA national_jan2026.pdf Drought Early Warning Bulletin,national_jan2026.pdf
"and West Pokot, exhibited normal vegetation conditions.",Agriculture/Disaster,NDMA national_jan2026.pdf Drought Early Warning Bulletin,national_jan2026.pdf
Severe vegetation deficits were recorded in Isiolo and Kilifi.,Agriculture/Disaster,NDMA national_jan2026.pdf Drought Early Warning Bulletin,national_jan2026.pdf
counties at the end of December 2025 and January 2026.,Agriculture/Disaster,NDMA national_jan2026.pdf Drought Early Warning Bulletin,national_jan2026.pdf
on the most affected sub counties is provided in Table1.,Agriculture/Disaster,NDMA national_jan2026.pdf Drought Early Warning Bulletin,national_jan2026.pdf
"(10) Lafey, Mandera North, Banissa, Mandera East, Tarbaj, Wajir South, Wajir West, Eldas, Wajir East, Dadaab.",Agriculture/Disaster,NDMA national_jan2026.pdf Drought Early Warning Bulletin,national_jan2026.pdf
"(26) Balambala, Dujis ,Ijara, Fafi, Lagdera, Isiolo South, Rabai, Kilifi South, Mwingi North, Kitui West, Kitui East, Kitui South, Laisamis, North Horr, Tigania West, Buuri, Narok South, Samburu East, Kinango, Bura, Loima, Mwatate, Wundanyi, Taveta, Tharaka, Lamu East.",Agriculture/Disaster,NDMA national_jan2026.pdf Drought Early Warning Bulletin,national_jan2026.pdf
"East, Malindi, Kajiado Central, Kajiado West, Kajiado South, Kajiado East, Gachoka, Siakago, Kacheliba, Sigor.",Agriculture/Disaster,NDMA national_jan2026.pdf Drought Early Warning Bulletin,national_jan2026.pdf
Majority of the areas reported the body condition for both cattle and goats as being fair.,Agriculture/Disaster,NDMA national_jan2026.pdf Drought Early Warning Bulletin,national_jan2026.pdf
the condition of both species in Mandera and Wajir was poor (Table 2).,Agriculture/Disaster,NDMA national_jan2026.pdf Drought Early Warning Bulletin,national_jan2026.pdf
was below normal to the one usually witnessed during the period.,Agriculture/Disaster,NDMA national_jan2026.pdf Drought Early Warning Bulletin,national_jan2026.pdf
large stock was recorded in majority of the counties constituting about 65 percent (Table 3).,Agriculture/Disaster,NDMA national_jan2026.pdf Drought Early Warning Bulletin,national_jan2026.pdf
seasonal range in 78 percent of the counties.,Agriculture/Disaster,NDMA national_jan2026.pdf Drought Early Warning Bulletin,national_jan2026.pdf
"Throughout the reporting period, several livestock diseases were reported across multiple counties.",Agriculture/Disaster,NDMA national_jan2026.pdf Drought Early Warning Bulletin,national_jan2026.pdf
"(notably in Laisamis sub-county), Turkana, Wajir, Laikipia, and Meru counties.",Agriculture/Disaster,NDMA national_jan2026.pdf Drought Early Warning Bulletin,national_jan2026.pdf
pleuropneumonia (CBPP) was reported in Turkana and Meru counties.,Agriculture/Disaster,NDMA national_jan2026.pdf Drought Early Warning Bulletin,national_jan2026.pdf
ring vaccination was conducted.,Agriculture/Disaster,NDMA national_jan2026.pdf Drought Early Warning Bulletin,national_jan2026.pdf
trypanosomiasis also reported in Wajir County.,Agriculture/Disaster,NDMA national_jan2026.pdf Drought Early Warning Bulletin,national_jan2026.pdf
"reported in Marsabit County, particularly in Moyale and Laisamis sub-counties.",Agriculture/Disaster,NDMA national_jan2026.pdf Drought Early Warning Bulletin,national_jan2026.pdf
reported among livestock in Meru County.,Agriculture/Disaster,NDMA national_jan2026.pdf Drought Early Warning Bulletin,national_jan2026.pdf
"and infectious coryza, were reported in Laikipia County.",Agriculture/Disaster,NDMA national_jan2026.pdf Drought Early Warning Bulletin,national_jan2026.pdf
Rabies cases were reported in Turkana and Wajir counties.,Agriculture/Disaster,NDMA national_jan2026.pdf Drought Early Warning Bulletin,national_jan2026.pdf
reported in Laikipia County.,Agriculture/Disaster,NDMA national_jan2026.pdf Drought Early Warning Bulletin,national_jan2026.pdf
cause were recorded in Kitui County.,Agriculture/Disaster,NDMA national_jan2026.pdf Drought Early Warning Bulletin,national_jan2026.pdf
"previous month, with only Samburu, Embu, Makueni, and Meru recording stable prices (Table 4).",Agriculture/Disaster,NDMA national_jan2026.pdf Drought Early Warning Bulletin,national_jan2026.pdf
"participation that helped sustain above-normal prices except in Mandera, Tana River, and Kwale.",Agriculture/Disaster,NDMA national_jan2026.pdf Drought Early Warning Bulletin,national_jan2026.pdf
"Samburu, Embu, Lamu, Kajiado, Makueni, and Taita Taveta recorded stable prices (Table 5).",Agriculture/Disaster,NDMA national_jan2026.pdf Drought Early Warning Bulletin,national_jan2026.pdf
body condition among goats.,Agriculture/Disaster,NDMA national_jan2026.pdf Drought Early Warning Bulletin,national_jan2026.pdf
"levels, except in Mandera, Wajir, and Kwale.",Agriculture/Disaster,NDMA national_jan2026.pdf Drought Early Warning Bulletin,national_jan2026.pdf
strong market performance.,Agriculture/Disaster,NDMA national_jan2026.pdf Drought Early Warning Bulletin,national_jan2026.pdf
"(SEMA) zones, causing widespread crop wilting and major yield losses.",Agriculture/Disaster,NDMA national_jan2026.pdf Drought Early Warning Bulletin,national_jan2026.pdf
"harvests of maize, cowpeas, and green grams.",Agriculture/Disaster,NDMA national_jan2026.pdf Drought Early Warning Bulletin,national_jan2026.pdf
Makueni further affected by pests reducing yields by up to 70 percent.,Agriculture/Disaster,NDMA national_jan2026.pdf Drought Early Warning Bulletin,national_jan2026.pdf
reduced agricultural income across these regions.,Agriculture/Disaster,NDMA national_jan2026.pdf Drought Early Warning Bulletin,national_jan2026.pdf
activities across the counties during the period under review.,Agriculture/Disaster,NDMA national_jan2026.pdf Drought Early Warning Bulletin,national_jan2026.pdf
stress that led to wilting and crop losses.,Agriculture/Disaster,NDMA national_jan2026.pdf Drought Early Warning Bulletin,national_jan2026.pdf
farmers managed to harvest simsim during the reporting period.,Agriculture/Disaster,NDMA national_jan2026.pdf Drought Early Warning Bulletin,national_jan2026.pdf
Overall crop performance was far below the expected yield.,Agriculture/Disaster,NDMA national_jan2026.pdf Drought Early Warning Bulletin,national_jan2026.pdf
experienced pronounced production declines.,Agriculture/Disaster,NDMA national_jan2026.pdf Drought Early Warning Bulletin,national_jan2026.pdf
to typical seasonal patterns.,Agriculture/Disaster,NDMA national_jan2026.pdf Drought Early Warning Bulletin,national_jan2026.pdf
suffered complete failure.,Agriculture/Disaster,NDMA national_jan2026.pdf Drought Early Warning Bulletin,national_jan2026.pdf
hardest hit across the zones.,Agriculture/Disaster,NDMA national_jan2026.pdf Drought Early Warning Bulletin,national_jan2026.pdf
to be harvested in February.,Agriculture/Disaster,NDMA national_jan2026.pdf Drought Early Warning Bulletin,national_jan2026.pdf
"such as Kamarandi, Kiambere, and parts of Mwea.",Agriculture/Disaster,NDMA national_jan2026.pdf Drought Early Warning Bulletin,national_jan2026.pdf
millet occupying the largest proportion of cultivated land.,Agriculture/Disaster,NDMA national_jan2026.pdf Drought Early Warning Bulletin,national_jan2026.pdf
prolonged moisture stress.,Agriculture/Disaster,NDMA national_jan2026.pdf Drought Early Warning Bulletin,national_jan2026.pdf
and green grams also deteriorated.,Agriculture/Disaster,NDMA national_jan2026.pdf Drought Early Warning Bulletin,national_jan2026.pdf
ranged from poor to complete failure.,Agriculture/Disaster,NDMA national_jan2026.pdf Drought Early Warning Bulletin,national_jan2026.pdf
harvest and underscoring the severity of the agricultural stress.,Agriculture/Disaster,NDMA national_jan2026.pdf Drought Early Warning Bulletin,national_jan2026.pdf
"filling stages, though overall field conditions ranged from poor to fair.",Agriculture/Disaster,NDMA national_jan2026.pdf Drought Early Warning Bulletin,national_jan2026.pdf
65–70 percent in some communities.,Agriculture/Disaster,NDMA national_jan2026.pdf Drought Early Warning Bulletin,national_jan2026.pdf
The main activity ongoing during the month of January was weeding.,Agriculture/Disaster,NDMA national_jan2026.pdf Drought Early Warning Bulletin,national_jan2026.pdf
indicating mixed crop performance.,Agriculture/Disaster,NDMA national_jan2026.pdf Drought Early Warning Bulletin,national_jan2026.pdf
"stress, with widespread wilting evident in many areas.",Agriculture/Disaster,NDMA national_jan2026.pdf Drought Early Warning Bulletin,national_jan2026.pdf
potatoes in agro-pastoral and mixed farming areas.,Agriculture/Disaster,NDMA national_jan2026.pdf Drought Early Warning Bulletin,national_jan2026.pdf
"percent, beans by 72.3 percent, and Irish potatoes by 41.5 percent.",Agriculture/Disaster,NDMA national_jan2026.pdf Drought Early Warning Bulletin,national_jan2026.pdf
both livelihood zones was weeding.,Agriculture/Disaster,NDMA national_jan2026.pdf Drought Early Warning Bulletin,national_jan2026.pdf
"knee height, while beans and Irish potatoes were at the flowering stage.",Agriculture/Disaster,NDMA national_jan2026.pdf Drought Early Warning Bulletin,national_jan2026.pdf
remained stable in about 61 percent of the areas (Table 7).,Agriculture/Disaster,NDMA national_jan2026.pdf Drought Early Warning Bulletin,national_jan2026.pdf
transportation costs from external source areas.,Agriculture/Disaster,NDMA national_jan2026.pdf Drought Early Warning Bulletin,national_jan2026.pdf
border imports and consistent inflows from neighboring high potential agricultural counties.,Agriculture/Disaster,NDMA national_jan2026.pdf Drought Early Warning Bulletin,national_jan2026.pdf
the distance households trekked to access water for domestic use (Table 8).,Agriculture/Disaster,NDMA national_jan2026.pdf Drought Early Warning Bulletin,national_jan2026.pdf
early cessation of the short rains.,Agriculture/Disaster,NDMA national_jan2026.pdf Drought Early Warning Bulletin,national_jan2026.pdf
counties at 7.0 kilometres.,Agriculture/Disaster,NDMA national_jan2026.pdf Drought Early Warning Bulletin,national_jan2026.pdf
tables that rendered some water facilities non-functional.,Agriculture/Disaster,NDMA national_jan2026.pdf Drought Early Warning Bulletin,national_jan2026.pdf
reduced flows in permanent rivers following the poor performance of the short rains season.,Agriculture/Disaster,NDMA national_jan2026.pdf Drought Early Warning Bulletin,national_jan2026.pdf
while Lamu reported the longest distance among the semi-arid counties at 10.0 kilometres.,Agriculture/Disaster,NDMA national_jan2026.pdf Drought Early Warning Bulletin,national_jan2026.pdf
"Marsabit, Mandera, Tana River, Wajir, Kitui, Kwale, and Lamu.",Agriculture/Disaster,NDMA national_jan2026.pdf Drought Early Warning Bulletin,national_jan2026.pdf
largely driven by poor recharge of water facilities during the short rains season.,Agriculture/Disaster,NDMA national_jan2026.pdf Drought Early Warning Bulletin,national_jan2026.pdf
previous month (Table 10).,Agriculture/Disaster,NDMA national_jan2026.pdf Drought Early Warning Bulletin,national_jan2026.pdf
anticipation of worsening drought situation.,Agriculture/Disaster,NDMA national_jan2026.pdf Drought Early Warning Bulletin,national_jan2026.pdf
"in Mandera and Tharaka Nithi in the arid and semi-arid counties, respectively.",Agriculture/Disaster,NDMA national_jan2026.pdf Drought Early Warning Bulletin,national_jan2026.pdf
hence reduced purchasing power.,Agriculture/Disaster,NDMA national_jan2026.pdf Drought Early Warning Bulletin,national_jan2026.pdf
which recorded values outside the normal range.,Agriculture/Disaster,NDMA national_jan2026.pdf Drought Early Warning Bulletin,national_jan2026.pdf
Nutritional status deteriorated in roughly 65 percent of counties (Table 11).,Agriculture/Disaster,NDMA national_jan2026.pdf Drought Early Warning Bulletin,national_jan2026.pdf
"widespread poverty, and limited availability of integrated health outreach services in hotspot areas.",Agriculture/Disaster,NDMA national_jan2026.pdf Drought Early Warning Bulletin,national_jan2026.pdf
"Mandera, Wajir, Kwale, and Kilifi Counties were classified under the “Alarm” phase.",Agriculture/Disaster,NDMA national_jan2026.pdf Drought Early Warning Bulletin,national_jan2026.pdf
"Nithi, Turkana, and Baringo—fell within the “Alert” phase.",Agriculture/Disaster,NDMA national_jan2026.pdf Drought Early Warning Bulletin,national_jan2026.pdf
exhibited indications of deteriorating conditions (Table 12).,Agriculture/Disaster,NDMA national_jan2026.pdf Drought Early Warning Bulletin,national_jan2026.pdf
"Tracks four categories of indicators: biophysical, production, access and utilisation.",Agriculture/Disaster,NDMA national_jan2026.pdf Drought Early Warning Bulletin,national_jan2026.pdf
socio-economic indicators.,Agriculture/Disaster,NDMA national_jan2026.pdf Drought Early Warning Bulletin,national_jan2026.pdf
phase classification for each county.,Agriculture/Disaster,NDMA national_jan2026.pdf Drought Early Warning Bulletin,national_jan2026.pdf
