English,Ekegusii,Domain,Kiswahili
"Women have a bigger role to play, have market access like men in agricultural wealth...(2020). To access agriculture markets and differences in feeds in Kenya.","abangina ngokora bare ase ensemo yoboremi, mbabwati ogosoa oboremi buna abasacha ase obonda bwoboremi. ... (2020), Gosoa echiro yoboremi na oborgeria ase oboagare aiga Kenya: ...",Agriculture,
Mothers and their young children are required to visit their health facilities to be tested 48 hours after delivery for medical care.,Abang'ina amo n'abana abake bagwenerete kogenda oborengi nyagitari chinsa 48 koru okoibora banyare korengwa erio korigia bobe bonde bwonsi na korotota okobwena kwa bwango.,Health,
"To achieve mental health for those living with disabilites is of great importance. Now, do you know any person who needs counselling? Send an SMS to ""support"" to 20767 so that you can connect with a counsellor free of charge.","Goikerania amag'ana yobobwenia ase abanto babwate oborema nokw'engencho mono. Inee, nomanyete monto onde oganetie oyo agokwanera? Toma riuko erienge ""support"" gochia 20767 erio onyore omosemia.",Health,
Building partnerships with counties strengthens accountability. Say no to graft.,Koagacha oboamate obuya gati yechikaonti nigo kogokong'ia obotenereri obuya. Kana obokengeka.,Security,
Discover appropriate times when you can supply milk from your dairy farm or eggs to (schools and hospitals) depending on their feeding program.,Rigia komanya chinagaki chingiya chireo as ase oboremi bwao bwechiombe chia'amabere giose ebiombe bibwatekaine nayio ase okoonia amagena echingoko chiao bwango kegima gochia (chisukuru na chuinyagitari ) ase omoroberio bwoborageria bwaobo.,Agriculture,
Climate smart agriculture (CSA) is an approach that helps to guide actions needed to transform and reorient agricultural systems to effectively support ...,Climate smart agriculture (CSA) is an approach that helps to guide actions needed to transform and reorient agricultural systems to effectively support ...,Agriculture,
The National Drugs Investigation has launched training for religious learder as a move to prevent self suicide,Ekeombe Ekenene Kiobotuki bwa Amariogo giachakirie amaegerio yamatemu ase abarai abanene bechidini ase ogotanga okweng'enta buna amasomo gokinia obongo,Health,
"TSC releases guidelines for recruiting 44,000 teachers on permanent terms.","Ekeombe ekene kia abarimu (TSC) yarure omoroberio buna okorikwa kwa abarimu 44,000 korabe bapamanenti.",Education,
"Make up a good agri business plan, incorporating irrigation or dairy farming . Learn basic tips and loans acquisition.",Rosia omoreberio omuya bwoboonchoreria bwoboremi bwao as ogosiarera amache gose omoremi bwechiombe chia amabere. Egera igor yechinsemo chibwenerete chiragokonye ase okonyora eroni yoboremi,Agriculture,
Announcement on educating people in the whole region on poor eating habits in the counties,Okoraria kwa amaegerio ase orogongo orogima erio gosegeta emeroberio yobobwenia ase ogotanga koragera orachi ase chikaunti,Health,
Detailed research done in Northern Nigeria with AATF and partners has borne great perspective among maize farmers .,"Obokongoria bwabeene bwakoretwe aria Irianyi ya Nigeria na AATF, na abamwabo mbwaorokerertie ng'a ogotareng'ana gati yomonto omosacha na okungu ase engencho yobogambi na ekemira igoro yoboremi bwabobuna nomochando omonene as oboremi bwebituma.",Agriculture,
"To attain market access and to support such institutional programs in a country is a central support..availability and grants on agricultural markets and insured agriculture . In County, priorities are taken seriously..","Goikera echiro yoboremi na gosira emeroberio yekeombe ekio kiogokonya oboremi. As ense, omoroberio ogati orengete gosira ...",Agriculture,
"Upgraded polio vaccine being administered. Some mothers complain of 'serious' symptoms. Ministry says symptoms, reactions are normal","Echancho ya polio engikeranu yarurwe Abangina bande bemurunganiri ase ebimanyererio 'ebibe' Ewizara yatebire, ebimanyererio nebia botambe",Health,
TVETA launches a mobile learning app providing access to tutorials and assessments for TVET students on the go.,Aborai bwekeombe keria ekenene getenerete chikorechi chiobobundi nechisemi chiokwegendereria TVETA lyaansire amasomo goetera egekoreri gieintaneti gekworokereria buan abarimu bakorenga abana namasomo abo ase TVET na kogenderera .,Education,
"A good sweet potatoes variety planted in Nakuru Kenya are eaten across East Africa. Maize has maintained as a core crop over time. However, it has been hit with diseases since then. This has brought about harvest losses and a threat to food security in Kenya. For this reason, from 2008, kenyan government decided to remove dependency on maize by adopting potatoes.","Embusuro engiya yamarabwoni agosimekwa aria Nakuru Kenya nigo akoriegwa Afrika ya mocha engima.Ebituma nabio endagera enene ase emiaka amagicho . Korende, oboremi obo ase engaki entambe bwebibituma bwagosirwe nendwari . Goetera endwari eye rigesa riebutuma riakeanire na igo komenta enhara. Ase igo, korwa omwaka 2008, borai bweserakari ya Kenya nogendereta korigwa endagera rika rie bituma na goikera oboremi bwa amarabwoni buna obwengencho.",Agriculture,
UNODC and Kenya partnership to enhance legal frameworks and build investigative capacity against terrorism.,Ekeombe kiobomo bwechinse chiria chikwegambera korwania amariogo agotindia (UNODC) goetera okobwaterana na Kenya mbabwateranete goikerania amachiko yokorwania obokebago na gokinia chinguru chiobotuki bwobokebago bwokoruta chipomu.,Security,
Kitale National Polytechnic introduces drone technology training.,Kitale National Polytechnic yachakire gosomia abana chisemi chiokogendia chindege chitari nomogendia (Drone).,Education,
AATF ( African Agricultural Technology Foundation) is a non profit making organisation with sensitization programs among small scale farmers in desert Africa.,AATF (African Agricultural Technology Foundation aiga Afrika nekemo kiebiombe getari korosia obaita aiga Afrika kegendereretie koereria chisemi as abaremi bemegondo emeke aiga Afrika yensemo enyomo,Agriculture,
"To differentiate, farming using CSA has three pillars: increase yields progressively, profitable produce and build resilience.","Ase ogoatanana, oboremi goetera CSA nigo borengete chisiro isato: kogesa rigesa ase enchera yokwegendereria nebitoki ebiya erio goikerania oboremi bwonchoreria as okonyora ebiitoki ebiya as abaremi na ogwetenenera.",Agriculture,
"Emplyers are able to know their employees suffering from mental problems when at work by obserbing their change in character, through absenteeism, non productivity or isolating from other workers","Abariki chigasi nabo bakonyara komanya ebiorokereri biobokong'u bwoborwaire bw'obongo ekero bare ase egasi ase okorora oboonchoreria bwebikoru biabo, buna okoriya emeremo, ogotaikerania emeremo buya gose kwerusanania korwa ase abokori emeremo bamwabo.",Health,
Discussion of Kenya's intelligence led counter terrorism operations informed by past attacks.,"Chinkwana chiobotuki bwa Kenya nekeombe keria kiobotuki gokinana nobokebago bwokoruta chipomu, nemeremo yakoretwe nigo yasiretwe nokomanya kwa ayakoregete nyuma.",Security,
"..farm produce, together with agibusiness sector, the market has a favour of oligopolistic dimension to attain their market needs..though there's pressure from large scale farmers, posing a challenge from reaching markets with their produce..","…oboremi nerigesa, naboigo goikerania echiro yoboremi bwabo bwoboonchoreria nigo bamigire nabaremi bake bemegondo emenene na yabeire akong'u goikera echiro yerigesa riabo…..",Agriculture,
Ministry of Education conducts VR-based teacher training workshops to familiarize educators with immersive teaching tools.,Eminisitiri yechisemi nkoba ere nemeroberio bwokoroberia na koira amasomosomo abeene ase abarimu goetera etekinorochia yebiorokererio goetera chitibi gati yomwana nowarimu.,Education,
"Good yields have been noticed with mixing maize and desmodium for introducing shades, the push-pull approach.",201. Rigesa rigiya ndianyorekanete koburania ebituma nekemeria gia deimidiam as engencho yogosegeta koburukania ebimeri biendagera amo nebimeri binde amo nemete gokoreta ekiriri as ebimeri.,Agriculture,
"The launch of the plan to defend digital services, to promote good encouragement through nowardays organizations to leverage foods from FOP, and policy change.","Ogochakigwa kwomoroberio bwokoegerera obokoreri bwegedichitali, gosegeta ogotiotereri okuya amo nebiombe bia bono erio koaranani chindagera, okobeka amang'ana a'FOP, na oboonchoreri bwamachiko",Health,
PSA encouraging use of organic fertilizers to improve soil health.,PSA nogo egosegeta enchera yogotumia obwoyo bwekweroseria goera eubi ao ao erio kogesa afia engiya ase riroba riao,Agriculture,
"Climate-smart agriculture practices include holistic integration, crop adaptation, livestock management, land/water management, and efficient energy use.","Kwegera omoroberio bwoboremi borengete ebimeri biria bikoremereria ogoonchoka kwerire na egurargura nigo orengete okobwaterana chinsemo chinyinge buna, gosimeka ebimeri biria bikoremereria rire, oboremi bwetugo obuya, oborendi obuya bwemegondo/amache, na ogotumeka okuya gwechinguru chiomorero.",Agriculture,
Ministry of Education launches a digital portal for school health and nutrition data collection and management.,Eminisitiri yechisemi yaansire emeroberio yegeintaneti arengete afia yechisukuru na gosangereria amang'ana na koyatumia buya igoro yoborageria obuya.,Education,
"All gatherings, sports,celebrtions and worship gatherings have been suspended. Religious meetings may continue with their worshing programs if they observe prevention measures. Schools will also remain open if they observe protocols but sports have been suspended.","Emesangererekano yonsi, chigosori, emeyega amo na emesangererekano yechikanisa yatenenigwe. Chikanisa nabo chikoba nesangererekano yamasabo onye rioka chikobeka esabuni yogosibia amaboko. Chisukuru nabo chigotigara koigorwa korende chigosori gati ye chisukuru chiatenenigwe.",Health,
KICD provides guidelines and resources for continued home learning during the extended school closures.,Ekeombe keria getenerete buna amasomo akorosigwa (KICD) nkorwa kere oborai na ogokonya igoro yokogendera gosomera inka chingaki chisukuru chisiegete.,Education,
USDA promotes regenerative agriculture for livestock.,USDA negendererete gosegeta oboremi bokorenda obotobu bweriroba as afia yetugo.,Agriculture,
Busia women rep urges the government to implement the county Revenue Bill.,omobunge omochore ase ekaunti ya Busia orure okoboria gochia ase eserekari yekaunti eyuo goikerania ebirenga biebango ase ekaunti eyuo.,Governance,
Announcement that the Kenya National Commission on Human rights to include mental health in its services as part of human rights,Okorari ng'a Ekeombe Ekenene Giokoegerera Mwanyabanto kemente obochenu bwobongo buna obomaene bwa mwanyabanto,Health,
An association in Kenya (AMS) 2023-2032 focuses on the use of digital technology in improving productivity in markets for small scale farmers.,Ekeombe gia Kenya ekio kerengete emeroberio yoboonia (AMS) 2023-2032 nkworokereria kere buna okoreng'ania obokoreri bwegedichitari na etekinorochia erio kwangoyia ogosoa echiro ase abaremi bemogondo emeke.,Agriculture,
"The Ministry of Health has launched a marathon on HIV AIDS in the month on 1 of December, aimed eliminating the disease by 2030","Ewizara ya obochenu yachakirie chimbero chia Marathoni chia oborwaire bwenyamoreo chirakoreke omotiènyi o'ikomi na kabere, etariki eyemo, erengete gosiria oborwaire egoka omwaka 2030",Health,
Ministry of Education partners with universities to sponsor national math olympiads for gifted students in secondary schools.,Eminisitiri yechisemi nkobwatana ere nechiyunifasiti nkorwa bare chibesa nebiganeirie ase abana bechisekenderi baria bare nebiegwa ase chisabu gokoamererania nabande korwa isiko.,Education,
Farmers and business people in Asia-Pacific have progressed their agriculture Through digital technology. IFSD and Grow Asia they recently released...,Abaremi na abanyabiasara boboremi as ense ya Asia-Pacific bagendereirie oboremi bwabo goetera enchera yegetekinorogi yegechidichitari. IFAD na Grow Asia bwango iga mbasogetie a ...,Agriculture,
National Counter Terrorism Centre organized a five day workshop to contextualize a national manual on gender mainstreaming in counter terrorism.,Ekeombe keria ekenene gekorwania obokebago bwokoruta chipomu (NCTC) nkiaroberetie ogasanga amo kwegera komanya egetabu gekworokia buna okobwaterana na banto bechingencho ao ao nobomanyi bwabo erakonye korwania obokebago bwokoruta chipomu.,Security,
KNEC begins pilot rollout of e-assessment systems in selected primary schools to improve evaluation methods.,Amatemwa esekenderi KNEC giansire korenga chisukuru nke chiachoretwe goikerania okorengwa gwechisukuru.,Education,
"World Accounty, through its company incharge of distribution of drugs and other medical gadgets, is distributing nets in various counties in Kenya with high malaria burden","Ekegancha gi'ense, goetera ase ekampuni y'okobaga amariogo amo na ebinto ao ao bi'oborwaria, nkobaga kere chineti ase chinsemo ao ao chi'Ense ya Kenya chiria chibwate Esosera kera engaki .",Health,
TSC launches comprehensive digital literacy training program for all teachers to improve ICT integration.,Ekeombe ekene kia abarimu (TSC) giansire omoroberion omoikeranu igoro yechisemi chiegedichitari goetera kwegeria abarimu bionsi bobwatania amasomo etekinorochia yamangana na koererania ICT.,Education,
Summary of UN counter terrorism strategies focusing on terrorism financing and international threat prevention.,Okorora okweng'e nemeroberio yobomo bwa Boraya (UN) bwogokinana nobokebago bwokoruta chipomu na gotanga baria bakoa ebibago chibesa gokora obokebago bwabo erio gotanga okogoswa korwa isiko.,Security,
"Kiosks of Mombasa Covid 19: Testing kiosks without toutching is implemented in 6 elective counties in which there is no physical contact with the doctor and the patient. These kiosks test safely and with security, very fast and in plenty. These kiosks are build in this areas have become game changer",Ebisa bia Mombasa Covid-19: Ebisa biogopimwa otari gokunwa nkoenanu bire ase amajimbo 6 y'obochori. Ebisa tibibwati gokunana konde gwonsi gati y'omonyagitari amo n'omorwaire. Ebisa ebi nigo bigoanchera ogopimwa kobwate oborendi naende kwa bwango na obonge. Ebisa ebi biroseiri ime y'ensemo eyio biarokirie obokoreri oboyia.,Health,
"Acceptance of climate smart agriculture (CSA). For example, when trying smart farming alongside weather understanding for a long period,inheritance land security is important.","Ogoitabeka kwoboremi bokogenda nerire (CSA). Buna ekiorokererio, buna ogotema oboremi obuya werire bogendererete cgokorwa neganeirie ogotugekwa ogotambe, na amachiko amaya igoro yobteneneri bwemegondo ase gokomboa emegondo...",Agriculture,
"The launch of digital coordination for farmers, schools and traders in leveraging feeding in school openly","Ogochakigwa kwa oboereri ase dichitol kobwatani abaremi, chisukuru na abaonchoreria kobeka teneni okoragera okuya ase chisukuru",Health,
"The prefernce of people dying from malaria has reduced more tha its preference before the outbreak of Covid 19, WHO has confirmed Wednesday, but has appealed to expedite the fight against disease, tha caused 97,000 people to lose their life last year.","Ogosiri obogima goetera ase oborwaire bw'Esosera gwakeire goikera ekerengo kiarenge nyuma ya Ogoateka gwa COVID-19, WHO yatebete rituko ria tichi gatato, korende gekagania amagenderero abwango korwania endwari eye, yagerete abanto 597,000 gosiria amagima abo,omwaka oera.",Health,
Youth Agenda mentors youth on governance and civic duty.,Baria bagokonya abasae ase ebirengererio biabo ase obogambi nebi babwenerete gokora.,Education,
The best method of harvesting and storage is vital in safeguarding sweet potatoes . Laern on best practices of selecting best potatoes and preserving them.,"Enchera engiya yokesa na kogach rigesa nobwenencho ase okorenda oboikeranu bwamarabwoni ao. Egera igoro yengencho engiya yogochora amarabwoni, koyabera ebirengo na buna okoyagacha.",Agriculture,
Ministry announces new school calendar for 2025.,Eminisitiri yararie omoroberio omoyia bwamasomo ase omwaa 2025.,Education,
NCTC conducted training for county officials on raising public awareness and preventing radicalization.,Ekeombe keria ekenene gekorwania obokebago bwokoruta chipomu (NCTC) ngiasometie abarai bechikaonti buna baramanyie abanto babo buna baranyare gotanga amasomo ogsaria abanto ebirengererio.,Security,
"KICD releases digital textbooks adapted for learners with special educational needs, including audio and braille format.","Ekeombe keria getenerete buna amasomo akorosigwa (KICD) nkorwa kere ebetabi biogosoma biegedichitari birengete abana baria abaremaru, amo namasomo ase ogokwana na biria bia abana batari korora.",Education,
"Creating awareness through the web and education on different foods, will be helpful for community health workers in assisting their people","Okomanyia igoro yechindagera ao ao chireo goetera omotandao amo namosomo, mbikonye abakoreri bobobwenia banka erio kobakonya ase ogotebereria aabande",Health,
"Kenya and the U.S. signed a partnership to strengthen border surveillance, intelligence sharing, and law-enforcement training.","Kenya amo neserikari ya America baigwanire kobwaterana erio gokong'ia obomongeri bwechinsinyo chiato, koererania obutuki, na amasomo buna amachiko agokora emeremo.",Security,
KICD explores ways to integrate indigenous knowledge and practices into the school curriculum.,Ekeombe keria getenerete buna amasomo akorosigwa (KICD) nkorigia kere chinchera chiokobwatania chisemi chiokoiborwa na gokorera amo gochia amasomo ari agasomigwa chisukuru.,Education,
KEBS with the Ministry of Health in joint have has announced that they are formulating a policy in which salt with iron in abid to prevent its imballance,KEBS na Ewizarà yà obochenu ase obwamo bararirie korosia amachiko ase omonyo obwate amadini echuma erio gotanga oboremeru bwaye,Health,
IEBC targets 80% youth voter turnout through campus outreach.,Ekeombe keria ekenene getenererete chikura (IEBC) nkerengete 80 ase emia goikera abasae buna abaaki chikura goetera omorobroberio bwokobaikera chiyunifasi chiabo.,Education,
Flood emergency: Schools in 10 counties to remain closed until further notice!,Emeroberio yemebasekano: Ogokurera gochia chisukuru 10 ime yechikaonti ng'a nchitigare chisiekire ase engaki etamanyekaini!,Education,
UoN study in Ruai Township demonstrates improved trust and citizen police collaboration after COP rollout,Amasomo akoretwe neyuniofasiti ya nairobi (UoN) aaria etaoni ya Ruai nkorwokia are buna okwegenana kwamentire gati yabanto nabasikari ase okobwaterana komoroberio bokobwaterana nogokorera nabarendi boborendi bwenyoro (COP),Security,
Interior CS announced reforms to strengthen security leadership.,Omominisita bwoborendi bwa ime nararetie oboonchoreria gokongia oborai bwoborendi.,Security,
"The launch sports in school fields, so as to promote rest, and to eliminate mosquitoes from biting children","Ugochakigwa ase ebitii biechigosori biechisukuru, erio gosegeta ogotimoka, na gokeani chiumbu chimbe ase abana",Health,
"Brief bulletin from Agriculture: vision on procedures of clean farming in Kenya (CSA) 2017-2027 ni:progressive agriculture that maneuvers weather patterns, and low carbon production that affects climate change, to ensure food security and supporting government plans nationally. The main context is to enable transformative agriculture, which adds to inhibitions and production of bad emissions. Main aim of thus is to build resiliency and reduce ga s emission from earth and livestock, reduce production costs and firtify food intake for better livelihoods.","Eminisitruri yoremi na okogendereria etugo Amangana Ameng'e: Ekerenga kiamotwegia gia'Kenya ase ensemo yoboremi aboikeranu na buna ayio araikerwe (CSA) 2017 – 2026 nigo: oboremi bokonyara korenereria ogoonchoreria kwerire, gokenia embeo eria egosaria rire na kogendera kwamia endagera ase okogenderera sbuna omoroberio okoenekia omoigoto bwendagera gokonya emeroberio yeserikari ya magenderero. Engencho yaye nokorora ng'a oboremi oboremi nerisa bigese ebitokiy, biangoyie ogwekomereria and gokeania embeo eria egosaria rire. Ekerenga ekene nkeria nkeria giokwoagacjha oboremereria na gokeyia embeo eria egosaria rire kor ase oboremi botabwenereti erio kwangoyia omoigoto nendagera eria ebwenerete ase ekoagacha omobere na gokinia ebitoki.",Agriculture,
NCIC trains local mediators for conflict resolution.,Ekepmbe giokoegerera abanto komenya amo buna abanto abamo (NCIC) ngosomia ere ababwatania bomorembe gose chinkwana chiokoreta omorembe.,Education,
"TSC promotes 16,000 teachers to senior grades.","Ekeombe ekene kia abarimu (TSC) giakinirie abarimu 16,000 tgochia ebiredi biaigoro.",Education,
"The Ministry of Health has issued warning through SMS to people concerned that, when food exeeds sugar, salt and fat levels is dangerous","Ewizara ya obochenu yarure ogokurerwa goetera SMS ase abànto, ekero endagera egetumana ebirengo bia esukari/ omonyo/ amaguta",Health,
The Kenya Institute of Curriculum Development revised TVET curricula to align with industry needs for the 2019/2020 academic year.,Ekeombe keria getenenerete korosia amasomo nebigosomigwa (Kenya Institute of Curriculum Development) gianhioreirie keboyia amasomo yomwaka bamasomo a TVET korengana nokogania nokogania gwechifakitori omwaka 2019/2020.,Education,
The government plans to roll out more digital learning devices to primary schools to enhance technology integration.,Eserikari nere nomoroberio bwogochaka amasomo yebinto biegedichitari ase oboagare ase chisukuru chioboroso gokinia obokoreri bwegedichitari.,Education,
Seek help from national helpline( 0700-AGRICULTURE) to get emergency help on matters agriculture.,Rigia obokonyi korwa abaremi ba igoro goetera enamba eye yobokonyi (0700-AGRICULTURE) as obokonyi bwa'bwango igoro yoboremi nobokonyi.,Agriculture,
USDA is fast tracking vaccination to control birds flu to prevent the same.,Ekeombe kia USDA bkwangoi kere okobeta chisindani chiogotanga endwari yechingoko gotanga oborwaire obwo .,Agriculture,
A good prevention policy is important on maize to avoid post harvest losses.,Omoroberio igoro buna ebwenerete kogesa na kopgacha rigesa riao erio gokeia ogsareka kwebituma biao.,Agriculture,
Ensure favourable prices amongst farmer cooperative societies is important. Learn on how best youvcan offer negotiable real prices for your cereals and discuss with your buyers.,Tema kobeka rigori rigiya as abanyabiombe abwo bakogora rigesa riao buna ring'ana riengencho. Egera komanya buna oraikere rigori riabeene rierigesa riechinyke chiao riabeene na buna ogoaka rigori nabagori bao.,Agriculture,
"Community advisory groups provide advise to their generations, support andhelping to unite women in their health endeavors when they are expectant and after delivery","Ebiombe biogokonya abasubati ase eamate igo bikoru chisemi ase ebigori, obokonyi bwoboremu naboigo gokonya kobeka amo abakungu na emeroberio yeafya chingaki bare barito nonya nekero baiboire",Health,
"... agricultural products, as well as commercialization of the agricultural sector. ... market is still characterized by oligopolistic market tendencies. Although ...","…oboremi nerigesa, naboigo goikerania echiro yoboremi bwabo bwoboonchoreria nigo bamigire nabaremi bake bemegondo emenene na yabeire akong'u goikera echiro yerigesa riabo…..",Agriculture,
The cbinet secretary of Education Moagoha has said that Universities will reman closed until january 2021 for failure to observe Covid 19 prevention protocoals,Omowaziri bwe'Chisemi Magoha otebire chi'yunibasiti tichirikoigorwa goika January 2021 ase eng'encho tibarabwatia amachiko a Covid-19,Health,
"Annouces government partnership with NGOs to launch nationwide school and community wellness programs promoting physical activity, oral hygiene, and preventive health education.","Koraria okobaterana gweserekari Ebiombe bitari bieserekari erio gochakia emeroberio yogosegeta ase chisukuru nechinka korenda omobere, obochenu bwomonu na obosemi bwobochenu ase oborendi",Health,
The Ministry to take concern over its community health workforce through capacity development on food as one way to promote health among all,Ewizara komorekera emeremo ya abakori emeremo yobochenu bwegenka ase okoenana amaegerio yechindagera buna ensemo yogosira obochenu ase bonsi,Health,
"4th floor, Farmer's bank, 162 Independence Avenue, Abuja Nigeria telephone +234 94605480; for more information aatf@aatf-africa.","Enyomba ya igoro ya kane yebengi yo'oboremi, 162 oboeto bwobosibore omochie ogati bwomochie bwa'Abuja Nigeria enamba yesimi: +234 9 4605480; aatf@aatf-africa.",Agriculture,
"The launch of development to catalyze change by including mental health education, examination, organizations and joint awareness among workers","Ogochakigwa kwamagenderero aranyare goonchororerigwa ase egosangani amasomo yobongo, oboringori, ebiombe na obosemi bwobomo ase abasomba",Health,
"KMTC expands to 80 campuses – apply for 30,000 slots before Jan 15!","Chikorechi chiobonyagitari KMTC chiagoirwe goika 80, saba ogwancherwa ase amabaga areo 30,000 nyuma yecghitariki 15 omotienyi omotang'ani!",Education,
"Markets that import products from diaspora has improved in Kenya since transformation started, bringing services closer. Even though, ability to import food stuff has increased..","Goikera echiro yokoreta ebinto korwa isiko fgocha echiro yaito aiga Kenya kwagendereire korwa omoroberio bwokorwta obokoreri ang'e ochagete, na goikerania okoreta ebinto korwa echiro ya isko gokina. Nonya nigo, okobua gwokoreta chindagera korwa isko kwabeire...",Agriculture,
"Covid 19 injection are ideal for adults, women and those breast feeding as adiviced by WHO. They can get vaccinated through the Doctors prescriptions.","Chisindani chia Covid 19 chionsi nechingiya ase okobetwa abanto abanene, abang'ina/abakungu bakogonkia kobwatekana namorokererio arure na WHO. Nabo chikoegwa abakungu bare morito, koreng'ana nogoetia k w'omonyagitari.",Health,
The government confirms continued distribution of free laptops to Grade 1 learners under the Digital Literacy Programme.,Eserikari yaenekirie omoroberio bokobaga chikombiuta chiakoboko chuia bosa ase abana bageredi 1 cinse yomoroberio bwechisemi chigedichitari.,Education,
Ministry of Education initiates campaigns promoting STEM careers targeting rural secondary school students.,"Eminisitiri yechisemi nkoba ere nemeroberio yogoseta abana gosomera obosayansi, etekinorochia, oboinchinia nechisabu STEM orengete abana bechisekenderi.",Education,
"Your mental health care is of great meaning just lijke bodily cure. Take time and investigate yourself. 1. How does your hear feel? 2. Question, do you get enough time to rest? 3. Question, do you eat well? 4. Question, have you taken exercise in the most recent? 5. Question, Are you in need to have a conversation with a counsellor? It is good to remember that, it is great to seek for assistance when you need it. Your good mental health is of great importance to you.","Oborwaria bw'obongo bwao nigo bore obw'engencho buna obobwenia bwa kemobere. Ira chinaki bwe'ringorie rero. 1. Naki bweigwete enkoro? 2. Inee, nkonyora ore ogotimoka goisaine? 3. Inee, nkoragera ore buya? 4. Inee, kwabeire kogokora a masoesi bwango iga? 5. Inee, noganetie gokwana n'omonto? Inyora ng'a, mbuya korigia obokonyi ekero oboganetie. Obongo bwao oboikeranu n'egento kiengencho!",Health,
Ministry of Education promotes partnerships between universities and industry for practical research and innovations.,Eminisitiri yechisemi nkogora ere okobwaterana gati yechiyunifasiti nechifakitori fase ogokora obokongori bwobongaini bwamasomo oboyia.,Education,
Climate smart agriculture is a way of providing transformative leadership on how farming is done and how food is distributed towards green and climate resilient practices.,Oboremi borengete ebimeri biria bikoremereria ogoonchoka kwerire na egurargura (CSA) nenchera egokonya korwa oborai aerio goonchoreria engencho oboremi bogokorwa nenchera yokoererania chindagera erio towards green and climate resilient practices.,Agriculture,
Kenyan farmers gain access to international coffee market partnerships.,Abaremi ba'Kenyan fbasoire ase omoroberio bwechiro yense yechikagwa na okobwaterana.,Agriculture,
"It is important to take care of your mental health because that is where part of your life is anchored, your relationship, your education and health body","Nere buya korenda obochenu bwobongo ekiagera nero ebogoretie ensemo yobogima, oboamate bwao, amasomo ao na obochenu bwomobere",Health,
This program serves maize production that is resilient to drought and pests among farmers in Africa.,Emeremo eye negendererte korwa obokoreri bwa embusuro yebituma eria yanka ekonyara koremereria rire na amarwaire ebichuni ase abaremi ba Afrika.,Agriculture,
The launch of fertilizer to add fertility on soil in 6 counties,Ogochakigwa kwa obwoyo bokomenta obotobu ase omogondo ime yechikaunti isano nemo,Health,
"Mothers who milk their milk for their children to feed on when they are away, it is good to ensure that the container is clean and be keptr safe in a fridge to avoin contamination","Abang'ina bari bagokamera abana amabere, nigo babwenerete koenekia ng'a ebinto biokoyabekerera mbisibirie buya, ase okogacha amabere ayio buya ase egekendi erio tarurana",Health,
TVETA upgrades the national online learning platform for TVET to include virtual labs and interactive assessments.,Aborai bwekeombe keria ekenene getenerete chikorechi chiobobundi nechisemi chiokwegendereria TVETA amasomo amayia goetera eintaneti ase abarimu ba TVET amo nechinyomba chiobosayansi nechikombiuta chiogopima neria yabana bagosanga ase okorigia amachibu amo.,Education,
"not only limits access to credit by women for start-up or expansion, but also limits access to other agricultural aspects including market and market contracts.","Tari rioka egekongia goikera amakobeso ase abaremi abangina gochaka oboremi bwabo na kobaogarei, korende boigo nigo egokeyia goikera ebirengerererio binde ase oboremi nechiro amo noboremi borengete abagori berigesa riao.",Agriculture,
The second paper focuses on leadership and policies which resonates well with climate change in small holder farmers.,Ensemo yakabere ase amang'ana aya ase risakara igoro yokobwatia komanya igoro yoborai amo namachiko areo gosegetaogoonchoreria gochia oboremi bokegenda nerire gati yabaremi begondo emeke.,Agriculture,
TVETA announces establishment of digital resource centers in TVET institutions to support e-learning.,Aborai bwekeombe keria ekenene getenerete chikorechi chiobobundi nechisemi chiokwegendereria TVETA kiararirie ogochaka gwa chisenta chiesisemi chiegedichitari ase chikorechi chionsi gosira amsomo eintaneti.,Education,
NCTC led a national dialogue addressing youth vulnerabilities exploited by extremist groups and promoting multi-stakeholder resilience.,Ekeombe keria ekenene gekorwania obokebago bwokoruta chipomu (NCTC) nkiaraete chinkwana chiense gokwanera buna obogongeru bwabasae bogotumeka nabibago biria bigosaria amongo abo na gosegeta okobwaterana korwa chinsemo ao ao.,Security,
Teachers Service Commission (TSC) develops new professional development modules for teachers under CBC.,Ekeombe keria ekenene kia abarimu (TSC) nkorosia kere amasomo amayia arengete gokinia chisemi ase abarimu bagosomia chisemi chiria chirengete okwenyara gwa kera omwana nechisemi chiokwegenderia (CBC) .,Education,
TVETA reported a 6.9 percent increase in TVET institutions to 2756 with 19 colleges elevated to national polytechnic status.,"Aborai bwekeombe keria ekenene getenerete chikorechi chiobobundi nechisemi chiokwegendereria TVETA rnkiamanyetie okogeseka kwabana gosoa chikorechi ase 6.9 ase emia goika 2,756 igoro yogokonigwa gwechikorechi 9 koba chi nene (national).",Education,
The government has warned media people to include treatment and mental health as part of healthy working environment,Eserekali yarure ogokurera ase abariki kobwaterani obokonyi na obochenu bw'obongo ase oborendi obuya ase emeremo,Health,
NGEC measures gender equality progress in devolved units.,Omoroberio omonene bwokobeka chinguru chierisase (NGEC) nkorenga kere okogenderera kwoborengang'ananu ase obokoreri bwa'nse.,Education,
#VIDEO: Hon. Elijah Okupa (Kasilo County) urges @mofpedU to bring loans for approval in time to allow timely implementation of government projects. #PlenaryUg,#Esinema: Omosike elijah okupa (bw'ekaunti ya kasilo) orure okoboria ase @mofpedU goikerania okoboria gwechibesa chia singo ase chingaki chibwenerete erio koenekia ogoikeranigwa kwamagenderero ase chingaki chibwenerete.,Governance,
KICD endorses various online learning platforms to supplement classroom instruction for students.,Ekeombe keria getenerete buna amasomo akorosigwa (KICD) yarure okoboko gochia emeroberio ao ao yogosomera goetera emeroberio yeintaneti gosira amsomo ekarasi chisukuru.,Education,
Kenya confirms 9 more coronavirus cases bringing the total number of confirmed cases to 59. Tracing of contacts of the 59 confirmed cases ongoing.,"Kenya koenekia abanto 9 komentekana ase okoambokerigwa oborwaire bwa COVID19 bonsi amo goika abanto 59. Emeroberio ya okobwatia baria basangire gose goikana ang'e na abwarwaire abwo 59, negendererete",Health,
"Reduce soil erosion: reduce on tillage and practice mulching using leftovers after harvesting, as way of reducing soil erosion 80%. CA also harvest adds manure to the soil..",Keania omogoko bweriroba riao: Keania korema riroba na egera gotuba rirob rario cover neubi eria egotigara korwa rigesa buna enchera eyemo yogokeania omogoko bweriroba riao goika 80%. CA boigo nigo ekogesa obotobu ase riroba riao ...,Agriculture,
Land management that focuses on climate change depends on cooperation between invetors and other sector stakeholders..,Chinchera chogokora oboremi as orwaro rwoboremi abuya borengete rire nigo borengete okobwaterana ase chingencho chionsi gati ya baria mokobwaterana na obokoreri as oboremi bwa mogondo.,Agriculture,
Court s continue to issues urgent certificates and raising their pleas on cases involing capital offenses.,Ebigambero biagendereire kobwata chisatibigeti chiobwango na korwa ebirero ase ebina ebinene,Health,
Town dwellers can cultivate plants. Learn on the lessons of using sacks to palnt vegetables and onions.,Abanto bamenyete emechie yechitaoni nabo baranyare korema endagera. Rigia komanya buna chisemi chiogotumia emebuko gosimeka ching'eni nebitunguo.,Agriculture,
"The Lands and Environment Court at Nyeri will remain closed as from 24 Agust to 7 september 2020 after 2 patients of Covid 19 were detected, to allow fumification and indoor protocols continues. Certificates are not processed this time. Cour will comense their sessions through zoom asa fronm September 21, when this sessions will start as will be guided by the Chief magistrates, strating from October.","Egetuo kia ELCR kia Nyeri giasiekirwe gochakera chitariki 24 Agosti goika 7 Septemba 2020 magega yogotoka abarwaire babere ba COVID-19, ogosiara eriogo na gwesiekerera kogendererete. Chisatibigeti tichirikorosigwa chingaki echi. Abigambero nkoigora bire ogotegerera ebina ase embeo 21 Septemba, ekero ogotegerera ebina ase ebigambero gokageire koirana, inse yoboteneneri bwomogambi omonene, Oktoba kegochaka.",Health,
"An injection to prevent Malaria, has continued for use in Kenya has been accepted and cionfirmed by the WHO in the fiorst trial. It sells at 300 per doss, and it has been cionfirmed as the second best doss that has been confirmed","Eriogo ria esindani y'ogotanga Esosera, riabeire rigotemwa ase Ense ya Kenya rianyarire goancherwa na goetigwa ase ekerengo egetang'ani na WHO. Nigo rikoonigwa sh.300, naende riabeire esindani ya kabere ase amariogo aria aetirigwe ase ekerengo ekio .",Health,
Promote fair trade practices in the access of market infrastructure and business opportunities through private sector driven regulatory framework that ensures ...,Gosegeta chingencho chingiya chiebiasara ase ogosoa echiro na koagacha chinyomba chiobogachi bwerigesa noboonchoreria goetera omoroberio na amachiko yabanyabiasara oio ogoikerania ...,Agriculture,
"DP Gachagua urges EACC to hire professionals as investigators, instead of police.","Omokonyi bwomorai bwense Rigathi Gachagua oboririe EACC korika abaoisa bene buna abatuki, rika riabanyanyimbo",Governance,
"Developing dairy farming cooperative improves our economy, enhance market entry and loans. Cooperative groups bring...","Okorosia kwebiombe bwobotugi bbwechiombe chia amaberenkwangoi obogoko bwa igoro, borwe enchera gosoa echiro na amakobeso. Ebiombe nigo bikorenta mono ...",Agriculture,
Ministry of Education partners with private sector to provide digital learning devices to more schools.,Eminisitiri yechisemi nkobwatana ere nechikambani korwa ebinto biria bigokonya amosomo goetera eintaneti gochia chisukuru chinyinge.,Education,
"Understand the risks of Antimicrobial Resistance (AMR) and practice the responsible use of antibiotics in apiculture (e.g., poultry).","Manaya hatari ereo ekero amariogo okoa etugo yao etari gokora emeremo ase okwebwenia etugo, na hatari ase abanto. (AMR) na egera enchera engiya yogotumia amariogo agotanga amarwaire ase obotugi (buna chingoko).",Agriculture,
Farmers have accepted to reach out..results shows reaching markets is one way in bee keeping.,abaremi gochaka goitaba ase engencho yogoikera ... Amairanerio nigo akworokia ng'a ogoikera echiro nenchera eyemo ase oboke …,Agriculture,
Meeting to strengthen institutions to bring together all counties of Kenya on foods under KNAP,Okoumerana gokoingia orosagia rwokobekà amo chikaonti chia Kenya ase chindagera inse ya KNAP,Health,
Kenya National Archives and Documentation Service digitizes educational records for easier access.,Kenya National Archives and Documentation Service yachakire omoroberio bwogoonchoreria amasomo ebitabi gochia egedichitari erio kwororobia goikera amasomo.,Education,
"Actively participate in campaigns for safe, inclusive, and just community services.","Bwaterana kegima ase ogosegeta oboronge, oborendi na gokorera abanto bonsi bekenyoro buya.",Security,
"Due to outbureak of Covid 19, I have issued nationakl guidelins to control it. Clean your hands wiyth sanitiser. Keep 1 meter distance from a coughing and sneezing person,A persomn coughing and sneezing should stay in inddors and not attend meetings","Natianirie richiko riobochenu bwense kobwatekana nogotangaswa kwegiateko. Esabe amaboko gotumia chisanitaisa. Tenena oboare bwemita eyemo koru ase omonto ogokorora na goasimora. Omonto ogokorora na goasimora nigo agwenerete kobera nyomba, aare nemesangererekano yabanto.",Health,
"Government to ectend curview, including various larget gatherings until may 29","Eserekali komenta amatuko y'ekafyu, na gotenenia emesangererekano ao ao goika May 29",Health,
"Research on tagging livestock , it's pros and cons , aimed at knowing and how it can influence farming and crops that control diseases from farms.",Okwegia kwobokongoria goetera ebimanyi goetra kobibeka ase emebere yechitugo komanya obuya bwaye gose obobe ase mwanyabanto borengete komanya oboikeranu bwa ogosegeta ebimeri biria bigoseria obwarwaire korwa ebimeri mogondo,Agriculture,
Ministry of Education partners with Data Science Institutes to train university lecturers on data analytics applications.,Eminisitiri yechisemi nkorobwaterana ere nabaria babwate obomanyi ase obosayansi korwa amchibu gokonya mochando onde bwensi nobotenereri obuya ase abarimu beyunifasiti akomongera buya chinchera chibotenereri.,Education,
Livestock department has announced vaccination campaign in Laikipia and Kajiado.,Ensemo yobobwenia bwetugo yararirie okobeta etugo chisindani aaria Laikipia na Kajiado.,Agriculture,
"In brief: Learn how climate smart agriculture (CSA)has had impact in farming . Learn on means, benefit and challenges which is likely to be faced in Kenya. Learn on progressive farming using CSA for the sakevof farmers and resilient to changes in Kenya. Kenya is a country blessed with great potential in kenya, where agriculture has high responsibiliy in the economy anf earnings for millions. However,agriculture has it's fair share die to climate change, and flooding which are unpredictable, and soil erosion. Agriculture that emphasizes climate in Kenya offers an innovative solution not only to support farmers to get accustomed to climate change, also to ensure long term progression.","Ase obweng'e: Rigia komanya buna oboremi obuya (CSA) buna bogendererte goonchoreria emegondo yoboremi Kenya 's. Egera igoro yechinchera, obuya, naboigo emechando erengete gochooreria gochia oboremi obuya CSA okwegera ugoro yoboremi bwekwegendereria sna obwegwokong'ereria aiga Kenya. Kenya nense esesenirie nobotenenku bowboremi, ase abaremi babogoretie ensemo enene yoboko bwense yaito na ebitoki ase chimirioni chinyinge. Nonya nigo, oboremi obo nigo bore nomochando omonene ase engencho yogoonchoreria kwerire, na ogocha kwomobaso gose etoigo etamanyekaneti, na ogsareka kweriroba. (Oboremi Kenya mbore namairanerio tari rioka ase ogokonya abaremi korende boigo gokonya aberemi goonchoreria gochia oboremi bokogenda nerire ase rigesa riabotambe.",Agriculture,
Announcement of STEPS survey findings showing increased intake of fresh produce and physical activity among adults.,Okoraria rigesa rioboringori nekeombe gia STEPS koorokia obonge bw'okoragera okoyia na emeremo yomobere ase abanto abanene,Health,
Ministry of ICT launches training programs on digital safety and privacy targeted at secondary school students.,"Eminisitiri Yamangan, Gokwanerana na Egetekinorochia (ICT yaansire omoroberio okwegeria ligoro yokwerenda gedichitari na kogacha buya gose gotaikerwa nonde moao ase abana bechisukuru chisekenderi.",Education,
National Research Fund hosts annual symposium on latest research trends and outcomes in digital education.,Chibesa chiomoroberio omonene bwa'masomo okorigia obomnyi oboyia nkorigania ere ogocha amo gwokomanyekania obokongori bwamasomo oboyia nayarorekanire goetera chisemi chiegegedichitari ase chisemi.,Education,
EACC marked national celebrations highlighting corruption's impact on dignity and services.,Ekeombe giokorwania obojkengeka (EACC) ekero kiegeikaranso kierituko rinene okorurerwa igoro yobokengeka kiarengete gosegeta obwegenwa ase obokoreri.,Security,
Opinions and latest news. Thoughtful detail. Digital agriculture: Great in helping small scale farmers to overcome challenges of COVID 19. As we approach..,Amangana amayia na amaikeranu. Ebirengererio bia'ime. Oboremi bwegechiditchiari: Ekenene ase ogokonya abaremi bemegondo emeke erio kobua omochando bweendwari ya COVID-19. Gatore ang'e goikera ...,Agriculture,
"An analysis assessed police tactics used during mass demonstrations, focusing on proportionality, arrests, and rights-based policing.","Amasomo abeene igoro yabasikari nkworokia kore buna abasikari bakoererania ekerogo korobererekana, bagotumia chinguru koreng'ana nobonge bwabanto, nagoetera enchera yekemwanyabanto.",Security,
"Appreciate how mixed farming has helped farmers to reap big from small holding, increase yields and satisfaction.","Rora buna okoburukania ebimeri mogondo biakonyire abaremi bemegondo emeke ase ebinyoro, gokinia ebitoki na omoigoto.",Agriculture,
"Mark in your calender events & meetings by county government, large stakeholders meeting in fish farming. Yo come togeter and learn.",Beka ekeriorokererio ase ekarenda yao igoro yomiosangerekano bwokota obokoreri ang'e. oyio orarete baria bonsi amo baria bakobwaterna ase ensemo yoboremi buna bareranie na gosoma.,Agriculture,
A meeting to explore ways and plans on foods before 2025,Okoraria gwokoumerana korigia chinchera chiomoroberio bwechindagera nyuma ya 2025,Health,
Fthers are requested to learn on how to wash their babies and to cloth them and soft praising them as one way to confirm an organized family,"Ise abana baboriigwe bamanye kobasibia abana babo, kobaochoreria chianga nakobagombia abana babo abake buna enchera eyemo yokoenekia eamate engiya",Health,
KUCCPS recalls 2023 KCSE placement letters due to fee structure changes.,Ekeombe keria ekenene getenerete korangeria abana gochia eyunifasiti KUCCPS giasabire amarube yogosoa chikorehi ase abana bakorete esekenderi KCSE omwaka 2023 ase engencho yamasomo abosa.,Education,
Mock elections in all schools next Friday – prepare your manifesto now!,"Ogochora kwa bari bake gotenenera amasomo ewiki egocha rituko ria etichi gatano, eariganie ninki ogochia komanyia abanto una ekerenga kiao, eki otenenerete namachiko obogambi bwao!",Education,
"The Minstry of Health has appealed to all Kenyans to adhere to the opreventive measures to avoid MPOX infections, due to inceasing number of new infections, and put children at high infection rates","Ewizara yobobwenia yabasabire abakenya kobwaterera mono ebitambokero bia ogotanga okoambokera Kwa Mpox, kobwatia okomentekana Kwa abanto barwarete,na abana koba ase obokong'u mono bw'okwambokerigwa.",Health,
"[4Ts Initiative] Track, Trace, Talk, and reTurn programme launched for school re-entry of vulnerable children, especially girls affected by pregnancy","Omoroberio omuya nebitamboero biabekirwe gokonya komanya, gosirana, kobwatania abana baria batari kwenyara, mono kegima abangina gose abanyaroka baria bare morito, gose abaibori abake koirana esukuru.",Education,
"Information archiving in a technology is important for farmers to reach other farmers, potentcal buyers, and influential sellers and buyers of their products., good living...","Obogachi amangana ase enchera yegetekinorochia boigo nkorwa bore obokoreri ase chinchera ao ao echio chiranyare gokonya abaremi goikera abamwabo, abagori bechinguru na abaonia berigesa riabo, okomenya buya ...",Agriculture,
Kenya continues to record increasing malaria as a result of change of environment. World Malaria Day was was celebrated recently is used to comemorate ?????,Kenya kegendererete korika okomentakana gw'esosera ekorentwa n'obwonchoreria bw'embeo. Rituko Riesosera Ense Engima erio riaetete bwango iga nigo rigotumeka buna okoinyora obuya bw'okogania goonchora emeroberio ya afya yabanto bonsi egere enyare korwani amakong'u aya agendererete.,Health,
Children's behavior is a sign of communication to help its mother understand its problem,"Gotumia ebiorokererio bi'amaboko nigo egokonya abana abake komanya eki baganeti bwango, erio gokei obokongu ase omoreri n'omwana .",Health,
"Scientist have confirmed that the mosquito that transmits malaria in East and Northern Africa, has become immune to medication that the fight to eliminate mosquitoes has been given priority in this regions.","Abanasayansi banyorire ng'a eumbu ekoambokeria Esosera Africa ya mocha na irianyi, yatwarire okonara na korwania eriogo ria ogoita chiumbu erio riatumekire ase engaki entambe ase chinsemo echio.",Health,
SA sensitizes on disease control on livestock as well as health tips.,PSA: nkwegeria bareigoro yogotanga amarwaire yetugo nechingencho chiobochenu chirure.,Agriculture,
"Climate-smart agriculture (CSA) is an approach that helps guide actions to transform agrifood systems towards more productive, sustainable and resilient ...","Oboremi borengete ebimeri biria bokoremereria ogoonchoka kwerire na egurargura (CSA) nenchera erengete gokonya ogoonchoreria gwechiro yendagera terio bobe nechiguru ase okonyora ebitoki, okogenderera na ogwetenenera...",Agriculture,
"Circumscision is a painful step which leaves behind permanent thoughts, and can cause menta health",Okoarokigwa negetambokero kiobororo kegotiga magega ebirengereri bitakoera na eranyarekane korenta oborwaire bwobongo,Health,
Videos highlight chapters of the constitution,Esinema ekworokia chinsemo chiegetabu kiamachiko,Education,
Roll-out of school-based playgrounds to promote active breaks and reduce sedentary behavior in children.,"Ugochakigwa ase ebiti chigosori esukuru, erio gosegeta ogotimoka na gokeani chiumbu chimbe ase abana",Health,
Ministry of Education unveils mobile application with interactive science experiments and tutorials for secondary learners.,"Eminisitiri yechisemi yaansire omroberio bwogokonya abana begesayansi gosoma goetera chikombiuta nechismi erio tari gosoma rioka korende nakorora, gotema na korwa ekerengo eke gochia ekende ase abana bechisekenderi.",Education,
US promotes bovine viral diarrhea vaccination for cattle.,Amerika negenderete kobeta chisindani chiogotanga endwari yogosaa ase etugo.,Agriculture,
Announcement to all: farmers being enlisted in government offered digital training on agricultural aspects.,Ogokurerwa ase bonsi: Omoroberio bweserikari goikerania chisemi chioboremi goetera egechidichitari.,Agriculture,
Healthy mental life contributes to success in your daily work. Priritizing mental health contributes to fruiful work you do and increase yiour incomes,"Obongo bobwate afya engiya nigo bokorenta obobui as'emeremo ogokora. Gotang'ania afya y'obongo nigo gokomenta omokia as obogima, gwakeania ebirengererio, na komenta ebitoki/amagenderero.",Health,
"Farming that affects climate change in plantation fields of fruits require water sourced from electric energy in seeds production, together with carrying..","Oboremi boria bokoremereria ogosareka kwerire ase ase oboremi bwemegondo emenene yamatunda neganetie gotumia amache nechinguru buya chiomorero buya ase okoenana embego, amo nobobogoria amo...",Agriculture,
"Foods like beans,green vegetables, and liver increases blood and body development for children","Chindagera buna chingende, chinyeni machani nenyama yerini ngotanga chire ogokeana kwa amanyingà na gokongia ogokina kwa abana",Health,
Stories highlight gender-inclusive civic action,Emegano nkworokia ere igoro yamasomo yobogesaku neki obwenerete gokora ase bonsi.,Education,
Announcement on the promise by SNV to ciontinue helping educate people on changing eating habits in Kenya when they the bif meeting takes place in Nairobi,Okorari gwechiira korwa SNV kogenderera gokonya oboonchoreria ase chindagera Kenya chingaki chia okoumerana okonene Nairobi,Health,
Search where avocado is largely grown and mostly sold. This reduces transport cost and market availability among women farmers.,Rigia komanya ase chiafukado chiria chachoririrwe na goatananwa as chigotoka na kogorwa ase ebirengo ebi'nene. Eye nekonnabiogo kwororobia engencho ya oogosoa echiro ase abaremi abangina.,Agriculture,
Government has the capacity of helping small industry to produce competitively to reach diaspora markets. This is possible to imvest...,Eserikari nebaise korigia gosra chifakitori chiria chigochka chinyare korosia ebinto biria bikonyara koamerarania ase echiro na goikera koonia ebinto biaye gochia chinse chia isiko. Aya nabo arengete koboka chinguru ase...,Agriculture,
Parents are required to register their new borns after birth with births and death office. The certificate of birth complements the law and enables the government to plan for service delivery.,Abaibori mbagwenerete korikia omwana obo kegima ekero aiboirwe ase obisi ya yokoiborwa na ogokwa. Esatibigeti yokoibora nigo ekorenda richiko riokomanyekana kw'omwana na konyora obokoreri.,Health,
Kenyan farmers have the opportunity of collaboration with coffee market worldwide.,Abaremi ba'Kenyan fbasoire ase omoroberio bwechiro yense yechikagwa na okobwaterana.,Agriculture,
"More so, digital technology can influence agribusiness among youths, reducing barriers..","Mono nayio, dichitari yegetekinorichi nabo erarenganigwe eriokwangoyia omonguso ase oboremi nerigesa nebiasara bioboremiase abasae, gokei ebigocha ...",Agriculture,
NCTC highlighted socio-economic vulnerabilities—poverty and marginalization—as drivers of youth susceptibility to extremist recruitment.,Ekeombe keria ekenene gekorwania obokebago bwokoruta chipomu (NCTC) nkiarogetie buna obogengeru bwobogoko nabanto - obotaka nogochaya buna ebinto bigoseta abase gosoa kwenyora abasqangi ase ogosoa ase ebiombe biria bigosaria amongo abo goitaba obokebago.,Security,
"The Ministry of Health has confirmed more 2 people infected of MPOX, totalling to 33 patients since its outbreak","Ewizara yobobwenia yaenekirie abanto bande babere gotwara MPOX , yamentire esabu yonsi koba 33 korwa ogoateka.",Health,
KICD announces plans to accelerate the development of digital learning content for primary school learners.,Ekeombe keria getenerete buna amasomo akorosigwa (KICD) yararirie omoroberio bwogosegeta okorosia ayabwenerete gosomigwa yegedichitari ase abana bechisukuru chioboroso.,Education,
KICD develops new e-learning content specifically designed for secondary school learners.,Ekeombe keria getenerete buna amasomo akorosigwa (KICD) nkorosia bare ebitabu biogoma goetera eintaneti birengete abana besekederi.,Education,
"To get insight what technology in agriculture about China provides in Africa, AATF did research to discover what technology is found...","Eri konyora okomanya kwa ime mono eki tekinorochi eki yaabaremi abachaina bakora na eki babwate korwa gocha Africa, AATF bagakora obokongoria bwogoatanana chitekinorochia chireo ...",Agriculture,
GBV survivors get free counseling + legal aid – call 0800721524 now!,"Bario bagochigigwa (GBV) konyora ogokonywa kwa bosa ase ebirengereri na kemachiko, aka esimi 0800721524 bono!",Education,
"After six months, introduce light foods to the child while you continue with breast feeding. Ensure that the food is kept safely and in a clean container, good quantity according to the age of the child","Ase emetienyi etano nomo, chakia chindagera chinyororo kogendererete kogonkia. Enekia ng'a endagera eyio mbuya agachire, aase agaya na erengete emiaka boronge",Health,
TVETA provides ICT skills training for administrative staff to improve e-governance in TVET institutions.,Aborai bwekeombe keria ekenene getenerete chikorechi chiobobundi nechisemi chiokwegendereria TVETA nkorwa kere ochusi buna okwegeririgwa kwa amangan na gotebererania ICT gokerani obokoreri ase abatenereri nabakori emeremo gokinia obogambi obuya ase chikorechi chia TVET.,Education,
National workshop on climate-smart agriculture techniques announced.,Omoroberio bwokworokereria bwense yaito igoro yengencho yoboremi obuya bwetekinorochia bwatangasirwe.,Agriculture,
TSC December salary + 15% bonus paid early – check your bank tonight!,"Ekeombe ekene kia abarimu (TSC) Omosara bwomotienyi 12, 15 ase emia - chibesa chia igoro ngoakanwa chire gotanyorwa, rigereria ekagancha kiao kiebengi!",Education,
Teachers Service Commission launches digital skills bootcamp targeted at in-service teachers with limited ICT knowledge.,Ekeombe keria ekenene kia abarimu yaansire omoroberio obeene bwokwegeria abarimu gosomia amasomo egedichitari gose ochusiyegetekinorochia orengete abarimu baria bare emeremo korende bare nobomanyi oboke ase okoererania amangana (ICT).,Education,
"Teamwork among genders can change the face of farming by passing on technology like in Northern Nigeria...( Nairobi, Kenya, May 2024). Detailed reserach was done in Northern Nigeria by...","Ogotarengangana gati yomonto omosacha nomonto omokungu nabio bigosegeta ogoochoreria ase oboremi. Oboremi bwetekinorochia ari Irianyi ya Nigeria ... (Nairobi, Kenya, May 2024)- Obokongoria bwaigo bwakoretwe aaria Irianyi ya Nigeria by ...",Agriculture,
Exhibit intelligence about agricultural technology in Africa.,Obomanti bwa'beene ase oboremi aswe tekinorochia aiga Afrika,Agriculture,
Kisii Women Rep Donya Aburi urges county government to ensure hospitals are equipped with enough drugs,Omobunge omochore ase ekaunti ase ekerogo kiabang'ina Dorice Donya Aburi ya kisii orure okoboria gochia ase eserekari yekaunti koenekia amariogo aisaine nare ase chinyagetari.,Governance,
Ministry of Education initiates mass distribution of e-books to complement paper-based textbooks for secondary learners.,Eminisitiri yechisemi nkoba ere nemeroberio yokobaga ebitabi biegeintaneti erio gosira amasomo yebitabu biogomoma ase abana bechisekenderi.,Education,
KYPA partners with IEBC for youth parliamentarian voter registration in schools.,Ekeombe kiabasae babunge (KYPA) kiabwatanire nekeombe keria ekenen getenenerete obchori IEBC korika abasae ase chisukuru nechokorechi buna abaaki chikura.,Education,
KICD introduces curricula content supporting teaching in local indigenous languages in primary and secondary schools.,Ekeombe keria getenerete buna amasomo akorosigwa (KICD) introduces curricula content supporting teaching in local indigenous languages in primary and secondary schools.,Education,
UNDP Kenya and NCTC lead PREVENT to strengthen community resilience.,Obomo bwechinse chikwagembera ase enchera yamagenderero (UNDP) aiga Kenya na ekeombe keria kegokinana nobokebago bwokoruta chipomu (NCTC) nabwio bakoraa omoroberio o'PREVENT erio gokong'ia okwenyara kwebinyoro gokinnan nobokebago.,Security,
"Innovativeness, investment and teamwork is important in technology and does great in farming . Available technology among small scale farmers...","Iobomanyi oboyia, chinguru ase oboremi na kobwarerana nebiengencho ase tekinorochia ewyio egokora emeremo emenene ase oboremi. • Goikera echiro yegetekinorochia ase abaremi bemegondo emeke ne...",Agriculture,
KICD develops new engaging digital content tailored for early childhood education (ECDE).,Ekeombe keria getenerete buna amasomo akorosigwa (KICD) nkorosia bare ebiyia bibwate omoroberio bwegedichitari orengete chisemi chiabana bechinasari (ECDE).,Education,
Online scholarship portal launched for university students.,Omoroberio bweintaneti bwogosaba chibesa chiogogokonya gosoma oigoirwe ase abana bechiyunifasiti.,Education,
There is good progress observed in Kenya among 12 countries of Africa in the fight against malaria targeted tio receive 18 million malaria vaccine dosses for the next 2 year,Amagenderero amaya nareo ase esegi y'okorwania Esosera kobwatia Kenya kobarwa amo na Chinse chinde 12 chia Afrika echio chirengire koegwa chidosi 18million chia esindani entang'ani ya eriogo ri'ogotanga Esosera ase emiaka ebere ekobwatia.,Health,
Makebgood public relationships with hoteliers where you can sell vegetables or milk regularly. Understand the quality and quantities they require and supply method.,"Rosia oboamate amo nabogori buma chioteri abwo ase oraire chingeni chiao gose amabere botambe. Manya buya nkerengo ki kiobuya bwechingeni gose amabere baganeti, nkerengo ki baganetie, na omoroberio bwokobaikeria ebinto ebio.",Agriculture,
TSC offers training programs for teachers on effective digital pedagogies for modern classrooms.,Ekeombe ekene kia abarimu (TSC) nkorwa kere omoroberio bwogosomia abarimi igoro yogosomia ase enchera yegedichitri ase abana bebirasi bia bono.,Education,
On September 1 2025 KUCCPS will open its portal for the September 2025 university and TVET intake targeting 2024 KCSE candidates.,Omotienyi 9 omwaka 2025 ekeombe keria getenerete gochora abana bagosoa eyunifasiti (KUCCPS) neigore eintaneti yaye ase abana beyunifasiti na chikorechi chiobobundi nechisemi chiokwegendereria (TVET) ase abana baria bakorete esekenderi KCSE omwaka 2024.,Education,
The Ministry of Education partnered with Cisco to train 3000 TVET students in digital skills across Kenya.,Eminisitiri yechisemi yabwatanire na ekeombe giense kiamangana aintaneti (Cisco) kwegeria abana 3000 ba TVET ochusi yegedichitari Kenya engima.,Education,
Differentiate how yourmilk appears in the market by branding with permanent seal. Learn about branding and sales techniques.,Atanana buna amabere ao akororekana ase echiro ase okobeka ekemanyererio kiabeene. Egera buna orabeke ekemanyererio ase amagena echingoko chiao na ayarengete oboonia oboikeranu.,Agriculture,
Ministry of Energy collaborates with Ministry of Education to install renewable energy labs in secondary schools.,Eminisitiri yechinguru chiomorero amo neminisitiri yechisemi chiabwateranire kobeka chinyomba chiobosansi chisekenderi chibwate chisola.,Education,
"USDA influences farming which aims at protecting soil manure, livestock enriching land manure.",USDA ngosegeta ere oboremi borengete korenda obotu bweriroba ase etugo kogesa riroba obotobu.,Agriculture,
Information about food markets and good eating habits in Kenya. Embrace team work amongst both genders about quality feeding and whats happening..,"Ansa gose kong'ia obotugi bwao bwechinchoke.Egera komanya buna okorenda emetana, amasingira amaya yechinchoke, honey harvesting, kogesa oboke, na buna okoonia rigesa riechinchoke.",Agriculture,
"The MoH has announced that 3.5 million children, until now have received their measles vaccination through the ongoing campaign on measles-Rubella (MR) and Typhoid Conjugate Vaccine (TCV)","Ewizara yoborwaria MOH yararirie ing'a abana chimilioni 3.5, goika bonoiga banyorire chichanjo chiabo ase ekampeni egendererete ya Measles-Rubella (MR) na Typhoid Conjugate Chanjo (TCV)",Health,
"TSC releases new salary scale – interns to earn Ksh 50,000 from January.","Ekeombe ekene kia abarimu (TSC) kiaorokirie omoroberio bwemesara yabarimi bechikorechi 50,000 gochakera omotienyi omotang'ani.",Education,
Ichungwah urges Kiambu residents to back government for continued development gains,Inchumgwah koboria avamenyi ba kiambu kobwatesia eserekari erio koenekia okonyora kwamagenderero,Governance,
Announced how youth-run school shops offer fortified porridge and snacks in partnership with health officials.,Yararetwe buna chisukuru chikoragwa na abasae bàkorosia chirongori chikongorie na ebitakunero amo na abaobisa bobochenu,Health,
A pilot supplying instrumements and educating women to plant protenious foods within their compounds through backet farming system,Omorundi chindege okorwa ebikoreri biechintetere am na koegeria ebiombe bia abakungu gosimeka chindagera chibwate amadini ase babegete obomenyo.,Health,
The Ministry of Energy intends to increase the number of number of malaria vaccine children aged 6 months to 14 years,Ewizara ya Afya yarigirie komenta enamba ya abana bagotumia esindani y'Esosera/malaria ime ya abana bare emetienyi 6 goika emiaka 14.,Health,
Mobile clinicks are important in bringing medical services closer to communities and care for expectant mothers,Chinyagitari chiogotara nkorenta chire obokoreri bwengencho omwana ataràiborwa na nyuma àiboirwe ange ase ebinyoro,Health,
"Climate-smart agriculture interventions are site-specific, and all countries already have in place many policies and programmes that address the challenges of ...","Ebitambokero na emeroberio yoboremi borengete ebimeri biria bikoremereria ogoonchoka kwerire na egurargura ebibwenerete chingongo gete, na ase ayio chinse chinyinge nchire nomoroberio bwa'achiko nengencho korwania omochando o.....",Agriculture,
Ministry of ICT rolls out certification exams to validate digital literacy competencies among youth nationwide.,"Eminisitiri Yamangan, Gokwanerana na Egetekinorochia (ICT yaansire omoroberio obeene bwokorenga chisemi na korwa chisatifketi ase abasae Kenya engima.",Education,
KNCHR hosts county dialogues on justice and equity.,Ekeombe keria ekenene kerendete oboronge bwakemwanyabanto KNCHR nkoba kere nebikaranso ase chikaonti kworokereria igoro yokobokoreri bwekeene noboreng'ananu.,Education,
"More so, technology that boosts farm products, like the ones that weather resilient and livestock breeds that are hardy, increase resilience..","Mono kobua, chitekinorochia chiria chikogesa regesa buna chiria chiogochora chimbusuro ao ao chikoremereria rire amo nembego yetugo eria ekeremereria rire-yangoi ...",Agriculture,
Government department is encouraging finger millet farming and millet to be included in farming in response to climate change,Orosagia rwa eserekali ngosegeta ere oboremi bwa obori na amaemba komentwa ase chindagera chia amatemwa korwana na ogoonchoka kwa erire,Health,
Focus on daily acts of integrity,Renga ebirengererio biao ase ebikoro biesiko kera rituko,Education,
"How technology is utilized. Maize farming be done according to market to demands and other crops, not i a coercive manner.","Buna tekinorochia egotumeka), (Welter et al. 2005). Engencho yoboremi eyio erengete ng'a oboremi bwebituma bokorwe ase engencho yokorema endagera eyio yebituma amo nebimeri binde mbigaineirie echiro na tari ase ogosumwa korema endagera eyio yebituma ...",Agriculture,
"Climate smart agriculture as ratified by FAO target three goals 1. Increase yields and income sustainably, 2. Incomes through current farming",Oboremi borengete ebimeri biria bikoremereria ogoonchoka kwerire na egurargura (CSA) buna ekeombe ekene kiendagera giense (FAO) nigo kerengete chisoro isato 1) oboremi bwokwegendereria obwo bokogesa rigesa na 2) ebitoki goetera goetera ogoonchoka gochia oboremi bwabono...,Agriculture,
Our education system has prioritised examinations and assessment scores over comprehensive learning of diverse disciplines. The devaluing of so-called blue collar jobs in Kenya has become a mentality ...,Emeroberio yaito yechisemi yabekire motwe chisemi nenchera amatemwa ararengwe goetera ebirengo ao ao ase amasomo ao ao arengete okwenyara gwa kera omwana nechisemi chiokwegendereria. Engencho etari endonge koira nga emeremo yobobundi gose ochusi teri ngiya nwbirengererio bitisaini ...,Education,
"Up on that, reaching good markets is likely to increase revenue on farm products and profit to farmers on a variety nutritious products. Such topics bring..","Igoro yayio, goikera chichiro chingiya nebaise gokinia ebitoki bwoboremi erio koba nokobua gwokora chindagera ao ao baganetie koria. Enkwana eye nigo ekoreta ...",Agriculture,
Being mentally informed helps to build you mental capacity. Share good talks with your friends and the people of your household in a bid to build harmony and to reduce scolding.,Koba n'obomanyi bw'amangana yobobwenia bw'obongo nkonyare kogokonya gokina ebirengererio. Sanga chinkwana chingiya na abasani na abanto benyomba yao erio okinie okoigwanana na gokeania esekererio.,Health,
"Announcement to all people is something acceptable to promote casava farming, beans vegetables in preventing food shortages","Okoraria ase abanto bonsi nemeroberio yancheire koa okoboko emiogo, chinyeni chiegesare ase okogendereria na okoremereria kwendagera",Health,
Camopaign cionducted by GAIN Mombasa encouraged availability of horticultural products at affordable prices next to the market,Ekampeni ekoraagwa na GAIN Mombasa ngosegeta ogotoka kwa matunda na chinyeni chie rigori rike mbarabare yechiro,Health,
"Academic forums examined youth trauma, state violence, and pathways to justice arising from protest repression.","Okoumerana kwabasomi korigia ekerengo abasae baumiete kebirengererio nobongo, buna obogambi bogotumua chinguru koumisa abanainchi, amo nenchira chireo korigia obokonyi bwekemachiko ase okomiga abakorobererekana.",Security,
"Deworming infants in every 6 months promotes body development, intellectual growth and academic capacity","Goita ebianda asè ebingwerere kera emetienyi etano nomo ngosegeta kore ogokina, ebirengo biechinguru na gokora buya amasomo",Health,
The Ministry of Health has announced that polio vaccination is safe after two children dying from polio,Ewizara yobochenu yaenekiri ng'a echancho ya polio mbuya ere nyuma yoboringori ase ogosira kwa abana bwango iga,Health,
Teachers Service Commission launches a digital mentorship platform for teacher-to-teacher support and collaboration.,Ekeombe keria ekenene kia abarimu giaansire emeroberio yokwegeria igoro yobosemia bwegedichitari as abarimu-nomwarimu gosire okobwaterana.,Education,
The idealogy of starting climate smart agriculture (CSA) pioneered by FAO together with International Alliance on Clinate Smart Agriculture (IACSS)whose duty...,Ebirengererio biogochaka oboremi bokogenda nerire (CSA) nochagetwe na FAO amo nekeombe gie'nse gia International Alliance on Climate-Smart Agriculture (IACSA) ekio emeremo yaye yabete...,Agriculture,
Agriculture (UNDFF). Groups can register in FO...(3) to attain farming on digital and technology among small scale farmers and large scale factories .,Oboremi (UNDFF). Ebiombe nabo birerike ime FO ... (3) goikerania oboremi bwegechiditchitari na tekinolochia gotoka ase ase abaremi bebirengo ebike na abaremi bebirengo ebinene nechfactori chinene chioboremi boka.,Agriculture,
"Discover the benefit farmer cooperative societies. Learn to harness the importance of joint discussions, reduce production costs and getting agricultural services .","Rigia komanya obuya bwokorosia ebiombe bioboremi. Egera buna okobwaterana koraegerere amagori amagori yoboremi baino ase echiro, bokeanie rigori riogokora rioboremi, na goikera ogokonya se oboremi bwao.",Agriculture,
"There is community spread in three key areas: Eastleigh, Kawangware, and Old Town Mombasa. We need to take serious action in those areas","Egesaku nkere gesarete chinsemo isato chieng'encho: Eastleigh, Kawangware na Old Town Mombasa. Ntoganeirie koira egetambokero ekeroro ase chinsemo echio.",Health,
"Straight row planting allows the use of hand-operated, push-pull weeders. ... New technology x technology or technology x environmental interactions may be ...","Gosimeka ase omorobiro orambogete buya ase ogotumia gogotumia amaboko erio kwororobia okoburugera ebimeri... Tekinorochia enyia x tekinorochia gose tekinorochia x engencho amakonde, na bionsi bikoererania nebaise....",Agriculture,
"Principal Secretary for Public Health and Professionals Standards, Mary Muthoni, urges the county government to ensure that the programs and activities implemented by the ministry reach the common mwananchi. She specifically singles out the Community Health Volunteers, who act as the primary household referral persons. She highlights their training and kitting, enabling them to effectively address preventive health issues.","omoriki obotambe ase obochenu bwabanto bonsi noboenekia bwoboikerania, mary muthoni orure okoboria ase eserekari koekia ng'a emeroberio yonsi yeserekari ngoikera ere abanto baria bagotoka ase ebinyoro ime. onsingereire mono igoro yabakoreri baria bobochenu buokwerwa abwo bakoba buna oboraro egati yomonto onka amo nechinyagetari. otebire ase okobaa amasomo abene amo nakobaa ebibatungetie ase emeremo yabo nakobaakana eroo goikerania emeremo yabo yogotanga amarwaire ase ebinyoro.",Governance,
"A method of utilizing ripparian section and mixed farming. A swift plan need to be undertaken to control or prevent fall army worms ,this rests upon the farmers themselves.","Engencho yogotenerera ebomeri bia roche, amo nogosegeta engencho yokoburuknia ebimeri mogondo. Egetambokero kia boronge kebwenerete kobogorigigwa erio korenda gose gotanga amakonde mogondo (FAW) nogo otigarete ase omoremi omonyene erio ...",Agriculture,
"Market accessibility for farm produce and trade, translate into boosting arable land with manure and good farming practices.",Goikera echiro yerigesa riabaremi na obonchoreria oboikeranu bwerigesa riabo nekonye korenda riroba riabo ritenenke as obotobu na oboremi obuya. kogenderera,Agriculture,
"Sang'alo East Residents Stage Demos Against Bad Roads, Issue Ultimatum To Their Local Leaders","Amamenyi basang'alo ya mocha baroberekanire ase keria bagoteba nechibara chamber chitari goeteka, . Boigo barure egeka ase abarai babo",Governance,
The Ministry of Health has directed proving fruits to all public primary school safe from sugarly foods by 2026,Ewizara ya obochenu yachikire okorwegwa chindagera chia amatunda ao ao ribaga rie chindagera chibwate esukari ase chisukuru chi'oboroso goika omwaka 2026,Health,
The Ministry of Health has launched a mass distribution of mosquito nets in Tana River County to combat malaria in high-risk areas.,Ewizara ya Oborwaria yachakire omoroberio bw'okobaga chineti chiechiumbu ase ekaunti ya Tana River erinde korwania Esosera ase chinsemo chia okonyarekana okonene Kwa endwari eye.,Health,
"Test your soil with KALRO to know its fertility rati and PH,and to guide you on type of fertiliser needed in your bean crop.","Renga riroba riomogondo oo na KALRO erio komanya ebirengo biobotobu bwaye , ekio keragokonye gose gokoraa komanya mbwoyo I omogondo oo aganetie ase oboremi bwechingende.",Agriculture,
Kenya will distribute insects that feed on mosquitos that cause malaria as malaria control measure,Kenya gosokia chiumbu chionchoire amanyinga/DNA chinyare korwania malaria,Health,
Demonstration fields shows are important in improving our yields. Learn to know about mixed farming and livestock consistently embraced.,"Oboremi as emegondo yokwegera oboremi neyengencho enene as okogesa ebitoki ase oboremi. Rigia komanya buna engencho yokoburukania ebimeri na etugo na gotarerwa as oboremi bwao, buna engencho yogoitaba oboremi obwo.",Agriculture,
"Ecpectant mothers are advized to eat only required foods for their health and their unborn babies, with minerals like iron, protein and vitamin in support of the unborn baby and pregnancy care","Abakungu bebwateranetie mbagwenerete koria chindagera chireng'anirie, chibwate amadini y'echuma, chiproteini, amo na evitamini erio gosiira okoba buya kw'omwana ore inda, n'oborwaria bw'oborito.",Health,
"There is a toll free number 1199 for breast feeding mothers, for advise and timely help at any time.","Esimi ya okonyora obokonyi ase abasubati bakogonkia, nere aroro ase okoegwa obosemia na gokonywa Kwa obwango. Aka 1195 chinsa chinde chionsi",Health,
County Funds Delay Lingers: Kakamega governor Fernandes Barasa urges the National government to release funds owed to counties with immediate effect,Okonyorwa gwechibesa ime yechikaunti nigo kogendererete: omogabana bw'ekaunti ya kakamega Fernando's Barasa orure okoboria gochia ase eserekari enene kobwatoka chibesa chiechikaunti bwango buna ekomesa,Governance,
"Control agricultural waste like maize stocks to be organic compost, and left overs from cattle feeds, and other disposable,to mauntain a healthy environment .","Onchoreria ebogotigara korwa rigesa buna ebiemba gose amasaku koyaonchoreria boba obwoyo, ebinde kobionchoreria buna endagera yetugo ao ao na buna ogotuguta eubi korenda gose gokeania ogotiringa ebitoonchokanenete gose amasingira.",Agriculture,
Smart agriculture has transformed our farm to reach out on levels expected for a farm with due regards to that particular land as it follows.,Oboremi oboikeranu bwaretire ogoonchoreria ase emegondo yoboremi igoetera ogoikerania ebirengo bwebinto biria bikobekwa mogondo koreng'ana kweriroba ria ase ayio buna ebwatekanete...,Agriculture,
"Canisius Kanangire Kenya's Agriculture and Livestock Development Cabinet Secretary Mthika Linturi in March 2023 asked Kenyans to feed on rice, sweet potatoes ..","Goetera omorai Canisius Kanangire Kenya's Agriculture and Livestock Development Cabinet Secretary Mithika Linturi in March 2023 nasorerete aba' Kenya koria endagera yomochere as obonge, amarabwoni, ...",Agriculture,
"Counties in southern Kenya have registered huigh malaria infections, which has caused pannic among researchers, more especially on new mosquitoes in Kenya","Chikaunti ase ensemo ya Sugusu ya Kenya korikia okomentekana okonene ase Esosera, eng'ana yaretire ogoichana ase abaringoria, mono kobwatia ogotoka gwe'chiumbu chingeni ime y'ense.",Health,
"Public transport burn in Nairobi, Mombasa and Mandera will be extended for one more month. All bars to remain closed for the next more 30 days","Ogotenenenigwa bw'obosombi ase emechi ya Nairobi ,Mombasa na Mandera komentwa omotienyi oyomo. Chibaa kogenderera gosiekwa ase amatuko 30 ande.",Health,
"The Global Fund Boss has requested President Ruto, to start contributing to the fight of HIVAIDS, TB and Malaria","Omonene o Global Fund komosaba omonene bwe ense Ruto,gochanga chibesa ase okorwania Enyamoreo,Esese na Esosera.",Health,
EU and Kenya partnership supports effective implementation of NSCVE.,Obomo bwa Biongeresa (EU) ase okobwaterana na Kenya gosira igoikerania boronge emeroberio yekeombe keria ekenene gia Kenya gekorwania amaosom yogosaria obongo (NSCVE).,Security,
"Poultry farmers in America apply vaccines of Marek disease, to protect poultry from virus transmission .",Abatugi bechingoko ba US babwatire oboremi 's kobeta chingoko chisindani nigo kogotanga amarwaire yembeo ao ao ase chingoko.,Agriculture,
Kenya led the 9th African Anti‑Corruption Day urging unified action.,Kenya yaraete ekeombe kia Afrika giokorwania obokengeka rituko riogochengera okorwania obokengeka ase oboamo.,Security,
"Agriculture is one sector out to combart hunger, poverty, diseases which we encounter, if we don't feed enough nutrients into our bodies. Nevertheless, there's notable changes.","Oboremi nensemo yengencho ase okorwania enchara, obotaka namarwaire agotonyora ase okoria engara etaisaini ase omobere. Nonya nigo, ogoonchoreria kwe'rire nerorekanete koba…..",Agriculture,
Learn how agriculture càn contribute in school feeding program with new supply of kales.,"Egera komanya buna oboremi boranyare goikerania omoroberio korageria chisukuru goetera obobagi bwendara korwa mogondo etarasereka, rigesa ria nka buna ebikeri .",Agriculture,
"All church leaders under the world council of churches, have appeale to governments to provide assistance by contributing to the their account to enable them in the fight against HIV AIDS and malaria","Abarai be chidini nse' ya oborai bwe chikanisa ase ense engima, bakoboria chiserekari na Chinse chia okorwa obokonyi, komenta obokonyi Bwa ekegancha giense erinde gondereria emeroberio ya oborwaria Bwa enyamoreo, Esese na Esosera.",Health,
"Free national e-learning platform launched – 50,000 lessons, no data needed!",Ogosoma kwa bosa goetera egedichitari ochakirwe,Education,
"Sports and exercises contributes to to your good health in various ways, prevent drugs and substance abuse during school or work holidays. Contribute to good order, supports mental care, builds good relationships and to assist school children to buils good characters as prtevention measures from indulging into bad behaviors","Chigosori na ebisaisi nigo bikonya ase chinchera ao ao, gotanga obokoreri bw'amariogo ya oborebi chingaki chi'erusa yechisukuru. Ebigokonya korenta omoroberio, gosira obobwenia bw'ebirengererio, korosia oboamate obuya na gokonya abana be'chisukuru koagacha chingencho chindonge echio chikobatanga korwa ase ebikoru ebibe.",Health,
"Increase your coffee incomes and its markets, reduce farm losses of your harvest, and know how best you can harvest.","Kinia okonyora kwao korwa chikagwa ase okomanya echiro yaye, gokenia ogosareka kwerigesa riaya, na korogia buna oragese obuya bwaye.",Agriculture,
Climate smart agriculture is a system of placing best practices in farming to enhance food security and triggger development..,Oboremi borengete ebimeri biria bikoremereria ogoonchoka kwerire na egurargura (CSA) nenchera egokonya kobeka omoroberio nebitambokero biganeirie goonchoreria chingencho oboremi bogokorwa bono erio bosire amagenderero.,Agriculture,
Ministry of ICT runs national digital literacy awareness campaigns targeting parents and caregivers.,"Eminisitiri Yamangan, Gokwanerana na Egetekinorochia (ICT nkorwa bare amasomo ense komanyia igoro yegedichitari orengete abaibori na baria barendete abande.",Education,
KNCHR uses theatre to teach human rights principles.,Ekeombe keria ekenene kerendete oboronge bwakemwanyabanto KNCHR ekegotumi amachiko aria ancheire ense engima gosomia abanto igoro yaria arengete yoboronge bwabo.,Education,
"The second bulletin in Africa concerning Agricultural Technology ( ACAT) shall be held in Kigali, Rwanda commencing June 9-13, 2025.","Okorwa gwa kabere kwamang'ana nomosangerekano o'African igoro ya oboremi bwa tekinorochia (ACAT) nokorekane aaria ense ya Kigali, Rwanda gochakera 9-13, 2025.",Agriculture,
NIA: Probe sacked ministers Lobby group urges EACC to probe recently dismissed CSS Masinde: scrutinize former css and source of heir wealth Group also urges Ruto to appoint corruption free CSS,"NIA. Ekeombe kiogosegeta abawasiri batenenigwa obokoreri gotukwa.nigo kiaboririe omowasiri obutwa emeremo CCS Masinde gotukwa nekeombe giokorwania obokurumi ime yense. EACC nigo ekonyora nakobeka amang'ana ase obobisi obonene, koyaringoria bene nakoenekia ebitambokero. Naraya okobwatia ase okoenana amang'ana ao-:",Governance,
"Climate smart agriculture and drought and floods resistance crops is important resilience methods at times of difficulty, change farmers to suit current farming methods that are sustainable. A group Sustainable Solutions Kenya (SUSOK), they encourage planting resilient crops, to fortify small scale farmers during climate change to sustain food security, protect the environment and increase food intake. This program inspires continuous learning to maintain achievements gained so far.","Omoroberio bwoboremi borengete ebimeri biria bikoremereria ogoonchoka kwerire na egurargura nobwengencho as fokonyora ebitoki chingaki chiobokong'u, gokonya abaremi goonchoreria gochia gocia oboremi bwabono, barerete na gwetenenera as okogenderera. Ase ekeombe gia Sustainable Solutions Kenya (SUSOK), nigo togosegeta Omoroberio bwoboremi borengete ebimeri biria bokoremereria ogoonchoka kwerire na egurargura(CSA) erio gokonya abaremi bemegondo emeke gwekongia sase omochando bwoogoonchoka kwerire ase ogokinia omoigoto bwendagera, korenda amasingira aito, ana gokinia ebikobekwa monwa. Omoroberio oito nigo ogosegeta komanyia, okwegera kwa'beene, na omoroberio obootambe bwogosira abaremi ase ogoikera oboremi bwabo bwokwegendereria koba obwengencho.",Agriculture,
Farmers are urged to shift use of hybrid seeds that are pest resistant to reduce harvets losses.,Abaremi basoroirwe goonchorerioboremi bwabo gochia embusuro eria ekoremereria amarwaire ebichuni erio gokeania ogosareka kwendagera mogondo.,Agriculture,
Isiolo Leadership Wrangles: Leaders demand an end to abductions of MCAs in Isiolo County Tupi urges government to restore order and security in Isiolo,Amaamereranio yoborai amatindi ime yekaunti ya isiolo: Abarai ime yekaunti ya isiolo bachikirie ogoigwa kegima oboochereri bwa bwa abachumbe bekaunti eyuo. Tupi oboririe eserekari koenekia omorembe nobotoereru ase ekaunti eyuo ya isiolo.,Governance,
Every child must have a clinical card for its treatment. Keep it safe and carry it always when you are taking the child for medical care,Kera omwana goika atware ekadi ya nyagitari yokobwenigwà. Nyegache buya na koyebogoria chingaki okoira omwana nyagitari,Health,
"Mental health affects our thoughts, emotions and actions daily. Prioritizing mental health is key, even when feeling OK. Let's make mental health and wellbeing a reality for all.","Obochenu bwobongo nkogera kore goonchoreria enchera tokorengereri, okoigwa gwaito na ebikora boigo kera rituko Tokore Obochenu bwobongo na okogendèrera koba obomaene ase bonsi",Health,
"Manage your farm labor effectively by understanding fair hiring practices, providing good working conditions, and ensuring worker safety for irrigation.","Renda nga obokoreri ase omogondo oo as okomanya chinchera chingiya chiokoarwa emeremo, korora nga ase emeremo egokorererwa nagaya, na korora nga baria bagokora emeremo mabri ase bokongu bonde bwensi ekero bagosiarera amache mogondo.",Agriculture,
Judiciary introduced a strategic framework to eliminate corruption.,Ekoti yaansire omoroberio ebeene gokora obokorekanu.,Security,
Matatus feature civic messages on windows,Chirori chiobobogoria buna matatu nkonantia bare amasaka ase chinyasi chiechigari agomia amangana obogesaku,Education,
"Taking exercise contributes to your good health. Nigo egokonya enkoro, obongo nomobere bionsi amo","Gokoria omobere amasoesi ngokonya ere omobere oo koba buya. Nigo agokonya enkoro, obongo na omobere bwensi.",Health,
"Expectant women are requested to start visiting atenantal clinics starting from the first three months of conception, for the benefit of the mother and the child","Abakungu bare morito, naende bamenyete na ebinyinyi bienyamoreo, nigo babwenerete goika ekeriniki mapema banyore amariogo yogokeania ebinyinyi bienyamoreo, na gotanga komwambokeria Omwana.",Health,
Global partnerships enhance anti‑corruption efforts through stronger enforcement and transparency.,Okobwaterana nense engima ngokongia kore gokinana nobokengeka goetera obokoreri mwamachiko bwechinguru na obomaiso marore.,Security,
The government and milk sector in collboration wish to start supply primry schools with milk to strengthen good feeding to children,Eserekari nesekita yamabere ase obomo nerigetie gochaka korwa amabere gochia chisukuru erio gotingia okoragera okuya ase abana,Health,
Every person deserves respect and help in his or her journey in mental health. Lets discourage dispising and to build our region by fronting development for each one of us,Kera omonto naganeiri esiko na obokonyi ase orogendo rwaye rwobochenu bwobongo. Twange ogochecherania na koagacha orogongo ase okobeka bosio okwendereria kera oyomo,Health,
Launching of Kenya's national Nutrient Profiling Model to guide labeling and regulation of unhealthy packaged foods.,Ogochakigwa kwomoroberio ase orogongo rwa Kenya koraa ase chindagera chibekire echapa na koorokia teneni chindagera chitabwati obuya,Health,
Mental health is important in work places and successful service delivery. Prioritize mental health more than bodily priorities.,Okoba buya kw'obongo nigo kore okw'engencho gotwara chinsemo chiemeremo chibwate okobioka na afya. Tang'ania afya y'obongo buna oratanganie eya kemobere.,Health,
The push-pull technology by ICIPE in the fight of fall army worms.ICIPE. plantwiseplus knowledge bank information of Video Factsheet 12 September 2024.,Ebitambokero goetera ebio ICIPE bigosegeta etekinorochia mbire nobobui goita amakonde buna chingeti. ICIPE. PlantwisePlus Knowledge BankVideo Factsheet 12 September 2024.,Agriculture,
"Water pumps that use solar energy is one appropriate method of irrigation in banana field, thus reducing the use of diesel fuel or hand energy.",Chiinchini chia ogoaka amache chigotumia chinguru chierisase nenchera eyemo engikeranu gosiarera amache ase amatoke ao ekiagera egokeania gotumia amaguta ediseri goge chinguri chamaboko.,Agriculture,
Meru National Polytechnic launches cybersecurity diploma – free for 2025 intake.,"Meru National Polytechnic yachakire ekosi yedipuloma ya bosa yokorenda ogotukika bobe ase okwemigeria ime naokoiba amang'ana, gokora obosareku na yande ase baria barasoe omwaka 2025.",Education,
Government launched the Jasiri Fund to support reintegration of former extremists through psychosocial care and business training.,"Eserikari yaansete ekegancha gia Jasiri Fund gosire okoirana kwa baria konye basiriigwe ebirengererio gochia obokebago bwogoaka chipomu goetera obosemia, nobobobwenia bwebirengererio nobongo amo nechisemi chioboonchoreria.",Security,
"As climate change impacts corn production, hybrid seed technology could help improve yields and combat food insecurity around the world.",Ogoonchoka kwerire gwakeirie rigesa riebituma na ase ayio omoroberio otekinorochia noganeririe erio gokinia rigesa na korwania oboremu bwendagera ase ense engima.,Agriculture,
nairobi County will issue food during day time every day to 400 students by following new data to reduce hunger and to help farmers,Ekaonti ya Nairobi nerwe chindagera chingaki chiamobaso kera rituko ase aborokigwa chirifu chimia inye goetera amariko amayia gokeani enchara na gokonya abaremi basaywe,Health,
"Chest cancer or swelling, is one among the leading causes of death in the world. Cogarette smoke, asbetos iron sheets for drinking water and among the causes for lungs cancer. However,","Kansa yegekuba gose okobimba, neyemo ase amarwaire agoita ense engima. Amàrioki yechisigara, amabati asbetos as amache okonywa, nebinto bikogera kansa ya mayaa. Nonya nigo, oboringori ase chiropoti chireo ase egeka ki'emetinyi ebere yosogeti eropoti eyio ng'a temanyekaneti buya ninki gekorenta kansa",Health,
"Climate smart agriculture and push pull:agricultural technology that preserves food safety ànd transformative environment Africa. Authors: Z.R. Khan,; C.A.O...","Oboremi boria bokoremeria rire: oboremi boria borengete gosimeka engera otari kobeka obwoyo gose gosaria amasingira ase omoroberio bwomoigoti bwendagera bwokwegendereria na korenda amasingira aiga Afrika. Omosomi Z. R. Khan,; C. A. O. ...",Agriculture,
Some of the traditional herbs are dangerous when the mother is breast feeding. Always seek advice from medica workers,Amariogo ande yegenka namabe ekero omongina akogonkià Botambe rigia obosemia korwa abàkoreri bobochènu bancheire otarayayatema,Health,
"Announcement through road shows in counties aimed at promoting awareness on safe birth, home cleanliness and good diety to the children","Okoraria amaegerio ase chibarasa ase chikaunti chirengete obokonyi ase okogonkia, obochenu bwegenka na chisemi chiokoragera okuya ase ebingwerere",Health,
"AATF shall have appreciate their knowledge and the available one, in building on the existing knowledge in science, technology and other skills to dèvelop agriculture in Africa","AATF nigo baraetere obomanyi bwabo na bori boreo as obokoreri kogendereria na gokinia obomanyi igoro yegesayansi, tekinorochia na okomanya konde erio gokinia oboremi aiga Afrika.",Agriculture,
"The Cabinet Secretyary of Health, Mr. Mutayi Kagwe has said that a curfew will be imposed if Covid viruses increase","Omowaziri o Afya, Mutahi Kagwe otebire richiko riogotasoka isiko ndietigwe onye ebinyinyi bia Coronavirus bikomentekana, obasabire abakenya gokeania okoumerana na abande.",Health,
"PSA encourages self made manure to use a variety of left overs, helps using a variety of stuff to restore soil health .",PSA ngosegeta ere oboremi bwobwoyo bwekweroseria ase ogotumia eubi erio gokonya gokeyioa ogosareka kweriroba.,Agriculture,
Kenya continues on proper livestock vaccination and control animal diseases inside and outside to prevent animal diseases.,Kenya negendererete gosegeta omoroberio bwogotanga amarwaire etugo korwa isiko na ime ase ense yaito erio gotanga amarwaire etugo.,Agriculture,
"Utilize fertiliser to ensure grass for livestock is well managed as feeds, to reduce environmental degradation to mitigate on climate change. Learn how you can measure soil fertility and to balance land fertility.",Tumia obwoyo buya erio korera nga obonyansi bwetugo yao mbore nebirengo ebiya ase etugo yao korisia gokei ogosareka kwamasingira erio gokeania omochando bwogoonchoka kwerire.Soma buna oranyare gopima riroba ria na koreng'ang'ania obotobu.,Agriculture,
Increase acquisition of quality seeds through certified suppliers and stockists of cereals and fertiliser and insecticides and sellers near our homes. Incorporate technology in regions...,Menta goikera na okonyorekana kwembusuro engiya goetera ebiombe biria biitabire ase okoonia embusuro namoyo gose amariogo oboremi na baria bakobionia angennechinka chiaito. • Bwatania tekinorochia yorogongo yarure...,Agriculture,
The Ministry of Education announced recruitment of 1500 TVET trainers to enhance vocational training programs across Kenya.,Eminisitiri yechisemi yararetie igoro yokorikwa kwa abarimu 1500 ba'TVET gosegeta amasomo yobobundi nochusi Kenya engima.,Education,
"The CSA approach builds on the concepts, technologies and experience of sustainable agriculture, but explicitly focuses on integrating the impacts of and on ...","Enhera ya CSA nigo yayyagachete ase ebirengererio, chitekinorochia na okomanya kwoboremi bwokwegendereria, korende mono nigo bomoregete kobwatania ayaikeirwe na ase...",Agriculture,
Technological awareness among many should be thought as important as rightful vessel by practicing mixed farming thereby introducing shades in crop fields.,Amasomo yobamanyi bwegetekinorochi ase abange nobwenerete korengererigwa buna ekebekerero kiaboronge goikerania oboremi bwokoburukania ebimeri nemete yokorenta ekiriri as ebimeri mogondo.,Agriculture,
"In a joint initiative between KCB Foundation and the Ministry of Education, solar-powered tablets and internet connectivity were delivered to several rural Kenyan schools.","Goetera omoroberio bwoboamo gati ya yefaondeseni ya KCB neminisita yechisemi, ebikombiuta ebike biakoboko bigotumia chinuguru chierisase (esola) nakobwatanigwa neintaneti mbiarwetwe gochia chisukuru chinyinge chirisabu.",Education,
"Other factors that are likely to affect agricultural TFPG are access to markets and credit, and a number of farm-specific factors like farm management and ...","Ebinto binde biranyare kogocha oboremi TFPG nokonyorwa goikera echiro na amakobeso, na amangana ande abeene buna ebwenerete korenda oboremi amo na ...",Agriculture,
"NCTC unveiled the ""Jasiri Observatory"" public portal to help communities identify and counter extremist ideologies.","keombe keria ekenene gekorwania obokebago bwokoruta chipomu (NCTC) ngiaasioria omoroberio ""Jasiri Observatory"" eyio ere eintaneti yabainchi gokonya ebinyoro komanya na gotanga amasomo yogosaria abanto ebirengererio.",Security,
Three pathways IFAD can support digital agriculture in Asia-Pacific region. Business farmers in Asia-Pacific continue increasing sales..,Chinchera isato IFAD eranyare gosira oboremi bwegedichitari ime yorogongo rwa Asia-Pacific region. Abaremi nabanyabiasara boboremiorogongo rwa Asia-Pacific mbagendererete gokinia oboonia ...,Agriculture,
Learn about loaning facilities designed by Cooperative bank. Compare the different interest rates and regulations.,Rigia komanya igor yechironi echio chirengete gokinia oboonchoreria bwao korwa ebengi ya Cooperative. Renga amagori na efaida eria ogoakana na amachiko arengete ebiasara ebio.,Agriculture,
Revert to the old tales that contributed to brain building and mental health care. This can be of help to build ……..,Sanga amokoro ayare agokinia obomanyi na okorwanerera oborwaria bw'obongo. Eye nabo egokonya gokonya koagacha okoeigwa kwabene na gokonya.,Health,
"There before, that program is aimed at supporting the government of Kenya to attain her objectives in agriculture. To achieve the first..","Korwa abwo nyuma, omoroberio oyo nigo nigo orengete gokonya eserikari yaito ya Kenya goikerania obokonyi bwaye ase ensemo yoboremi. Ogoikerania ensemo yeritang'ani I,.",Agriculture,
Opinions and knowledge of recent. A- there's a climate change emergency amongst small holder farmers in Asia Pacific. What has IFAD done on that? A- digital agriculture...,Amangana amayia na amaikeranu · Omochando bwerire oganetie ogokonya kwa bwango ase abaremi bemegondo emeke ense orongongo rwonsi rwa Asia Pacific – Ninki IFAD bakorire ase erio? · Oboremi bwegechidichitari: ...,Agriculture,
UK promotes bovine tuberculosis control through vaccination.,Ense ya UK negenderete kobeta chisindani etugo yechingondi buna omoroberio bwogotanga,Agriculture,
"Symptoms of mental health like feeling thoughtful can cause bodily strain and sickness, hence confirms the relationship of the brain and the body","Ebiorokererio bia Afya y'obongo buna ebirengererio nabo bikorenta ebimanyererio bia kemobere buna omoroso na oborwaire, na igo kworokia okobwatana gati ya obongo na omobere.",Health,
Announcement of new policy requiring lactation rooms and nursing breaks at public and private workplaces.,Okoraria kwa amachiko amayia ase abateneneri chiofiso chia eserekari na chi abanyene barosie chinyomba abangina bakogonkeri na gotimokera,Health,
KNEC Annual Report FY 2019/2020.,Eripoti yomwaka yekeombe keria ekenene getenerete amatemwa KNEC ase omwaka bwechibesa 2019/2020.,Education,
"Take your child for clinical check ups as indicated in the clinical card, for measuring its weight. This will help you to understand if the child has a problem for timely medical attention",Ira omwana korengwa chiratiri koreng'ana nechitariki chiria chikeriniki gokonya komanye bokongu bonde borabe ase omwana,Health,
"Former Deputy President Rigathi Gachagua visits Butula, Busia County, where he urges Western Kenya to rally behind George Natembeya, Cleophas Malala, and Eugene Wamalwa, saying the three should be at the national decision-making table helping form the next government.","oyokabeire omokonyi bwomorai bwense Rigathi Gachagwa natarerete Butula ime yekaunti ya Busia ase arwete okoboria gochia ase abamenyi ba Boluhyia kobwatesia George Natembeya, Cleophas Malala and Eugene Wamalwa nagoteba ng'a abwo batato mbabwenerete gotokanase emesa ekero amang'ana yense agokwanwa nagokonya ase okorosia eserekari egocha.",Governance,
"Assessments can identify the impacts local climate conditions have on agriculture, food security and livelihoods, and how these impacts are changing.","Kobwatia komanya buna rire riakong'irie oboremi as orogongo rwaito na omochando oye ase oboremu bwendagera nebitoki, na boigo buna omochando oyo ogenedererte gwekebora.",Agriculture,
Public guidance on basic cybersecurity practices to protect against online threats and promote digital safety.,"Ogokurera ase abanto bonsi chinchera chinyororo chiokorenda esimi nekombiuta yao erio korenda ng'a esimi gose ekombiuta yao, amangana ao naye omonyene tibinyora nabako amabe yobosaria goetera eintaneti erio gosegeta oborendi goetera egedichitari.",Security,
Announcement to farmers in arid regions to embrace water conservation and practice irrigation.,Ogokurerwa gochia abaremi igoro yogosiarera amache mogondo orengete obogachi obuya bwamache aria chinsemo chinyomo.,Agriculture,
"Agriculture follows rules and customs of productivity with high yields all the year round, feeds, energy,food that helps metabolism...","Nigo egoitonaayabwenerete gokoreka ase oboremi bwokwegendereria bwerigesa rigiya rire nebitoki ebiya ase ebimeri biria bia bwango na biria biakogenderera gonyora endagera, korageria, chinguru, nendagera eria egokonya gosenyenta endagera inda amo...",Agriculture,
"Kenya has identified 3 different Covid 19 viruses virus, Omicron; The cabinet secretary Kagwe has disclosed that this was detected among quarantined, but continued travelling",Kenya yaenekirie ebinyinyi bitato ao ao bia Covid-19 Omicron; omowaziri bwoborwaria CS Kagwe otebire nigo biarorekanete ase abanto barenge chisafari abare babekire karantini.,Health,
A farming system aimed at crops resilience to climate change is important to revert to in future. Signs of climate change is worth noting.,Omoroberio bwoboremi borengete ebimeri biria bikoremereria ogoonchoka kwerire na egurargura mbore obwokoiraneria kegima as ogoonchororia kwerire ase amatuko abosio. Ebikwororia igoro yerire amo nogoonchoreria kwerire nebiengencho enene components ...,Agriculture,
Council of Governors runs roadshows on devolution awareness.,Egeikaranso kiabagafana nkoba kere nokomanyia abanto amang'ana igoro yechikaonti chiabo ase ebinyoro.,Education,
CS Machogu urges TVET principals to entrench dual training.,Omomonisita bwechisemi Machogu osabire abarimu abanene bechisukuru chiobobundi nechisemi chiokwegendereria (TVET) ogarei amasomo ase baria bakwegera.,Education,
"Begin bee keeping. Learn how to safeguard bee hives, honey harvesting and sales and disposing honey by products.","Ansa gose kong'ia obotugi bwao bwechinchoke. Egera komanya buna okorenda emetana, kogesa oboke, na buna okoonia rigesa riechinchoke.",Agriculture,
"The Ministry has urged farmers to learn to harvest water, means of harvesting water.",Eminisitury yoboremi nigo egosorora abaremi kwegera gotacha amache ‑ enchera yogotacha amache.,Agriculture,
Teachers Service Commission (TSC) to provide specialized training and resources for Special Needs Education (SNE) teachers.,Ekeombe keria ekenene kia abarimu (TSC) mbarwe amasomo ebeene ase abarimu abeene na nechiofisi bakonyora okwegerigwa buna abana baria noborema ao ao bagosomigwa (SNE).,Education,
Exchange your raw mangoesto chips if casavva of great value. Learn to know how good is the market.,Onchoreria rigesa riamaembe ao gochia ebirengo biaigoro biebusamunyore biomwogo. Rigia komanya buna bire nechiro egiya.,Agriculture,
New policy: All TVET graduates get startup toolkits.,Richiko riyia: baria bonsi bakorire amasomo abo korwa chikorechi chionsi chiobobundi na tekinorochia (TVET) banyorire ebikobasira gochaka emeremo yabo.,Education,
"A robust plan embracing climate smart agriculture and climate change, be awarded government grants. To attain this CSA policy on agriculture align farming with climate chang8e resilient crops..","Kwegera omoroberio bwoboremi borengete ebimeri biria bikoremereria ogoonchoka kwerire na egurargura nigo orengete okobwaterana chinsemo chinyinge buna, gosimeka ebimeri biria bikoremereria rire, oboremi bwetugo obuya, oborendi obuya bwemegondo/amache, na ogotumeka okuya gwechinguru chiomorero.",Agriculture,
Applying tradical medicine on soft parts of a child is harmful. It should stop,Kobeka amariogo emete ase atoto yomwana mbobe naende etigwe,Health,
malaria vaccine that was tried in Kenya has beed confirmed by WHO,Eriogo ri'esosera erio riatemetwe Kenya riancheranirwe na WHO,Health,
Seek for medical attention or counseling. A phisician on mental health treatment can pathways to manage this problem and help you to understand your problem and its management,Rigia obogwenia gose chinkwana chiobosemia. Omomanyi bwobobwenia bwobongo nabo akorwa chinchera chi'okorwania obokongu obo na kogokonya kwemanya buya aye omonyene.,Health,
KNCHR promotes civic education for people with disabilities.,Ekeombe keria ekenene kerendete oboronge bwakemwanyabanto KNCHR ngesegetete chisemi ase abana bare noboremaru ao ao.,Education,
"Clean thoughts, brings forth good working relationship at work. Lets cultivate good working relationships where we work in support of mental health care in contribution to a working force that is clean in all ways.","Ebirengererio bichenegete, ebigokonya korenta obuya ase ogokora egasi. Tiga torosie ase emeremo agaya tosire obobwenia bw'obongo na abakoria egasi bachenegete na baikeranete ase chinsemo chionsi.",Health,
"The app offers technical content on farming practices, up-to-date information on weather and other events, recordkeeping tools to manage and ...","Egento eke nkere nobomanyi bwa beene ase chinchera chigokora oboremi, amang'ana ogosemia amaikeranu igoro yerire nyande, ebinto biokogacha amang'ana yobokoreri na...",Agriculture,
"National Liberal Party leader urges Ukambani to rethink political future, calls for independent IEBC panel.",omorai bwEkiama gia siasa ekio getenerete obosibore orure okoboria ase abamenyi ba bokamba korengereria boronge igoro ya siasa yabo yemiaka ya mambia ase ogosaba ekeombe kiobochori nechimbebe gietenenerete. IEBC,Governance,
Kenya National Examinations Council starts collecting public feedback on the e-assessment system pilot phase.,Ekembe keria ekenene getenerete amatemwa (KNEC) gichakire gorigia komanya buna abanto bari baikeretwe bakogeteba igoro yebikoreri biegechiditari bikorena amatemwa abana.,Education,
"Achieve follow up of good poultry rearing practices on your birds, in order to prevent and control spread of pests and inception of harmful diseases.",Ikerania amachiko buna obwenerete gotanga bwamarwaire ase chinoko chiao erio gotanga amarwaire na okwamborerania kwamarwaire ayio ase egesumu giechingoko chia chiao amo na mochando onde bwonsi.,Agriculture,
"KMTC January 2026 intake: 22,000 slots open – apply before Dec 31!","Okorangerigwa kwa abana gochia chikorechi chiobonyagitari KMTC omotienyi omotang'ani 2026 intake: 22,000 amabaga atoirwe, toma ogosaba kwao nyuma yechitariki 31 chiomotienyi 12!",Education,
CS Machogu stresses harmonizing skills through RPL.,Omomonisita bwechisemiMachogu osegetire koreta amo chisemi chiokwegendereria goetera RPL.,Education,
"Government sponsors 95,000 students under affirmative action for marginalized areas.","Eserikari yakonyire abana 95,000 inse yomoroberio bwogosira baria bare ase chingongo chitigarete nyuma.",Education,
The Minstry of Health has organized fior big vaccuination campaign to prevent malaria after the WHO discovering the increasing malaria burdens due to temperature s rise,Ewizara ya Obochenu yarobeirie ekampeini enene yesindani yogotanga Esosera nyuma ya WHO koraria okomentekana ase amarwaire aria akoambokerigwa na chiumbu kobuatia ogokina Kwa riberera ase Ense.,Health,
Public Service CS Geoffrey Ruku urges IEBC to ensure credible 2027 elections,Omowasiri otenenerete obokoreri bweserekari Geoffrey Ruku osabire IEBC kwenekia obochori oboikeranu bwa omwaka 2027.,Governance,
"Public participation, in its true sense, is not just about inviting citizens to submit views that are never read or acted upon.","Ribaga riabanto gocha amo na korwa ebirengererio biabo ase obogambi, ase oboene bweri, tari rioka korangeria abanto korwa ebirengererio biabo ayio atari korigererigwa gose gokorerwa egasi.",Governance,
"Women have a bigger role in dairy farming. Learn available policy, requirements and markets that involves women in agriculture.","Abang'ina mbare nensemo enene ase oboremi bwetugo yamabere. Egera komanya emeroberio ereo, ebiganeirie, amo nechiro erengete abang'ina ase oboremi.",Agriculture,
PSA urges planting of trees to attain land use. Ps,PSA negendererte gosegeta ogosimeka emete goikerania oboremi bwokwegendereria mogondo.,Agriculture,
Teachers Service Commission establishes online forums for continuous professional support and resource sharing.,Ekeombe keria ekenene kia abarimu kwabekire amasomo goetera eintaneti gokonya amasomo okogenderera na gosanga chisemi.,Education,
Youth Agenda launches a program to enhance youth participation in governance.,Achenda yabasae yansire omoroberio bwogosegeta abasae gosanga na korwa ebirengererio ase obogambi.,Education,
Ministry of Education conducts training for teachers on digital formative and summative assessment techniques.,Eminisitiri yechisemi nkwegeria ere abarimu buna obokoreri bwedichitari ase korenga amasomo abana ekero bare esukuru na motwe yamasomo abo.,Education,
Keep information on water and placing equipments for drip irrigation on sweet potatoes. Learn how each function and maintenance.,"Gacha amangana igoro yamache nayabwatekaine abwo nyuma ase okobeka ebinto biogosiarera amache ase ogtonyiaase oboremi bwa bwamarabuoni . Egera buna kera eyomo yabo egokora emeremo ao ao, buna ogokebeka, na gokerenda.",Agriculture,
"Create a eTIMS account http://ntsa.go.ke, click on TIMS register account then apply for smart DL.","rosia ekegancha gia eTiMs ase ooogenda http//ntsa.go.ke, obate rosia ekegancha gia TiMs egere otome ogosaba ekebande bene kioborundia.DL",Governance,
Kenya's county level action plans supporting prevention of radicalization and violent extremism.,Emeroberion yechikaonti chia'Kenya nkworkia ere buna chikaonti chigosira eserikari gotanga ogosarigwa aobongo goetera amasomo amabe nobokebgo bwokuruta chipomu,Security,
"Launch of a pogram among farmers aimed at increasing their farming incomes through irrigation farming in Naoros, poor eating habits has been dected in children under 5 years reduction to 41%","Ogochakigwa ase abaremi komenta ebitoki ase oboremi ase okonyorokeria amache na chitugo aaria Naoros, ase okoria orachi kwarorekana ase abana inse yemiaka etano egakea ase 41% onye tari ogosoanana gwa okoragera okuya",Health,
PSA promoting tree planting for sustainable agricultural landscapes.,PSA negendererte gosegeta ogosimeka emete goikerania oboremi bwokwegendereria mogondo.,Agriculture,
To make smale scale farmers access market of their produce theough information sharing and exchange of their produce successfully. The goal is to promote both food crop and livestock.,Kwororobia echiro ya abaremi bemegondo emeke na echiro yerigesa riabo goetera obobagi na oboererania bwerigesa riabo as oboikeranu. Ekerenga eke nigo kerengete gokinia ebotoki ase aboremi bwebimeri na etugo amo.,Agriculture,
"Learn one way of health in appreciating human health, animal and public heàlth and as a means of reducing animal diseases.","Beegie enchera eyemo yobochenu ase okomanya oboamate gati ya afia ya mwanyabanto, etugo na obochenu bwebitoonchokananete buna enchera eyemo yogokei amarwaire ase etugo.",Agriculture,
President William Ruto urges Parliament to expedite the Conflict of Interest Bill to allow EACC to keep government officers in check.,kobeka boikeranu abakoreri beserekari ase eratiri.,Governance,
"Physical contact of the child's skin and its mother helps in balancing the childs warmth, and bonding",Ogokunana kwerisankwa riomwana na ng'ina ngokonya ere korengani riberera na gokinia obomo,Health,
TVETA undertakes review of TVET curricula to integrate skills for Industry 4.0 including robotics and automation.,Aborai bwekeombe keria ekenene getenerete chikorechi chiobobundi nechisemi chiokwegendereria TVETA kianekirie korogereria keboyia amasomo a TVET erio kobwatania ochusi eganieirie ase chifakitori 4.0 amo na tekinorochia yechimasini chifakitori chigwekora egasi chioka.,Education,
"Men , it is good to have a conservation on mental health, a conversation is a powerful tool","Abasacha, mbuya gokwana igoro yobochenu bwobongo Ogokwana nekemanyererio gia chinguru",Health,
Acquisition of farm loans: getting loans in agriculture needs incorporation as well as farmer extension services and availability of water during droughts to our crops. More so..,"Goikera amakobeso yechibesa : Goikera amakobeso yechibesa chioboremi noro ngosira kegima ... echiro, naboigo goikera obokoreri bwoboremi korwa ofisi yabaremi , nabo igo goikera ooroberion bwokonyorokereria amache chingaki chieguragura as ebimeri. Mono kegima ...",Agriculture,
KICD accelerates development and distribution of digital textbooks tailored for the Competency-Based Curriculum (CBC).,Ekeombe keria getenerete buna amasomo akorosigwa (KICD) nigo kegosegeta okorosigwa nobobagi bwebitabu biogosoma biegeditari berengete amasomo buna okwenyara gwa kera omwana kore (CBC).,Education,
The Ministry of Education elevated 19 TVET colleges to national polytechnic status to enhance vocational training capacity.,Eminisitiri yechisemi yararirie yakinetie chikorechi 19 chia TVET koba chikorechi chinene chiense erio gokinia amasomo ochusi.,Education,
KICD and NGOs collaborate to develop inclusive learning aids for diverse learners including those with special needs.,Ekeombe keria getenerete buna amasomo akorosigwa (KICD) amo NGOs biabwateranire korosia ebinto biria biokonya gosoma ase abana bonsi nabari bare noborema ao ao.,Education,
"Guidelines on Malaria injection: Many children in counties most prone to malaria will get vaccinated. 275,000 children have been partially immunized, and 45,000 have been fully immunized. Data confirms that malaria infections have reduced.","Obosemia bwa esindani ya Malaria: Abana abange ase chikaunti chikunire na malaria mbanyore esindani. WHO yaetirie ogotumeka mono gwesindani eyio. Abana 275,000 babetirwe ake, 45,000 babetirwe yonsi. Amangana arikire nigo akoenekia ng'a malaria yakeire.",Health,
"Give your body strength, feed your brain! That which you eat , your life style and that which you builds your mental health. Choose to eat health food, continue doing execises and say No to things that can cause you problems. Your antibodies will come back.","Kae omobere oo chinguru, rageria obongo bwao! Keria okoria, orogendo rwao na keria otari gokora nigo bikoagacha afya y'ebirengererio. Chora koria obochenu, genderera gokora amasoesi na otebe YAYA ase ebinto birarete amakong'u. Obonyamasi bwao bwa bosio mbokoiraneria mbuya.",Health,
"Despite the rising rate of unemployment in Kenya, there are jobs that attract huge perks across various sectors of the economy. In Kenya, the government remains one of the largest employers, both nati...","Nonya amabaga yemeremo are amake kenya, emeremo nereo ekong'usa huge perks across various sectors of the economy. In Kenya, the government remains one of the largest employers, both nati...",Education,
"Research has shown that empowering women in food agricultural markets increase sustainable revenues, putting their foundation on...","Obotuki bwoboremi bwaorokirie ng'a kobeka abangina chinguru gosoa echiro nigo kore ogwonyora ebitoki bia igoro na biabotambe, igo kobeka oboroso bwabo ase...",Agriculture,
"The Ministry will launch a comprehensive plan in a follow up to good reports by KNAP 2019 - 2022, to be in line with various branches, in a bid to strengthen climate resistant farming among youth","Ewizara korenta omoroberio omoikeranu kobwatia chiroboti chingiya chia KNAP 2018-2022, buna chisoanana nechinsagia ao ao gokeania okoria endagera orachi",Health,
Feed children once you notice signs of hunger. Don't make it diffulct for them by following the feedibg time. Learn about signs of hunger for children,"Rageria abana ekero baorokire ebimanyerio bienchara, tari kobakongeri chinsa chia endagera Egera ebimanyererio",Health,
Announcement that serice for humanbeing to be achieved through mobile phones application and face to face consultations through its field branches and through emergency number 1919,Okorari ng'a obokoreri ase mwanyabanto goikerwa nechisimi naboigo obosio ase obosio nechinsagia chinde gotumika enamba ya mobasokano 1919,Health,
The Ministry of Health has confirmed to Kenyans that it will not fall short of important drugs including HIV AIDS and TB for the next one year.,Ewizara ya Afya yabaenekeirie abakenya buna amariogo ye ng'encho takobora gose gokea amo na aya Enyamoreo na esese ase omoaka oyomo okobwatia.,Health,
"TSC auto-promotes 28,000 teachers this December – no interviews needed!","Ekeombe ekene kia abarimu (TSC) gikinirie abarimu 28,000 omotienyi oyo 12 gotema konde tikwarengeo!",Education,
Ksh 6.5 billion capitation released for free day secondary education nationwide.,Chisiringi chibirioni 6.5 ase kera amwana gosire aasomo abosa ase chisekenderi chiria abana batari korara ime chiarurwe Kenya engima.,Education,
"First phase. 1. Digital farming and teaming up at villages, Markets, times, subject matter. Speakers 09:00- 09:30",Ensemo yeritang'ani 1: Oboremi bwegedichitari amo na nensemo yabo yosegeta oboamo na Ogwekomereria Kwebinyoro. Ogoonchoreria. Engaki. Ekere kegokwanerwa. Omokwani 09:00 -09:30.,Agriculture,
UNODC issued training manuals focused on balancing counter terrorism with human rights.,Ekeombe ekenene giense gokorwania amariogo nobosaria (UNODC) nkiaruete ebitabu biogosomia biarengete korenganania okorwania obokebago amo noboronge bwa mwanyabanto.,Security,
Wash the utensils for feeding the child with soap to dirrhoea disease prevent,Sibia ebinto imwana akoriera nesabuni gotanga oborwàire bwa ogosaa,Health,
"People transport through air to nairobi has been suspended for people seeking for treatment, because nairobi is overwhelmed.","Obosombi bwa abanto goetera chindege gocha Nairobi tikoiyo. Okonyara tigokoba aroro gwokorentwa Nairobi erio konyora oborwari, asengencho Nairobi yoka yanyarekire. Ase torochi tarikonyara kobanwa. Nigo ere buya kwebanga kobua gweitia.",Health,
Coughing! High temperature! Sweating at night! Chest pains! Weight reduction! You can be infected with TB. Covid testing is done free at all government facilities! Get tested today,Ogokorora! Riberera! Kogiramora botuko! Goatigwa egekuba! Gokea omobere! Nabo oratware Esese. Ogopimwa na oborwaria nigo bokoenanwa bosa ase chinyagitari chieserekali! Pimwa rero!,Health,
What shall you do to give your accord your mental health a good time? Having conversation with people is the good starting point,Ninki orakore koa afya y'obongo ribaga rigiya? Gotwara chinkwana igoro yaye nase agiya yogochakera.,Health,
First delivery young women require old women to educate them on birth spacing to allow their body achieve strength in preparation for the next pregnancy,Abaiseke bakogonkia mbakageire konyora abangina bobosemia erio babe nechisukuru ase ogotebània kobwata oborito bonde,Health,
"Until now, 36 people are confirmed infcted with Mpox in Kenya, two people have been hospitalized and one quarantined","Goikera bonoiga, abanto 36 baenekigwe gotwara oborwaire bwa MPOX ime ya Kenya, abanto babere batangire nyagitari na oyomo akorwarerigwa nyomba .",Health,
National Counter Terrorism Centre promotes the See Something Say Something campaign encouraging prompt reporting of suspicious activity.,"Ekeombe keria ekenene gekorwania obokebago bwokoruta chipomu (NCTC) ngoseta kere ng'a kore omoroberio okorokwa ""rora egento - teba gente gete"" ogosegeta abanto komanyia abarai bwango amangana gose ebikoru biechitang'utang'u.",Security,
"Diseases control in livestock is integral. Learn how to expand the business, services, and preventive measures in your farm.","Gotanga amarwaire ase etugo negento kiengencho. Soma buna oragarei oboremi, obokoreri, na enchera yogotanga amarwaire arengete oboremi bwao.",Agriculture,
Conduct farming that produces body building products (NSA) and accelerate food chain that's beneficial to our bodies ànd improve feeding character in Africa.,"Burukania amariogo yogoseria eichuni gose amarwaire (IPM) erengete egebarochia, ekegusii, amo nechikemikari gotanga amarwaire yechintetere chikagwa cbuya kegima na ase enchera etabwati mochando onde.",Agriculture,
"Agriculture not only suffers the impacts of climate change, it is also responsible for 14 percent of global greenhouse gas emissions. But agriculture has the ...","Oboremi tari rioka ng'a bwaakirwe orgoma ase ogoonchoreria kwerire, korende boigo 14 ase emia oboremi nabwo bwagesire ogosareka kwerire. Korende, oboremi mbore…...",Agriculture,
"A digital program and technology inclusively with new discoveries in agriculture, can help realize yields...all of them...",Omoroberio bwegedichitari na tekinorochia amo na nobvoremi bwenchera enyia naboigo borakonye komenta rigesa. Bionsi ...,Agriculture,
USDA continues with farmer's sensitization on controlling viruses on poultry and livestock.,USDA negenderete gosomia abaremi buna barakonye gotanga ebinyinyi biendwari yechingoko netugo.,Agriculture,
"Introduction of voluntary certificates which allows employers who ascertain dietary measures, mental health, and bodily health","Ogochakigwa gw'esatibigeti yokwerwa eyio egoancherana abariki emeremo abare bagoikerania ebirengo biechindagera, oborwari bw'obongo, amo na okoba nechinguru kemobere.",Health,
Young women needs to do light exercises ……..,Abang'ina abake mbagwenerete bachake gokora ebisaisi ebigusagusu nyuma yokorora omonyagitari obo erio koenekia okogwena kwa bwango amo na oborwaria bw'obongo.,Health,
CS Machogu officiates placement of 2023 KCPE candidates into Form 1.,Omomonisita bwechisemi Machogu oteneneire okwerika kwa abana gosoa chisekenderi2023 KCPE candidates into Form 1.,Education,
KUCCPS opened applications for artisan certificate courses for 2016 KCSE candidates with D- and below at TVET institutions closing May 31 2017.,Ekeombe keria ekenene getenerete korangeria abana gochia eyunifasiti KUCCPS kiaigore ogosaba ase chikosi ase abana beseknderi KCSE manyorete ekerengo gia D- na gocha inse gosoa TVET ase chikosi chia artisan certificate omwaka 2016 nyuma yechitariki 31 chiomotienyi 5 2017.,Education,
Information on eating well and guidance on to all in all departments.,Emeroberio yorogongo ase ACSM gochakia na gokinia amangana yokoragera okuya na obomanyi ase chinsagia ao ao,Health,
"As one way of 13th steps in filling (2025-2027) IFAD has offered to attain ICT4D, digital farming aimed at shaping up agriculture practices.","Buna ensmo yomoroberio 13th Bwokoiranera na gokora boyia oboremi (2025-2027), obomo bwa IFAD bwerure goikerania ICT4D, oboremi bwe'egechidichitari erengete oggochokera engencho enyia ase ogokora oboremi...",Agriculture,
KICD announces increased availability of digital textbooks for CBC learners through various platforms.,Ekeombe keria getenerete buna amasomo akorosigwa (KICD) kiararirie okogeseka na ogotoka kwebitabu biogosoma biegechiditari bia CBC goetera ebikaranso ao ao.,Education,
Ministry of Education increases funding for national and regional science olympiads to enhance student participation.,Eminisitiri yechisemi nkogesa ere chibesa ase amaamereranio aigoro nayechikaonti yegesayansi gosegeta abana koyekora.,Education,
Simone Sala. Quick thinking on the content. Check changes in digital and technology among farmers.,Simone Sala. Image Download. Profile Image.. Okorengereria kwa iga bwango na ayare Ime. Okorigeria ogoonchoreria igoro ya yegedichitari negetekinorochia ase oboremi.,Agriculture,
"To learn best practices on aquaculture, to raise harvest and revenues better. Better species like tilapia to increase reveneu and profitability.",Beegie chingencho chingiya chioboremi bwechinswe ase chindani erio gokinia rigesa erio na ebitoki ase enchera ebwenerete,Agriculture,
"Good day for malaria in the world. This is a place to add knowledge because of taking care of our communities, and push to it towards a malaria free world","Rituko rigiya ria Malaria ase Ense! Igaa naase eng'encho yokomenta obomanyi, korenda ebisaku biaito, na gosuguma gochia ase ense ebwate obosibore korwa ase Malaria.",Health,
"[Digital Learning Initiative] Government rollout of 1.2 million digital devices including laptops for teachers and tablets for students to all 22,000 public primary schools",(Amasomo Abosa) Eserikari nesegerete amosomo abosa ase chisukuru chioboroso korengana nerichiko na korusia echogo ende yonsi ase chisukuru chioboroso chieserikari.,Education,
USDA promotes regenerative agriculture for livestock to enhance soil health.,USDA ngosegeta ere oboremi borengete korenda obotu bweriroba ase etugo kogesa riroba obotobu.,Agriculture,
Kenya continues in conrolling animal diseases and improve livestock health. Kenya is onvthe frontline in influencing animal health.,Kenya negendererete gotanga amarwaire yetugo ase afia yetugo.,Agriculture,
Women should deworm herself after delivery so that the food she takes benefits her body,Abakungu mbabwenerete konywa eriogo riogoita ebianda ekero baiboire nario barakongie endagera n'obuya bw'amabere.,Health,
Free Canva Pro + Grammarly for all Kenyan students – activate with .ac.ke email!,"Mwana onde bwensi Omokenya nabo aranyore epurogiramu ya Canva Pro + Grammarly, yotabobore goetera eintaneti .ac.ke!",Education,
KICD partners with NGOs to train Early Childhood Development educators on inclusive teaching methods.,Ekeombe keria getenerete buna amasomo akorosigwa (KICD) babwatanire NGOs kwegeria igoro yechisemi chiabana benasari chirengete bonsi ebe mbare noborema gose tibari noborema.,Education,
KSh?26 billion in support to boost CBC infrastructure transition.,Chisiringi? 26 chibirioni gosira amaagacho namasomo yogotamboka gochia CBC.,Education,
Learn on how farmers can get carbon payments and to foĺlow new meansof reducing climate damage..,Egera komanya buna abaremi baranyore goakanwa chibesa korwa ogotanga embeo eria egosaria rire ase akobwata chingencho chiria chioborisia obuya bogokeyia embeo eyio gochia ase rire.,Agriculture,
"This analysis reviews existing research on the impact of digital initiatives on youth in the education, agriculture, financial and employment sectors. Research ...","Okorenga oko kwobokongoria ase obokogoria bori boreo nigo gokworokereria buna etekinorochia ere eyengencho ase abasae ase omoroberio bwechisemi, oboremi, chibesa na ase ensemo yemeremo. Obokongoria ...",Agriculture,
"At the onset, the programme was designed to support Government of Kenya to implement the Agriculture Sector Development Strategy. Implementation of Phase I,.","Korwa abwo nyuma, omoroberio oyo nigo nigo orengete gokonya eserikari yaito ya Kenya goikerania obokonyi bwaye ase ensemo yoboremi. Ogoikerania ensemo yeritang'ani I,.",Agriculture,
"Husband and wife sharing together before the birth of the birth of the child and after birth, builds their relationship","Omogaka nomgina gosango amo mwensi omwana ataràiborwa na ekero aiboirwe, nkoagachere oboamate bwobonyomba",Health,
This manual has been prepared to assist agricultural extension officers and community leaders in disseminating a list of Climate-Smart Agriculture practices.,Egatabu eke nigo kegokonya abaofisa abatebereria boboremi na baria bebinyoro gokonya ase ogoetia amangana aya igoro yoboremi obuya na buna bogokorwa.,Agriculture,
"ArAre you worried of money? Stop gambling with your mental health. When you have plenty money, it compels to ""different quick ideas"" like gambling, indulging into drugs and substance abuse, but all which add more adversaries to you. Instead, seek for free financial advice which will help you in building good financial capacity for yourself","Nobwate ebirengererio igoro ye chibesa? Tiga gokora egosori na afya y'obongo bwao. Ekero chibesa chiaichoire, nigo chigokoa ebirengererio bia ""chinchera chia bwango"" buna oboche gose gotumeka amariogo yogotindi-korende ebi nigo bigokora amangana koba amabe goetereria. Ribaga riayio, rigia chinguru chi'okorigia obomanyi bwe chibesa otari gwakanera na koagacha chingencho chingiya chie chibesa. Afya yao y'obongo ney'engencho. Chora chinchera chingiya kobua obokongu bw'engaki enke.",Health,
UK implements a sheep scab vaccination and treatment program to improve wool production.,Ense ya UK negenderete kobeta chisindani etugo yechingondi nomoroberio omogima bwobobwenia gokinia rigesa riamarionya korwa chingondi.,Agriculture,
"By following this guidelines, it will be possible for women to increase their endurance capacity, and to reduce scolding in their life journey towards mental health","Ase okobwatia amorokererio aya, abakungu mbanyare gokinia okoremereria na gokeania obokongu bw'esekererio ase orogendo rwabo rwa afya y'obongo.",Health,
"In a move set to send shockwaves through the education sector, the National Treasury has unveiled sweeping budget cuts as part of the Programme Based Budget 2024/25, revealing slashes across various c...","Egekoro gekageire korenta okoamereria okonene goetera eminisitiri yechisemi, eminisitiri yechibesa yachkire konacha chisebesa korwa chinsemo chinyinge erio goikerania omoroberio oyo 2024/25, ase okworokereria buan abanto bnde bakori emesaara emenene...",Education,
The government to announce big meeting in Kenya on food in a bid to to deliberate of food health for all in the villages,Eserekali koraria okoumrana okonene ase orogongo rwa Kenya igoro yechindagera erio gosangà ase emeroberio ya obochenu ase bonsi ase ebinyoro,Health,
UNODC highlights Kenya's strategy development and shares regional best practices.,Obomo bwechinse chire chikwegambera gokinana namariogo oagotindia (UNODC) kiarokirie omoroberio buna Kenya yagendereire ase emeremo yaye na kererania ayakorirwe buya chingongo ao ao.,Security,
"Learn on insecticides used to spray livestock which don't work in healing your livestock, and the effect on human beings. (AMR) and the best usage of medicines used to control diseases on your livestock ( like poultry)","Manaya hatari ereo ekero amariogo okoa etugo yao etari gokora emeremo ase okwebwenia etugo, na hatari ase abanto. (AMR) na egera enchera engiya yogotumia amariogo agotanga amarwaire ase obotugi (buna chingoko).",Agriculture,
The push pull technology involves mixed farming like maize and desmodium ( Desmodium uncinatum) and Nappier (Pennisetum purpureum) planting..,Tekinorochia yogosegeta nigo erengete koburukania ebimeri mogondo buna ebituma amo nechingendena desimodiam (Desmodium uncinatum) ekero chinsiaga chiembusuro ya (Pennisetum purpureum) chisimekire...,Agriculture,
Good latest news. Detailed thoughts. Investigate efforts by IFAD in launching digital agriculture in Asia-Pacific. Digital agriculture...,Amangana amayia na amaikeranu. Ebirengererio bia'ime. Gokora omobaro o' IFAD's buna yechandete goikerania oboremi bwegechidichitari efforts iaria orogongo rwa Asia-Pacific. Oboremi bwegechiditchiari no...,Agriculture,
Ministry of Education introduces digital platforms to enhance communication between parents and teachers.,Eminisitiri yechisemi nkorwa ere emeroberio yogokong'ia okoererania amang'ana gati ya abaibori nabarimu.,Education,
"Government institutionts, should strengthen their investigation on the quality of foods in their wholesale markets to ensure quality foods","Orosagia rwa eserekali, ekongie chinyomba chioboringoria erio gotingia na koroberia chindagera ase chichiro chinene chiechindagera",Health,
Ministry of Education implements a formal policy supporting distance learning across all education levels during COVID-19.,Eminisitiri yechisemi nkoikerania ere amachiko erengete ogosoma goetra eintaneti ase amasomo yebirengo bionsi chinaki chia COVID-19.,Education,
"Push-pull systems, involving a plant, such as desmodium, that repels insects, and another, such as Napier grass, that attracts them, have ...","Ogosegeta omoroberio oyio, goetera ekemeri, buna edesimidiamu, ekeri ekio kegoseria ebichuni, na ekende, buna chinsiaga, echi chikobingusa, nchibwate...",Agriculture,
KNEC releases 2025 exam timetable – download from official portal now.,"Ekeombe keria ekenene getenerete amatemwa KNEC kiarure omoroberio bwamatemwa omwaka 2025, yanyore korwa KNEC bono.",Education,
"Menta health means when a person knows her or his own strength, able to endure difficulties in life, productive in his or her work and social inrerractions with his or her community","Obochenu bwobongo nekero omonto akomanyà chinguru chiaye omonyene, akoremereri amakongu yobogima, agokora emeremo eisaine, na gosanga ase ekenyoro",Health,
"Sossion urges transparency in IEBC, calls for recall of underperforming MPs",Session orure okoboria ase obwasioku ase ekeombe gia IEBC nakorwa okobori ase okoirqnigwq inka ase abachumbe baria batari gokora emeremo yabo buya.,Governance,
horticultural products through digital platforms. The project will assist MOA in developing regulations for digital agriculture. This output ...,Oboremi bwebimeri goetera ebikaranso bwegedichitari. Omoroberio oyo nokonye ensemo yeserikari ase oboremi (MOA) ikorosia amachiko oboremi bwegechidichitari . Ogoikeranigwa oko...,Agriculture,
"Announceent through SMS texts on foods and import, prepared specifically for young parents","Okoraria goetera rirube erienge riesimi ase gotoma amang'ana igoro yechindagera na okorerenta, arosire abeene ase abaibori abake",Health,
Be innovative in fish pond farming aimed at checking climate change and drought. Introduce drought resistance crops and align farming with technology.,Ogoonchoreria engencho yogokora oboremi bwechinswe chiechindani borengete ogoochoreria kwerire nemechando yaye buna eguragura/eng'era.. Egera igoro ya yembusuro ekoremereria ayio na tekinorogia ase oboremi obwo.,Agriculture,
"UN supports grassroots civic education in 1,200 learning institutions.","Obomo bwechinse (UN) ngosira chire amasomo obogesaku ome yechisukuru 1,200.",Education,
"Always boil and cool the water, which you use to prepare for the child's food to prevent diseases.","Botambe beria na gokendi amache, okoroiseria omwana endagerà gotanga amarwaire",Health,
"Receive realtime weather forecast for your area, to plan on your dairy farming, planting, pesticide application, or proper harvesting.","Konyora ogokurerwa kwa bwango ase omorakera gose etoigo nekonye ase okweroberia ase oboremi igor yogosimeka, gosiarera eriogo na nomoroberio bwokogesa ase obikeranu.",Agriculture,
"To attain purchases of food crop that promote our health, to attain buying of food crop at affordable prices and sufficient nutrition, via home based farming and markets, and programs that boost food crops..","Goikera na konya kogora endagera engiya yokorenda omobere: Kwororobia ogoikera na kogora endagera ase rigori rigiya, endagera yebirengo bisaine ase omobere, goetera oboremi bwa nka, chichiro chia abaremi, na omoroberio bweserekari bwogonyonya ayio. iii.",Agriculture,
"Àrgentina does value addition on crops, trees and livestock to ensure symbiotic approach, farms compost is maintained, attaining healthy animals, sufficient organic manure, maintaining worms that benefit land and fight against climate change among others.","Ense ya Agentina nigo egokinia oboremi boria borengete ebimeri, emete amo netugo amo erio goikerania ng'a ebimeri amo netugo mbire nekiriri, obotobu bwogondo mbogenererte kobao, goikerania afya engiya yetugo, gokonya riroba koba nobotoby bwaye, korenga amakonde aria agokonya riroba koba nobotobu bwaye erio bobwata embeo eria egosaria rire na ayande amange.",Agriculture,
Proper packaging ensure safety of products and good price. Find out diverse quality packages and sell in localmarket.,gosiba rigesa riao nigo gokorirenda buya na kogesa rigori. Rigia komanya ebinto bigosiba buya nenchera yokoonia ase chichiro chia nka.,Agriculture,
Training on efficient fertilizer use to improve soil health launched in Machakos.,Okworokereria igoro yogotumia obwoyo buya erio gokora riroba riao koba na afia nochagetwe laaria Machakos.,Agriculture,
Drugs to be kept safe from children to prevent unnecessary consumption,Amariogo onsi abekwe are na abana gotanga okonywegwa gotaganeirie,Health,
Drugs and substance abuse is a danger to mental health for women and can be ancestrial,Obobe bwogotumeka amariogo yogotindi ase afya yobongo bwabakungu nabo bokoretwa na amang'ana ao ao yororeria.,Health,
KUCCPS announced the opening of its portal for inter-institutional transfers for 2025/2026 placements targeting TVET and university students.,Ekeombe keria ekenene getenerete korangeria abana gochia eyunifasiti KUCCPS kiararirie okoigorwa emeroberio yaye yeintanetui gokonya abana baranyare gochenchia korwa eyunifasiti eye gochia eyende omwaka 2025/2026 ase abarimu ba TVET na abana beyunifasiti.,Education,
The government will start treatment centers in various places due to one person dignosed found to be infected with Mpox in the county of Taita Taveta,Eserekari gochakia ebitaseni bioborwaria ase chinsemo ao ao chiense kobwatia omonto oyomo gotoka no oborwaire bwa MPOX ase ekaunti ya Taita Taveta,Health,
"Announcement of a national corporate steps challenge using apps/trackers to promote physical activity, team cohesion, and reduced absenteeism.","Okoraria okonene ase orogongo gotumia chimbwatereri erio goserokia ebimo biomobere, okobwaterana, na gokeiya obworo",Health,
Government has urged maize farmers to plant early maturity variety during short rains season.,Eserikari nogo egosorora abaremi ebimeri biebituma biria bikwama bwngo buna enchera eyomo yogwekongia ase embure enyeng'e.,Agriculture,
"Sunken eyes, dry body and inadequate urine is sign of dehydration. Gige children water, and seek for medical attention","Amaiso are egetogomera, omonwa bwomete na amasinyoro amake nekemanyererio kiogokea kwamache omobere. Kae abana amache na rigia obogwenia",Health,
"To reduce HIV AIDS disease burden, Malaria and continued vaccination on these diseases, in y view I may say, Ksh 28 billion to the World Health Organization and 4.6 billion on vaccination plan is required","Gokeiyia oborwaire bwa Enyamoreo, Esese na Esosera na kogendereria emeroberio ye'chisindani chia ogotanga amarwaire aya, ase okorora kwane ndatebe, sh28.7 billion ase ekegancha gi'Ense na sh4.6bilion ase emeroberio ya chisindani chia ogotanga amarwaire.",Health,
Guard your animals by registering into institution that can help recover in case of risks. Learn about such groups by registering and you can contact them in csse you're at risk.,Renda enibo yao yobotugi goetra koyerika nekeombe keria kegoakana ekero mochando onde bwensi ogocha. Manya buya igoro yokwerika nebiombe ebio na buna oranyare bokwatia ogoakanwa ekero omochando okonyorire .,Agriculture,
Get inspired by example from Kitale Growers Group specila program to boost harvest and market access as well as grants in Taita Taveta.,"Ee omoyo nomogano korwa omochi o'Kitale Growers Group, omoroberio obeene ogesire rigesa aria okonyire goikera echiro yakobeso yechibesa aria omochie o'Taita Taveta.",Agriculture,
Ministry of Education launches mobile application to improve reporting and monitoring of inclusive education programs.,Eminisitiri yechisemi yaansire omoroberio bweintaneti gokinia okomanyiia na korotota omoroberio bwechisemi ase abana bonsi .,Education,
Town dwellers can plant crops. Learn the techniques of using sacks to cultivate vegetables and onions.,Abanto bamenyete emechie yechitaoni nabo baranyare korema endagera. Rigia komanya buna chisemi chiogotumia emebuko gosimeka ching'eni nebitunguo.,Agriculture,
The community should assist young women to prevent early/unwanted pregnancies by educating them on natural pregance control and to vist antenal clinics,"Eamate negwenerete koegeria na gokoonya abaibori abake chingencho gotanga oborito bwa mapema goetera kobaegeria obomanyi bw'obogima, obosemia, na goikera obobwenia bw'oroiboro.",Health,
"mechanization, contract farming is the best ecosystem to adopt digital agriculture at the base of pyramid. Its no help when the farmer cannot sell their ...","Oboremi gotumia ebiragita na tekinorochia, omoroberio omapema gati yabaremi na abagori noro omuya kegima koreta ogsira oboamate gati yabaremi na amasingira buma oboroso bwogosira abataka nabanda amo. Igokonya tikoiyo ekero abaremi abake batanyare koonia...",Agriculture,
KNCHR provides free legal aid during public forums.,Ekeombe keria ekenene kerendete oboronge bwakemwanyabanto KNCHR nkorwa kere obokonyi bwa bosa chingaki chiemesangerekano emenene.,Education,
Government procures and distributes modern technical equipment to TVET institutions to boost practical skills.,Eserikari nkogora ere na korwa ebinto biegetekinorochia gochia chisukuru chionsi chiobobundi nechisemi chiokwegendereria (TVET) kogesa chinguru amasomo yemeremo yamaboko.,Education,
Special announcement through media houses through DHS robots have confirmed reduction; warning has been issued to increase delivery services in all maternity ward centres.,Okoraria kwa beene goetera ebiombo biamangana goetera ebikaragosi bia DHS baenekirie ogokeana; ogokurerwa kwarurwe gwokomenta obokoreri bwobokonyi ase chisenta chiokogonkeria,Health,
Speeding up digital literacy in a special manner that takes care of the environment.,"Kwangoyia chisemi chiegeditari as abaremi ero koagacha omoroberio obeene as gokinia oggonchoreria as chingecho chogokora oberemi bokorenda amasingira, bamanyete ...",Agriculture,
Climate smart agriculture and transformative farming with profitable produce and is a deterrent to gas emissions that affect climate.,"Oboremi borengete ebimeri biria bikoremereria ogoonchoka kwerire na egurargura (CSA) noboremi bwokwegendereria na kogesa ebitoki, na ogwesira (ogoonchorereria gochia oboremi bwabono), ngokeia bore embeo eria egosaria rire...",Agriculture,
Always ensure to wash clean food containers for the child so as to kill germs,Botambe sibia na koberia chichupa chia abana na amagonki goita ebinyinyi otaraera omwana endagera,Health,
Young parent may be scared or fear. Dialogue with community assistance groups can be of great help to delink those fears,Abasubati abageni ase oboibori nabo bakonyora omoichano gose obwoba. Gokwanerwa okuya n'ebiombe bie obokonyi nabo kogokonya.,Health,
"Starehe Boys, Alliance Girls get security upgrade – CCTV + guards deployed!","Starehe Boys, Alliance Girls nkonyora chire amang'ana igoro yoborendi ase emeroberio yabo yoborendi, abarendi bebinto biria bikobwata ayagokoreka esukuru CCTV nabarendi batoamirwe!",Education,
Mock elections in ALL schools Dec 5 – winner gets trip to Parliament!,"Ogochora kwa bari bake gotenenera amasomo ase chingongo chinyomo ase chisukuru CHIONSI nyuma yechitariki 5 omotienyi 12, omobui nanyore esabari yogotarera Bunge!",Education,
KICD launches an online portal providing guidance and learning tips for parents to support childrenâ€TMs education at home.,Ekeombe keria getenerete buna amasomo akorosigwa (KICD) giansire omoroberio bwegeintaneti okorwa oborai buna abaibori baranyare gosira amasomo abana babo chinka.,Education,
"These resources support policymakers, researchers, and practitioners in implementing climate-smart agriculture at global, regional, and local levels.","Obonda obo nigo bogosira abarosia amachiko, abakongoria, a baria bakwegera ase ogoikerania oboremi boria bokogenda nerire ase ense engimal, chingongo, na ase ebinyoro.",Agriculture,
Nyamira County government has procured hospital assorted equipment aimed at ... Read more Updated on: 02-Sep-2025 06:12pm GOVERNOR NYARIBO ENCOURAGES YOUTH TO JOIN VTV AND TVETs FOR SELF EMPLOYMENT.,Eserikari yekaobti ya Nyamira yagorire abinto biobobwenia birengete ... Soma amange igoro ya ayabwango iga: chitariki 02-09-2025 chinsa 12:12 chiamogoroba OMOGAFANA NYARIBO OSEGETIRE ABASAE GOSOA CHISUKURU CHIOBOBUNDI (VTV) NA CHISUKURU CHIOBOBUNDI NECHISEMI CHIOKWEGEMNDERERIA (TVETs) ASE EMEREMO YOKWERIKA ABANYENE.,Governance,
NGEC educates public on GBV reporting and legal remedies.,"Omoroberio omonene bwokobeka chinguru chierisase (NGEC) ngosomi kere abanto buna obwenerete komanyi agambi ase egetambokero kia amachiko igoro yogokorera bobe omonto ekiagera are omokungu, omosacha, ekerema gose otari bwegesaku kia (GBV).",Education,
Climate smart agriculture is a new approach aimed at increasing yields in a progressive wày and have ideal harvests that are sustainable.,"Omoroberio bwoboremi borengete ebimeri biria bikoremereria ogoonchoka kwerire na egurargura nomoroberio omoyia orengete gokinia rigesa nebitoki as enchera yokwegendereria, ierio kogesa oboikeranu na ogwetenera erio...",Agriculture,
"cancer clinic has been launhed in Samburu County. Ten patients are recorded every month in samburu, and through public meeting this cancer center has been made known.",Ekeriniki giakansa giachakirwe ime yekaonti ya Samburu Abarwaire 10 bakansa kera omotinyi ngotoka bare Samburu. Ebikaranso biechibarasa biagerire kansa komanyekana,Health,
UK promotes bovine tuberculosis vaccination to protect cattle.,Ense ya UK negenderete kobeta chisindani etugo yechingondi buna enchera eyemo yokorenda chiombe.,Agriculture,
"Get the latest AATF news, impact stories, agricultural technology updates, industry feature analysis, field stories and much more.","Nyora amang'ana amayia korwa AATF, iemegano yechinguru, tekinorochia enyia yoboremi, eke chifakitori chirengete, emegabno ao ao korwa isiko na ayande amange.",Agriculture,
Kenya Defence Forces and National Police collaborate on youth engagement and de radicalization.,Amaami a'Kenya na nabasikari ba Kenya nkobwaterana bare ase omoroberio bwogokwana nabasae buna enchera eyemo yokobakania gotasoa ebiombe biogoria obongo goetera amasomo amabe.,Security,
"In addition, low literacy levels on market intelligence leads to slim market availability and poor farming resources, minerals ,nature & forestry..","Amo naya, oboremeru bwa'amang'ana igoro yobamanyi bwechiro tatangire abaremi goikera echiro na kogotei…. Oboremi, ebirengo biotobu as riroba, natural and foresty resources; (iii) ...",Agriculture,
KUCCPS opened its portal for course revision for 2022/2023 placement targeting 2021 KCSE candidates and past candidates from 2000 to 2021.,emeroberio yaye yeintanetui gokonya abana gosaba amabaga yogosoa eyunifasiti kiaigoire emeroberio yaye ase abana baria barigetie koirorera chikosi oomwaka 2022/2023 ase abari bagochia gosoa ase abana bakorire esekenderi omwaka 2021 na baria banyuma korwa omwaka 2000 to 2021.,Education,
"Discover digital tools loke M-Farm which help youthful groups understand proces and markets, climate change, expert consultancy and other online services.","Tema komanya igoro yebikoreri biegechidtari buna M-Farm ebio biranyare gokonya ebiombe bia abasae komanya igoro ya'amagori na echiro, ogoonchoreria kwerire, ogotebererigwa nabanyi, na oboererania as embeo.",Agriculture,
"Progressive land use to the extent of guarding gas emissions to skies.( through. Farming that protects the soil. A. Guard on the correct ratio of fertiliser to guard carbon, so that you harvest more..",Segeta chinchera chingiya chiokorenda riroba erio goikerania kobwata embeo eria egosaria rire (goetera. Oboremi boria bokorenda riroba. · Renda ebirengo bisaine biobwoyo ogondo erio kogesa...,Agriculture,
It's encouraging from Kitàle Growers Group a good model of harvest that increased in Tharaka Nithi.,"Ee omoyo nomogano korwa omochi o'Kitale Growers Group, omoroberio obeene ogesire rigesa aria Tharaka Nithi.",Agriculture,
Wide announcement on how counties counties are showcasing varios foods and their trademarks immediately,Okoraria ase oboagare buna chikaunti chikoorokia chindagera ao ao na ebimanyererio abwo kengima,Health,
"For instance, farming digitally and other service lines and harvesting..","Ayio buna oboonia, achibesa chiboremi goetera egedichitari, oboremi obuya nayande ebikoreri bioboremi nerigesa, ... Goonchoreria gochia oboremi bwegedichitari na obokoreri nabo ...",Agriculture,
High class course is built on a foundation of ICT4D in agriculture to add knowledge and capacity amongst staff of IFAD and...,Ogosoma oko kwaigoro nigo gokoagacha igoro ya ayabwenerete ICT4D ime ya ekosi yoboremi kwangoyia chisemi nobangaini nokobua gati ase abakoreri IFAD na ...,Agriculture,
"Inclusive awareness on technology among all gender is important to foster teamwork between men and women, the rich and poor, and to steer development in villages amongvwomen and girls.","Chisemi chia tekinorochia yegedichitari ase bonsi nechisemi boigo negento kiengencho engiya kerengete gokeiyia ogotarengangana gati yomosacha na omokungu, abanda na abataka ase kobeka chinguru amagenderero ekenyoro gati yomokungu nechinyaroka.",Agriculture,
"The rise of Technical and Vocational Education and Training (TVET) in Kenya represents a shift toward a more practical and inclusive approach to education. By focusing on skills development that directly responds to the needs of the labor market, TVET programs are helping to bridge the gap between education and employment, reduce youth unemployment, and drive economic growth.","Ogokina gwechisuckuru chiobobundi nochusi (TVET) aiga Kenya nigo gokworokia ogoonchoreria gochia omoroberio obonsi ase chisemi. Ase okorenga gokinia obobundi nochusi ebio biganeirie kegima ase echiro yemermo, amasomo a TVET akonyire goyuba oboremu gati yechisemi nemeremo, gokinia amabaga emeremo ase abasae, na gokinia obogoko.",Education,
"The Ministry of Health has launched a national Measles Rubella vaccination campaign and introduced the Typhoid Conjugate Vaccine (TCV) into the routine immunization programme. The campaign runs from 5th to 14th July 2025. The Measles Rubella & Typhoid vaccines are safe and effective. The Measles Rubella vaccine will be administered to children aged 9 to 59 months, while the Typhoid Conjugate Vaccine will be given to children aged 9 months to 14 years. The vaccines are safe and available in all health facilities and vaccination posts at no cost","Ewizara yobochenu yachakirie ekampeni yorogongo, echancho ya Misolsi, na boigo endwari yanda(TCV) ase omoroberio obotambe bwechancho Ekampeini eyio egochaka chitariki 5 goika 14 omotiènyi ogatano na gatato, 2025 Echancho ya misolsi-rubella na endwari yenda nechingiya na ekorereta",Health,
The Ministry of Education increased funding for TVET institutions to support 2 million youth enrollments by the end of 2025.,Eminisitiri yechisemi yagesete chibesa chikorechi chia TVET gosira abasae chimirioni 2 gosoa goika omoerio bwomwaka 2025.,Education,
The Ministry of Education partnered with Huawei to train 7000 TVET students in digital skills across Kenya.,Eminisitiri yechisemi yabwatanire na Huawei gosomia abana 7000 ba TVET igoro ochusi yegedichitari Kenya engima.,Education,
"Plant maize and sweet potatoes thus making maximum utility of your field, reducing pests and diseases and enjoy yields from your intercropping.","Erma ebituma amo namarabwoni (okoburukania) erio gotumia omogondo oo buya, gokeania ebichuni na amakonde, na kogarei okonyora korwa oboremi bwao.",Agriculture,
"Fund raisng here in Kenya exceeding targets of the World Organization, have increased more than 50%; that promose has been increased and grown","Omochengo aiga Kenya ase ogoetania ebirengo bia Ekeombe ekenene giense, biamentekire goetani emerongo etano ase emia; eira eyio yementirwe na gokina",Health,
"This successful arrangement, sustainable use of organic manure to address challenges in food production, focusing on food security and other issues like...","Omoroberio oyo nomoikerabu, omoroberio omotambe omotwe ase ogotumia amoyo yeubi gokora obwoereria bwenchindagera, orengete omoigoto na gokwanera amang'ana buna...",Agriculture,
IEBC launches initiatives for diaspora voter registration.,Ekeombe keria ekenene getenererete chikura (IEBC) giaansire emeroberio ase baria bakare mache ngumbu kerika chikura.,Education,
KICD seeks collaboration with private publishers to develop more digital learning content.,Ekeombe keria getenerete buna amasomo akorosigwa (KICD) nerigetie okobwaterana nabariki bebitabu bogwetenerera korosia ebitabu ao ao biegedichitari biogosoma.,Education,
CS Machogu advises parents to guide children in festive season.,Omominisita bwechisemi Machogu osemirie abaibori buna babwenerete korwa oborai ase abana babo chingaki chiemetimoko korwa esukuru nemeyega emenene.,Education,
IEBC organizes forums on election integrity and preparedness for 2025.,Ekeombe keria ekenene getenererete chikura (IEBC) yarosirie emesangererekano igoro yoboene nakwearigania ase obochori bwa 2025 2027.,Education,
KUCCPS opened its portal for course revision for 2025/2026 placement targeting 2024 KCSE candidates and past candidates from 2000 to 2024.,emeroberio yaye yeintanetui gokonya abana gosaba amabaga yogosoa eyunifasiti kiagoire emeroberio course revision for 2025/2026 ase abana besekenderi bakorete amatemwa abo KCSE 2024 basabete gosoa nabande korwa abwo magega gochakera omwaka 2000 goika 2024.,Education,
Climate-smart agriculture is a response to historical and on-going changes in climate and projected climate change. Weather and climate data are key components ...,Omoroberio bwoboremi borengete ebimeri biria bikoremereria ogoonchoka kwerire na egurargura mbore obwokoiraneria kegima as ogoonchororia kwerire ase amatuko abosio. Ebikwororia igoro yerire amo nogoonchoreria kwerire nebiengencho enene components ...,Agriculture,
KICD leads review of curricula to better integrate inclusive education principles for learners with disabilities.,Ekeombe keria getenerete buna amasomo akorosigwa (KICD) netangaine ase okorigereria buna abana bagomigwa erio korenta amo engencho yechisemi ase abana bonsi bari bare noboremaru ao ao.,Education,
"Public announcement promoting May mental health activities under theme ""Embracing Mental Wellness Through Every Generation"" across schools and workplaces.","Okoraria ase abanto bonsi inga emeremo yokoringoria obongo omotienyi ogatano inse yamarago "" Kobwatereri afia yobongo ase emeremo yonsi"" ase chisukuru nechinsemo chia emeremo",Health,
Training launched to help smallholders access digital marketplaces for produce sales.,Okworokereria gwachakire gokonya abaremi bemegondo emeke gokera echiro goetera enchera yegedichitri koonia rigesa riabo.,Agriculture,
The launch of a campaign plan to sensitise village women farmers on kitchen gardening in their homes to boost food security and to supply schools with getables,Ogochakigwa kwa beene kwomoroberio bwokoegeria abang'ina bekenyoro ase oboremi bwebiticha ase chinka chiabo komenta rigesa rioboremi bwabo erio goikerania omoigoto obo na koira ching'eni chisukuru,Health,
"KICD to ensure all learning materials, including digital, are accessible to learners with various disabilities.","Ekeombe keria getenerete buna amasomo akorosigwa (KICD) korora ng'a ebinto bionsi biganeirie ase amasomo, amo negedichitari, nkoikereka bire nabana bonsi bare noborema ao ao.",Education,
"KICD launches free digital library – over 10,000 textbooks online.","Ekeombe keria getenerete buna amasomo akorosigwa (KICD) yaansire omoroberio bwegedichitari bwebibitabu biosoma obekire ebitabu 10,000 ase eintaneti.",Education,
"The Public Service Commission reiterated that it does not charge any fee for job applications, shortlisting, interviews or appointments.","Ekeombe kiobokoreri bweserikari (PSC) mbagete boronge nga tibari gosaba besa chinde chionsi chiogokora ogotemwa kwegasi, gochorwa gose koegwa egasi.",Governance,
United Nations factsheet guiding civic groups on protecting human rights during counter terrorism work.,Egetabu kiobomo bwechinse chiria chikwegambera (UN) igoro yokorenda oboronge bwamwanyabanto chingaki chiogokinana nobokebago bwokoruta hipomu.,Security,
Senator @scherargei urges Garissa County Government to stop sponsoring ordinary mwananchi to respond to him and Focus on Service Delivery and fulfilling Needs of Garissa Residents.,Omoseneta Cheragei orure okoboria ase eserekari yekaunti ya Garissa gotiga gotoma abamenyi koboria amaborio na goikerania obokoreri ase abamenyi bensemo eyuo.,Governance,
TVETA initiates development of comprehensive digital literacy modules tailored for TVET learners.,Aborai bwekeombe keria ekenene getenerete chikorechi chiobobundi nechisemi chiokwegendereria TVETA nkobeka kere emeroberio emeikeranu igoro yechisemi chigedichitari chirengete abana ba TVET.,Education,
"996,078 candidates registered for KCSE; 1,298,089 for KPSEA.","Abana 996,078 baria bagochia gokora korika amatemwa yesekenderi ekerasi gia kane (4) 1,298,089 ba KPSEA.",Education,
Student talks on youth and civic power,Abana ngokwana bare igoro yabasae nechinguru chiabo ase obogambi.,Education,
"Children aged 1-5 needs to be dewormed after every 6 months to prevent transmission, frequent hunger and deformed growth","Abana b'omwaka 1 goika 5 mbagwenerete koegwa eriogo riebianda ase kera emetienyi etano nomo, erio gotanga okoambokeria kw'ebianda ebio biranyare korenta enchara na ogotakina buya.",Health,
"Dairy vaccination together with calves, good colostrum and special program on quality heifer and reduce mortality.","Omoroberio bwokobeta chisindani chiombe nechiomori. Amanoga amaikeranu, and na obotubi bwetugo bweriicho riengencho eyemo ngokonya bore korenta oboreni obbuya bwechimori na gokeania oroku rwechomori.",Agriculture,
AATF trust that the technological awareness shall transform farming in Africa as demonstrated in other parts of the world.,"AATF mbre nokwegena ng'a chisemi chia tekinorochia nchibe ensemo yobokoreri ase okorenta oboonchoreria as oboremi, aiga Afrika buna yabeire egokorekana ase chinse chinde chiense.",Agriculture,
Farming dependent on grant organisations against pests and diseases that affect crops. Learn about available insurance products for poultry and how to access them.,Oboremi boteneneire na ekeombe kegokonya chingaki amakonde gose ebichuni bikorenta amarwaire ase oboremi . Learn about available insurance products for poultry and how to access them. Egera igoro ebiombe ebio biogokonya oboremi bwechingoko na buna orabaikere.,Agriculture,
UK promotes bovine tuberculosis vaccination.,Ense ya UK negenderete kobeta chisindani chiendwari yekuba ekene ase etugo,Agriculture,
Announcement on education after compiling service delivery report and awareness no good eating habits and home economics,Okoraria igoro yamasomo nyuma yobokoreri kobekwa amo nechisemi chiokoragera okuya na okorereta ase chinka,Health,
President Ruto In Kiambu: President s tour of Mt. Kenya marred by local politics Kiambu Governor calls for respect among local leaders President Tuto says Kenya on path of economic recovery,abarainhosikana na Ruto goteba Kenya nere ase enchera engiya yokorosia okonyora kwaye.,Governance,
"A plàn that identifies and aligns agriculture and climate change, farming regulation, challenges, costs ànd benefits together.","Nomoroberio bwemeremo orengete goatanana na koreta amo oboremi obuya boria bokogenda nerire na amachiko oboremi, ogwatanana obuya chinsemo chionsi, rigori , emechando na obuya boigo...",Agriculture,
"early) and practices such as push-pull technology i) Cultural control, such as weeding ii) Physical control iii) Biological control iv) Chemical control.","gotanyorwa) na kwegera ayarengete tekinorochia yoboremi bwabono i) enchera yaito yekienyechi buna koburugera endare, ii) gotanga rosana komera ase ebimeri, iii) gosiarera amariogo iv) na korenda buna amariogo agotumeka.",Agriculture,
"Climate smart agriculture and crop resilience is a program aimed at inculcating farming, harvests and food security as a swift response to climate change and avert the consequences. .","Omoroberio bwoboremi borengete ebimeri biria bikoremereria ogoonchoka kwerire na egurargura nomoroberio erengete kobwatania oboremi , rigesa amo na omoigoto bwendagera buna riiranerio gochia oggonchereria kwerire na gotanga omochando oyio, erio...",Agriculture,
TVETA conducts specialized training workshops for instructors to update skills and curriculum delivery methods.,Aborai bwekeombe keria ekenene getenerete chikorechi chiobobundi nechisemi chiokwegendereria TVETA koba ere nokwegeria kwabeene gokinia amasomo abarimu nenchera yogomia amasomo yochusi.,Education,
Ministry schedules workshop on irrigation best practices in ASAL regions.,Omoroberio bweminisituri igoro ogosiarera amche mogondo buna ekiorokererio ekiya aaria chingongo chinyomo (ASAL),Agriculture,
"Beer and smocking increases blood warmth. When you are at home, reduce taking beer and smocking","Amarwa n'esigara nigo bikomenta obokong'u bw'okonyora riberera riamanyinga. Ekero ore inka, keia konywa amaru gose konywa esigara.",Health,
Teachers Service Commission (TSC) launches a program to equip primary school teachers with advanced digital skills.,Ekeombe keria ekenene kia abarimu (TSC) giaansire omoroberio gokongia abarimu bechisukuru chioboroso nebinto bobwate omoroberio bwochusi yegedichitari.,Education,
Scientific agriculture is important in reducing food insecurity in drought regions of Africa. There is high need of GM technology.,Obosayansi bwa oboremi nobwengenho enene as ogkei obremu bwendagera aiga orgongo rwense enyomo iga Africa. Neganetie ekinorochia ya GM,Agriculture,
Announcement on collaboration with th county of Makueni with the World Organization on foods through awareness policy,Okoraria okobwaterana na ekaunti ya Makueni na ekeombe ekenene giense gwechindagera goetera amachiko yokoraria na korosia ebitambokero bioborendi ase chindagera ase chinsagia ao ao,Health,
CBC forums in all counties in February.,Ebikaranso igoro yesisemi chirengete okobua kwomwana (CBC) mbikoreke chikaonti chionso 47 forums in all counties in February.,Education,
"The Ministry of Education, through the State Department for Technical and Vocational Education and Training (TVET), revealed diploma courses which have high job demand. Despite many students rushing f...","Eminisitiri yechisemi, goetera ebiombe bieserikari igoro yobobundi nochusi (TVET), mbaorogetie ng'a chikosi chiedipuloma nchire nokogania okonene neribaga rigiya riemeremo. Nonya abana abange bagetie...",Education,
Register your group? Follow this guidelines and dynamics of registering a cooperative society.,Korika ekeombe kiao?Bwatia omoroberion oyo komanya omoroberio bwamachiko no okogenderera ase okorika ekembe kiao ase obomo bwebiombe Kenya.,Agriculture,
Children who develop speaking difficulties or in pronouncing words can also lead to difficulties in reading thereafter. Seek for urgent medical attention from children's doctor,Abana bari babwate obokongu ase ogokwana gose goatora amang'ana nabo eranyarekane koba akongu ase bare gosoma boigo. Rigia obokonyi korwa omonyagitari bwa bana bwango komanya na komobwenia.,Health,
CDC to lauch a campaign to support hand washing as a measure to prevent spread of disease,CDC gochaka ekampeini ya ogosiira gosibia amaboko erio gotanga okoambokeria amarwaire.,Health,
NCCK urges swift reconstitution of IEBC to empower electorates in MP recall efforts,"Ekeombe ekenene giechikanisa ime ya kenya NCCK, kiarure okoboria okorosigwa kwq bwango gwekeombe kiobochori nechimbebe ime yense erio korwa chinguru ase abaaaki chikura ase omochumbe arangeirie chinguru.",Governance,
Attending the antenatal clinic always for your pregnance test is helpful in identifying any problem earlier for management. Maidens have been allowed to to take children to clinic to investigate the growth of the child and weigh,Goikerania ekeiriniki chingaki chionsi na korengwa oborito bwao nigo egokonya komanya obokongu bonde bwensi bore bwango. Abareri baeirwe chinguru kogende ekeriniki korenga ogokina Kwabana babo kera omotienyi,Health,
The Kenya Institute of Curriculum Development announced reforms to TVET curricula to align with industry needs for 2018/2019.,Ekeombe keria getenenerete korosia amasomo nebigosomigwa (Kenya Institute of Curriculum Development) kiararirie oboonchoreria bwamatemwa ase amasomo a TVET korengana nokogania gwechifakitori omwaka 2018/2019.,Education,
"Signs of Mpox include fever, skin rushes and swollen nodules.","Ebimanyererio bia Mpox nigo bire buna rikuba, upele, okobimba chingw'eno. Genda nyagitari kegima ekero kwarorire ebimanyererio ebi ase ore.",Health,
Ministry of ICT organizes nationwide ICT week with focus on education technology innovations and digital skills training.,"Eminisitiri Yamangan, Gokwanerana na Egetekinorochia (ICT nkoroberia ere egwiki erengete chisemi chigetekinorochi nobomanyi oboyia amo nakwegeria igoro yochusi yegedichitari.",Education,
Azimio urges President Ruto to sign IEBC Bill 2024 into law,Ekeombe giazimio kiarure okoboria gochia ase omorai bwense William Ruto kobeka eseyi eng'ana yabunge igoro ya IEBC 2024 koba richiko.,Governance,
Some foods can be harmful to young children. Observe signs and change foods for the child,Chindagera chinde nabo chikorenta obobe ase ebingwerere Rora ebimanyererio na onchoreria endagera,Health,
"Ksh 10,000 bursary per student released to all 47 counties – check with your CDF office.","Chisiringi 10,000 chiogokonya abana chiarurwe ase abana bonsi 47 ime yechikaonti, manya korwa ofosi ya CDF yao.",Education,
The government has annouced issuence of quality foods to aschools and homes in a buid to take care of the breast feeing child,Eserekali yararirie okorwa gwechindagera chiebwate ebirengo ebiya ase emebere ase chisukuru na ase chinka erio korenda omwana okogonka,Health,
This part has a challenge in market access for many farmers due to poor infrastructure and comparative information. Uganda...,Ensemo eye nere nobokong'u ase ogosoa echiro gati ya abaremi abange mono kobua bari risabu ase engencho gotaba nechiara chingiya amo nechinyomba chibogachi bwerisegesa riabo na buna bakonyora amang'ana ase oboreng'ananu. Uganda's ...,Agriculture,
Wash your hands with soap befior handling a baby to prevent diseases,Sibia amaboko ao ase amache nesabuni otaràbwata omwana gotànga oborwaire,Health,
Take care of your child's ears for being careful how you administer heavy drugs to it,Renda amato yomwana korwa ase amariogi amanene,Health,
"Good farming practices has changed the face of agriculture targetting markets digitally, other technology, contribute to release of data and...","Oboremi oboikeranu, amangana igoro yoboremi na ogoikerania oboremi bwegechidichitari nechiro, agti y tekinorochia chinde, nigo bigoikerania omobaro bwegechidichitari na",Agriculture,
"The organization for most dpendent medicine, will suspent distribution of this important drugs from USAID, whose decision will affect distribution of malaria and HIV AIDS drugs","Ekeombe Kia Amariogo aria aganirie mono, gotenenia okobagwa Kwa amariogo yeng'encho korua ase USAID, egetambokero keranyare koreta obokong'u ase okobagwa Kwa amariogo a Esosera na Enyamoreo.",Health,
The government has launched issuense of nets. The government is targeting issuing treated nets 15.3 million,Eserekari yachakire korwa chineti. Eserekari nigo erengete korwa chineti chire neriogo rigoseria chiumbu 15.3M,Health,
Campaign on agroforestry launched to promote ecosystem conservation.,"Gosegeta obomanyi bwoboremi bwa okoburukania ebimeri mogondo nochagete erio goikerania obokonyi tokonyora korwa ebitoonchokanaine buna riroba, amache namanani.",Agriculture,
"Ministry of Education, in partnership with industry leaders, launches online STEM mentorship for high school students.","Eminisitiri yechisemi, ase okobwaterana nabarai bechifakitori, baansire amasomo ogokonya Egesansi, Egetekinorochia, Oboinchinia amo Nechibabu ( STEM) ase abana bechisekenderi chia igoro.",Education,
Children exposed to cigarette smoke develop lungs problems and breating problems,Abana bakongusa amarioki nkonyora bare amarwaire ya amayaa na okoeyana,Health,
Carry with you devices to support the neck of the child when carrying it on journey. Do not cover the face of a child.,"Bogoreria omwana ebibekerero bigosira ebigoti na ebinama. Botambe obosio bwomwana bororekane, tobotuba.",Health,
"Sharing a bed with a child, make sure that, ????","Gosanga egetanda nomwana, enekia ribaga ritingi, omoeya, chipilo chitaiyo gose ebirarero bitàriri",Health,
Presents the national strategy for preventing and reversing radicalization.,Nkorwa kere omoroberio bwense gokongia abanto gwetanga gosoa obokebago namasomo agosaria obongo.,Security,
Highlights youth musicians promoting civic action,Manyekania abasae baria ababugi chingero bagosegeta ebikoro biobogesaku.,Education,
"Extension on the burn of large gatherings to the month of May 29th, in a bid to reduce Covid infections.","Ogokanwa kwemesangererekano ao ao gosukigwa goika omotienyi o gatano 29, erio gokeyia Covid 19",Health,
Cabinet Secretary Ezekiel Machogu announced that the government will no longer fully fund public universities and colleges,Omowaziri bwechisemi Ezekiel Machogu natebete ng'a eserikari bono tekorwa gose goakanera chiyunifasiti nechokorechi chibesa chionsi,Education,
"Maids are required to wash their hands with soap, before holding a child, once they have finished reming them napkins/pampers and before feeding them to prevent infections","Abareri nigo babwenerete gosibia amaboko amo n'esabuni, batarabwata abana, ekero bakorire kobarusia ebitangachabu na ekero batarabarageria erinde gotanga chindwari.",Health,
Children under 6 months get water required for their bodies from the milk of their mother. Giving the child water that is not clean may cause infections,Abana abare inse yemetienyi etano noyomo nigo bakonyora amache onsi ayare aganeirie korwa ase amabere aganeirie ase emebere yabo korwa amabere bakogonka. Kobaa amache nigo gokomenta obokong'u bokwambokerigwa.,Health,
IEBC partners with broadcasters to air voter awareness content.,Ekeombe keria ekenene getenererete chikura (IEBC) kiabwatanire nabararia amang'ana gatangasa buna chikura chigoakwa.,Education,
"All underweight children at delivery, Obokoreri korwa Mama Kangaroo, such children should stay close/intact with their mothers for bodily warmth to the child, andgood breast feeding in cring for child's life","Ase abana bari baiboire nechikiro chinke, Huduma ya Mama ya Kangaroo - ogokunana kw'omobere nkoganeirie erio komenta riberera riomobere, okogonka okuya, na komenta obogima.",Health,
Mosiria urges residents to help unblock drains as rains cause flooding.,Mosiria obaboririe abamenyi gokonya ase okoigora emetaro yogoetia yamache asengecho embura nabo ekoreta amache yeora nemegoko.,Governance,
"The ""push-pull"" approach can be changed by weather patterns and control fall army worms infestation, Spodoptera frugiperda ( J E Smith ) in maize within E. Africa, crop protection, 2018. CAB..","Oboremi amo nebimeri binde buna edesimodiam ngotanga ere amakonde buna chingeti gocha mogondo echio agosaria ebomeri, Spodoptera frugiperda (J E Smith), in maize in. East Africa. Crop Protection, 2018. CAB ...",Agriculture,
Special announcement on the plan to cultivate kitchen gardens to promote healthy eating in government primary schools in nairobi,Ogochika kwabeene igoro yomoroberio bwokorema ebiticha bwechinyeni chinka na okoragera okuya ase chisukuru chioboroso chieserekari omochie o Nairobi,Health,
CBC lessons on Radio Taifa from 10 AM.,Chisemi chirengete okobua kwomwana (CBC) goetera Radio Taifa korwa chinsa 4 chia mambia.,Education,
"Effective labour management ensures productivity and worker welfare. Learn about hiring, training, and fair treatment practices.","Effective labour management ensures productivity and worker welfare. Learn about hiring, training, and fair treatment practices.",Agriculture,
"Special announcement to increase foods rich in folic for more than 160,000 young people","Okoraria kwa bene gwokomenta chindagera chibwate foliki ase abasae goetani 160,000",Health,
KEMNAC urges greater Muslim representation in government after IEBC appointments.,KEMNAC kiarure okoboria ase abaisilamu kobwatanigwa ase emeroberio yeserekari nyuma yogochorwa bene ase abateneneri ba IEBC.,Governance,
Announcement on government collaboration with NGOs to encourage schools and homes to on body and mouthe healthy and more advice,"Okoraria gwokobwaterana gweserekari nebiombe bitari bieserekari erio gochakia emeroberio yogosegeta ase chisukuru nechinka korenda obochenu omebere, bwomonu na obosemi bwobochenu",Health,
"AATF are encouraged to begin effective trainings especially on indigenous foods in Africa, more so drought resistance crops or wet lands as a major part of their service.",AATF mbasegetetwe korigereria igor yogochaka amasomo igoro yoboremi obikeranu / obonuke borengete chindagera chia aiga nka Afrika kobua mono chiria chikonyara koremereria omopgaso omonene gose embura enyinge buna ensemo enene yobokoreri.,Agriculture,
Expectant mothers should get vitamin A after delivery to help in building their body immunity and increase milk,Abangina goika bànyore ebitamini A nyuma yokoibora gotingia obonyamasi na kogesa àmabere,Health,
Ministry of Education launches mobile learning units to reach out-of-school children in remote rural locations.,Eminisitiri yechisemi yaansire omoroberio bwegeintaneti ase chinsemo gete gosomia goikera abana baria batari chisukuru chinsemo chiebinyoro bire risabu.,Education,
Teachers Service Commission launches a digital resource bank with lesson plans and teaching aids for all subjects.,Ekeombe keria ekenene kia abarimu giaansire omoroberio bweokobeka ebinto bionsi biogosomeria abana amo nemoroberio yogosomia ere nebinto buna chipicha bigokonya abana ase amasomo.,Education,
"Conduct worm farming to make organic manure, preserving indigenous trees, making hedges around your farm to guard against invasion by wild ànimals, and diversify crops and livestock.","Kora oboremi boria bokorenda gose kogesam amakonde ase riroba aria okorosia obotobu, korenda emete yekienyeji, gitera ebimeri biao tibisarigwa netugo gose chingiti chinde chiorosana, burukania ebimeri mogondo gose gotuga etugo ao ao.",Agriculture,
The Interior Ministry and IPOA launched a comprehensive police reform framework emphasizing oversight and streamlined complaint mechanisms.,Ewizara yoborendi bwa ime na ekeombe keria gietenererete kia abasikari (IPOA) mbaansete omoroberio omonene bwokoreta oboonchoreria ase obokoreri bwa porisi na kobeka chinguri obomongeri nenchera engiya yokomanyia okwemurungania kwa abanto.,Security,
The Minstry of health has launched a plan to distribute mosquito nets in Tana River county in response to high malaria disease burden there,Ewizara ya Oborwaria yachakire omoroberio bw'okobaga chineti chiechiumbu ase ekaunti ya Tana River erinde korwania Esosera ase chinsemo chia okonyarekana okonene Kwa endwari eye.,Health,
Voter education workshops begin in all public secondary schools.,Emesangerekano yogosomia buna chikura chigoakwa ngoansa ere ase chisekenderi chiserikari chionsi.,Education,
Ministry of Education deploys interactive online simulations for science experiments to support practical learning.,na deploys interactive online simulations for science experiments to support practical learning.,Education,
Draft National Policy on CPD for TVET Trainers released for public participation.,Rika Amachiko Amanene arengete okomenta amasomo (CPD) ase baria bwakegera obundi nechisemi chiokwegendereria (TVET) arurwe isiko gokonya abanto korwa ebirengererio biabo.,Education,
"WSWS detailed mass mobilizations following a blogger's custodial death, marked by tear gas, water cannons, arrests, and teacher solidarity strikes.","Ekeombe ekene giense getenenerete oboitoni bwegesiasa, na buna omoganda omonene ogotenenerwa goetera obokoreri beintaneti (WSWS) nkiarigete ase oboikeranu buna abanto barangereretani ekero omoriki amangana bwogwetenenera akwete ase amabko abasikari, abatekaine nokorasa ebinto bierioko, amache abwate easidi, okobwatwa, na abarimi buna bagirete egasi ase kwogokwa kwoyomwabo.",Security,
Branding vegetables in the market helps in identification. Learn on how best to brand package your produce to sell faster with ease.,Gosiba chingeni as amarieta abo as echiro ngokonya ere goatanana ching'eni chiao. Egera buna oranyare kobekera ching'eni amarieta erio gokonya gosoa ase echiro buya kegima,Agriculture,
"IPOA referred multiple misconduct cases to the DPP for legal action, aiming to convert oversight into convictions.","Ekeombe keria gietenerete korigereria buna abasikari bagokora emeremo yabo (IPOA) nkiaorogetie maiso marore buna ekina kiagambetwe bobe aaria Mombasa, nagosaba ng'a obomaiso marore amo enchera yokorwa egesusuro",Security,
"TSC advertises 24,000 intern teacher positions for junior secondary schools.","Ekeombe ekene kia abarimu (TSC) kiararirie amabaga 24,000 ase baria bagochia gosomera obwarimu bwechisekenderi chia inse.",Education,
TSC November salary paid with 13% increase – check your M-Pesa now!,"Ekeombe ekene kia abarimu (TSC) omosara bwomotienyi 11 noakanetwe nechibesa chiagoro 13 igoro yemia, rigereria M-Pesa yao bono!",Education,
Digital tools can bring a huge difference between small scale farmers and large scale farmers to attain transformative food crops.,Ebokoreri bwegechidichitari mbinyare koreta ogoonchororeria gati yabaremi bemegondo emeke naboigo abemegondo emene goikerania omoroberio oboererania bwendagera.,Agriculture,
"TSC hires 20,000 new JSS teachers – contracts start January 2026.","Ekeombe ekene kia abarimu (TSC) nkorika kere abarimi 20,000 abayia besekenderi ya inse JSS, ekonda eye nigo egochaka omotienyi omotng'ani 2026.",Education,
Eating foods that are rich in iron stabilizes blood when the mother is breast feeding and also contributes to growth of the child born,Koria chindàgera botambe chibwate amadini yechuma ngotanga chire ogokeà kwamànyinga omobere ekero omongina akogonkia naende yaenekia ogokinà kwomwana oiboirwe,Health,
"TSC promotes 16,000 teachers to senior grades effective January 2026.","Ekeombe ekene kia abarimu (TSC) giakinirie abarimu 16,000 gochia ebiredi biaigoro gochakera omotienyi omotang'ani 2026.",Education,
Lessons have been initiated to help small scale farmers to reach markets digitally for their produce.,Okworokereria gwachakire gokonya abaremi bemegondo emeke gokera echiro goetera enchera yegedichitri koonia rigesa riabo.,Agriculture,
"Town dwellers can plant crops for food. Learn how you can use sacks to plant vegetables, avocado and goat rearing.",Abanto bamenyete emechie yechitaoni nabo baranyare korema endagera. Rigia komanya buna chisemi chiogotumia emebuko gosimeka ching'eni na nogosimeka chiabokado na gotuga chimbori.,Agriculture,
Campaign in Kenya regions to provide vitamin A to children under 5 years and prequent vaccination,Ekampeini yorogongo rwa Kenya korwa ebitàmunusi A ase abana inse miaka etano na echanjo ya botambe,Health,
Thousands of children return to school after 9 months closure.,Chirifu chia abana bairanire esukuru nyuma yemetienyi 9 yogosiekwa gwechisukuru.,Education,
TSC January 2026 salary paid early + 25% housing allowance – check bank!,"Ekeombe ekene kia abarimu (TSC) omosara bwomotienyi omotang'ani 2026, 25 ase emia chibesa chienyomba yokomenya, rigereria ekagancha kiao kiebengi!",Education,
Five people have been found infected with Mpox herein Kenya. One patiemnt has been reduced,Abanto batano batokire babwate oborwaire bwa Mpox igaa Kenya. Omorwaire oyomo orusananigwe,Health,
Teachers Service Commission launches mentorship program pairing experienced teachers with new recruits for skills transfer.,Ekeombe keria ekenene kia abarimu yaansire omoroberio bwokwegeria abarimu baria bare nobomanyi ase okobukania baria basoire emeremo koenana ochusi yogosomia.,Education,
Young girls who get early pregancy should be encouraged and be supported to carry one with their studies once they deliver,Abana abanyaroka babwatire oborito na baiboire mbabwenerete koegwa omoyo na kobwatwa okoboko egere bagenderere nechisemi chiabo chia motwe ekero baiboire.,Health,
Field services offer digitàl sensitization on farmers in Bungoma.,Omoroberio bwobotebereria nore neribaga rigiya igor yobosemia bwegechidichitari ase abaremi ba' Bungoma.,Agriculture,
"Climate change multiplies the challenges of achieving the needed growth and improvements in agricultural systems, and its effects are already being felt.",Ogoonchoka kwerire nigo gokomenta obokong'u ase ogoikerania ogoikerania ogokina koganeirie ase ogokerania emeroberio oboremi ase ogkeania obong'u bwarorekanire kobao.,Agriculture,
Meet with others to build good relationships with people as important for your mental health.,Umerana n'abande erio obe ensemo y'obogisanio obuya. Okoagacha obogisangio obuya n'abanto nigo kore okuya ase afya yao y'obongo.,Health,
Kenya continues influencing control of diseases and promote good animal health.,Kenya negendererete gosegeta ogotanga amarwaire yetugo ase afia engiya yetugo.,Agriculture,
Summary: Best Farming Practices in Kenya: A Pathway to Sustainable Agriculture in 2025,Obweng'e: Chinchera chingiya chioboremi aiga Kenya: Ekebao gochia oboremi bwokwegendereria omwaka 2025,Agriculture,
Knowledge about mental health disorders for men is of great importance because they are the people on whom every daily home problems. Studies have confirmned that men are in need of mental health more than women. This is because men are are not open to reveal their weaknesses,Obomanyi bwoborwaire bwobongo ase abasacha nobwengencho enene ekiagera nabwo bakoomerana na amangana amange ase chinka. Obotuki bwakorirwe bwaorokirie ng'a abasacha mbare ase ogosaba obokonyi obochenu bwobongo kobua abangina. Eye nase angencho ng'a mara aange abasacha mbari basiboku koorokia obogengeru bwabo,Health,
"At Muhomo Primary School in Lugari, World Vision and government stakeholders provided educational tablets preloaded with literacy and numeracy software (ABRA).",Chikombiuta chinke chiakoboko chibekire amasomo kogokonya komanya chinamba (ABRA),Education,
The Ministry of Health confirmed the importance of polio vaccination after two children dying from polio,Ewizara ya obochenu yaenekeirie abaibori obuya bwa oborendi ase echancho nyuma yabana babere gokwa korwa echacho ya polio,Health,
"It's required thay climate smart agriculture and crops resilience enter a system of best practices, issuance og government grants. To achieve this, CSA regulations upon farming systems ought to be followed especially on crops resilience with regard to climate change..","Neganeirie ng'a moroberio bwoboremi borengete ebimeri biria bikoremereria ogoonchoka kwerire na egurargura osoigwe as omoroberio bwa amachiko oboremi, koegwa chibesa chibacheti yeserikari na ase emeroberio yesirikari. Goikerania aya, CSA amachiko igoro ya Omoroberio bwoboremi borengete ebimeri biria bikoremereria ogoonchoka kwerire na egurargura goika ...",Agriculture,
"As surprise on the outbreak of monkeies disease MPOX, the Ministry of Health has promised to provide two million vaccination before year end","Buna ogokumia kogendererete igoro yogoateka kwoborwaire bwebikondo, Ewizara yobochenu yarure eira korwa echancho chimirioni ibere nyuma yomwaka",Health,
"4th floor, farmer's bank, 162 Independence Avenue, Abuja Nigeria telephone +234 94 605480; aatf@aatf-africa","Enyomba ya igoro ya kane yebengi yo'oboremi, 162 oboeto bwobosibore omochie ogati bwomochie bwa'Abuja Nigeria enamba yesimi: +234 9 460580 .....",Agriculture,
"When farmers follow a system of supply in their harvest and to take guard , sellers and buyers bring satisfaction and security of their harvest. Learn on record keeping makes it easier to track beans from field to markets, enlighten both buyers and consumers..","Ekero abaremi bakobwatia okoererania kwerigesa riabo na korenda ebirengo biganeiries ase rirorio nigo ekorenta , abagori na baria bakogora nigo ekorenta ogoisaneka na oboremu ase rigesa riabo. Egera buna omoroberio omoronge bwokorika emeroberio yao yoboremi amo nerigesa riechingende korwa mogondo goika echiro, kogokia baria bakogora na koria.",Agriculture,
National Counter Terrorism Centre invited public contributions for artificial intelligence solutions to counter online radicalization and self recruitment.,Ekeombe keria ekenene gekorwania obokebago bwokoruta chipomu (NCTC) nkiaariganetie ebirengererio korwa abanainchi korigia amachibu igoro yechisemi chia pandia buna enchera eyemo yokorwania obokebago bwogosaria ebirengererio goetra eintaneti na na kwerika barabwo abanyene gochia ase obosaria obwo.,Security,
KTTC renamed to focus solely on training TVET instructors.,Ekorechi yabarimu yobobundi KTTC yarokirwe erieta riyia erio korenga gosomia abatimu bechisemi chiobobundi TVET chioka.,Education,
Recent survey shows that farming transgenic Pod Borer Provenant (PBR) Cowpe don't interfere with environment or livestock.,"Obokongoria bwa bwango iga bwaorokirie ng'a korema ekemeri kia transgenic Pod Borer Provenant (PBR), Cowpe mbori gosaria ebire bitoonchokanaine buna emete gose ching'iti.",Agriculture,
"The Mionistry of Health has launched a campaign vaccine on Misolsi, and also stomach disease (TCV) in its daily vaccination routine. This campaign will commense on 5th - 14th March 2025","Ewizara yobochenu yachakirie ekampeni yorogongo, echancho ya Misolsi, na boigo endwari yanda (TCV) ase omoroberio obotambe bwechancho. Ekampeini eyio egochaka chitariki 5 goika 14 omotiènyi ogatano na gatato, 2025 Echancho ya misolsi-rubella na endwari yenda nechingiya na ekorereta",Health,
Parents and guardians establish secondary schools for KCPE 2023 candidates.,Abaibori nabakonyi bande baansire koagacha chisukuru chiesekenderi ase abana bakorete amatemwa KCPE 2023,Education,
"""80% of votes went to this government and we don't make noise. Treat us as good people."" Tharaka Nithi governor Muthomi Njuki urges national government to fulfil commitments on county projects.","Chikura 80% nigo chiachiete ase eserekari eye naende stories goaka eriogi, ase igo toilet buna abanto abaya. aya namang'ana aye omogabana o'tharaka muthomi njuki. Oboririe eserekari enene goikerania amagenderero aria barieretwe chiira buna abanto bekaunti eyuo.",Governance,
The National Counter Terrorism Centre and the EU expanded campaigns to mobilize Kenyans against violent extremism.,Ekeombe keria ekenene giokorwania obokebago bwokoruta chipomu (NCTC) amo nobomo bwa'Bongeresa (EU)mbagareetie chinkwana chiabo ase ogosegeta abanto ba Kenya korwania obokebago bwokoruta chipomu.,Security,
It is important for expectant mothers to prepare for the coming child to avoid any eventualities,Abangina bagochia kogonkia babeke ange ebinto bionsi biomwana omotiènyi ogatano na kabere ase mobasokano onde bwonsi,Health,
Ministry of ICT and Teachers Service Commission organize national ICT conference for teachers.,"Eminisitiri Yamangan, Gokwanerana na Egetekinorochia (ICT) nekeombe ekene kiabarimu (TSC) barobeirie omoroberio omonene bwokoumerana igoro Yamangan, Gokwanerana na Egetekinorochia (ICT) ase abarimu.",Education,
Increase poultry yields by cross breeding with hybrid Cockerel and indigenous breeds to bring up a better breed in poultry house and good management.,"Gokinia ebitoki ase oboremi bwechingoko ase enchera ya ogokeborana embusuro yaye ase engencho yengoko entwoni yegredi as engoko yekegusii korenta embusuro eng'a, okorageria, egesumu gwechingoko, na oborendi obuya.",Agriculture,
"A program by Silvo in Brazil, has brought together livestock and tree planting, reduce felling of trees, to increase carbon absorption.",Omoroberio o'Silvopastoral aaria Brazil oretire amo etugo na emete erio gokeania okonacha amanani yemete kogesa okobwata kwembeo eria egosaria rire.,Agriculture,
"Creating awareness in the whole community thriugh diftal communication, on family problems, encouragers can promote eating horticultural producs","Koraria ase orogongo orogima goetera egedidichitari, family problems, na abasegeti ase okoria amatunda nechinyeni",Health,
IEBC Formation Push: ODM urges court to dispense with IEBC cases Party also warns members supporting competitors,Ogosegeta gwokorosigwa gwekeombe kiobochori nechimbebe: ODM yarure okoboria ase ebigambero gokorana ebina biria bibwateranetie ekeombe kiobochori nechimbebe IEBC. Ekeombe ekio boigo kiarure ogokurera ase ababwatania baye baria bakobwatesia abaamererania baye.,Governance,
"Animals like dogs and cats puppies use sniffing skills to know what food they're given ,in a tassled relationship.","Etugo buna chisese gose ebimoni nechimanu chiabo nigo bigotumia omonyonk ao ao komanya endagera bikoogegwa, ase oboamate obo bwokong'usanana. Ituko amo na...",Agriculture,
Encouraging farmers living with HIV AIDS is very important step to ensure continuity of farming in their homes,Gosegeta abaremi bamenyete na enyamoreo negetambokero kiengencho ase okogendereria oboremi nechinka,Health,
"Many farmers depend on digital services, especially technolojical releases using their mobile handsets to reach out on more information.","Abaremi abange mbesimegete ase obokoreri bwegechiditchitari, mono baria bakonyora obokoreri obo goetera enchera ya tekinorochia goetera chisimi chiabo, erio goikera amanga'na aya.",Agriculture,
"Include foods rich in iron spinach, liver and beans to maintain blood in the body","Burukania chindagera chibwate echuma buna esipinachi, rini na chingende gotanga ogokea kwamanyinga",Health,
"Nationwide curview. Starting this evening, to dawn, has been extended by 21 days more in a bid to reduce Covid 19 transmission","Richiko riogotasoka isiko ase ense engima, gochakera morogoba, goika bwakiire, riamentirwe amatuko 21 erio gokeani okoambokerigwa gwa Covid-19",Health,
Kitui County residents have been urged to take advantage of the projected El-Nino rains to plant more trees to increase the tree cover in the arid and semi-arid county.,abamenyi ime yekaunti ya kitui baborigwe koimokia ribaga riogosimeka emete chingaki embura enyinge ya elnino ekageirw gochiangotwa. erio gokinia amanani ase chinseemo echio chieroro nonya nchira chibwate embura enke.,Governance,
Ministry of Education organizes a national STEM entrepreneurship week with workshops and innovation showcases.,"Eminisitiri yechisemi nkoarigania ere rituko riogochengera na gosegeta chisemi, koboa abana emioyo STEM entrepreneurship week with workshops and innovation showcases.",Education,
National Treasury launches budget literacy training to promote transparency.,Ekegancha ekenene giansire gosomia abanto igoro yobobagi gosegeta obomaiso marore.,Education,
A trauma-support hotline staffed by psychologists was launched to assist survivors and witnesses of protest violence.,Egetuo kiogokonya abachandeku bebirengererio kiabetwe abanyagitari ba bosa goetra enamba yesimi nkiaansetwe lgokonya abwo nabasaiti babo.,Security,
Announcement of food services development and artificia inteligence developed purposed to serve old men and maidens,Okoraria kwobokoreri bwechindagera na okogenderera na obomanyi bwa'kebonde yarosigwa ase engecho ya abagaka na abareri,Health,
Agriculture insurance by institutions during floods and drought that affect crop and livestock is important to cushion farmers against any risks. Learn on how you can get insured in dairy cows and how you can contact them.,Oboremi boteneneire na ekeombe kegokonya ekero kieguragura gose omobaso ogsaria ebimeri gose netugo nobwengencho. Egera igoe yobokoreri bereo as yebiombe ebio as abaremi betugo na buna orabaikere,Agriculture,
"Multiple immunizations are not allowed. One you have been immunized, you are issued with a COVID-19 certificate from the web of the Ministry of Health","Kobetwa chisindani cao ao teancheiri. Ekero kwanyorire esindani, nabo okonyora esatibigeti yao ya COVI-19 korwa ase omtandao o MOH https://portal.health.go.ke",Health,
"The CSA approach is built on the context, technology and on transformative agriculture, which focuses on transparency in enjoining..","Enhera ya CSA nigo yayyagachete ase ebirengererio, chitekinorochia na okomanya kwoboremi bwokwegendereria, korende mono nigo bomoregete kobwatania ayaikeirwe na ase...",Agriculture,
"Agriculture remains the cornerstone of Kenya's economy, contributing substantially to its Gross Domestic Product (GDP) and workforce. Insights from the 2024 economic survey indicate that theagricultural sector bloomed with a seven per cent growthwhile other sectors like manufacturing and energy experienced a slowdown. However, the sector faces significant challenges from unsustainable farming practices, including land degradation, low yields, and food insecurity. Embracing sustainable agriculture is a vital solution to these issues, offering a pathway to ensure food security while fostering economic prosperity.","Oboremi mbotigarete koba esiro enene yobogoko bwense yaito Kenya, bogotugeka okwegendereria kwobogoko bwense yaito (GDP) na baria barikire arororo gokora emeremo. Okomanyia goetera amasomo obogoko 2024 mbwaorokeretie ng'a aoboremi mbeakinete 7 ase emia abwo ase chinsemo chinde chibogoko buna oborosia na obokoreri bwomorero biairanete inse. Nonya nigo, ensemo eye yoboremi neonchokanire nomochndo bwoboremi botari oboikeranu , amo na obotobu koera mogondo, rigesa rike, nabo igo omochando bwokorema endagera. Kweegia omoroberio bwoboremi bwokwegendereria mbobe egetambokero ekenene as emechando eye, nabo igo buna enchera gogoikerania omoigoto na gokinia obogoko bwense.",Agriculture,
Farmers and agribusinesses across the Asia-Pacific region are increasingly making use of new digital technologies. IFAD and Grow Asia have recently released a ...,Abaremi na abanyabiasara boboremi as ense ya Asia-Pacific bagendereirie oboremi bwabo goetera enchera yegetekinorogi yegechidichitari. IFAD na Grow Asia bwango iga mbasogetie a ...,Agriculture,
"The discourse on digital agriculture and it's ability to reduce poverty in villages mentioned Prif. Michael Kremer, 2019 winner of Nobel Memorial Prize in....","Enkwana eye igoro yegedichitari na tekinorochi na obuya bwaye gokeaniaobotaka ase ebinyoro bakwanete igoro ya Prof. Michael Kremer, 2019 omobui o Nobel Memorial Prizeomwaka ...",Agriculture,
"This wealth helps legislators, researchers and executors on matters cimate çhange at national, regional and village level.","Obonda obo nigo bogosira abarosia amachiko, abakongoria, a baria bakwegera ase ogoikerania oboremi boria bokogenda nerire ase ense engimal, chingongo, na ase ebinyoro.",Agriculture,
Announcement on collaboration between different institutions to promote good eating habits in schools and income through milk sale,Okoraria ase okobwaterana chinsagia ao ao erio gokonya okragera akuya ase chisukuru na ebitoki goetera okoonigwa kwa amabere,Health,
"Announcement on vitamin A and deworming medicine in the county of Kiambu for children over 12,000 under 5 years in collaboration with guidance from ECD","Okorari ogochaki ebitàmunusi A na amariogo yogoita ebianda ase ekaunti engima ase abana goetani 12,000 bare inse yemiaka etano kobwaterana ase obosemi na ECD, ase ekaunti ya Kiambu",Health,
Register the birth of your child to be known by the government to benefit from government services,Rika okoiborwa kwomwana oo amanyekane neserikari erio konyora anyore obokonyi ao ao,Health,
"Agriculture has been used as an important instrument in eradicating hunger, poverty, and all forms of malnutrition. Climate change however is expected to act as ...","Oboremi nensemo yengencho ase okorwania enchara, obotaka namarwaire agotonyora ase okoria engara etaisaini ase omobere. Nonya nigo, ogoonchoreria kwe'rire nerorekanete koba…..",Agriculture,
Nakuru County officials led a public forum at Elementaita station engaging local CPC members and community representatives to strengthen COP partnerships,Abarai bekaonti ya Nakuru mbabete nomoroberio obonsi aaria esiteseni ya Elementaita gokwanerana nechikomiti chia abarendi boborendi (CPC) nabateneneri bebinyoro gokong'ia obokoreri bwabarendi boborendi (COP)ase okobwaterana.,Security,
The government put in place measures control measures when Covid Virus was detected and spreaded to 15 in the past time. New directives were imposed after eight people were diagnized and found to be infected with Covid 19,Eserekali yabekire ebitambokero ekero ebinyinyi ebinyia bia Korona biamentekanete goika 15 ime ye'chinsa 72 chiaetire. Amachiko amayia nigo achete magega yabanto bande batano na batato gopimwa na konyorekana na COVID-19.,Health,
TVETA secures funding for modernization and equipping of workshops in TVET institutions.,Aborai bwekeombe keria ekenene getenerete chikorechi chiobobundi nechisemi chiokwegendereria TVETA nkorigia ere chibesachiaagacha na gochibeka ebire bitakeire ase amasomo biabono chikorechi chionsi chia TVET.,Education,
"Announcement on food education and addition in everu week as indicated on iron advertisement on T/shits for all youth in Busia, Kitui and nakuru counties","Koraria chisemi igoro yechindagera na okomenteru kera omokubio igoro ya asiti yechuma ya foliki ekorwegwa ase abasae bonsi Busia, Kitui na Nakuru",Health,
"Relationships beteen markets and distributors, enjoining farmers and markets, thruogh digital networking, requires proper planning amongs stakeholders.","Kobwatania chichiro amo na oboererania, kobwatania abaremi nechichiro, goetera omoroberio bwegechidichitari dnoganetie oboereria gati baria bakobwaterana ao ao. .",Agriculture,
The UN Office of Counter Terrorism emphasizes collaboration with partners to counter evolving tactics.,Chifisi chiobomo bwechinse (UN) echio chigokinana nobokebago babekire chinguru okobwaterana ase oboamo erio gokinana nechinchera chiobokebago.,Security,
NGEC advocates for equal allocation in national and county budgets.,Omoroberio omonene bwokobeka chinguru chierisase (NGEC) nigo ogosegeta obobagi boreng'anaine gati yeserikari enene nechiserikari chiechikaonti.,Education,
"Furthermore, economic factors like market prices and access to credit, education and extension services also play a role in determining production potential ( ...","Mono nayio, oboko na obokongu goetera amagori aigoro, goikera amakobeso, chisemi na obokoreri bwogotebereria boigo nkore nengencho enene gwatanana chinguru chireo ase gokinia rigesa ( ...",Agriculture,
Press coverage summarized IPOA oversight statistics showing modest improvements and ongoing gaps in complaint handling and convictions.,Amanagana amagaseti narwete ase obweng'e igoro buna engencho ekeombe keria gietenererete kia abasikari IPOA kegendererete gokora emeremo buya mono kegima ase oboremu borengete buna okwemuranganania gokoborigwa na gokorerwa emeremo.,Security,
Giving children vitamin A in every 6 months up to 5 years increases body immunity,Koa abana ebitàmunusi bia A kera emetienyi etano nomo goika emiaka etano nigo bigotingia obonyamasi,Health,
Villages in baringo to fight with malaria through their local best practices and use of nets,Ebinyoro ime ya Baringo korwania oborwaire bwa Esosera ase ogotumia ching'encho chiabo amo na chineti.,Health,
Announcing release of 2025 guidelines recommending physical activity routines across age groups to support wellness.,Okoraria kwo'moroberio omwaka 2025 bwosegeta chigosori ase ebiombe bwe emiaka erio gokonya okogendèrera,Health,
"Kenya has witnessed more 12 patients of Covid 19, all totaling to 246. The Minstry official has confirmed that among them, 5are hotel workers.","Kenya koenekia okomentekana Kwa abwarwaire 12 bande ba COVID-19, bonsi ase oboamo goika 246. Omoteneneri Bwa obochenu agoteba buna batano ase aba, nabakori egasi ba emobogani/hoteli.",Health,
Youth engagement spikes after 3 viral posts,Achenda yabasae spikes after 3 viral posts,Education,
Interior CS announced reinforced security deployments and intelligence operations to address terrorism threats along Kenya's borders.,Omominisita bwoborendi bwa ime namanyetie igoro yokomentwa kwe'namba yabasikari nobotuki erio koba maiso korwa obokebago bwogoaka chipomu ase chimbebe chia Kenya.,Security,
"Make a robust plan in agribusiness, by emphasising on best land use for better yields and cereal progression.",Rosia omoreberio omuya bwoboonchoreria bwoboremi bwao borengete buna ogotumia omogondo oo boronge erio komenta ebitoki amo na okwegendereria as oboremi bwechinyeke.,Agriculture,
KICD develops specialized digital learning content for visually impaired learners to enhance inclusivity.,Ekeombe keria getenerete buna amasomo akorosigwa (KICD) nkorosia kere amasomo abeene egedichitari ase abana baria batari korora verio goikerania chisemi ase bonsi.,Education,
"More emphasis on farming guidelines, food safety, availability of seedlings and market goods, industry and small enterprises and regions...","Ekerenga nigo kiarenge ase amachiko oboremi, omoigoto, goikera ebikobekwa mogondo na gosoa echiro yerigesa riabo, kogendereria chifakitory, chinene nechinke amo nechingongo na...",Agriculture,
Livestock vaccination campaign launched across arid counties.,Ogosegeta kobeta etugo chisindani gwachakire chingongo chinyomo.,Agriculture,
"This fathers' day, it is good to ensure mental health for them because their mental health is important. Take more of your time for your mental health and seeking for help when you need it.","Rituko eri riabatata, nere buya kobaa obotoereru bwobongo ekiagera koba kwabo buya nokwengecho. Ira ribaga riao rinene ase obotoereru bwobongo na korigia ogokonya ekero koganeirie",Health,
Kenya has launched a center for prevention in Kenya to strengthen disease prevention,Eserekali yachakirie etaasisi yoborwaria ime ya Kenya yogokinia ogotanga kw'amarwaire,Health,
"Analysis identifies mistrust, lack of training, poor resources limiting community policing's impact","Obokongoria bwekeombe keria ekenene getenerete korigia chisemi chinyia chiogotanga obosaria (NCRC) bwarorire ogotegenana , okorema kwagosomogwa nebiganeirie buna chibesa buna ebinto biamigire oboikeranu bwobokoreri.",Security,
In Europe has started to vaccinate against respiratory diseases in livestock.,Ense ya UK yaichoiri ebirengo biogopima endwari yekuba ekene ase etugo na okobeta chisindani .,Agriculture,
Good packaging preseves your product and attract good prices. Learn how to package your beans for importation.,Ogosiba rigesa riao nigo gokorirenda buya na kogesa rigori. Rigia komanya buna oranyare gosiba chingende chiao buya ase okoonia gochia echiro ya isiko.,Agriculture,
"Communication technology in agriculture: comparative analysis from three Indian projects. ( online paper of AgREN Number 135) ODI. Miagostovich, M. (2004)","Enchera yokomanyia yegetekinorochia ase oboremi: Okorenga kwa beene na korwa chiprochekiti korwa ense ya Boindi. (AgREN network paper No.135) ODI. Miagostovich, M. (2004) ...",Agriculture,
Search where tea is groŵn and produced by many farmers. This reduces cost of transporting and market access to small scale farmers.,Rigia komanya ase chiafukado chiria chachoririrwe na goatananwa as chigotoka na kogorwa ase ebirengo ebi'nene. Eye nekonnabiogo kwororobia engencho ya oogosoa echiro ase abaremi bebirengo ebike.,Agriculture,
KICD publishes guidelines on accessing and utilizing approved online educational resources for learners.,Ekeombe keria getenerete buna amasomo akorosigwa (KICD) nkorwa kere omoroberio buna araikere na gotumia omoroberio oria oitabire bwamasomo ase abana.,Education,
"Government facilitated field education about good livestock feeds, thereby preventing diseases brought about during feeds farming cycle e.g aflatoxin.",Eserikari nigo ekorwa ogosemia igoro yechindagera chingiya chietugo erio gotanga amarwaire akoretwa nesumu korwa nokobosa gwechinyeke.,Agriculture,
The Ministry of Education launched innovation hubs in 10 TVET institutions to foster industry-driven skills and product development.,"Eminisitiri yechisemi yaansire ebituo ase abana bagocha amo gosanga ebirengererio, tekinorochia korosia ebinto ebinyia ase chikorechi 10 chia TVET gokinia ochusi yechifakitori nakorosia ebinto ebiyia.",Education,
"Good feeds management on livestock is vital. Tips on feeds, manure and nutritious feeds is important.","Oborendi obuya bwobonyansi oboikeranu ase etugo. Obomanyi igoro yokorisia, kobeka oborito bworoibori, na korema obnyansi ase engencho engiya.",Agriculture,
NGEC organizes national summits for inclusive governance.,Omoroberio omonene bwokobeka chinguru chierisase (NGEC) nkoarigania kere emesangererekano emenene yense erengete obogambi ase bonsi.,Education,
"Earlier) use of push-pull technology ¡) traditional weed control ¡¡) avoid weed invasion in crops, ¡¡¡) spraying insecticides ¡v)chemical use and management.","gotanyorwa) na kwegera ayarengete tekinorochia yoboremi bwabono i) enchera yaito yekienyechi buna koburugera endare, ii) gotanga rosana komera ase ebimeri, iii) gosiarera amariogo iv) na korenda buna amariogo agotumeka.",Agriculture,
"Nairobi, Kenya May 2024. African continent has been asked to promote awareness to change to current scientific farming, with the aim of cutting down trees to pave way for food crop and reason thereof..","Nairobi, Kenya, 2024: Orogongo rwa'Africa rwaboriigwe gosegeta obomanyi bwo'ogoonchoreria gochia sayansi yooboremi bwabono erengete okonacha emete korwa ase emegondo yendagera na engencho yobokoreri bwa....",Agriculture,
Mekaela built a digital studio for online learning called Shule Pepe.,Mekaela bwaagachire estudio ebwate omoroberio bwegedichitari ogosomia goetera eintaneti okorokwa esukuru yembeo.,Education,
The idea of climate smart agriculture has been centralized in between scientific regulations. CSA has talks with..,Ekerengererio kioboremi boria bokoremereria rire (CSA) biabekirwe gati gati sayansi namachiko. CSA yokirie enkwana gati ya...,Agriculture,
In 2025 he started inclusive agriculture Precision for Development (PAD) to làunch digital farming in a large scale to attain a new approach and research.,Omwaka o 2015 omochaki bwoboremi bwokobeka omobaro na korenga boronge ebimeri mogodo ase amagenderero (PAD) ase okworokereria igoro ya oboremi bwegechidichtari as oboagare erio goikerania enchera enyia yobotuki as oboremi as ensemo yoboremi...,Agriculture,
Place boundaries for yourself and to assist your brain to grow fast through kind words,"Ebekere chimbebe, na gokinia obongo bwango ase amang'ana Amaya y'ogokinia.",Health,
KICD commits to increasing the availability of braille and large print textbooks for visually impaired learners.,Ekeombe keria getenerete buna amasomo akorosigwa (KICD) yaitabire sosegeta okorosia na okonyorekana kwebitabu biabana bari batari korora.,Education,
"In brief, the best agriculture practices in Kenya: opportunities to in transformative farming 2025.",Obweng'e: Chinchera chingiya chioboremi aiga Kenya: Ekebao gochia oboremi bwokwegendereria omwaka 2025,Agriculture,
"All that's required in farming and growth, need support at the right time, to improve harvest, good prices for their produce as well as market..","Bionsi ebiganeirie as oboremi na obokoreri gokinia oboremi ebirengete obokonyi as chingaki chingiya erio gokinia rigesa, amagori amaya yerigesa riabo amo nechiro yerigesa riabo engiya erio…",Agriculture,
"Apply fertiliser wisely to reduce on excessive manure, to mitigate on climate change effect on environment. Learn how you can gauge soil fertility.",Tumia obwoyo buya erio gokeania okonyua obwoyo obonge ase ebituma erio gokeania omochndo bwogosareka kwamasingira. Soma buna orapime riroba riao goikerania ebirengo ebiya bwobwoyo.,Agriculture,
Government plans on subsidised farm inputs..market surveys need to be done..,Omoroberio bweserekari gokeeria abaremi rigori riebinto bioboremi nechiro yerigesa rioboremi bwbo noganeirie goikeranigwa echiro yoboremi ase enchera ya……,Agriculture,
"Keep sharp objects, poisons or things that break easily away from children","Gacha ebinto ebioge, chisumu gose ebinto ebiororo bikobunekana are korwa ase abana gotanga",Health,
"Cancer treatment centre has been established in Lodwa Referall Hospital, to reduce patient congetion.","Egetaseni gia kansa gichakigwe enyagitari enene ya Lodwar, gokeani oborito bw'ogoichorerana",Health,
NCTC Kenya marks twenty years of counter terrorism efforts including intelligence sharing and policy development.,Ekeombe keria ekenene giokorwania obokebago bwokoruta chipomu (NCTC) gia Kenya giatachire emiaka 20 korwa giachagete gokinana nobokebago obwo na mono kegima gosanga amangana obotuki nabasikari na gokongia obokoreri bwa abasikari.,Security,
"To improve farmers security by removing middlemen through packaging of products, making of access roads and storage facilities to await market access.",nekong'ie oborendi bwa abaremi gotariananigwa nabagori bagati goetera ogosiba rigesa riabo buya korosi chipara ase obobogoria nechinyomba chikogacha rigesa riabo buna ayabwenerete gosoa echiro.,Agriculture,
"To influence technology while using smack technology,like applying planting plants (desmodium leaves)that predate other pests and herbs in the field.",Ogosegeta omoroberio otekinorochia nenchera ierengete goyumia ebimeri biria bigoseria ebimeria biri bende bikorenta emechando mogondo (amato edesimodiamu) goseria ebichuni na amakonde korwa ebimeri osimegete mogondo...,Agriculture,
The National Counter Terrorism Centre continues nationwide coordination of security and awareness programs.,Ekeombe keria ekenene giokorwania obokebago bwokoruta chipomu (NCTC) nkegendererete kobwaterana na koererania emeroberio yobomanyi bwoborendi.,Security,
Waiting for one minute for the umbilical cord to dry after washing a baby increases its iron and its body immunity,"Koganya edagika eyemo otarasieka ekenyogu, nkoimokia ere ebirengo bià echuma na obonyamasi",Health,
The Kenya Institute of Curriculum Development revised TVET curricula to align with industry needs for the 2020/2021 academic year.,Ekeombe keria getenenerete korosia amasomo nebigosomigwa (Kenya Institute of Curriculum Development) gianchoreire omoroberio bwamasomo a TVET koreng'ana nokogania nokogania hwechifakitori omwaka bwamasomo 2020/2021.,Education,
IGAD has issued warning on poor food quality in African Countries. Its data confirms that 71% in AGAD Union do not have enough food,IGAD yerure ogokorera igoro yendagera etari engiya ase orogongo rwa Afrika. Chisabu chiaye chiaorokirie ng'a emerongo ebere na eyemo ase emià yobomo bwense chia IGAD mbabwati ndagera eisaine,Health,
"habitat management strategies, including push-pull technology. The direct actions that can be taken to manage FAW are largely up to individual farmers in ...","Engencho yogotenerera ebomeri bia roche, amo nogosegeta engencho yokoburuknia ebimeri mogondo. Egetambokero kia boronge kebwenerete kobogorigigwa erio korenda gose gotanga amakonde mogondo (FAW) nogo otigarete ase omoremi omonyene erio ...",Agriculture,
"There's world wide dialogue on the technology on GM, on cultivation of seedlings and food for fear of their health this has pushed some African countries to be on high alert for fear that it might do harm on the environment and the economy. As from 2002....","Chinkwana chigendererete gati abanto ense engima igoro yegetekinorochi ya GM bangire omoroberio oyio bwekwamia endagera na ebimeri goetera oro ase obwoba ng'a tori omuya ase afya, aya asugumire chinse chia Afrika gotegia amato ase obwoba nga nigo egosaria amasingira na ebogoko. Buna ogochakera, omwaka 2002, ...",Agriculture,
Parents guide transition after KPSEA.,Abaibori konya abana ekero batambokire korwa amasom enasari KPSEA.,Education,
"nairobi, Kajiado, machakos and nakuru have been announced to be communicable disease transmission prone areas. Suspension of road transport, train and air has neen baned emmediate midnight","Chikaunti chia Nairobi, Kajiado, Machakos na Nakuru chiatangasirwe koba chinsemo ase amarwaire akwambokera mono. Ogotenenigwa kwobobogoria goetera para, egari yomorero, chindege gwatenenigwe gochakera chinsa isano na emo chia botuko.",Health,
Teach farmers about maize seeds that are drought resistant.,Kworokereria abaremi igoro yembusuro yebituma ekoremereria eguragura..,Agriculture,
IEBC uses social media influencers to reach young voters.,Ekeombe keria ekenene getenererete chikura (IEBC) goetera social media buna ebisegeti goikera abase buna abaaki chikura.,Education,
"Nomadic pastoralist communities need mobile services, leader engagement, and economic support to reduce harmful practices.","Abatugi baria bokong'anyanga'nya mvaganetie obokoreri bokobaikera goetera eintaneti, gokwanerana nabarai babo, na kobasira ase okabaa chisebesa erio kobarenda korwa ebikoru biraberetere obokong'u.",Security,
Teachers Service Commission introduces formal certification for STEM teachers to improve quality of instruction.,"Ekeombe keria ekenene kia abarimu giansire korwa chisatifiketi chiabeene ase abarimu begesayansi, etekinorocghia, obobundi nechisabu (STEM) erio goikerani ogotebereria abana gwakeene.",Education,
TVETA oversees the development of new training manuals for vocational courses to meet industry demands.,Aborai bwekeombe keria ekenene getenerete chikorechi chiobobundi nechisemi chiokwegendereria TVETA nkorigereria kere buna ebitabu biogosomia bikorosigwa ase amasomo ochusi goikerania okagania gwechifakitori.,Education,
Opinion and knowledge. Digital agriculture: is a great deal in helping farmers of small scale land to defeat COVID 19. A- village voice. Inclusivity. Progressive program that supports IFAD.,Okorengereria na aya Ime. Oboremi bwegechidichitari: egento ekenene gokonya abaremi bemegondo emeke kobua emechando yendwari ya COVID-19 · Okogania Kwebinyoro. Kobwaterera: IFAD-omoroberio okonyire ...,Agriculture,
"The Ministry of Health to relaunch polio vaccinationfor the second time in Mandera, wajiri and Garisa","Ewizara yobochenu gochakia entunda yagatato yechancho ya polio aaria Mandera, Wajir na Garissa",Health,
Youth Agenda organizes marathon events for voter awareness.,Achenda yabasae nkoroberia ere amasomo yokogenderera igoro yogoaka chikura.,Education,
"Breathing very fast, and coughing are signs of pneumonia. Take your child for medical assistance","Okoeyana kwa bwangobwango, egekuba keguotota, or ogokorora nebimanyererio biekeuno Ira omwana kobwenigwa",Health,
This guideline manual shall help field extension officers and village elders to assist in passing information on the best agricultural practices and how it's conducted.,Egatabu eke nigo kegokonya abaofisa abatebereria boboremi na baria bebinyoro gokonya ase ogoetia amangana aya igoro yoboremi obuya na buna bogokorwa.,Agriculture,
University of Nairobi case study of challenges in Cop implementation in Kibera,Ayarorekanete goetera okomanya kweyunifasity ya Nairobi igoro yemechando ereo ase ogoikerania obokoreri bwabarendi boborendi (Cop) aaria Kibera.,Security,
Opening of the Anti Terrorism Police Unit Coast Headquarters to strengthen investigations and community engagement.,Okoigorwa kwegetengo kia abasikari bakinana nobokebago bwokoruta chipomu aaria omochie omonene O'Mombasa gokong'ia obotuki nokobwaterana nebinyoro.,Security,
Nakuru county has announced returning and opening of a program on good foods aimed at reducing bad eating habits among 60% of children until the end of 2027,Ekaonti ya Nakuru yararirie okoiranera na koigora omoroberio bwe' chindagera chingiya orengete gokeania okoria bobe ase abana ange 60% goika omoerio o 2027,Health,
"Agriculture is the backbone of Kenya's economy,contributing to over 25%of the country's Gross Domestic Product (GDP). Agriculture employs over 70% of the country's workforce and plays a crucial role in the livelihoods of many Kenyans. However, unsustainable farming practices have resulted in land degradation, low crop yields, and food insecurity. Sustainable agriculture is an approach that can address these challenges, ensure food security and promote economic growth.","Oboremi negete kiomogongo kieboki bia ense yaito ya Kenya, bokogesa 25 igoro yemia ase ebitoki biense yaito (GDP). Oboremi mborigete goetania 70 igoro yemia yense yaito ya Kenya goetera baria bonsi bagora gose barikire ase oboremi, naboigo bagokora emeremo yengencho ase as okonyora goke goke kwa'abange. Nonya nogo, chingencho chioboremi botari oboikeranu bwasaririe obotobu bwemegondo, rigesa rike, na oboremu bwe'ndagara obonene. Oboremi bwokwegendereria nomoroberio iobeene as omochando oyo, erio goikerania omoigoto na gokinia ebitoki.",Agriculture,
The Ministry of Health has started substracting people and advicing people to keep distance to prevent themselves from Monkeypox in our country,"Ewizara yoborwaria yachakire korigia na korusanania abanto baikanete ang'e nomonto omotang'ani korwara oborwaire bwa Monkeypox, ime ase ense yaito",Health,
Raila consultation drive: Raila holds meeting with leaders in Migori County. Raila urges government to resolve SHA challenges. Raila says Kenyans are suffering because of SHA crisis,Ogosanga Ebirengerio kwa Raila:Raila otwarire omosangererekano amo nabarai bekaunti ya migori. Raila orure okoboria ase eserekari enene gokora omochando obwateranetie omoroberio bw'obobwenia SHA erio gokeyia ogochandeka kwabanto asengecho yemechando obwateranetie omoroberio bw'obobwenia SHA.,Governance,
"Kenya is one among 12 African countries that will get 18 million malaria vaccine up to 2025, World Health International (WHI) will first issue the vaccine to countries with dire need.","Kenya nigo ere gati yechinse 12 chia Afrika chiranyore ebirengo chidosi chomilioni 18 chia chanjo ya Malaria goikera omwaka o 2025, WHI nigo egoteba egotang'ana koa chinse chiria chibwate okogania okonene.",Health,
US implements bovine viral diarrhea vaccination to protect dairy cattle.,Abanto bamenyete emechie yechitaoni nabo baranyare korema endagera. Rigia komanya buna chisemi chiogotumia emebuko gosimeka ching'eni nebitunguo.,Agriculture,
"First time for the Ministry of Health, the firat time discover Coiv 19 virus infections in Kenya. One Kenyan who was returning from US through London to reach Kenya on the 5 March, was diagnized positive","Ewizara yobobwenia okwambokerigwa ogotang'ani kw'ebinyinyi bia Korona ime ya Kenya. Omokenya oyio orenge koirana korwa US goetera London aike Nairobi chitariki 5 Machi. Nigo atogete n'ebinyinyi magega y'okorengwa n'enyomba y'oborengi bw'ebinyinyi y'eserekari. Nonya nabo, omorwaire oyuo mbuya are.",Health,
Ministry of Education provides tablets loaded with offline digital libraries to schools in Arid and Semi-Arid Lands.,Eminisitiri yechisemi nkorwere chikombiuta chia amaboko chibekire emeroberio yebitabu biogosoma nonya tori ase eintaneti ase chisukuru chiria chire chingongo chinyomo.,Education,
TSC pays December salary + 20% bonus early – check bank alerts tonight!,"Ekeombe ekene kia abarimu (TSC) giakanire omasara bwomotienyi 12 amo nechibesa chiagoro 20 igoro yemia, mongera okomanyigwa korwa ebengi yao goansera botuko gati!",Education,
Three ways IFAD can support agriculture digitally in Asia-Pacific. Setembro 2021- BLOG. Agribusiness in Asia Pacific region.,Chinchera isato IFADeranyare gosira oboremi bwegedichitariime ime yorogongo rwa Asia-Pacific. Setembro 2021 - BLOG.Ebiasara bioboremi ase chingongo chia Asia-Pacific ...,Agriculture,
Ministry of Education publishes new career guidance textbooks for use in secondary schools nationwide.,Eminisitiri yechisemi nkorweere oborai nemeroberio emeyia bwebinto abana bagochia gosomera ase chisukuru chionsi cjhiesekenderi Kenya engima.,Education,
Latest publication A. ACAT 2025 has called on great investment in solutions of agriculture technology in Africa. A. Malawi farmers...,Latest Posts · ACAT 2025 cbasegetire kegima okobeka chinguru na kobwaterana ase oboremi nechisemi chiechidichitari buna enchera eyemo yokomesia oboremi aiga orogongo rwa Afrika · Malawi abaremi ...,Agriculture,
"Trainings from Chlorophyll Africa on soils, guarding organic manure in land to sustain ground fertility is important in parts of Kenya, not for production alone but as a lifestyle. Just as growing population demand food, sustainable food system is vital urgently. Chlorophyll Africa is on the frontline in this initiatives, in making innovative steps and a friend to the environment of agriculture but guarding investment among farmers.","Okwegera kora ekeombe kia Chlorophyll Afrika kiobogima ase riroba, okorenda amokonde ayio are ase riroba akorenta obotubu as riroba goikernia oboremi bwokwegendereria bwamorekirwe kegima buna obweng'encho, mono kegima ase chingongo buna Kenya, abwo oboremi tari rioka ase okonyora ebitoki korende nenchera yobogima. Buna obonge bwa abanto bogendererte ense engima baganetie endagera, okogania okonene korengete kwegera oboremi bwokwegendereria bwasegetire okayerera goikerania omoroberio oyio. Ekeombe gia'Chlorophyll Afrika nkere motwe gosuguma goikaria aya, goetera goikerania oboremi botari gosaria ebitoonchokananete nabo igo gokinwa obogima bwekenyoro.",Agriculture,
The PS MoH will issue treated nets in the County of Busia. Increase of malaria in Busia county has reduced by 39%. 22 more Counties are targeted in this campaign in the near future,"Omoriki omonene bw'ewizara y'Oborwaria koenana chineti ase ekaunti ya Busia. Ogoichora Kwa Esosera ase ekaunti ya Busia gwaikeire 39%. Chikaunti 22 chirengire ase chikampeini chia ang,'e iga.",Health,
Home to costruct good and safe toilets to enciourage young children to use them to ensure health environment,Chinka chirosie chichoo chiabo buya ase okoa abana oberemu gochitumia goikerania obochenu,Health,
10.9 treated nets to be distributed in 22 counties in the fight against malaria,"Chineti chie'chiumbu 10.9m chibekire eriogo, kobagwa ase chikaunti 22 ase esegi ya okorwania Esosera.",Health,
Ministry of Education holds awareness workshops on inclusive education targeting school managers and community leaders.,Ministry of Education nkoba ere nebikaranso biokomanyia abanto igoro yechisemi ase abana bonsi orengete abateneri bechisukuru nabari bebinyoro.,Education,
Agriculture isn't in vain but is one way of alleviating climate change. We need online technology to undertake kitchen gardening especially for small scale farmers in Guatemala against...,"Oboremi tibori rioka igo, korende nensemo eyem yagesire omochando bwogoonchoka kwerire. Nkeganeirie. ... Tekinorochia yembeo na gokora oboremi bwa nka bwakonyire abaremi bemegondo emeke aaria Guatemala gwekonya korwa……",Agriculture,
Ministry of Education launches interactive portal providing digital lessons and assessments for primary learners.,"Eminisitiri yechisemi yaansire omoroberio bweintaneti ogwanchera baria bakoyetumia gokwanerana, konyora amang'ana nagokora emeremo yabo gotyaba baria bakoyerigereria rioka na kwerenga ase abana bechisukuru chioboroso.",Education,
Research by KEMRI has confirmed that Invermectin controls the spread the spread of malaria in a special way,Oboringoria bwa KEMRI bwaenekirie ing'a Ivermectin nigo egokeania okwambokeria gw'Esosera ase engecho enene.,Health,
President Ruto urges Raila Odinga to call off demonstrations saying reconstitution of IEBC can be handled in parliament.,Omonene bw'ense Ruto omosabire Raila Odinga atenenie okorobekana kagoteba amarekebisho aya IEBC gekoenekigwa ime yebunge.,Governance,
KICD develops new digital learning content specifically tailored for Early Childhood Development Education (ECDE).,Ekeombe keria getenerete buna amasomo akorosigwa (KICD) nkorosia kere ebitabu ebiyia biegedichitari birengete gokinia chisemi ase abana benasari (ECDE).,Education,
Research on Certified technology and title deeds related to biotechnology in agriculture showed an increase of titles among the public and individuals from that time.,Obokongori borendete oboremi bwetekinorochia yoboremi erio gokinia oboremi nerigesa nigo yaorogetie ogoitabwa na kobwatwa mono neserikari amo nabanyabiasara korwa abwo nyuma…..,Agriculture,
KICD develops digital e-books with sign language videos embedded for deaf learners in primary schools.,Ekeombe keria getenerete buna amasomo akorosigwa (KICD) nkorosia ere ebitabu biegedichitari ase eintaneti ano na biria biechinkwana ase ebimanyererio nechifidio ase chisukuru.,Education,
Youth Agenda leverages TikTok to teach civic responsibility.,Emeroberio nebirengererio biasase biarengananirie TikTok gosomia igoro yebinto babwenerete gokora gokinia ebinyoro biabo,Education,
"Directing human being on mental health education in October 2025 with an aim ""xxx"" on mental health","Ogochika mwanyabanto na amoorokererio yorogongo omotiènyi o'ikomi 2025 ore nekerenga ""Korenda Amarago"" igoro ya obochenu bw'obongo oboikeranu",Health,
Workshops held in 6 high-tension counties,Emesangerekano yabete ase chikaonti 6 cire nemonano yaigororo.,Education,
"Children born before less than 35 days / pregnancy maturity, should be kept in a warm environment, assisting then to breast feed ansd eat, and to take them hospital all the times for medical attention to help them grow up well.","Abana bakonyorwa nyuma yamatuko emerongo etato na etano, nere buya kobabeka ase riberera, kobakonya kogonka na koragera, na koirwa nyagitari chingaki chionsi korigererigwa kobakonya gokina buya",Health,
KNCHR broadcasts legal advice and civic topics on radio.,Ekeombe keria ekenene kerendete oboronge bwakemwanyabanto KNCHR ngosomia bare amachiko nechisemi chiobogesaku goetra eredio.,Education,
This summit discusses the transformative power in technology and how it can advance agriculture in Africa and foster sustainable growth and resilient food systems.,Chinkwana echi echia rengete buna etekinorochi eranyaretechnology's transformative power and how it can advance agriculture in Africa and foster sustainable growth and resilient food systems.,Agriculture,
"Market accessibility and balanced diet, is achievable courtesy of mangrove farming in Kenya demonstrated by Everlyn Kihiu, Hillary Wakhungu and Juneweenex...","Goikera echiro yoboremi amo nendagera yomobere engiya ase obogare: Obokoreri bwa abangina ase chinka nobwengencho ase okorageria buya chinka chiabo aiga Kenya buna Evelyne Kihiu, Hillary Wakhungu and Juneweenex agoteba...",Agriculture,
"All expectant mothers are encouraged to plan about their safe delivery, choos their prefered health facility, safe money and plan also on transport means","Abakungu bonsi bebwateranetie nigo bairwe omoyo barosie omopango bwo'gochi koibora, amo na gochora enyagitari, kobanga esafari na kogacha chibesa .",Health,
Import of maize mixed with soya beans has been annoubnced to primary schools as a measure to increase body immunity,Okorentwa kw'ebituma biburukaine esoya kwararigwe chisukuru chia chioboroso gokeania oborwaire bwokoborwa afya,Health,
ACAT 2025 calls for investments and partnership in increasing farming awareness in science and technology like one way of supportive African continent. A. Malawian farmers are inclusive..,"ACAT 2025 nogo agosaba ng'a ogosirana na okobwaterana as oboremi gokinia chisemi chobosansi na tekinorochia buna enchera eyemo gokonya gosegeta orogongo rwa, Afrika. · Omoremi omalawi ngosanga are ...",Agriculture,
"The Integrity Hotline is not only available to all IMF staff members, contractual employees, and vendor personal, but also to members of the public.","Chinanba chiamorero chiesimi chitiri konyorekana rioka abakori emeremo bekeombe giechibesa giense IMF, baria baeirwe chigasi chiengaki enke, korende abanto.",Governance,
"20 doctors from Cuba are expected to land in Nairobi this night, the Cabinet secretary of Health Kagwe has said that they will be posted in Kenyatta University for the next 6 months in a bid to boost Covid 19 management","Abanyagitari 20 korwa Cuba mbakageire goika Nairobi obotuko bwa rero, Omowaziri bw'Oborwaria, Kagwe, otebire ing'a nigo barabe ase enyagitari ya Kenyatta University, ime y'emetienyi 6 erio gokonya gokeania oborwaire bwa Covid-19.",Health,
IEBC rolls out a campaign to boost voter registration in all counties.,Ekeombe keria ekenene getenererete chikura (IEBC) giansire okomanyia abanto erio komenta abaaki chikura chikaonti chionsi.,Education,
Teachers Service Commission (TSC) to enhance teacher resource centres for continuous professional development.,Ekeombe keria ekenene kia abarimu (TSC) nkere nomoroberio bwogokongia oworokereria gotera kobeka ebinaerie ase chiofisi chiabarimu bakonyora ogosemigwa nebinto biogosomeria.,Education,
"As we wake up lets talk about our mental health, this talk lightens our minds. This stops us from worrying and reduses its weight on us, protects us from sadnness. Talk to us through 1199 and we shall prepare to meet with you","Ekero tokoigoka twakwana igoro y'ebinto bigochanga afya y'amongo aito, ching'ana echi nigo chikogusua. Nigo chigotiga goichania, tichiri koritoa naende tichirigotwara omoichano omonge. Kwana naintwe ase 1199 naintwe ntweariganie ase eng'encho yao.",Health,
"Scientific knowledge aims at disease and pest control that hinder crop production ,like cowpeas in Songo Kenya. 6 July 2025. More news latest updates . UK-CGIAR news. Exploring...",Chisemi chiegesayansi chirengete goseria gose kobwata amakonde nebichuni bigosaria endagera mogondo ase okobukania ebimeri mogondo buna chimbisi aaria songo ya Kenya. 6 July 2025. More News. Latest Updates. UK-CGIAR News. Exploring the …,Agriculture,
Youth show how they practice civic duties,Abasae nkworokia bare buna bakwegera gokora emereno ybo ase ebinyoro.,Education,
US promotes bovine viral diarrhea control programs.,Amerika negenderete gosegeta okobeta chisindani gotanga endwari yogosaa,Agriculture,
CS Machogu lauds TVET CDACC for releasing CBET results.,Omomonisita bwechisemi Machogu ogokeire chisukuru chiobobundi nechisemi chiokwegendereria (TVET) na CDACC ase ogosokia amairanerio a CBET.,Education,
USDA promotes regenerative agriculture practices.,USDA nigo egosegeta ebokoro bioboremi bokorenda obotobu bweriroba.,Agriculture,
"More than 80% patients who have symptoms of Covid 19 cqn be treated and go back to their homes. The Ministry of Health has finished formulating home-based care guidelines. I request Kenyans, when we shall issue those guidelines, and we shall see people going back to their homes.","Abarwaire ngoetania 80% mbabwati biorokererio naende nabo bakorwarigwa bagende chinka chiabo. Ewizara yobobwenia yakorire korosia amachiko y'obokonyi bwa inka. Nigo nkobasaba abakenya, ekero torarwe omoroberio oyio naende torore abanto bakoirana inka, titobachecheria.",Health,
"A new machine that drys sweet potatoes using solar energy, has motivated farmers in their production. Learn more how it works and it's benefit.",Emasini enyia ekogendigwa nechinguru chierisase ase okwomia amarabwoni yaire abarami omyo bwokogesa nagokinia oboremi nerigesa erio bagese okonyora okuya. Egera mono igoro buna emasini eye egokora emeremo nobuya bwaye.,Agriculture,
IEBC launches 'My Vote My Voice' campaign in 500 schools.,Ekeombe keria ekenene getenererete chikura (IEBC) giaansire 'Ekura Yane Esauti Yane' Okamanyia ayio gwaansire ase chisukuru 500.,Education,
"On line cash transfer, digital way of getting agricultural grants, farming that embraces climate change and other digital tools can make a vaue chain in agriculture to be more beneficial and inclusive..","Oboonia ase embeo, nenchera yegedichitari konyora chibersa chioboremi, oboremi oboikeranu nebigosira oboremi ase enchera yegedichitari mbinyare goikerani oboererania bwoboremi koba oboikeranu na korenta abanto bonsi amo ...",Agriculture,
"Women may face unique barriers to accessing treatment, including childcare responsibilities, financial constraints, and fear of stigma, which can impact their mental health.","Abakungu nabo bakonyorwa n'ebitango bia bene biokonyora okobwenigwa, ebio bire amo na oboreri bwa abana, ebigocha bi'echibesa na obwoba bw'ogosekererwa borabase korenta okorwara kwabo kw'obongo.",Health,
KICD calls for development of relevant e-learning content to support remote learning and digital education initiatives,Ekeombe keria getenerete buna amasomo akorosigwa (KICD) yboririe okorosigwa ebitabu biegedichitari birengete amasomo goetera eintaneti gokonya abana baria bare risabu ime amo nayarengete chisemi goetera egedichitari.,Education,
IEBC partners with 200 universities for voter education ahead of 2027 elections.,Ekeombe keria ekenene getenererete chikura (IEBC) kibwatanire nechiyunifasiti 200 gosomia goaka chikura nyuma yobochori bwa 2027.,Education,
Effective mushroom farming to increase revenue,Komenta oboikeranu as oboremi bwamoba erio gokinia ebitoki korwa aroro.,Agriculture,
"Climate smart agriculture aims at supporting persons, farming and markets integrate well to minimise issues climate change..",Oboremi borengete ebimeri biria bikoremereria ogoonchoka kwerire na egurargura (CSA) nenchera erengete gokonya abanto oboremi nechiro bikoererania erio gokeania omochando bwo'ogoonchoreria kwerire,Agriculture,
Sleeping under treated nets helps reduces malaria rates for mothers ands their unborn babies,Korara ime yechineti chibekire eriogo ngokeania chire ekeugoso giesosera ase abàngina bebwateraneti na abana bataraiborwa,Health,
IEBC uses door-to-door campaigns for remote voter awareness.,Ekeombe keria ekenene getenererete chikura (IEBC) goetera okomanyia abanto goetera omorangu ase omorangu aaria chingongo chia ime.,Education,
"The push pull technology is one such example, by applying one species that confronts fall army worms from maize and other species that attract them.","Etekinorochi ya ""push–pull"" nekiorokererio ekemo, ase ogotumia ekemeri ekemo goseria amakonde gose chingeti korwa ase ebituma naboigo ekeri kende ekio kegochingusa...",Agriculture,
Buying medicine for the children at the streets without the doctors advice is dangerous for children,Amariogo akoonerigwa chituka otatebirie nomonyagitari bwa bwabana teri buya,Health,
KICD ensures that accessible textbooks and learning materials are available for learners with disabilities.,Ekeombe keria getenerete buna amasomo akorosigwa (KICD) nkorora kere nga ebitabu bitoke na bionsi biria abana baganetie gotoka ase abana bonsi bare noborema ao ao.,Education,
Follow closely early warning signs about hailstorms brought by KMD to preoare a farmer and to guard your livestock products.,Beka ebirengererio kegima korora bwango ogcha kwamagena embura una korure na KMD terio kogonya kobanga na korenda oboremi bwao bwetugo na ayabwatekaine.,Agriculture,
"Create safe spaces! Schools, protect students from GBV.","Beka omoroberio omuya okwaregania bonsi! chisukuru, renda abana korwa omochando GBV.",Education,
"Learn how to safeguard your environment to following land use management procedures, water and other ecosystem in the farm.","Egera obokoreri bwamasingira ase okobwatia chingencho omoroberio chiria okorenda riroba, amache, nebitonwa binde ase omogondo oo.",Agriculture,
To expand agriculture that correspond with climate change and cultavation that is environmentally friendly.,Kogareyia omoroberio bwoboremi obuya erio kogesa ogwekomereria kwa eamate ya baremi korwa ase omochande bwerire na kokeania embeo eria egosaria rire ...,Agriculture,
Application of GM technology has helped farmers earn money by issuing seedlings resilient to pests that affect food crop in the field.,Omoroberio o tekinorochia ya GM okonyire abaremi korosia chibesaase okobanyorera embusuro yechintetere chiria chikoamereria ebichuni biria bigosaria ebimeri ase okobiria buna endagera yaboase omogondo.,Agriculture,
Announcement a plan on educating people of nairobi county to promote kitchen farming in primary schools in bid to differentiate foods through awareness.,Koraria omoroberio bwekaonti ya Nairobi gosegeta oboremi bwebiticha chinyeni ase chisukuru chioboroso erio goatanana chindagera na amaegerio,Health,
"This early lessons emphasizes on ideology and important steps in addressing climate change in agriculture sector, specially weather dynamics..","Ogosomia oko kwogochakera igoro yebirengererio nomoroberio oye orengete gotanga ogosareka kwerire ase oboremi, mono kegima goetera oboremi borengete oboremi obuya...",Agriculture,
"TSC advertises 1,309 primary teacher posts – apply online.","Ekeombe ekene kia abarimu (TSC) yararirie amabaga 1,309 yabarimu bechisukuru chioboroso, toma ogosaba kwa goetera eintaneti.",Education,
"Agriculture is biggest contributor of our GDP in Kenya and those employed to do so. Information on GDP in 2024 indicated farmers have reduced, 7 % of other contributors to GDP like energy services have reduced. However there are other challenges surrounding unsuccessful farming and manure deplation in farms, low harvests and poor farming skills. To learn progressive farming is vital in this situation,to increase satisfaction and improve GDP.","Oboremi mbotigarete koba esiro enene yobogoko bwense yaito Kenya, bogotugeka okwegendereria kwobogoko bwense yaito (GDP) na baria barikire arororo gokora emeremo. Okomanyia goetera amasomo obogoko 2024 mbwaorokeretie ng'a aoboremi mbeakinete 7 ase emia abwo ase chinsemo chinde chibogoko buna oborosia na obokoreri bwomorero biairanete inse. Nonya nigo, ensemo eye yoboremi neonchokanire nomochndo bwoboremi botari oboikeranu , amo na obotobu koera mogondo, rigesa rike, nabo igo omochando bwokorema endagera. Kweegia omoroberio bwoboremi bwokwegendereria mbobe egetambokero ekenene as emechando eye, nabo igo buna enchera gogoikerania omoigoto na gokinia obogoko bwense.",Agriculture,
In most cases when a mother talks and sings to her child improves its growth and brain development.,Chingaki chinyinge ase ogokwana na goterera omwana ngokongia bore ogokina kwa obongo nà chinkwana,Health,
Good group leadership depend on the constitution that is transparent and good governance. Learn on group dynamics to guide on a group loan with success.,Oboteneri obuya ase ebiombe bioboremi nigo borengete amachiko amaya na obokoreri oboikeranu. Egera igoro yebiganeirie koraa eeombe gekorwa obonyi bwechibesa.,Agriculture,
One major tradition was to support government from six countries that were to steer national program of CSA ( and/ or enjoin frontline CSA practices..,Ekerenga ekenene kiegekoro eke nigo kiarengete gokonya serikari goikera chinse isano nemo echio chiarengire gochaka omoroberio bwoboremi obuya CSA (gose gokora oboremi obwo amo gocuia ase boria bwareo ...,Agriculture,
"Want to export your milk? Learn about the specific requirements, certifications, and contacts needed to enter the Middle East.","Notagete koonia amagena echingoko chia gocia echiro ya isiko? Notagete koonia amabere ao gochia echiro ya isiko? Soma igoro ya ayaganeirie, Ogoitabwa, na ayaganeirie goikera buna okobaikera gosoa ense ya Middle East.",Agriculture,
"TSC promotes 35,000 teachers automatically this month – check portal!","Ekeombe ekene kia abarimu (TSC) giakinirie abatimu 35,000 omotinyi oyo, rigeria eintaneti ya TSC!",Education,
"TSC announces 3,000 internships for graduate teachers in TVETs.","Ekeombe ekene kia abarimu (TSC) kiararirie amabaga 3,000 ase baria bagochia gosomera obobundi nochusi chikorechi chia TVETs.",Education,
"Guard your farm labourers and learn new ways of fair labour recruitment, provide a condusive environment and ensure their safety especially when spraying activities in the field.","Renda nga obokoreri ase omogondo oo as okomanya chinchera chingiya chiokoarwa emeremo, korora nga ase emeremo egokorererwa nagaya, na korora nga baria bagokora emeremo mabri ase bokongu bonde bwensi ekero bagosiarera amache mogondo.",Agriculture,
IEBC develops digital platforms for educating new voters.,IEBC develops digital platforms for educating new voters.,Education,
"This technology is of precision farming and satellite imaging to drone technology and artificial intelligence, digital tools and can..","Chitekinorochi echi nogo chire echia precision farming and satellite imaging to drone technology and artificial intelligence, digital tools and can ...",Agriculture,
"Announcement copncerning the plan on couching for head teachers of 26 workers, in 4 counties under BFHI as agrred by USAID","Okoraria kwomoroberio bwa amaegerio ase abaorokia abanene ase abakori emeremo 26, ase chikaunti inye inse ya BFHi eire okoboko na USAID",Health,
KNCHR launches online centers for human rights education.,Ekeombe keria ekenene kerendete oboronge bwakemwanyabanto KNCHR yaansire omoroberio bwegeintaneti gosomia igoro yoboronge bwa kenmwanyabanto.,Education,
The U.S. Census Bureau today released a series of public service announcements (PSAs) to increase awareness and educate the public on the importance of the 2020 Census.,Eserikari ya America rero yatangasa emeroberio yeserikari (PSAs) gosokia okomanyia ba gosomia abanto igoro yobuya bwomobaro bwamanto o 2020.,Education,
Government has issued hybrid high yielding maize to farmers in semi-arid areas.,Eserikari yarure aembusuro yebituma yerigesa rinene ase chingongo chiria chinyomo.,Agriculture,
KICD prioritizes the development of inclusive digital learning resources for all learners.,Ekeombe keria getenerete buna amasomo akorosigwa (KICD) yatanganirie okorosigwa kwebetabu biegedichitari ase abana bonsi.,Education,
"To boost mixed farming is started in earnest to diversify benefits from surroundings like land, water , forests.","Gosegeta obomanyi bwoboremi bwa okoburukania ebimeri mogondo nochagete erio goikerania obokonyi tokonyora korwa ebitoonchokanaine buna riroba, amache namanani.",Agriculture,
The Ministry of Education announced upgrades to 10 youth polytechnics to enhance vocational training access across Kenya.,TEminisitiri yechisemi yararirie ogokinigwa gechitekiniko 10 chia abasae tgokinia ogosomera ochusi ao ao Kenya engima.,Education,
"Kenya has burned all large gatherings, sports and church gatherings; school sports have been baned including celemonies since first detection of Covid 19 in Nairobi","Kenya yatenenirie emesangererekano yonsi, emechieso/chigosori, ebipindi, n'emesangererekano ye'chikanisa; chigosori chiechisukuru chiakanirwe, magega yogotoka ekesi egetang'ani gia COVID-19 ime y'omochie o Nairobi",Health,
"TSC deploys 5,000 teachers to TVET institutions nationwide.","Ekeombe ekene kia abarimu (TSC) ngotoma ere abarimu 5,000 gochia chikorechi chia TVET Kenya engima.",Education,
"Mental health sums up to health mind and calmness, that prevents mental distress, assists in making healthy decisions and peaceful co-existence","Obochenu bwobongo nabwo oboikeranu bwebirengererio na obokanyeku ase omonto, nabio bikoraa ogoichorerana kwa obongo, konacha ebina na koigwanana nabande",Health,
"Conserve watercinbyour field by mulching, harvest and conserve rain water and planting resilient crops like sweet potatoes.","Renda amache gose obonyiu koera ase riroba bwango ase ogotuba riroba nobanyansi gose eubi, gotacha na kogacha amache yembura, na gosimeka ebimeri biria bikoremereria eguragura buna amarabwoni.",Agriculture,
PSA about the weather. Good animal husbandy.,PSA igoro yerire ‑ oborisia obuya bwetugo ase abatugi,Agriculture,
Implement program that reduces drought effect in small holder farmers.,Implement disIkerania omoroberio bwogokeania emechando ase oboremi bwao bwomogondo omoke erio okei asara ekoretwa nomogaso omonene.,Agriculture,
Grandmothers influence childcare decisions. Involving them in health education boosts positive practices.,Amagokoro gosegetà bare ogokina kwa abana Kobasangi asè amasomo yobochenu mbuya bene,Health,
KICD launches a mobile app providing specialized educational resources for learners with special needs.,Ekeombe keria getenerete buna amasomo akorosigwa (KICD) giansire omoroberio bwegeintaneti obwate ebitabu biabana bare noboremaru ao ao.,Education,
KICD publishes new digital teaching aids specifically designed for Early Childhood Development Education.,Ekeombe keria getenerete buna amasomo akorosigwa (KICD) nkorwa kere ebento ebiyia biegedichitari gokonya amasomo yabana benasari.,Education,
Council of Governors releases e-learning content on devolution.,Egeikaranso kiabagafana giachakire amasomo yegeintaneti igoro yobokoreri bwechikaonti.,Education,
"Uniforms and IDs from Jan 6, 2025.","Chiyunifomu amo nebibande gochakera chitariki 6 chiomotienyi omotang'ani , omwaka 2025.",Education,
Farming via digital technology eases growth and increase yield & subsequent value and diverse benefits..,"Oboremi goetera chisemi tekinorochia yegedichitari erio kwororobia okogendera na gokinia rigesa ase rigori rike, nkore nobuya ao ao…",Agriculture,
Town dwellers can plant vegetables in containers on their verandas to get food. Learn how you can utilize charcoal sacks to plant avocado.,Abanto bamenyete emechie yechitaoni nabo baranyare gosimeka chingeni chiabo ase ebisona biabo konyora endagera. Rigia komanya buna oratumie amakara emebuko gosimeka chiabokado.,Agriculture,
USDA encourages farming which focuses on sustaining soil fertility through cattle grazing..,USDA ngosegeta ere oboremi borengete korenda obotobu bweriroba ase okorisia chiombe.,Agriculture,
"Mpox disease has been ditected in Mombasa, the county of Mombasa has reported ninty eight people to be infected with Mpox and two have died from the disease, and more people are getting infected.",Oborwaire bwa MPOX bwatokire Mombasa Ekaunti ya Mombasa yaripotiri abanto emerongo kianda na isano isato gotwara oborwaire Bwa MPOX naboigo babere gosira kobwatia oborwaire obo na kogenderera koambokera abande abange.,Health,
KCSE July series registration opens January 27 and closes February 21.,Okwerika ase omroberio bwmasomo yamatemwa a'KCSE omotienyi 7 nkoigora ore chitriki 27 omotinyi I nagosieka chitariki 21 chiomotienyi 2.,Education,
National Counter Terrorism Centre launched the Jasiri resilience portal to help communities identify extremist ideologies and promote counter narratives online.,Ekeombe keria ekenene gekorwania obokebago bwokoruta chipomu (NCTC) yaansete eintaneti ya Jasiri resilience portal gokonya abanainchi komanya amasomo agosari ebirengererio na gosegeta chinkwana chiogotanga gosarigwa ebirengererion goetera eintaneti.,Security,
500 schools get free counseling rooms. book a session with your principal!,Chisukuru amagana 5 (500) chianyorire ebonyomba biogokorerwa obosemia. Saba konyora ribaga eiobosemia nomwalimu oo,Education,
Reduction of body immunity during pregnancy can cause serious problems to your unborn baby. Visi the dentist for checking your teeth to ensure mouth cleanliness,Ogokeana kw'obonyamasi bwomobere chingaki chi'oroiboro nabo korarente obokong'u ase afya y'omonwa. Genda ase omonyagitari bwamaino akorigererie ase okorenda obochenu bwomonwa oo.,Health,
Ministry of Education organizes workshops on nutrition for school feeding program managers to enhance food quality and safety.,Eminisitiri yechisemi nkoroberia ere amasomo yengaera eisaine omobere ase omoroberio bwokorageria chisukuru goikerania endagera ere nobotenenku na etabwati mochando ende.,Education,
"Reuters captured escalating violence in Nairobi protests, including burning vehicles amid outrage over a blogger's death in custody.","Abariki amangana ba Reuters mbabwatete buna eburaburu yarenge aaria Nairobi, na gosamba chirori ase obororo bwogokwa kwomoriki amangana bwogwetenenera ase eseri ya porisi.",Security,
Mobile telephony is the leading platform in digital technology to transform agriculture. They pride as a tool ahead of others that were ever madevin technology uprising.,Chisimi cha koboboko nigo chire igoro mono ase egechidichitari na tekinorochia ase okorenta oboonchoreria ase oboremi. Nigo bagwetogeria ogoonchoreria kwa bwango buna etanya koba rinde ase amatumisi a tekinorochia ebekireaiaga eng'e...,Agriculture,
"Announcement from the Ministry of health, private sector and NGOs have confirmed to implement their promises to ensure quality foods in schools, markets and deliveries at home","Okoraria korwa ase ewizara yobochenu, chisekita chia abanyene, na ebiombe bitari ebieserekari barure chiira gotingia chindagera chisukuru, okoragera ase chichiro na okogonkia nase chinka",Health,
"Learn one system of health guarding the ecosystem between human beings, livestock and our environment in a way of reducing cross infections from crops.","Beegie enchera eyemo yobochenu eyi ekorenda oboamate gati ya mwanyabanto, etugo amo nobochenu bwebitoonchokanante buna enchera eyemo yogotanga amarwaire akorwa ase chindagera chitari chingiya as omobere.",Agriculture,
Government rolls out initiative to provide affordable internet access to all public schools.,Eserikari yachakire omoroberio bwokorwa eintaneti ase rigori riororo gochia chisukuru chionsi chieswerikari.,Education,
"Educate children girls on theior monthly periods, body health and body development before it happens for them.","Somia abana abaiseke igoro yamatuko abo yokorora omotienyi, obochenu bwemebere yabo, na ogoonchoreria kwomobere amatuko obosae botarachaka",Health,
Get early warning signs about floods from KMD to assist the farmer in planning about agriculture and livestock farming.,Goikera ogokurerwa gose okomanyigwa se obwango nekiengencho mono kowa KMD gokonya omoremi kobanga igor yoboremi na korenda oboremi bwaye bwetugo,Agriculture,
The Ministry of Health (MoH) has announced that 3.5 million children have so far received their measles vaccines in the ongoing Measles-Rubella (MR) and Typhoid Conjugate Vaccine (TCV) campaign.,"Ewizara yoborwaria MOH yararirie ing'a abana chimilioni 3.5, goika bonoiga banyorire chichanjo chiabo ase ekampeni egendererete ya Measles-Rubella (MR) na Typhoid Conjugate Chanjo (TCV)",Health,
"Giving birth at home withou qualified helper places the child and the mother at danger. Always, ensure that you deliver at health facility where you can get assistance in times of danger.","Okoiborera nka otabwati obokonyi bw'omomanyi nigo gokobeka omwana na ng'ina ase obokong'u. Botambe, iborera nyagitari ase abakori emeremo abamanyi bare basomerete.",Health,
KNEC opens secure containers for KCSE 2025 exams nationwide.,KNEC opens secure containers for KCSE 2025 exams nationwide.,Education,
Painted by civic clubs and local artists,Abanyakenyoro bgokora emeremo yabo amo gokinia ekenyoro kiabo bang'ororirie chibicha igoro yebinyoro biabo nabanyagosori.,Education,
World Trade Organisation (WTO) is one of the organisations important to Kenya in discussing markets availability through quality commercialization..,Ekeombe kioboonchoreria giense (WTO) nekemo kiebiombe biengencho ase eserikari ya Kenya ase omoroberio bwogokwanerana nense engima buna bakwororobia enchera yogosoa echiro goetera oboonia obuya...,Agriculture,
"Digital platform have benefied farmers to get information, market prices, weather patterns, and other relevant information . In addition...","Goetera oboereria bwamanga gotera embeo botari na getango ase onde bwensi bwakonyire abaremi goikera amangana igoro yechiro, rire na ayande yengencho igoro yechiro. Komenta nayio, yakonyire...",Agriculture,
"[Training Achievement] Over 91,000 teachers trained to deliver digital learning content as part of Digital Literacy Programme implementation","[Ayaikereirwe ase okwegeria] Goetania abaarimu 91,000 baegerigwe buna bagochia gosomia chisemi chiegetekinorochia ase omoroberio bwokomanyia abana buna omoroberio ogikeranigwa",Education,
"CS joined learners in planting fruit trees to symbolize Kenya's commitment to a greener future. She urged citizens to take part in the national green agenda, noting that œby planting today, we secure tomorrow. ",omowasiri nabwateranete amo nabaorokigwq ase ogosimeka emete yamatunda buna enchera eyemo yokoenekia amanani kobao. naboigo kobaboria abamenyi koenekia ng'a korenda bare amanani ase enchera yogosimeka emete.,Governance,
"Announcement that food suppliees to all school to be done locally to benefit local farmers. Also, farmers are encouraged to plant food crops that are climate resistant","Okoraria kwarurwe inga chindagera chikorentwa chisukuru chirwe ase abaremi begenka, na gosimeka chindagera chikoremereria okoonchoka kwe rire",Health,
Ministry of Education rolls out program to equip secondary schools with ICT labs and train teachers on usage.,Eminisitiri yechisemi nkochakia ere omoroberio bwokobeka chisukuru chiesekenderi chibwate ebitabu biamasomo yokobwata na koenana amangana (ICT) naboigo kwegeria abarimi buna bakobitumia.,Education,
County level action plan launched in Baringo to address extremist recruitment in schools and religious institutions through community engagement.,Emeroberio yechikaonti gokwanera igoro yogosarigwa amongo nagosoigwa obokebago ase chisukuru gose chikanisa bemesikiti noansetwe aaria Baringo goetera chinkwana nabanyabinyoro.,Security,
Government launched a nationwide campaign to raise awareness on the dangers of illegal arms trafficking through community outreach and media.,Eserikari yachakire omoroberio omonene komanyia abanto goetera mesangerekano ao ao yebinyoro igoro yobobe bwebiasara biechibunduki chire ase amaboko amabe.,Security,
"Women that hace delivered and get annoyed, isolated themselves and loosing hope need to seek for help and and to be supported mentally. Mental sickness","Abasubati bagonkirie na koigwa kobea, kobera are na abanto na gosiria ogosemeria mbabwenerete korigia obokonyi na gosirwa ase ebirengererio. Oborwaire bwa ebirengererio kobwatekana nokogonkia nkobwenigwa bore na kobwena.",Health,
"take care of your mental health, health relationship and seek for help when you need it","Renda obochenu bwobongo aye omonyene, oboamate obuya na korigia obokonyi ekero oboganeti",Health,
The planet-friendly approach to school feeding will be at the heart of the scale up and focus of the coalition,Omoroberio bwokorageria chisukuru goetera chindagera chia aiga nka nao ore ase chinkoro chiaito buna enchera yogokinia ebirenga biobomo bwaito,Education,
"""Sustainable agriculture practices in Kenya have transformed hectares of barren farmland, significantly increasing crop yields for smallholder farmers.""",a Museo. Kwegera oboremi bwokwegendereria aiga Kenya bwaonchoire emegondo emenene yarenge emegomba koirania obotoby na kogesa obioremi nerigesa riebirengo bia igoro.,Agriculture,
"Agriculture has not only been hit hard in the fight against climate change, but 14% of farming has contributed through gas emissions.","Oboremi tari rioka ng'a bwaakirwe orgoma ase ogoonchoreria kwerire, korende boigo 14 ase emia oboremi nabwo bwagesire ogosareka kwerire. Korende, oboremi mbore…...",Agriculture,
"Progressive digital farming is important in diversifying in other areas to attain food security. However, biotechnology aims at increasing crops though it appears..","Okogendera ase ensemo yoboremi bwegidichitari kwabeire okwengencho as okoreta omoroberio omoyia goikerania omoigoto ase chinsemo chinde. Nonya nogo, tekinorochia erengete gokinia ebemeri biorongo yarorekanire koba ande ake ...",Agriculture,
Lamu County Assembly Speaker Azhar Mbarak urges national government to prioritise youth employment,Omonogeri bwekaunti ya Lamu Azhar Mbarak orure okoboria ase eserekari enene koa abasae ribaga rieritang'ani ase ogotoka kwemeremo.,Governance,
"NCTC launched a sub-county engagement forum in Nyeri to enhance resilience, public reporting, and localized action plans.","NCTC launched a sub-county engagement forum in Nyeri to enhance resilience, public reporting, and localized action plans.",Security,
"Learn on how farmers can utilize carbon credit and it's effect on climate change, and follow protocols of climate in poultry houses.",Egera komanya buna abaremi baranyare korwa ebirengererio biabo igoro yokonyora chibesa chiria chiogotanga embeo eria egosaria rire ase ase okwegera na kobwata chingencho chiria chikobwata embeo eyio ase ebisumu biechingoko.,Agriculture,
Participants solve civic puzzles,Abanto ebagokora emeremo amo komanya na konyora enchera yogokora emechando ase eserikari gose abanto.,Education,
"The ongong campaigns on meastle-rubela vaccination, disease caused by donkey and tetenus innjection has reached its 4th day","Ekampeni egenderereta yechancho ya misols-rubela,oborwire bwebunda na tetenasi yosoire rituko ria kane",Health,
Digital Horticultural yields. The project will help the ministry of finance formulating policies on digital scale. The result...,Oboremi bwebimeri goetera ebikaranso bwegedichitari. Omoroberio oyo nokonye ensemo yeserikari ase oboremi (MOA) ikorosia amachiko oboremi bwegechidichitari . Ogoikeranigwa oko...,Agriculture,
Farouk Kibet urges residents to register under SHA,Farouk kibet obasemirie obasqbire abanto bonsi kwerikia ase omoroberio bw'obobwenia bwa abanto bonsi SHA.,Governance,
The Financial Action Task Force commended Kenya for expanding efforts to counter terrorism financing.,"Ekeombe keria ekenene gieserikari gekorwania oborosia bwechibesa pandia, koa ebibago biokoruta chipomu chibesa gokora emeremo eyio na nobosaria boonde bwechibesa nkiagete Kenya okoboko ase ogotanga koa ebibago eebio biokoruta chipomu chibesa.",Security,
IEBC uses boda boda networks to spread voter registration info.,Ekeombe keria ekenene getenererete chikura (IEBC) nigi kegotumia oboererania bwa boda boda koraria igoro yokwerika chikura na ayaganeirie.,Education,
The Kenya National Library Service (KNLS) launches a nationwide campaign to promote reading habits among students.,Ekeombe giechinyomba chiogomera bosa gieserikari (KNLS) giansire omoroberio omonene gosegeta erang'o yogosoma ase abana.,Education,
Interactive panels and legal handouts,Chinkwana na gosoma ebitabu biamachiko .,Education,
"The National Counter Terrorism Centre and Operation Amani Boni conducted community workshops in Lamu County that focused on awareness, intelligence sharing, and resilience building.","Emeroberio yekeombe keria ekenene gekorwania obokebago bwokoruta chipomu (NCTC) orogetwe ""Amani Boni"" nokorete emesangererekano aaria ekaonti ya Lamu yamoregete omokanyia abanto, koererania amang'ana obotuki, na kobakong'ia.",Security,
USDA supports regenerative agriculture practices for livestock to enhance soil health.,USDA ngosira ere ebokoro biria bikorenda obotobu bweriroba ase etugo erio kobeka obotobu na afia.,Agriculture,
KNEC has released the 2025 KCSE examination timetable for all candidates.,Ekeombe keria ekenene getenerete amatemwa KNEC giasokirie omoroberio amairanerio yamatemwa yesekenderi KCSE omwaka 2025 ase abana bonsi.,Education,
"Minimise food perishability from fresh vegetables and fruits, through oroper harvesting methods, conservation and the manner we merchandise products to food stuff from the times you harvest from farm to markets.","Keania ogosareka kwendagera korwa mogondo ase rigesa riching'eni na amatunda goetera chinchera chikogesa chibwenerete, obogachi obuya, na engench yogoonchoreria rigesa riao gochia chindagera ao ao korwa buna okogesa korwa mogondo goika echiro.",Agriculture,
Kakamega MCAs urges farmers to stop using the subsidized fertilizer from the County Government for being sub-standard @KhendoBreaking,Amabunge ase eserekari yekaunti ya kakamega barure okoboria gochia ase abaremi gotagora amoyo aria yeserekari akeirie amagori asengecho nigo atabwati obotobu boisaine. nakoba ayebirengo bianse.,Governance,
Prudent group leadership focus on good rules and integrity of leaders. Learn on best farmer group practices.,Obotenereri obuya bwebiombe biabaremi nigo orengete amachiko amaronge na oborai obuya. Egera igoro yomoroberio omuya bwebiombe bioboremi.,Agriculture,
The launch of fertilizer manufacturing in 6 counties in a bd to add more fertility to the soil,Ogochakiwa gwokorosia obwoyo erio komenta obotobu ase emegondo ime yechikaonti isano nemo,Health,
"Starting of More Milk2 program aimed at promoting mils management and income, through awareness and access to market in Central Kenya","Ogochakigwa kwa More Milk2 orengete gokongia oborendi bwa amabere na ebitoki, goetera amaegerio na ogoikereka gwechiro gatigati ya Bosongo ya Kenya",Health,
Announcement of new policies for government office bearers and private offices must ensure that there are rooms for breatfeeding onthers to breast feed their children and to rest.,Okoraria kwa amachiko amayia ase abateneneri chiofiso chia eserekari nechiabanto abanyene baroseretie igoro yechinyomba chiabang'ina bakogonkeria abana babo na gotimokera,Health,
Government announces ongoing free textbook distribution program to primary and secondary schools nationwide for improved learning.,Eserikari yararirie omoroberio kogenderera korwa bosa ebitabu biogosoma bosa ase chisukuru chioboroso gokonya goikerania amasomo amaya.,Education,
"Guard yourself from harsh weather by practicing water harvesting skills, drought resistance crops, ( sweet potatoes) and preservation..","Etugeeke korwa eguragura goetera okwegera gotacha na kogacha amache, gosimeka ebimeri birwa bikoremereria eguragura buna (amarabwoni), na enchera engiya yokonyagacha.",Agriculture,
"Former DP Rigathi Gachagua urges Gen Z to register as voters, expresses confidence that 2027 election won't be rigged despite questioning credibility of the appointed IEBC commissioners.","oyokabeire omokonyi bwomorai bwense Rigathi Gachagwa orure okoboria ase abasae abake kwerikia buna abaaki chikura, na koorokia oboremu ng'a obochori bwomwaka 2027 mbobe obwo oboene nonya kaorogetie chitang'utang'u ase ekeombe kiobochori nechimbebe gietenenerete IEBC.",Governance,
KNCHR highlighted activism as a tool to expose corruption and demand accountability.,Ekeombe keria ekenene gekorigereria oboronge bwa mwanyabanto (KNCHR) yaorokire buna obosemia nogosuguma buna egekoreri ekenene goasioria obokorekanu na gosaba ng'a obotenereri obuya bwobokoreri.,Security,
"Murang'a Senator Irungu Kang ata urges EACC, DCI not to be used to settle political scores","omoseneta omurang'a irungu kang'ata oboririe ekeombe klgiokorwania obokurumi, ekeombe kiobotuki mbabaisa koba bagokora emeremo yabo ase ogwanchereria gwa siasa.",Governance,
KNCHR launches legal help desks for marginalized communities.,Ekeombe keria ekenene kerendete oboronge bwakemwanyabanto KNCHR kiabekire emeroberio yogokonywa igoro ya amachiko ase baria batigarete magega gose gochaywa.,Education,
Prevent Corona virus. Washing your hands is one way to prevent Corona transmission. 1. Wash your hnds 2. Apply soap 3. Rub all parts of your hands for 20-3- seconds 4. Sibia amaboko ao ase amache akonyororoka 5. wrap your hands with clean water,Etange n'ebinyinyi bia Corona. Gosibia amaboko nenchera yabene yogotanga ogoetia kwebinyinyi. 1. Esibie amaboko 2. Eyake esabuni 3. Sugua kera ensemo yokoboko ase chisekunde 20-30 4.Sibi amaboko ase amache egetacho 5. Etinyi n'egetambaa ekerabu,Health,
"Free drone technology course launched at 15 polytechnics – 2,000 slots open!","Chikosi chia bosa igoro yokogendia chingege chitabwati omogendia chiansire, amabaga 2,000 aigoirwe!",Education,
"For instance, best agriculture practices aims at quality, knowing times of fertiliser applications or spraying insecticides is vital. Indicators 1. Spreading digital services in IFAD projects (ICT4D share capital..","Buna ekiorokererio, oboremi obuya borenge omobaro omoronge on komanya chingaki chiokobeka obwoyo gose amariogo ase oboremi nobwengencho enene. Ekiorokererio 1. Ayareo ase okobaga na ogotumeka kwegechidichitari IFAD (ICT4D na korikwa ...",Agriculture,
Special announcement for Kenya to be accepted by the world organization for the cooperation aimed at good diety in collaboration with government departments in fighting poor eating habits in Kenya,Okoraria kwa beene kwogwancherwa nobomo bwechinse igoro yokobwaterana korengete okoragera okuya ase okobwaterana nechinsemo ao ao chieserikari erio korwania okori bobe orogongo rwa Kenya,Health,
UNODC and the National Counter Terrorism Centre are training officials to improve detection of terrorism financing.,Office enene yense etenerete omariogo nobosaria (UNODC) amo na ekeombe keria ekenene gekorwania obokebago bwokoruta chipomu (NCTC) nkwegeria bare abakori emeremo babo gokongia obomongeria igoro ya baria bakoa ebibago chibesa chigokora obokebago vbwokoruta chipomu.,Security,
Ministry of Energy and Education promote education on renewable energy technologies in schools and TVETs.,Eminisitiri yechinguru chiomorero amo neyechisemi ngosegeta bare chisemi chigetekinorochia ase chinguru chiomorero bwerisase (sola) ase chisukuru nechokorechi chiobobundi nechisemi chikwegendereria( TVETs).,Education,
"Schools lack labs, classrooms, and digital resources to support the reforms.","Sukuru tichibwti chinyomba chiobosayansi, nebirasi, nebinto biogiosomera egedichitari goikerania oboochoreria bwechisemi.",Education,
"Get practical tips for successfully selling your beans to supermarkets, including preparation, presentation, and negotiation strategies.","Nyora okomanya kwabeene ase okoonia ching'ende chiao gochia chituka chiria chinene, buna obwenerete gochichora na gochisiba, gochimanyekania na buna obwenerete gochiakera rigori.",Agriculture,
"Climate smart agriculture and digital technology is a creative means of planning yields progressively, strengthen food security and..",Chisemi chioboremi goetera tekinorochia yegedichitari nenchera ya bono yokoererania chinkwana chirengete gokong'ia oboremi bogosegeta okwegendereria erio goikerania omoigoto...,Agriculture,
"Due to good weather patterns towards farming, government subsidies and ease in market entry, on agricultural inputs. Contributions in this sector...","korwa rire rigiya ase oboremi, omoroberio bwogokei amagori, na gosoa echiro bokongu botaiyo, oikera ebokobekwa mogondo. Obokoreri obo no...",Agriculture,
"Mental health counselors deployed to 1,000 schools – book free session with your teacher NOW!","Abarimu bebirengererio nokweiranana batomorwe gochia chisukuru 1,000, bwata ribaga riao gokonywa bosa nomwarimu oo BONO!",Education,
"Announcement that organizations will bring about education that management by locals, awareness and leveraging through","Okoraria ng'a ebirabu mbirente amasomo akoraagwa na abanyene, ogotebererigwa na gokanywa na emeroberio ya ekaagwa ere na' afia",Health,
"Isiolo Leaders Condemn Calls to Dissolve County Government, Urge Neighboring Leaders to Focus on Their Own Constituents.",Abaarai ime ya isiolo bagikeirie okogania kwogogania gweserekari yekaunti eyuo gotugutrwa are nakorŵa okoboria ase abarai bechinsemo chionchokanaine ensemo eyuo gokora ayabachigetie ase chinsemo chiechibunge chiabo.,Governance,
"Story telling to a child helps to develop speech, mental capacity and boding","Gosomera omwana emegano botambe koagacha kore chinkwana, ebirengereri na obomo",Health,
Regional training of trainers workshop in Nairobi promoted gender sensitive counter terrorism policies across East Africa.,Okwegerigwa kwa abarai bechingongo buan abegeria abande aaria Nairobi nosegetete engencho yokorenta amo abanto bechingencho chionsi buna enchera eyemo yokorwania gotanga koruta chipomu orgongo rwa Afrika ya Mocha engima (East Africa).,Security,
Ministry of ICT pushes for universal digital literacy across all levels of education in Kenya.,"Eminisitiri Yamangan, Gokwanerana na Egetekinorochia (ICT nkobwterana ere ngosuma ere korora ng'a abanto bonsi mbare nechisemi chiganeirie ase ogotumia tekinorochia goetera egedichitari ase ebirengo bionsi biechisemi Kenya Kenya.",Education,
"Rising temperatures, increases likelihoods of malaria in Nairobi","Ogokina Kweriberera, nigo gokomenta okonyarekana Kwa Esosera gotabao ase ensemo ya Nairobi",Health,
Mock elections mandatory in all schools before December 2025 – prepare now.,"Ogochora kwa bari bake gotenenera amasomo bono goika kobe ase chisukuru chionsi nyuma yomotienyi 12 omwaka 2025, eariganie bono.",Education,
The entry of mobile telephony and accurate information availability at the right time has made it much easier and more easier on farmers..,Okogesaka gwechisimi chiamaboko na goikera amanga aborenge ase obwango aororobirie na gokora koba aororo ase abaremi ...,Agriculture,
The 2025 update to the Prevention of Terrorism Act strengthens Kenya's capacity to prosecute terrorism.,Okogesa gochia richiko ria omwaka 2025 igoro yogotanga obokebago bwokoruta chipomu ngakongetie chinguru chia Kenya gosoera na kogambia ebibago ebio.,Security,
"Notification that Makueni county has been recognised for efficient implementation of National Nutrition plan matched with national health priorities, with stunting reduced to 20%.","Okoraria ekaunti ya Makueni yamanyekanire ase ogoikerania emeroberio bwechindagera ogochiera amo nebitambokero ebitangani ase orogongo, na gokeani ogotakina goika 20%",Health,
Harmful practices such as female genital mutilation and forced marriage are human rights violations. Kenya has committed significant investment to prevention and response.,Chingencho chiaetire nechingaki gose chimbe buna chiria chiogokeba abana abanyaroka nenyomo ya bwango bataraisanera emiaka yokonywomwa nigo bire mamincha noboronge bwamwanyabanto. Kenya yaeraiganirie goetera korwa chibesa gotanga na korwa obokonyi bwa kera engencho gokora ayio. has committed significant investment to prevention and response.,Security,
Government to establish more STEM resource centers in various regions to boost science education.,Esrikari neagache chisukuru chinyinge chibobundi nechisemi chiokwegendereria (STEM) chire nebitabu biogosoma gokinia chisemi chibosayansi.,Education,
Introducing crop rotation protects the environment and ensures long term production of livestock.,Okweegia chingencho chioboremi bwogoonchoreria ebimeri mogondo nenchera eyemo yokorenda ebitoonchokananete naboigo goikerania rigesa rioboremi bwetugo rioka rioka,Agriculture,
"By 24 days ago Ruto: ODM will form or be in the next Government President Ruto says ODM will form or join the next government in 2027, warns of action against individuals attempting to create divisions within the Party.",nyuma yamatuko 24 Ruto: Ekiama gia odm kerosene eserekari gosekebe ime yeserekari omonene bwense Ruto otebire nabo ODM erarosie gose esoe ime yeserekari omwaka 2027. Nakorwa okoboria baria bakoreta ogoatananekana ime.yekiama koimokerigwa egetambokero ase ogotema korenta ogoatananeka.,Governance,
"Government launches a nationwide campaign to promote Science, Technology, Engineering, and Mathematics (STEM) education","Eserikari yachakire omoroberio omonene bwiogosira chisemi chiobosayansi, Etekinorochi, Obobundi, nechisabu (STEM).",Education,
Farmers arecurged to register in a government program aimed at issuing subsidized animal feeds.,Abaremi basegeterie kwerika ase omoroberio bweserikari oyio orengete korwa chindagera chietugo ase amagori amake .,Agriculture,
Announcement on the distribution of pesticides and insecticides with a view of combarting the same among livestock.,Okoraria igoro yobobagi bwamariogo oboremi na ase etugo erio korwania amarwaire yoboremi.,Agriculture,
National Counter Terrorism Centre emphasized patriotism and integration of national strategy priorities into county forums to advance prevention efforts.,Ekeombe keria ekenene gekorwania obokebago bwokoruta chipomu (NCTC) nkiabegete chinguru ringana riobwegenwa bwense yaito na kobwatania emeroberio yense gochia ase ebikaranso biechikaonti erio gokong'ia gotanga obokebago integration of national strategy priorities into county.,Security,
"This study analyses the impact of specific reforms on agricultural production, performance and trade, and therefore food security. The study uses secondary data ...","Ogosoma oko nkworokereria kore igo ya ayabeire ase amachiko ase chisemo gete ase oboremi nerigesa, amagenderero nebiasara, amo nayio omoigoto. Obokongoria obo bwa ayare ase ebitabu...",Agriculture,
National Counter Terrorism Centre rolled out a community based strategy to deter extremism and urged awareness of technology related risks.,Ekeombe keria ekenene gekorwania obokebago bwokoruta chipomu (NCTC) ngiansete omoroberio bwebinyoro gotanga ogosarigwa ebirengererio na gosaba okomanyigwa igoro yobwoba bwegetekinorochia.,Security,
SEEDS shall conduct collective research and rules that support use of technology with small scale land owners.,"SEEDS mbakore obotuki bwabo amo na amachiko agosegeta kobwata obokoreri bwegetekinorochia ase abaremi bemegondo emeke, ...",Agriculture,
"If the ambiricalcoard of a child is passing blood or some pus, see the doctor urgently","Onye ekenyogu gekorwa amanyinga gose amaira, rora omonyagitari bwango",Health,
Coughing to a period of two weeks? Expentant mothers should should be tested for TB withiout delay,Ogokorora ase emekubio ebere? Abangina bebwateranetie goika barengwe esese bwango kegima,Health,
Transport Department launched a risk prevention plan to improve transparency.,Ensemo yobobogoria yaansete emeroberio yogotanga emebasekano yechipara buna enchera eyemo goyoikerania obomaiso marore.,Security,
Transform rwa grains into a higher- value honey wine. Discover simple processing methods and potential markets.,Transform your raw grains into a higher-value honey wine. Discover simple processing methods and potential markets.,Agriculture,
"Announcement on the lauch of a special program in Kenya on defending, dialogue and advising on familye life, and to increase knowledge","Ogochaka kuomoroberio obeene ase orogongo rwa'Kenya igoro yoboegereri, chinkwana na obosemi bwegenka, na komenta obomanyi ase abamenyi",Health,
Educate elder children on how to take care of children under their care to avoid any accidents.,Semia abana abanenè korenda ebingwerere tibaumia batancheti,Health,
Create awareness. The month of June is a month of mental health for old men.,"Mbuya komanyia. Omotienyi ogatana na rimo, nomotienyi bwobochenu bwobongo ase abagaka",Health,
"Such events shows the efforts of digital farming which pushes development in the villages, and through...","Ogokora oko nkworokie obuya bwokobeka chinguru chisemi chiegedichitari erio gosuguma amagenderero yokwegendereria abonsi na amagenderero ebinyoro, na goetera ...",Agriculture,
"Transformative farming in Kenya is aimed at long-term solution effects between environment and humanity and their complimentary to support livelihood. As climate change keeps affecting farming, when government focuses on bumper harvests to export to foreign markets, kenyan farmers have tried to conduct farming that doesn't affect the environment thus fortify farming and sustainable harvest.","Oboremi bwokwegendereria aiga Kenya nigo borengete goikerania omoroberio omotanbe korora buna oborendi gati yamasingira na mwanyabanto bikorendana erio obogima kogenderera gwense yaito €™s ensemo yoboremi. Buna ogonchoka kwerire rire kogenderete kobeka echando ase oboremi nechingencho chioboremi, ekero eserikari yaigo erengete rigesa rinene ase okoonia gochia ecchiro ya isiko, abaremi aiga Kenya mbatemete gokora oboremi bwabo ase enchera eria erendete amasingira erio gokongia oboremi bwabo nerigesa amatuko onsi.",Agriculture,
"TSC advertises 46,000 teaching posts – deadline December 5, apply now!","Ekeombe ekene kia abarimu (TSC) yararirie amabaga 46,000 yabarimu nyuma yechitariki 5 chiomotienyi 12, toma ogosaba kwao bono!",Education,
Ministry of ICT partners with NGOs to provide free online coding bootcamps targeting youth in underserved communities.,"Eminisitiri Yamangan, Gokwanerana na Egetekinorochia (ICT nkobwterana ere na NGOs korwa amasomo ameng'e abosa igoro yamasomo ekombiuta goetera eintanetiarengete abasae baria batari goikereka keboraisi.",Education,
Government announces plan to roll out free Wi-Fi connectivity to all public universities and TVET institutions.,"Eserikari yararirie omoroberio bwogochaka kobeka chiintaneti chiabosa (Wi-Fi) ase chisukuru chionsi chiserikari, chiyunifasiti nechisukuru chiobobundi nechisemi chiokwegendereria (TVET).",Education,
Ministry of Education collaborates with stakeholders to produce interactive digital content targeting home-based learners.,Eminisitiri yechisemi nkobwaterana ere collaborates with stakeholders to produce interactive digital content targeting home-based learners.,Education,
Production and attainment in a large scale is important when sellers work in harmony with producers. Technology. This push-pull technology was formulated two decades ago with iCIPE in collaboration with...,ment no goikerania ase oboagare ogosegeta koira echiro na abagori. Tekinorochia. Etekinorochia eye nigo yarosiigwe gati yemiaka emerongo ebere yaetire goetera ICIPE ase okobwaterana na...,Agriculture,
Transparency International Kenya drives accountability. Stay informed and take action against bribery.,Ekeombe gia Transparency International Kenya ngosegeta kere oboteneri obuya. Kabe maiso na bogoria egetambokero igoro yokorwa amaaki.,Security,
County-level forums were convened nationwide to review and update Kenya's National Strategy to Prevent and Counter Violent Extremism.,Emesangerekano yechkaonti yakoretwe kenya engima korigereria keboyia erio gokongia oborendi ase ogotanga uobokebago bwogotumia chinguru.,Security,
Children grow up well when in a good environment and to be treated well,Abana ebagokina buya ekero bakogokrerwa buya na kororwa botambe,Health,
"Signs of Menta Illness: Quarrelsome, weakness, blindness and sudden sickness and, trembling body, the brain is sick","Ebimanyererio ase oborwaire bwobongo: chisugu, okoererwa chinguru, ogotarora buya, oborwaire bwa mobasekano, okonyegerigwa nyuma yokogoswa, obongo borwaire",Health,
Learn on how you can acquire knowledge and training from field extension officers.,Egera komanya buna oranyare goikera obokonyi bwoboremi korwa abatebereria buna abaagirigacha beserikari ase ogosemia amo nechisemi.,Agriculture,
KNEC conducts national training to equip schools and educators on new online e-assessment tools.,Ekeombe keria ekenene getenerete amatemwa KNEC nkokora kere amasomo gokongia abana nabarimu babo igoro yokorenwa goetera ebinto bieintaneti.,Education,
Climate-Smart Agriculture (CSA) is an approach to help the people who manage agricultural systems respond effectively to climate change.,Oboremi borengete ebimeri biria bikoremereria ogoonchoka kwerire na egurargura (CSA) nenchera erengete gokonya abanto oboremi nechiro bikoererania erio gokeania omochando bwo'ogoonchoreria kwerire,Agriculture,
The Ministry of Health has announced polio vaccination campaign for 5 days starting 2nd - 6th October 2024,"Ewizara yobochenu yararirie ekampeini yechancho ya polio ase amatuko atano gochakera omotienyi 10 chitariki ibere goika isano nemo, 2024",Health,
Ministry of ICT and County Governments partner to establish ICT resource centers in rural areas to support digital literacy.,"Eminisitiri Yamangan, Gokwanerana na Egetekinorochia (ICT) amo nechiserikari chiechikaonti babwatanire koagacha chinyoma chiogosomera ebinyoro chibwate ICT gosira amasomo egedichitari.",Education,
Kenya National Examinations Council publishes the report of pilot evaluation for new e-assessment tools.,Ekembe keria ekenene getenerete amatemwa (KNEC) nkorika kere eripoti yebirengo korwa abana bake batemirwe korora buna ebokoreri ebio bigokora emeremo,Education,
"Young parents are in need of mental health support, food an mecal care. Communities have been adviced to reduce their fear and to stand in solidarity with their communities.","Abang'ina abasae mbaganatie obokonyi bwa ebirengererio, endagera na oborwaria. Ebisaku biasabirwe gokeia oboiroku na gosira oborendi bwa amo.",Health,
National Education Strategic Plan 2023-2027 launched.,Omoroberio bwechisemi omonene okworokereria ebirengo neki bagochia gokora kere chingaki omwaka 2023-2027 oansire.,Education,
NGEC advocates for equal representation of women in elective posts.,Omoroberio omonene bwokobeka chinguru chierisase (NGEC) ngosegeta ore oborenganu gati yabasacha nabakungu ase ebirogo biogochorwa.,Education,
"Agriculture is the main backbone here in Kenya, where 25% of harvest contributes to GDP. Agriculture is expected to surpass 70% in Kenya if all commit to agriculture especially small income generators. Poor agricultural practices has impoverished soil, hence poor harvest, leading to food insecurity. Progressive farming is a sure approach to this problem to beat food insecurity and generate profits.","Oboremi negete kiomogongo kieboki bia ense yaito ya Kenya, bokogesa 25 igoro yemia ase ebitoki biense yaito (GDP). Oboremi mborigete goetania 70 igoro yemia yense yaito ya Kenya goetera baria bonsi bagora gose barikire ase oboremi, naboigo bagokora emeremo yengencho ase as okonyora goke goke kwa'abange. Nonya nogo, chingencho chioboremi botari oboikeranu bwasaririe obotobu bwemegondo, rigesa rike, na oboremu bwe'ndagara obonene. Oboremi bwokwegendereria nomoroberio iobeene as omochando oyo, erio goikerania omoigoto na gokinia ebitoki.",Agriculture,
"Announcement of forum to attract investments into food systems, employee health services and wellness tech.","Okorari gwokongusa amagenderero ase emeroberio emeyia ase chindagera, obokoreri bw'obochenu ase abakori emeremo n'etekinolochi yokorereta",Health,
"Take charge of discovery in agriculture and how can patent seedlings(IP), safeguard your knowledge like launching a new item and root development.",Renda chingecho chia chioboremi amo na embusuri enyia ase okomanya buna okorenda obomanyi bwao (IP) oboronge buna boria bwokorosia egento ekeyia and oboronge bwogokeborana kwebimeri .,Agriculture,
"Lung cancer or tumors originating in the lung, is one of the leading causes of cancer-related deaths globally. Poisonous residue from smoking, asbestos, carcinogenic substances and even environmental hazards have been singled out as major risk factors contributing directly or indirectly to lung cancer. However, the case studies we interacted with for a period of two months cast a shadow of uncertainty over what really causes cancer","Kansa yegekuba gose okobimba,neyemo ase amarwaire agoita ense engima Amàrioki yechisigara, asbestosi, nebinto bikogera kansa ya mayaa na ebinto bitoetanaine bikwanirwe inga ngochangia bire korenta kansa eyemo ase eyemo kansa yegekuba Nonya nigo, oboringori ase chiropoti chireo ase egeka ki'emetinyi ebere yosogeti eropoti inga temanyereiri ninki kegochakia kansa",Health,
"Giving infants herbs interfers with its body immunity, and immune to proper treament thereby increase the sickness","Koa abana ebingwerere amariogo yemete nigo egotanga obobwenia bwa boronge, na igo oborwaire komenta mono. Rigia obosemi bwabanyagitari",Health,
"This program has special context in agriculture, realtime weather forecast and other updates, tools to archive information..","Egento eke nkere nobomanyi bwa beene ase chinchera chigokora oboremi, amang'ana ogosemia amaikeranu igoro yerire nyande, ebinto biokogacha amang'ana yobokoreri na...",Agriculture,
Non-compliant schools face closure.,Chisukuru chiataikeranie ogochika oko nabo chirasiekwe.,Education,
EACC reports 400 active cases and over KSh 28B recovered.,Ekeombe keria ekenene giokorwania obokengeka (EACC) kiamanyirie igoro yebina 400 bigendererete kotini n goetania chisiringi chibirion 28 chiairaniigwe.,Security,
Ministry of Education to strengthen career guidance and counseling services in secondary schools.,Eminisitiri yechisemi Nebeke chinguru ase ogokonya abana goetera ogosemia abechisekenderi.,Education,
"What has been seen through spiritual gatherings on how they prepare different foods in many counties, and good advice on quality food",Okorari goetera jijumuiya ase chikaunti chinyinge buna chikorosia chindagera ao ao na obosemi igoro yechindagera chingiya chimentire obuya botingiri na ebitakunero,Health,
All eateries to; 1. ensure cleanliness of utensils and food safety and general cleanness. 2. Have adequate and accessible water at entry and exit washing points,"Chinsemo chiokoragera; 1. chiikeranie obochenu bwe'chindagera, amo n'ebibekerero, amo n'echinsemo chiokooneria. 2. Beka amache aisaine ase chibeseni chiogwesaba, chiranyare goikerwa na kera omonto, ase ebisieri bioosoa, na gosoka.",Health,
Maidens are advized to take care of the umbilical cord of the child y ensuring that it is clean and not wet always. Do not apply some ash or traditional medicine as these can cause infections to the ambirical cord,Abareri nigo baborigwe korenda ekenyogu kiomwana ase okorenda korora ng'a nekerabu kere naende egekamoku. Mbabaisa goaka ebinto buna ribu gose emete yorosana ekiagera nigo birarente amarwaire,Health,
New TVET curriculum launched: Focus on green energy & digital skills.,Omoroberio omoyia bwechokorechi chiobobundi na tekinorochia (TVET) oansirwe: Beka ebirengererio bia nochusi ase chinguru chiomorero bwerisase.,Education,
"USDA implements a National Milk Testing Strategy to monitor H5N1 in dairy herds, ensuring milk safety.",USDAnere nooroberio omonene bwogopima amabere buna enchera yokorigereria ebinyinyi biechingoko H5N1 ase chiombe buna enchera eyemo yogoikerania abuya bwamabere.,Agriculture,
"Mixed farming involving shade trees, harvesting worms that fertilize farms, yields from livestock and harness harvests.","Omoroberio bwboremi bwokoburukania ebimeri amo nemete nkorenta bore ekiriri ase ebimeri, kogesa amakonde aria agotobia riroba, na kogesa endagera ase etugo, na kwangoyia oboikeranu bwerigesa na ebitoki korwa oboremi.",Agriculture,
Interior Cabinet Secretary reaffirms commitment to prosecuting acts that qualify as terrorism including destruction of property and threats to public services.,Omominisita bwoborendi bwa ime oenekirie okwerwa gweserikari gosera na kogambia ebikorwa bigosegeta obokebago amo nogari chinibo na korenta obwoba ase obokoreri bwa'banto.,Security,
Effective vegetable farming and fruits to increase revenues. Search better approaches and available markets.,Komenta oboikeranu as oboremi bwechingeni na amatunda boigo komenta bore ebitoki. Rigia komanya enchera enyororo igor yoboonchoreria bweriga echiro yaye engiye ereo.,Agriculture,
Timely screening help the unborn child from HIV transmission by its mother,Okorengwa kwa bwango ngokonye omwana otaraiborwa taambokerigwa enyamorao,Health,
labour opportunities at higher levels and therefore better pay. Improve access to markets and value addition on agricultural produce. Despite the fact that ...,Amqabaga emeroremo yaigoro are nogoakana okuya. Kongia enchera yogosoa echiro na omoroberio bwokogesa obuya nerogori rierigesa riao. Nonya ere obomaene ng'a ...,Agriculture,
"Mark in your calender upcoming seminars , important events with livestock stakeholders .","Beka ekeriorokererio ase ekarenda yao igoro yyamorokererio yoboremi agocha, ayio are egekoro ekenene ase abowo bonsi babwateranete ase ensemo oboremi bwetugo.",Agriculture,
Journal write up. UK-CGIAR news.How vegetable farming intercropping with cow peas and others is important in western kenya. 16 July 2025. For more information...,FAmangana arikire na. UK-CGIAR Amang'ana amayia. Buna oboremi bweching'eni bogosegeta okoburukania chimbisi nebimeri binde bwabeire obwengencho ari Mocha ya Kenya. 16 July 2025. Amang'ana amayia amange ...,Agriculture,
"The governor of Garisa has issued alert on increasing cancer, and conceded that Nuclear waste","Egavana ya Garissa orure ogokurerwa ase okomentekana gwa kansa, ekero ekio akamenta ng'a eubi egotugutwa ebwate niuklia egobeteka",Health,
"This initial training will focus on the key concepts and approaches associated with climate action in the agricultural sectors, especially Climate-Smart ...","Ogosomia oko kwogochakera igoro yebirengererio nomoroberio oye orengete gotanga ogosareka kwerire ase oboremi, mono kegima goetera oboremi borengete oboremi obuya...",Agriculture,
CBC sensitization forums held in all counties.,Okomanyia Chisemi chirengete okobua kwomwana (CBC) nchokorwe chikaonti 47 chionsi.,Education,
KCSE 2024 results released: Guidelines for remarking and appeals.,Amairanerio yamatemwa a 2024 asokire: Omoroberio buna amatemwa ayio arairorerwe korigererigwa koreng'ana nogotaisaneka kwarokanete.,Education,
Embakasi North MP urges IEBC to remove barriers to youth voting,Omobunge bwembakasi ya rogoro orure okoboria ase IEBC korusia ebitango bionsi ase abasae goaka chikura.,Governance,
"A report to proof hiow Kenya is committed in labbling its foods, and market regulation and at border control","Eropoti yabeene ekoenekia okwerwa gwa Kenya ase okobeka ebimanyererio ase chindagera, ebitango ase okoonigwa na gochika amachiko ase chimbebe",Health,
"United Nations launched a youth engagement and empowerment program to train young leaders on policy, advocacy, and preventing violent extremism.","Onomo bwechinse (UN) mbwachagete omoroberio bwogokwanerana nabasae na kobabeka chinguru ase okwegeria abarai ba abasae igiro yamachiko, amasomo igor yebinto bibweneretye goonchoreria, na gotanga ogosarigwa obongo koba ekebago.",Security,
"TSC releases 20,000 permanent JSS teaching posts – apply before Dec 15!","Ekeombe ekene kia abarimu (TSC) kiarure abarimu 20,000 bapamanenti bechisukuru chiesekenderi ya inse JSS, toma ogosaba kwao nyuma yechitariki 15 chiomotienyi 12!",Education,
"By Daniel Kariuki 1 year ago Wajir residents to benefit from World Bank water project According to Abdullahi, this is one of the many projects that the county has embarked on to uplift the lives of the county.",Nyuma yomwaka oyomo abamenyi ba'wajir mbanyore ebisima biamache ebio bikorwegwa amo nebenki enene yense koreng'ana nerippti yaye Daniel Kariuki. Buna ensemo eyemo yogokiniq obogima asenekaunti eyeiga amache nensemo eyemo emeroberio bene emenene ekaunti eyuo yabekire omokia omonene. Abdullahi Otebire.,Governance,
"To reachveffective knowledge , faming ànd harvest, available policy supports farming, like checking soil PH, and sustainable markets.36. Acquisition of farm loans: getting loans in agriculture needs incorporation as well as farmer extension services and availability of water during droughts to our crops. More so..",Goikera obomanyi bwa keene na amasomo. b. Mbire ... Oboremi nerigesa. o Omoreberio oreo nosirete obokoreri as oboremi sbuna ogopima obotobu bweriroba nechiro yaye ekororekana ...,Agriculture,
CS visits Litein Boys High School for renovations.,Omoministita otareire esukuru yabamura ya Litein gosegeta okoyebarera buya.,Education,
"Kenya, UNICEF, and the World bank have disclosed good eating habits. Through meney assistance and awareness raising in counties in Africa","Kenya, UNICEF, ebengi enene yense, baasioriri okoragera okuya. Goetare omoroberio bwe chiropia na amaegerio Afrika chikaunti 11",Health,
"You desire to sell your eggs to diaspora markets? You wish to sell your milk in international markets? Learn on standard requirements, acceptability and what is needed to attain entry in Middle East.","Notagete koonia amagena echingoko chia gocia echiro ya isiko? Notagete koonia amabere ao gochia echiro ya isiko? Soma igoro ya ayaganeirie, Ogoitabwa, na ayaganeirie goikera buna okobaikera gosoa ense ya Middle East.",Agriculture,
"Announcement on a special campaign encouraging healthy environment, and education on food as concerns ….","Okoraria gwekampeini ya beene ekorenta obochenu ase ebitoetanaine, nechisemi igoro yechindagera buna chiraroberetwe ime ya ebiombe bia mwanyabanto",Health,
Kenyans have been warmed to stop consuming wild animals meat prevent monkey's disease transimission MPOX,Abakenya bakureirwe batige koria chingiti chia orosana erio gwetanga kwambokrigwa obirwaire bwa ebikondo(Mpox),Health,
Create inclusive spaces! Train teachers to support diverse learners.,Beka omoroberio okwarigania bonsi! Egeria abarimu gosira ogosoma kwabana ase oboagare.,Education,
Families of a shooting victim demanded legal action; IPOA confirmed active investigation and emphasized supervisory accountability.,Amamwabo baria barasetie amasasi nabasikari mbaboretie ng'a ebotambokero biamachiko bibogorigwe as abasikari; ekeombe keria gietenererete kia abasikari (IPOA) nkiaenegetie obotuki obuya na koboria nga abateneneri babasikari babogorie amamocho ayio.,Security,
Climate-smart agriculture approach are required in the entire value chain from production to consumption.,Omoroberio bwoboremi borengete ebimeri biria bikoremereria ogoonchoka kwerire na egurargura mboganeirie ase moroberio omogima bwokoererania andagera korwa mogondo goikera baria bakonyeria.,Agriculture,
Technology is in use in the production phases on crops and livestock. The goal is to discover agricultural technology applied in China compared to Kenya.,"Tekinorochia yatumekire at ebitambokero bionsi ase ogokinia rigesa rioboremi amo na etugo. Ekerenga kia abatomwa nkeria ng'a baatanane oboremi bogokorwa aaria Chaina na tekinorochia bagotumia, erio barenge okobwekana neyaito aiga Kenya.",Agriculture,
"This publication explains examples agricultural reforms on climate smart agriculture (CSA) from across the world, describing how that program is implemented to address challenges...","Egatabu eke nigo geworokereria igoro yoboremi borengete ogsareka kwerire (CSA) ebikworokereria korwa chingongo aoao chience, chikworokia bua omoroberio oyo ogokorwa gokonya omochando oyo ...",Agriculture,
"West Pokot Governor Simon Kachapin has visited families of the four victims who died in the recent Turkwel gold mine tragedy, offering food aid and financial support. He condemned local leaders for politicizing the incident, calling their actions unfortunate and aimed at gaining cheap political mileage. #KBCniYetu ^MM",omogabana kachapin korwa polkot ya sugusu otareire chinka chiria chiasiria abanchwa babo banne ase omobasokano bwokwanyokerwa riroba ase ribwago erimo riokoiya amagana amabera ensemo ya turkwel. nakobairera chindagera amo nogokonya gwechibesa. obamochirie abarai be'nsemo eyuo ase kobeka siasa ase amang'ana ayuo yomobasokano nagoteba okuo nokwerigeria amanene asiasa ase chinsera chiobosuku. #KBCniyetu^MM.,Governance,
"You are suffering mentally? Drinking beer cannot give you any strength, it is a chemical that spoils a lot. feed your brain. Choose good cure, talk to the counsellor and join helpful clubs, and you can equally talk to us to get help","Ochandegete ebirengererio? Konywa amarwa tikogokoa chinguru, neriogo rigosaria amang'ana mono. Chora okobwena okoronge, gamba na omosemia na kwebeka amo na ekeombe Kiogokonyana, boigo nabo ogokwana naintwe ase obokonyi",Health,
Schools remains great institutions for counseling and mental cure,Chisukuru Nabo chikonyara koba chieng'encho mono ase obosemia obobwenia bw'obongo/ebirengererio.,Health,
NCIC introduces peace programs to prevent electoral violence.,Ekepmbe giokoegerera abanto komenya amo buna abanto abamo (NCIC) giaansire emeroberio yogotanga chisegi chibwatekaine nobochori obonene.,Education,
"Human Rights Watch released video analyses showing police use of live rounds, teargas, arbitrary arrests, and command-authorized force.","Ekeombe keria gekomongera oboronge bwa mwanyabanto nkiarwete esinema ekworokia buna abasikari bare korasa chimbunde, koruta ebinto biria bikorusia erioki, kobwata abanto bosaigo, negetengo kiabasikari inse yamachiko korwa abanene babo korasa chimbunde.",Security,
Kenya has confirmed 3 people infected with MPOX the county of Busia. The Minstry of Health has issued alerts on MPOX transimission.,Kenya yaenekirie abanto batato gotwara oborwaire bwa MPOX ase ekaunti ya Busia. Ewizara ya Afya yakureire okonyarekana gw'okwambokeria ebirusi bya Marburg na Ebola korwa Chinse jirani chia Tanzania na Sudan.,Health,
Ministry of Education develops tailored e-learning content for refugee learners in designated camps and resettlement areas.,Eminisitiri yechisemi nkorosia ere amasomo abeene arengete amasomo goetera eintaneti ase abana ba baria batamire korwa chinse chiabo babekire amo ase chikambi na asande anga buna ayio.,Education,
"Learn digital tools like M-Farm to help small scale farmers about prices and markets, to know about climate change, field intelligence from experts and online services.","Bwatia komanya igoro ebokoreri biegechidtari buna M-Farm ebio biranyare gokonya abaremi bemegondo emeke igoro yamagori na echiro, komanya ogoonchoreria kwerire, obotebereria korwa ase abamanyi, and okoererania kwemebeo.",Agriculture,
Teachers Service Commission launches online platform offering modular professional development courses for teachers.,Ekeombe keria ekenene kia abarimu yaansire omoroberio bwegeintaneti okorwa bwokorwa amasomo make make ase abarimu erio gokonya gokongia ochusi gosomia.,Education,
The Ministry has scheduled irrigation plan in arid and seml arid regions.( ASAL),Omoroberio bweminisituri igoro ogosiarera amche mogondo buna ekiorokererio ekiya aaria chingongo chinyomo (ASAL),Agriculture,
Expectant mothers require calcium to strengthen their bones and teeth including their unborn children,Abangina bebwateraneti mbagànetie karisiamu ase ogotingia amauga na amaino abo amo na abana babo bataraiborwa,Health,
"The Ministry of Fireign Affairs, has tried to introduce a voucher in digital services to promote planting, cereal improt and harvest…..","Ewizara yamàngana aisiko, yatemire korenta evocha ase chikomputa na ebiogwe vya dichitol erio gosegeta rikomera, korenta chinyeke na rigesa ase chindagera",Health,
Teachers Service Commission organizes digital content creation contest for innovative teaching materials.,Ekeombe keria ekenene kia abarimu nkoroberia kere na kobwatania omoroberio bwogosindana ase ogosomia nebinto bigochia gosomigwa.,Education,
"By 1 month ago Premium New push for universal social security policy Push for a transformative universal social security policy in Kenya, advocating for a system that provides retirement benefits to all citizens, including the vast informal sector.","Nyuma yomotienyi oyomo oetire okonacha kwoborendi ase obogotu nakorwa ogosegeta ase amaonchoreria abene ase omoroberio bwabagotu, Nagosegeta amaonchoreria abene ayuo araenekie ekwirikia ase bonsi ase omoroberio bwabagotu nonya mbaria batari ase emwremo yeserekari korikigwa bene.",Governance,
"Women have a bigger role in fish sales. Learn about available policy, markets and support pillars, women inclusivity and capacity building.",Abangina mbare nensemo enene bagokora ase okogesaebirengo ase oboonia bwechinsue. Legera igoro yemeroberio yabeene nechiro na gosira okobwaterana na abang'ina na kobaa chinguru.,Agriculture,
Youth Agenda trains youth to use tech for civic engagement.,Achenda yabasae nkwegeria ere abasae gotumia tekinorochi gokwanerana nakobwaterana ase emeremo yebonyoro.,Education,
"Kenyans quarantined in Kenyatta University, Jomo Kenyatta University of Agriculture and Technology (JKUA), KMTC (Kanu Hostel), KMTC (MG Hostel) and Kenya Water Institute will have to endure another 14...","Ogotara kwqbana beyunifasiti gwakeaniigwe ase chiyunifasiti chia Kenyatta University, Jomo Kenyatta University of Agriculture and Technology (JKUA), KMTC (Kanu Hostel), KMTC (MG Hostel) na Kenya Water Institute abwo baratigare koremereria naende 14...",Education,
Abstract. Various proposals in the World Trade Organization agricultural market access negotiations are explained and their implication to tariff reduction ...,Ase Obweng'e. Ebirengererio ebinge bia biechiro yoboremi bwa bwense ebirengererio ebinge as echiro yoboremi bwense nagendererete ayio arengete ogokeyia rigori rioboremi gose echogo ao ao.,Agriculture,
"Bleeding, headache and poor sight, sek for medical attention","Ogoetia amanyinga, ogwatigwa omotwe, korora rikongori nebiegoso, rigia obobwenia",Health,
PSA: Training on disease prevention and dairy hygiene practices announced.,PSA: nkwegeria bareigoro yogotanga amarwaire yetugo nechingencho chiobochenu chirure.,Agriculture,
Ministry of Education releases national guidelines for standardizing school infrastructure development.,Eminisitiri yechisemi nkorwere omoroberio buna oboagachi bwebirasi bia abana bagomera bibwekaine Kenya engima.,Education,
Announcement of 4 years of packaging milk in central aimed at to promote small scale farmers.,Ogochaki omoroberio bwemiaka ene korosia amabere amaya gatigati na bosongo ya Kenya orengete abaremi abake,Health,
Kioni urges Kisii residents to register as voters,kioni obasemirie abamenyi ba'gusii kwerikia buna abaaki chikura.,Governance,
Announcement on the budget of food and devices as part of family planning in counties under CAN,Okoraria amakadirio yechindagera nebikoreri biogotunyana buna ensemo yokoroberia oroiboro ase ekaunti inse ya CNAP,Health,
Climate-Smart Agriculture (CSA) has strong potential to contribute to the achievement of the 17 Sustainable Development Goals (SDGs).,Oboremi borengete ebimeri biria bikoremereria ogoonchoka kwerire na egurargura (CSA) mbore obwengencho as ogoikerania ayarengete okorambaria kwamagenderero yense 17 buna erengete (SDGs).,Agriculture,
Show how quickly accidents happen when distracted; stay focused.,Orokia obwango emebasekano ekoba ekero omogendia erori atabegeti ebirengereriobiaye ase obogendi bwerori; beka ebirengererio bwao ase oborundi gokogendi erori.,Security,
A police partnership initiative trained young women in self-defense and educated participants on rights and complaint channels.,Omoroberio bwokobwaterana nabasikari mbwegeretie abangina abasae buna baranyare kwerende korwa emechando na gosomia omosangerekano igoro yoboronge bwabo amo nenchera yokorwa okwemuranganania.,Security,
This journal explains and provides a roadmap and boundaries of CSA-SDG. This paves way for better farming techniques that aligns with climate change amongst farmers targeted in the CSA program to add value on cooperation.,Egetabu eke nkworokia kere ayaitonetwe na omobaro bwabagokora oboremi obuya obwateranetie CSA-SDG. Aya nigo akorwa ebisoero gochia oboremi obuya borengete rire as abaremi abwo barengire nomoroberio oyo bwokoroberia CSA kwngoi okobwaterana.,Agriculture,
Smoke is harmful to expectant mothers and their unborn children. Keep homes clean safe from smoke,Amarioki namabe ase abangina na abana bataraiborwa. Keania amarioki as chinka,Health,
"Mental health is makesit possible or gives us the capacity on how we think, our hearing and perception and how we behavior. Lets mnd our mental health and to continue being truthful to all people","Obochenu bwobongo nkogera kore goonchoreria enchera tokorengereria, okoigwa gwaito na ebikora boigo kera rituko Tokore Obochenu bwobongo na okogendèrera koba obamaene ase abanto bonsi",Health,
Market accessibility shall avail food to all at good market price in Africa. Low harvest and food rations shouldn't be a big issue in maintaining consumption.,Goikera echiro erio goikerania ogotoka kwendagera as bonsi na ase rigori rigiya aiga orgongo rwa'Afrika. Ogokeana kwerigesa nebirengo bibwenerate endagera engiya ekorenda omobere yarorekanire buna ring'ana riomochando omonene…..,Agriculture,
"This technology helps in reducing çrops losses and wastage,harvesting farmers produce. Market entry:AI can fast rack markets accessibility.","Chitekinorochia echi nigo chigokei ogosareka kwebimeri amo na asara, kogesa rigesanebitoki ase abaremi. Gosoa echiro: AI nabo erangoi goikera echiro ...",Agriculture,
This technology tries to include the entry of desmodium spp. In intercropping with maize under the push pull technology.,Obokongoria obo mbwatemete na kworokia buya ng'a koburukania edsimodiamu spp. amo nebituma ase ogosegeta tekinorochi..,Agriculture,
Technology of cold storage of AkoFresh has helped farmers in preservation of their produce for upto 21 days. This solar energy technology has proved effective and dependable in preserving fresh perishable produce.,"Etekinorochia ya AkoFresh cold storage ngokonya ere abaremi ase okogacha rigesa riabo as enkendu yerigesa riendagera riria rigosareka bwango korwa mogondo goika amatuko nonya 21. Etekinorochia eye egotumia chinguru chierisase yabbeire eyengencho kegima, na...",Agriculture,
"2,169 people have been dignozed with Covid 19 virus out from 9,428 people tested translating to 23% of infections. The MoH has confirmed that there is no death regiseterd already.","Abanto 2,169 banyorekanire babwate ebinyinyi bia COVID-19, korwa ase chisampuli 9,428, ekerengo kia abaambokerigwe kere 23%; Ewizara y'Oborwaria yatebire gokwa nkoiyo kwabeire.",Health,
EU and Kenya partnership supporting implementation of the National Strategy to Counter Violent Extremism.,Obomo bwa Bongereza (EU) ase okobwaterana na Kenya erio gosira ogoikerania omoroberio o'Kenya bwogotanga ogosarigwa obongo goetera amasomo amabe.,Security,
There is cure without mental health cure,Bobwenia tiboiyo onye obobwenia bw'obongo tiboiyo,Health,
The farmers that sells to international markets especially vegetables and fruits ought to agree on acceptable standards required among those farmers in Kenya .,"Echiro yokoonia engarera eye gochia ase echiro ya isiko nereoase oboremi bwao bweching'eni na amatunda? Egera igoro yebirengo biancheire nechiro ya isiko, ogoitabwa na nabagori bendagera eyio gati ya abaremi abwo aiga Kenya.",Agriculture,
"Do you intend to start a group? Learn on the process of group formulation on credit and savings, through membership recruitment upto registration.","Norengeretie buna ogochaka ekeombe? Egere ebitmbokero bigneirie ase ogochaka ekeombe giokorwa chibesa, goetera okorika abanyakeombe bao goika ekorika ekeombe.",Agriculture,
EACC ran a 40‑day public ethics education campaign.,Ekeombe keria ekenene giokorwania obokengeka (EACC) nkiabete namatuko 40 yogosomia abanto igoro yerichiko rioboene ase emeremo.,Security,
National Treasury answers citizen queries on budget allocations.,Ekegancha ekenene nkoiraneria kere abanainchi amaboria abo igoro yobobagi bwechibesa.,Education,
"Growth in farming and markets on small holder among women and men, nutritious diverse harvests ..women have better chances to attain this than men.","Gokinia oboremi na echiro yerigesa riabaremi abaka na abangina amo nigo ekegosa oborageria bwendagera engiya ase omobere ase chinka, korende abangina mbare neribaga rigiya ase ogokora ayio kobua abagak ase chinka chiabo.",Agriculture,
Ministry of Education pilots mobile science labs to enhance STEM education in arid and semi-arid lands.,"Eminisitiri yechisemi nere nemeroberio yogotema obosayansi ase chisukuru inke erio gokinia amasomo Yobosayansi, Etekinorochia, Oboinchinia amo Nechisabu (STEM) ase chingongo chinyomo.",Education,
The government has said mama mboga to stop chopping vetables for their custormers due to Covid 19 fears,Eserekali yatebiririe mama mboga gotiga gokenyera abanto ching'eni ase eng'encho y'obwoba bwa COVID-19,Health,
"Do you know? When you sleep good toutches cure of your mental health. 1. Try to have good sleep 7-9 hours every day. 2. Prevent yourself from taling drugs and drinks like coffee before you sleep, which hardens your sleep. Prioritize your sleep, as a way of recharging your brain, so that you wake up feeling strong","Nomanyete? Enchera okorara chitoro nigo chigokuna obobwenia bwebirengererio biago. 1. Renga korara ase chinsa 7-9 kera obotuko. 2. Etange na amariogo amo na ebinyugwa buna ekahawa nyuma otarara, ebikogosareria chitoro. Beka motwe ogotimoka kwao, chaji obongo bwango, erio oboke gosasogete!",Health,
"A partnership initiative is advancing the implementation of Kenya's National Strategy to Counter Violent Extremism, prioritizing prevention measures and strengthening public awareness.","Omoroberio bwokobwaterana nogendererete goikerania emeroberio emonene ya'Kenya igoro yogokinana nobokebago bwogosaria obongo goetera amasomo amabe, orenfgete buna obokebago boratangwe na gokongia emeroberio yokomanyia abanto amang'ana.",Security,
Government launched a revised national CVE strategy emphasizing technology integration and youth-focused interventions.,Eserikari yarure omoroberio omoyia bwense na omoikeranu gotanga na korwania obokebago bwogotumia chinguru (CVE) ogosegeta kobwatania etikinorochi amo nemeroberio erengete abasae.,Security,
National Research Fund expands grant opportunities focusing on interdisciplinary education research projects.,Chibesa chiomoroberio omonene bwa'masomo okorigia okomanya okoyia namachibu yemechando ereo ogareirie okorwa chibesa ase abasomi orenegete chinsemo chiechisemi chionsi.,Education,
A special program to support agriculture and development (ASDSP ii) has began to assist achieve targets in Kenya and the government of Sweden date 17..,Omoroberio obeene bwogosira oboremi na amagenderero (ASDSP II) igo oansete ase engencho yogoikerania omoroberio bweserikari yaito ya Kenya na eserikari ya Sweden chitariki….,Agriculture,
Hasten your market entry through home based businessmen and other mediums in the county..make known your farm products beyond Kenya and achieve...,"Angoyia enchera yogosoa echiro goetera abanyabiasara banka nechingongo chinde chiekaonti goetera ... Komanyekania rigesa rioboremi bwao ase enchera engare goetania ime ya Kenyal, na goikerania ...",Agriculture,
Ministry of ICT and KICD launch program to enhance digital literacy skills among parents to support home learning.,"Eminisitiri Yamangan, Gokwanerana na Egetekinorochia (ICT) na ekeombe keria ekenene getenerete korosia amasomo agosomigwa (KICD) baansire omoroberio bwogosegeta yegedichitari nochusi ase abaibori gokonya amasomo aban chinka.",Education,
"These are exacerbated by factors such as limited data access, insufficient law enforcement resources, corruption, increasingly complex and digitalized supply chains, fragmented port processes, weak coordination between the public and private sectors and limited international cooperation.","Aya nigo anyorire ribaga ase engencho yogotaikera amang'ana, ogotakorera amachiko, obokorekanu, obokoreri bwegeintaneti obwo botamanyiri nabange ase obokoreri, emiongoka ase obokoreri, ogotabwaterana buya gati yabanyabiasara neserikari naboigo obogongeru bwokobwaterana korwa obomo bwense.",Governance,
"Ogotara gose okorundia enyange supports the body for good health, prevents communicable diseases like cancer, diabetis and also contributes to good mental care in a person","Ogotara okuya na okorundia enyange nigo bigosiira obogima obuya, biatanga amarwaire atarikoambokera buna Cancer,Esukari na presha naboigo koreta oborwaria bw'obongo ase omonto .",Health,
"uptake of Climate-Smart Agriculture (CSA). For example, as many climate-smart practices require long-term commitment, land tenure security is key to ...","Ogoitabeka kwoboremi bokogenda nerire (CSA). Buna ekiorokererio, buna ogotema oboremi obuya werire bogendererete cgokorwa neganeirie ogotugekwa ogotambe, na amachiko amaya igoro yobteneneri bwemegondo ase gokomboa emegondo...",Agriculture,
ment and wide-scale implementation of Push-Pull. Technology. This technology has been developed over the past two decades by ICIPE in collaboration with a ...,ment no goikerania ase oboagare ogosegeta koira echiro na abagori. Tekinorochia. Etekinorochia eye nigo yarosiigwe gati yemiaka emerongo ebere yaetire goetera ICIPE ase okobwaterana na...,Agriculture,
Digital cash transfer and knowledge and climate change information can help farming a great deal.,Oboererania bwechibesa as embeo amo na chisemi chioboremi goeteratekinorochia yegedichitari borengete bobwata embeo egosaria rire nechisemi chinde na okobwaterana rio oboremi bobe oboikeranu kegima….,Agriculture,
"News about market access, tips on production on land...reduced competition on markets on national scale. Forehead plan on kenya....","Amang'ana igoro yogoikera echiro, ayarengete kogesa rigesa amo nemegondo, amo na ... Kwororobia okoamererania ase achiro yense. Omoroberio omotwe o'Kenya ...",Agriculture,
Shaking eye for infants is a sign of epilepsy. Seek for timely medical attention.,Okonyegerigwa gose ogotengecha kwa eriso ase ebingwerere nekemanyererio kia endururume Rigia obogwenia ase obwango,Health,
Council of Governors uses podcasts for public awareness.,Egeikaranso kiabagafana nigo kebegete obokoreri bwabo ase chinkwana chiogotegererwa komanyia abanto.,Education,
"There development funds for stalls amongs vegetable and fruit farmers. Learn further how to get involved successfully, proposal development and the last dates for submissions from SMEA.","Chibesa nchireo chigokonya okwaagacha ebisa bieriberera ase oboromi bweching'eni na amatunda. Rigia komanya aya arengete goikeranu ayio, buna ogosab agokonywa okwo, chingaki chiogosaba ogkonywa na wekero chigosiekwa na SMEA.",Agriculture,
The Kenya School of TVET announced the Technical and Vocational Education and Training Act 2024 to regulate and enhance TVET programs across Kenya.,Esukuru ya Kneya ya TVET yararetie amasomo yobobundi nochusi nerichi riokwegeria omwaka 2024 ase oboikeranu bwamasomo gokinia chikosi chiobobundi nochusi Kenya engima.,Education,
Daily activity checklist to improve mental health,Omoroberio bw'emeremo ya kera rituko y'ogoonchoreria afya y'obongo.,Health,
Kenya to experience hardships following Trump's directive to suspend his assistance on drugs for malaria and HIV AIDS,Kenya konyora obokongu kobuatia richiko ria Trump riogotenenia obokonyi bwamariogo ya Esosera na Enyamoreo,Health,
KNCHR educates citizens on inclusion of marginalized communities.,Ekeombe keria ekenene kerendete oboronge bwakemwanyabanto KNCHR ngosomia kere okoretwa amo nabaria batigaerete nyuma gose gochaywa.,Education,
Ministry of Education organizes online continuous professional development training for teachers on CBC curriculum.,Eminisitiri yechisemi nkoroberia ere goetera eintaneti omeroberio bwamasomo akogenderera rioka igoro yogokinia chisemia ase abarimu igoro yomoroberio bwechisemi orengete okweneya gwa kere omwana nechisemi chiokwegendereria (CBC).,Education,
Breast feeding always is allowed. Employers should. Employers should provide breast feeding mothers humble time to breast feed their children,Okogonkia nokwabotambe na gwancherwa. Abatachiri barue ribaga risaine ase abàngina bakogonkia,Health,
Ministry of ICT collaborates with NGOs to hold nationwide workshops educating parents on digital tools and child online safety.,"Eminisitiri Yamangan, Gokwanerana na Egetekinorochia (ICT) nkbwaterana bare na NGOs ase okoumerana okonene gosomi abaibori igoro yebikoreri biedichitari na oborendi bwa'bana geintaneti.",Education,
"Climate smart agriculture is a new approach for charting a pathway to develop agricultural systems that promote sustainability, strengthen food security and ...",Chisemi chioboremi goetera tekinorochia yegedichitari nenchera ya bono yokoererania chinkwana chirengete gokong'ia oboremi bogosegeta okwegendereria erio goikerania omoigoto...,Agriculture,
America continues vaccination to control diarrhoea amongst livestock.,Amerika negenderete kobeta chisindani chiogotanga endwari yogosaa ase etugo.,Agriculture,
"Announcement to attract development in new arrangements in foods, and health services among health workers through technology","Okorari gwokong'usa amagenderero ase emeroberio emeyia ase chindagera, obokoreri bw'obochenu ase abakori emeremo n'etekinolochi yokorereta",Health,
NGEC promotes public dialogue on gender equality and anti-discrimination laws.,Omoroberio omonene bwokobeka chinguru chierisase (NGEC) ngosegeta kere chinkwana igoro yoboreng'ananu bwabanto bonsi amo namachiko agotanga gokorerwa bobe ase ogoatananwa.,Education,
Climate-smart agriculture (CSA) is an approach that helps guide actions to transform agri-food systems towards green and climate resilient practices.,Oboremi borengete ebimeri biria bikoremereria ogoonchoka kwerire na egurargura (CSA) nenchera egokonya korwa oborai aerio goonchoreria engencho oboremi bogokorwa nenchera yokoererania chindagera erio towards green and climate resilient practices.,Agriculture,
taking care of your mental health is great contribution on how you take care of your body.,Korenda afya y'ebirengererio biao nabo ebwate oborito buna korenda afya y'omobere oo. Obongo bobwate afya engiya nigo bokorenta obogima obuya bobwate afya.,Health,
A quick entry and progressive digital technology has power to transform how peasant farmers receive and utilize information.,Gosoa bwango na kogendereria tekinorochia yegedichitari nere nechinguru chiokorenta ogoonchoreria chingencho buna abaremi abataka bakonyora na gotumia amang'ana ...,Agriculture,
"Sweet drinks icluding sodas are harmful to children, increases body weight and teeth decay",Ebinyugwa bigwansa nechisota neɓibe ase abana naende binkomenta ekenoro na ogosareka amaino,Health,
Ministry of Education distributes tablets equipped with preloaded curriculum content for youth in community learning centers.,Eminisitiri yechisemi nkobaga ere ebikombiuta biakoboko bobekire amasomo onsi pi ase chinyomba chiogosomera chiebinyoro erio abasae basome.,Education,
"In IFAD, this shows how digital agriculture needs to be put at bottom of the heart in our works. Whereas the poor of the world are surrounded by food scarcity.","Ase IFAD,eye nigo ekworokia egekogera obooremi bwegedicgitari boanetie kobekwa nkoro ase obokoreri bwaye. Buna abataka bense baonchokananire nenchara...",Agriculture,
A national workshop is to be launched to create awareness on importance of farming based on technology.,Omoroberio bwokworokereria bwense yaito igoro yengencho yoboremi obuya bwetekinorochia bwatangasirwe.,Agriculture,
IEBC Selection Panel Appointed: Panel to select IEBC commissioners sworn in Panel sworn in after protracted court battles CJ Koome urges panel to prioritize integrity Panel has 90 days to recruit IEBC commissioners,Ekeombe Bene kiobochori gia IEBC gochakiwa bene:Ekeombe bene kerachie kobachora abateneneri bene bekeombe kiobochori nechimbebe giachakigwe bene ase okobekwa ase obokoreri bene nyuma ebina ebinge ebio biabwateranetie ogochorwa geekeombe ekio egechore. omonachi ebina omonene Martha koome oboririe ekeombe ekio kwangoyia obochori obwo asengecho nigo babwate amatuko emerongo 30 goikerania obochori obwo.,Governance,
Climate smart agriculture is one way to guard the relationship between farm manure as a means of food security and combart climate change.,Oboremi borengete ebimeri biria bikoremereria ogoonchoka kwerire na egurargura (CSA) nenchera erengete eyemo yokorenda oboamate bwemegondo obotobu bwemegondo yaito buna enchera eyemo yogoikerania omoigoto bwendagera naboigo gosegeta rire ...,Agriculture,
There is family life lessons in hospitals for couples to help them plan about their birth spacing,Chinyagitari nkorwa chire amaorokererio amaya yo obonyomba ase abanyuomaine na abanto bande bonsi egere gokonya ogochora okuya igoro yeribaga na gokei oboibori.,Health,
the adoption of agricultural practices due to increased access ... The results indicate that credit access and market access are significant factors in honey ...,abaremi gochaka goitaba ase engencho yogoikera ... Amairanerio nigo akworokia ng'a ogoikera echiro nenchera eyemo ase oboke …,Agriculture,
"These actions may also be combined with a push–pull strategy where the deer are ... Animal Feed Science and Technology, 181, 15–25. https ...","Ogokora oko nabo korabwatanigwe nomoroberio nogosegeta ase chingabi chire ... Obosayansi bwendagera yetugo na tekinorochia, 181, 15–25. https ...",Agriculture,
KNCHR trains paralegals to support communities on legal rights.,Ekeombe keria ekenene kerendete oboronge bwakemwanyabanto KNCHR ngosomia kere abaegereri boboronge koegerera abanto igoro yoborongo bwabo.,Education,
Technology supports gender-based violence prevention through safety apps and digital tools that offer emergency contacts and discreet help-seeking features.,Etekinorochi ngokonya ere gotanga ogokorerwa bobe ekiagera eki ore goetera ebikoreri bioborendi bwaya amo negedichitari konyora chinamba chiesimi korigia ogokonya otari kwemanyekania.,Security,
KMTC March 2026 intake: Apply online before December 20.,Okarangerigwa kwa abana ase chikorechi chiobonyagitari omotienyi ogatato 2026: Toma ogosaba kwao goetera ientaneti yechitariki 20 chiomotienyi 12.,Education,
Anti-bullying policy launched in all junior secondary schools.,"Amachiko arengete gotanga, gokwanerana na gokeania okomocherwa gose gochaya abana bande arurwe ase chisuku chiesekenderi ya nse chionsi",Education,
This conversation seeks to understand what Government and private sector have done in presenting DPI in boosting agriculture.,Enkwana eye nerigie komanya eki eserikari egokora amo neki abanyabiasara ase okobeka DPI erio kogendereria chingencho chioboremi.,Agriculture,
"Kenya has reported high infection rates of Covid 19 every day; already 3077, 123 already registered in Kenya.","Kenya koripoti okomentekana okonene ase okoambokera gwa COVID-19 kera rituko; Ase ebipimo 3,077,123 biatokire koba na ebinyinyi bia COVID -19",Health,
"Services to an organization with many people Kenya, have started awareness aimed at promoting foods rich in iron-folate to young people in Busia, Kiyui and nakuru regions","Obokoreri aae ekeombe kere nabanto abange Kenya, bachakirie amasomo borengete chindagera chire namadini yechuma-folate ase abasae chinsemo chia Busia, Kitui amo na Nakuru",Health,
Announcement to farmers to use certified seeds and harvest big nationally.,Ogokurerwa gochia abaremi igoro yogotumia embusuro eria yancheire erio kogesa omoroberio bwense ase okorema endagera.,Agriculture,
Ministry of Education launches mobile app to monitor school feeding program activities and ensure transparency.,"Eminisitiri yechisemi yaansire omoroberio bwechisimi ogokonya abarai, abaibori na baria bande bare nokobua kobwatia, koraa, ana korenda emeroberio yechiukuru goetera egedichitari igiro yomoroberio bwokoragaria erio goikerania ng'a ayio ngokoreka are maiso marore.",Education,
It was announced that schools under leadership of yopung people and how they prepare poridge….,Yararetigwe buna chisukuru chikoragwa na abasae bàkorosia chirongori chikongorie na ebitakunero amo na abaobisa bobochenu,Health,
"Mungatana urges IEBC to ensure transparency, fairness in upcoming by-elections","Mungatana orure okoboria ase IEBC koenekia oboene, obwasioku ase obochori oboke obwo bore motwe.",Governance,
KNCHR conducts outreach to educate the public on constitutional rights.,Ekeombe keria ekenene kerendete oboronge bwakemwanyabanto KNCHR ngokora kere omoroberio bwogosomia abanto igoro yamachiko yoboronge bwomonto.,Education,
"Progressive agriculture in kenya has transformed barren land, and increased yields among small scale farmers.",a Museo. Kwegera oboremi bwokwegendereria aiga Kenya bwaonchoire emegondo emenene yarenge emegomba koirania obotoby na kogesa obioremi nerigesa riebirengo bia igoro.,Agriculture,
Youth Agenda introduces hackathons to design youth policies.,Achenda yaasae goetera okobwaterana korosia amachiko agosira abasae.,Education,
"Lets talk about mental health! If they have abondoned this duty, reach out to them a speak","Tokwanere obochenu bwobongo! Onye batigire gokwana, koranche barigie obakwanere",Health,
Great resolutions including individuals in a summit meeting G20. Finance and agriculture of G20 in Washington DC.. na..,Amangana engencho yomonto na aya okoinyoria nabwatekaine nokowa amangana amanene as omosangerekano obeene o G20 Bwechibesa na Oboremi korwa Omominisita o Washington D.C. na...,Agriculture,
Good eggs sales on free range poultry both online and newspapers adverts. Learn on how you can promote the same and reach buyers.,Oboonia obuya bwamagena echingoko chiao chiria chigotara isiko goetera obokoreri bwembeo namagaseti. Nyora obomanyi igoro buna oranyare komanyekania amagena echingoko chiao na goikera abagori.,Agriculture,
The month of June is a commemoration of self care and your mental health. Practice to take care of yourself,Omotiènyi ogatano nekeinyorio giokoroberia okwerenda omonyene na obochenu bwobongo. Enari kwerenda,Health,
"This document explains national joint efforts that focuses on weather patterns( here ""unity"") which aims at improving. ..","Omoroberio oyo bwemeremo nigo okoera buya buna ekeombe kiobomo bwense giachagete ase oboremo borengete rire (aigamotwe ""Obomo) obwo borigetie gokoinia...",Agriculture,
Wrap children upside down to sleep and tend over it in a bid to strengthen its neck development and ….,Areria abàna maramama na kobarorà erio kokong'ià ebigoti na orogendo,Health,
Ministry of ICT initiates targeted e-learning projects promoting girlsâ€TM education in rural communities.,"Omoroberio bwe'Minisitiri Yamangan, Gokwanerana na Egetekinorochia (ICT) orengete gokinia amsomo goetera eintaneti ogosegeta chisemi ase abana abanyaroka ba risabu.",Education,
KICD is accelerating the development of digital learning content to support the Competency-Based Curriculum (CBC) implementation.,Ekeombe keria getenerete buna amasomo akorosigwa (KICD) ngosegeta kere ogoikerania kwamasomo egedichitari erio gosira (CBC).,Education,
"Discover the benefits of farmers groupd or cloud fundraising, including wholesale trading, joint marketing and getting loans.","Rigia komanya obuya obonge boreo ase okobwatana gose korosia ebiombe bigokonya korwa ebioboremi, amo nobogori bwebinto bioboremi ase obonge, ogosanga echiro, na buna ogoikera amakobeso yoboremi.",Agriculture,
Government funds modernization of equipment and lab facilities in STEM resource centers across counties.,Eserikari yarure chibesa koagacha amaagacho a bono nabiganeirie biegesayansi chisenta chionsi ime yense (STEM).,Education,
Employers to allow breast feeding mothers humble time to breast feed their children,Àbàtachiri barwa amabaga yokogonkia na gosegeta abangina bakogonkia,Health,
"Maidens are expected to follow government guidelines on vaccination to protect their children from measles, polio and TB","Abareri nigo bagwenerete kobwatia omoroberio bw'ense bw'echanjo erio korenda abana korwa ase amarwaire amabe buna measles, polio na Esese",Health,
Pregnat women should get tetenus injection for their care and their unborn babies from tenetenus infections,Abasubati bebwateranetie mbaganeirie konyora esindani ya tetanus erio berende amo nomwana otaraibirwa korua ase endwari eyio ya tetanus.,Health,
Governor Isiolo county urges residents to support the government and be ready for development and growth in the county,omogabana bw'ekaunti ya isiolo orure okoboria ase abamenyi gosira eserekari naboigo kwerwa ase amagenderero amo nogokina gwekaunti yabo.,Governance,
"Consumer Guide - Kenya Bankers Association Consumer Guide Home Consumer Guide Consumer Guide kbaadmin May 11, 2022 July 6, 2022 The Kenya Bankers Association (KBA) encourages its members to employ best practice when providing financial services, including the highest level of customer care when engaging with the banking public.","Egekoraa abagori - Oborai bwekeombe kia baria gachete chibesa chiabo ebengi kbaadmin omotienyi 5 chitariki 11, omwaka 2022, omotienyi 7 chitariki 6, omwaka 2022. Ekeombe kianyabengi gia Kenya (KBA) giasegetire abamemba babo nabakori emeremo bonsi korwa obokoreri oboikeranu, noborendi bwa igoro bwechikasitoma chiabo abwo bagocha korigwa obokoreri bwabo.",Governance,
"EACC stresses multi‑sector participation, using technology to strengthen anti‑corruption action.","Ekeombe keria gekorwania obokorekanu (EACC) kiaboririe okobwaterana nebitengo ao ao, goetera etekinorochi gokong'ia korwania obokorekanu.",Security,
Climate change has affected maize production and a robust plan is technically required to increase yields and food security across the world.,Ogoonchoka kwerire gwakeirie rigesa riebituma na ase ayio omoroberio otekinorochia noganeririe erio gokinia rigesa na korwania oboremu bwendagera ase ense engima.,Agriculture,
"Kisii County MP Donya Dorice Aburi distributes goats and household items to widows and vulnerable residents at Taracha, Nyaribari Chache, and urges them to be self-reliant during a community event that included sports activities.","omochumbe okisii kaunti Donya Dorice oenanire chimbori qmo nebinto bianyomba gochia ase ababoraka amo nabaria batari kwenyara ime ya taraacha nyaribari chache. naboigo kobaboria gwetenenera, ase omoroberio bwegenka oyuo boigo obwate nechigosori ao ao.",Governance,
Big announcement in the region by use of….????,"Okoraria okonene ase orogongo gotumia chimbwatereri erio goserokia ebimo biomobere, okobwaterana, na gokeiya obworo",Health,
"Get special knowledge on the sale of maize to businessmen in different ways, to prepare them, promote and how to price them.","Nyora okomanya kwabeene ase okoonia ebituma biao gochia ase baria bakobionchoreria chinchera aoa ao, na kobirosia, kobomanyekania, nenchera yokobiakera rigori.",Agriculture,
"Market accessibility and guidelines in agricultural activity is important. Let it remembered farmers adjacentvyo markets, reap big...","Goikera echiro namorokererio igoro yayio nayengencho ase ogkinia obokoreri as oboremi . Buna yarorekanire, abaremi baria bare ang'e nechichiro chigenderete buya nigo bakoamba koba...",Agriculture,
Ministry of Education and Agriculture partner to improve school feeding programs to boost student attendance and learning.,Eminisitiri yechisemi na eyoboremi chiabwatanire kobeka buya omoroberio bwokorageria chisukuru orengete korora nga abana mbarema goika esukuru gosoma.,Education,
"To raise yields through bumper harvests , expanding means to markets, utilizing technology, grasp technology, the potential that lies in irrigation; in addition..","Gokinia rigesa goetera okogesa ubuya bwerigesa, kogareyia chinchera chigosoa echiro, gotumia tekinorochia, na kobwata tekinorochia; korigia komanya okobua kore ase ogosiarera amache mogondo; kmentekana...",Agriculture,
National Counter Terrorism Centre helped develop social media monitoring systems to detect hate speech and radical ideologies while protecting freedom of expression.,"Ekeombe keria ekenene gekorwania obokebago bwokoruta chipomu (NCTC) ngiakonyete korosia chinchera abariki amangana baranyare komongera, koigwa na komanya amangana, chinkwana gose ebiorokererio biokogosereria, gochegia, gose gosegeta ogochaya abande egekogera eki bare, na chisemi chiogosaria ebirengererio ase okwebisa ime yerichiko riobosibore bwogokwana.",Security,
National Treasury organizes awareness programs on tax and compliance.,Ekegancha ekenene nkoroberia kere igoro yokomanyia abanto amangana ogoikerani korwa ebango.,Education,
Climate smart agriculture is important as it aligns to 17 goals of SDGs.,Oboremi borengete ebimeri biria bikoremereria ogoonchoka kwerire na egurargura (CSA) mbore obwengencho as ogoikerania ayarengete okorambaria kwamagenderero yense 17 buna erengete (SDGs).,Agriculture,
"The booming youthful generation stretch demand as well, inclusive knowledge and expertise in livestock production, market access for livestock products..","Okogeseka kwabasae nigo esiemete ogokomontana gwechinguru chia motwe buna chisemi chiobokreri korenta obonda bwa motwe, amo na nochusi ase oboremi bwetugo, gosoa echiro na chinguru ase obotugi...",Agriculture,
Counties will start food distribution of good quality and by reaching twelf thousand children within in the next six months and fifty nine through vitamin A supliments and deworming tablets purposed to strengthen children's immunity through quality food.,Chikaonti nchichakie chirwe endagera eisaine ase ogoikera abana chirifu ikomi na ibere egati yemetienyi etano nomo na emerongo etano na kianda ase okoenana Vitamin A na amariogo yogoita ebianda erio gotingia obonyamasi goetera endagera engiya,Health,
On September 10 2021 KUCCPS released placement results for 2020 KCSE candidates with 130000 placed in TVET diploma and certificate courses.,Chitariki 10 omwaka 2021 ekeombe keria ekenene getenerete gochora abana gochia eyunifasiti nechikorechi (KUCCPS) ngiasogetie romoreberio bwa'bana bagosoa chiyunifasiti nechikorechi omwaka 2020 ase abana baria bakorete esekenderi (KCSE) goika amabaga 130000 ase abana bekosi yedipuloma TVET na amasomo ande yechisatifiketi yedipuloma.,Education,
Discover from your small scale farming how you càn supply faster from slaughter house your meat to hospital ( schhols or hospitals) dictated by their feeding timetable.,"Rigia komanya omoroberio oreo as oboremi bwao oboke gose ekeombe erio koonia enyama yao korwa egechinchio bwango kegima gocuia chinyagitari (chisukuru, na chinyagitari) ase omoroberio bwoborageria bwabo.",Agriculture,
coffee sales is facing challenges that affect one on one production and getting farmers of value and expansive markets.,"Oboonia bwekagwa bwabeire omochando oyio ong'entire rigesa riabaremi bekagwa ase ogotaikera echiro nerigori rigiya yerigesa riabo na echiro engima ase obogare, ...",Agriculture,
Government to equip community learning centers with resources to support out-of-school youth.,Eserikari nerengereretie koagacha na kobeka bionsi ebiganeirie ase ebinyoro gkorora ng'a abana baria batari kogenda esukuru banyore amasomo yokwegendereria.,Education,
Climate smart agriculture is an approach that helps to guide actions needed to transform and reorient agricultural systems effectively support...,Climate smart agriculture (CSA) is an approach that helps to guide actions needed to transform and reorient agricultural systems to effectively support ...,Agriculture,
CS Ruku urges North Eastern residents to register for National IDs,Omowasiri Ruku obaboririe abamenyi ba mocha ya rogoro gotoma amaborio yokonyora abibande,Governance,
Farmer groups can start savings and loan each other internally to grow their economy and governance. Learn how you làunch one.,Ebiombe biabaremi ngoikerania bire omoroberio bwobogachi chibesa ase ogokonyana chibesa barabwo ase barabwo gokinia obogoko bwabo na gwetenenera. Egera buna oranyare gokora ayio.,Agriculture,
Washing your hands with soap when you are attending the child e.g changing its napkins prevents infection transimision to the child and its mother,Gwesibia amaboko nesabuni otararagera na ekero ogoonchoreria ebinto biobosabi bwomwana buna chinapkini nigo egotanga okwambokera kwebinyinyi ase omwana na mama omwabo,Health,
Ekeombe ekene kiobobwenia giense (WHO) has launched Lenacapavir (LEN) injection cure for HIV AIDS. Kenya is one among the 9 countries imnplementuing this trial,"Ekeombe kioborwaria bw'ense WHO giancheranire okoenana Lenacapavir (LEN), esindani yogotanga Enyamoreo. Kenya yachorirwe koba eyemo yechinse kianda chiogochakerwa.",Health,
Evaluate program impact 2025.,Renga oborito bwomoroberio oyo 2025.,Education,
Sleeping under treated nets helps in preventing expectant mothers and their unborn babies from malaria infections,Korara ime yechineti chisibirie namariogo yogoita chinkoromba nigo chikorenda abasubati bare barito na abana babo bataraiborwa korwa ase esosera.,Health,
"Over 120,000 KCPE 2025 candidates to get full secondary scholarships.","Goetania abana 120,000 bakorete amatemwa yechisukuru chioboroso KCPE 2025 bnyore chibesa chikobakonya gosoma bosa esekenderi.",Education,
The Kenya Institute of Curriculum Development revised TVET curricula to align with industry demands for the 2019/2020 academic year.,Ekeombe keria getenenerete korosia amasomo nebigosomigwa (Kenya Institute of Curriculum Development) kiarosirie keboyia amasomo aTVET koreng'ana nokogania gwechifakitori ase omoroberio bwamasomo omwaka 2019/2020.,Education,
"Promoting technology on push- pull approach. A successful trial. Use of traps. ZARI, DoA,CABI,CIMMYT.Zambia. public information ,inclusivity, on call.","Ogosegeta etekinorochi. Obotuki bwa keene korora gose. Ogochakakorora gose okobeka emetego ya pheromone ngokora ere emeremo buya. ZARI, DoA, CABI, CIMMYT. Zambia. Okomanyia abanto. Kobwatania. Ase orarangerie.",Agriculture,
"Managing risks in livestock is essential. Learn about diversification, contracts, and risk mitigation strategies specific to your activity.","Gotanga amarwaire ase etugo negento kiengencho. Soma buna oragarei oboremi, obokoreri, na enchera yogotanga amarwaire arengete oboremi bwao.",Agriculture,
Agriculture Sector Development Support Programme (ASDSP II) was approved for implementation by the. Government of Kenya and Government of Sweden on 17th ...,Omoroberio obeene bwogosira oboremi na amagenderero (ASDSP II) igo oansete ase engencho yogoikerania omoroberio bweserikari yaito ya Kenya na eserikari ya Sweden chitariki….,Agriculture,
CBC lessons on Radio Taifa from 10 AM daily.,Ogosomia igoro yechisemi chirengete okobua (CBC) nkobe goetera Radio Taifa gochakera 4 chiamambia kera rituko.,Education,
"President Ruto urges Raila Odinga to call off protests, suggests bipartisan engagement to resolve Azimio issues on IEBC",Omonene bw'ense William Ruto omosabire Raila Gotenenia okorobekana na koboria chinsemo ibere chikwenerane erio gokora ekwemurungania gwekeombe ekio gia Azimio ase ekeombe gichimbebe nobochori IEBC.,Governance,
Kenya continues with a robust plan to control livestock diseases .,Kenya negendererete gosegeta omoroberio bwogotanga amarwaire etugo.,Agriculture,
Other traditional methods for the past obserbed by exectant mothers including delivery times might place them at difficult times. The community is requested to emulate traditional cure methods that are approved,Chingencho chinde chia kare ekero omogina ebwateraneti amo nechingaki chiokoibora nabo chikobeka obogima ase akong'u. Eamate yasoroirwe koegia chingencho chiobobwenia chienekirie.,Health,
"Machakos University graduates 2,039 students in 47th ceremony.","Eyunifasiti ya Machakos yasokirie abana 2,039 ase omoyega oye o 47.",Education,
"Learn on the best certified tea seedlings, thats high yielding variety.","Manya obuya bwogotumia embusiro erengire yebimeri biechae goikerania okomera okuya, oboikeranu bwembego yechae ao ao, na buna rigesa raiye rire ria igoro.",Agriculture,
"To be human and to know all those suffering from mental health, we shall promote and nature merciful neighborhoods. If you, or your neighbor needs mental health help, please do not hestate to talk with us through our free toll line 1199","Ase okomanya obonyamwanabanto bw'abanto abare na amarwaire y'obongo, ntonyare gokinia eamate ebwate amabera na obomanyi obonge. Onye aye gose omonto omanyete naganetie obokonyi bw'ebirengererio, koranche tonyorwa gokwana naintwe goetera ase e'namba yaito y'esimi etari goakanerwa, 1199",Health,
KUCCPS portal opens for diploma and certificate course applications (C plain and below).,Ekeombe keria ekenene getenerete korangeria abana gochia eyunifasiti KUCCPS kiagoire emeroberio yaye yogosaba amabaga ase abana bechidipuloma nechisatifiketi chianse ase bari banyorete C na inse.,Education,
Severe cough fir a child can be a sign of malaria of transmission of cold. Visit hospital for testing,Rikuba rinene ase omwana nabo rirabe ekemanyererio giesosera gose okoambokerigwa rikuba. Ika nyagitari ere ange naye bwango kegima ase korengwa na konyora ogokonywa.,Health,
UDM Party urges President William Ruto to jump start process of recruiting IEBC commissioners,Echama ya UDM yarure okoboria gochia ase omonene bw'ense William Ruto koayereria omoroberio bwokobachora abakomisona abayia ba IEBC.,Governance,
Kenya has issued a warning on a bad mosquito that has come. Anopheles Stephensis causes bad malaria. All health workers have detected this mosquitoe at Mandera. Mosquitos transimit malaria among people and villages,"Kenya yakureire eumbu yachire embe. Anopheles Stephensi nigo ekoreta esosera embe. Abakori emeremo boborwaria banyorire eumbu eye aaria Mandera. Chiumbu nigo chikoenana esosera ase chinsemo ao ao ime y'emechi, n'ebinyoro.",Health,
Announcement on the campaign to create awareness through radios and televisions in the month to create awareness on mental health day,Okoraria ekampeini yokoererania ase chiredio nechitivi ekero kiomotienyi bwokararia oborwaire bw'obongo,Health,
Ministry of Youth Affairs partners with NGOs to deliver digital literacy workshops for youth in informal settlements.,Meministiri yamang'ana abasae nkobwatana ere NGOs korwa amasomo egedichitari ase abasae baria bamenyete aase chirandi.,Education,
Make good rapport with institutions like schools and hospitals who can be buyers of your vegetables all times. Understand their needs.,Rosia oboamate amo nabogori buma chisukuri nechnyagotari buna abagori bao beching'eni bechingaki chionsi. Manya ninki baganetie.,Agriculture,
"The DigiSchool pilot, managed by UNESCO, Huawei Kenya, and the Ministry of Education, connected 13 rural and peri-urban schools to high-speed internet using national fiber and wireless solutions.","Ogotema kwamatemwa egedichitri negetekinorochia mke aansirwe chisukuru erio gokina ogosomia na amasomo inse ya UNESCO, Huawei Kenya, na Eminisitiryi yechisemi, babekeire chisukuru chia risabu ne nechitaoni 13 enitaneti ekominyoka ase esipidi ya igoro goetera omorovberio bweserikari.",Education,
"TB is caused by poor diet, HIV AIDS, drunkenness of beer, smokingan diabatis. Spread this word!In unity we can finish TB","Esese nigo ekorentwa na ogotaragera buya, enyamoreo, obotindu bwa amaru, esigara amo noborwaire bwesukari. Raria eng'ana eye! Ase oboamo nabo togokora esese",Health,
Youth Agenda trains youth leaders on governance principles.,Achenda yabasae nkwegeria ere abarai basae igoro ya ayaabwenerete ase oborai.,Education,
"Announcement that faltering of the mind due to use of drinks that affect the body, care at work places and continuing awareness to media people by use of…???","Okoraria ng'a ogoonchorekana kwebingererio, ogotimia ebinyugwa bigotindia, oborendi chinsemo chia emeremo, na amaegerio yokogendereria ase abariki gotumia amarago aya Ekeombe Ekenene Giokorika abanto (FKE)",Health,
The concept of climate-smart agriculture (CSA) was launched by FAO and the International Alliance on Climate-Smart Agriculture (IACSA) project became its ...,Ebirengererio biogochaka oboremi bokogenda nerire (CSA) nochagetwe na FAO amo nekeombe gie'nse gia International Alliance on Climate-Smart Agriculture (IACSA) ekio emeremo yaye yabete...,Agriculture,
USDA continues to encourage agriculture in guarding soil fertility and livestock health.,USDA negendererete gosegeta oboremi bokorenda obotobu bweriroba as afia yetugo.,Agriculture,
"As concerns recent report from the Minstry of Health, it is possible for you to get sick more than 6 times to be infected with malaria, if you vist usia,Tana River,Kakamega,Bungoma,Kilifi, Kisumu,Trans Nzoia,Elgeyo Marakwet na Nandi counties","Kobwatekana na eripoti ya bwango iga korua ase Ewizara ya Afya, nabo ekonyarekana mara gatano na rimo aye korwara malaria ,koratarere chikaunti chya, Busia,Tana River,Kakamega,Bungoma,Kilifi, Kisumu,Trans Nzoia,Elgeyo Marakwet na Nandi.",Health,
A good business plan is ideal like cereal production. Learn basic tips and how to progress.,Omoroberio omuya bwoboremi nobwengencho kegima as oboremi bwoboonchoreria as oboremi bwechinyeke. Egera igoreo yebiganeirie na buna bigora emeremo kogesa rigesa.,Agriculture,
IEBC recruits young volunteers for civic outreach.,Ekeombe keria ekenene getenererete chikura (IEBC) nkorika kere abasae bokwerwa ase omoroberio bokogendria na goikera abanto.,Education,
CS appears before National Assembly on education issues.,Omomonisita bwechisemi orangeriigwe goika bunge koiraneria igoro yemechando ase chisemi.,Education,
"Take hoy during celebrations. The Passover, we have been reminded about our mental health. Lets mind what we we do during difficult times, take great care for what is good for youand for your neighbors. Share love, and not fear to fear","Gatore chinka gochengera. Epasaka, twainyoriigwe igoro yobochenu bwobongo. Torende mono ninki togokorera chingaki chiemechando, renda kegima obuya bwao na abaamate bao. Sanga obwanchani, tari obwoba ase obwoba",Health,
"Do you have the urge to apply organic manure apart from chemical fertiliser ? Know what's required, the quantities and available market for mushroom.","Nore nomoyo bwogokora oboremi botari gotumia obwoyo bwetuka obwo bobwate chikemikari? Manya igoro ya' ayaganeirie, ebirengo, ana echiro ereo ase oboremi obwo bamoba.",Agriculture,
KICD develops specialized digital content and learning materials for learners with special needs.,Ekeombe keria getenerete buna amasomo akorosigwa (KICD) nkorosia ere ebitabu biakeene content and learning materials for learners with special needs.,Education,
Parents attend PTA meetings quarterly.,Abaibiro ikerana emesangerekano yabarimu na abaibori PTA nyuma ya kera emetienyi 4.,Education,
Be ready! Practice earthquake drills in schools.,Eariganie! Egera igoro yomotengecho,Education,
"Ear disease can cause deafness, seek for medical attention without delay.",Oborwaire bwamato nabo boragere otine. Rora omonyagitari kengima,Health,
Teachers Service Commission launches digital portfolio system enabling teachers to document professional development progress.,Ekeombe keria ekenene kia abarimu giaansire omoroberio bwiosangereria na kobeka amo erekodi ya kera omwarimu bun agosomia gokonya abarimu korika inse buna bagenderete nogosomia.,Education,
Ministry of Education organizes training for school principals in leadership and management.,Eminisitiri yechisemi nkoroberia ere okwegeria kwabarimu abanene ase oborai nobotenereri .,Education,
West Pokot Governor Kachapin urges residents to enrol for TAIFA care as county records low turnout,omogabana opokot ya sugusu kachapin obaboririe abamenyi ase ekaunti eyuokwerukia ase omoroberio bwogokonya baria batati kwenyara bwense asengecho abanto able mono nabuo berikiri ase omoroberio oyuo.,Governance,
Ministry of Education procures assistive technology devices to increase e-learning accessibility for students with disabilities.,Eminisitiri yechisemi nkogora ere ebinto biria bigikonya abaremaru gokora emeremo yabo amo namasomo erio gokinia ogosoma goetera eintanetiase abana abaremaru.,Education,
Learn how you attain help from field experts at home based level in awareness and training.,Egera komanya buna oranyare goikera obokonyi bwoboremi korwa abatebereria abwo nka yao korwa Abatebereria Bogwetenenera se ogosemia amo nechisemi.,Agriculture,
"This research describes effects of change in agriculture production, trade,and food security. Research in books...","Ogosoma oko nkworokereria kore igo ya ayabeire ase amachiko ase chisemo gete ase oboremi nerigesa, amagenderero nebiasara, amo nayio omoigoto. Obokongoria obo bwa ayare ase ebitabu...",Agriculture,
"Learn on crops diversity and how to improve new breeds, different mangoes ..","Egera igoro yoboronge bwebimeri aoa ao na buna bigosegeta korosia embusuri enyia, yamaembe ao ao.",Agriculture,
"Ministry of Youth Affairs, Education partners implement digital literacy programs targeted at out-of-school youth.","Meministiri yamang'ana abasae, neyechisemi nkobwaterana bare ase emeroberio yogosomia amasomo egdichitari arengete baria batari gochia school.",Education,
"Climate-smart livestock (CSL) solutions can contribute to a reduction of GHG emissions through improved livestock productivity, efficient use of natural ...","Oboremi obuya borengete gokeania ogotasareka kwerire (CSL) nobwengencho gokonya gokeia embeo eria egosaria rire , naboigo gokinia pboremi bwetugo nebitoki, na enchera engiya yogotumia amasingira aito...",Agriculture,
Announcement on the launching of markets in Kenya with an aim to place trademarks in all food items in line with the new food plan,Okorarigwa ogochakigwa gwechichiro Kenya kore nekerenga giokobeka ebimanyererio inse yomoreberio omoyia ase chindagera,Health,
Entry into market opens wide mechanisms of quality stamping by KNAP and CNAP in the county,Egesieri gia chindagera nkorenta ere ebiigorero ebinge ase okobwati kegima ebimanyererio inse ya KNAP na CNAP ase ekaunti,Health,
Do not apply any medication on the ambirical cord lining. Keep it clean and dry until it cures and drops itself.,Tobaisa goaka ebinto binde bionsi ase omogoye bwororeria. Onyebeke ebe enkamoku naende endabu goika otonye bwoka.,Health,
Ministry of ICT and KICD conduct training for teachers on effective utilization of e-learning tools and platforms.,"Eminisitiri Yamangan, Gokwanerana na Egetekinorochia (ICT) na ekeombe keria ekenene getenerete korosia amasomo agosomigwa (KICD) ngokora bare okwegeria abarimu tbuna babwenerete gotumia buya ogosoma goetera eintaneti namsomo yokoumerana.",Education,
KICD: CBC Subjects to be Dropped and Replaced in 2024. The Kenya Institute of Curriculum Development (KICD) plans to lower the number of learning areas for learners within the Competency-Based Curriculum (CBC) beginning in January 2024.,Ekeombe keria getenerete buna amasomo akorosigwa (KICD) : Biria bigosomwa ase CBC birusigwe na ebinde ebiyia bisoe goika omwaka 2024. (KICD) nere nomoroberio bwogokei amasomo number ase amasomo (CBC) gochakera omotienyi omotang'ani 2024.,Education,
"Art, music, and writing provide powerful, nonverbal avenues for processing complex emotions and fostering mental clarity. These creative outlets can serve as effective tools for emotional regulation and psychological well-being.","Obobundi, omosiki na oboriki nigo bikorwa chinchera chiechinguru chitabwati amang'ana, chiokoroberia omoyo, na korera oborabu bwa ebirengererio. Chinchera echi nabo chigokora buna ebifaa biokorenda obongo na gokina kisaikolojia.",Health,
"Announcement to accelerate eating fruits / vegetables in planty every day, for health and to fight diseases","Okoraria kwogosegeta gwa kera rituko, gwokoria amatunda keboikeranu/ching'eni erio koba buya kemobere na gotanga amarwaire.",Health,
Parents attend CBC sensitization forum on February 20 at county hall.,Abaibiri ikerana emesangerekano yesukuru gokwanera CBC chitariki 20 omotienyi 2 ase chinyomba chiemesagerekano chiekaonti.,Education,
"Climate-smart agriculture is an approach designed to link agricultural production and food security to climate change adaptation and mitigation, in order to ...","Omoroberio bwoboremi borengete ebimeri biria bikoremereria ogoonchoka kwerire na egurargura nomoroberio erengete kobwatania oboremi , rigesa amo na omoigoto bwendagera buna riiranerio gochia oggonchereria kwerire na gotanga omochando oyio, erio...",Agriculture,
Mothers milk in the first 6 months has full diet for the child,"Inse yemetienyi etano noyomo, amabere nigo abwate chindagera chionsi omwana agànetie",Health,
EACC Chairperson urged the incoming Commissioners to support the existing anti-corruption interventions in Kenya by positively influencing the character of citizens and by being agents of positive transformation in promotion of ethics and integrity.,omonyakerogo bwekeombe gikorwqnia obokurumi ime ya kenya orure okoboria ase abakomisona abayia kobwatesia amachiko aria abekire yokorwania obokurumi naboigo koba ebiorokererio ebiya ase ogoting'ia chimbwa chingiya ase obokoreri noboasioku.,Governance,
Trade in your cereal harvest through easier transaction and better markets access.,Onchorereria rigesa riechinyeke chiao ekerengo kia igoro kioboke goetera oborosia obwororo na konyora echiro engiya.,Agriculture,
Announcement to all people on the importance to seek for mental health in their work places,"Okoraria ase abanto bonsi ng'a emeremo yokoringoria obongo omotienyi ogatano inse yamarago "" Kobwatereri afia yobongo ase emeremo yonsi"" ase chisukuru nechinsemo chia emeremo",Health,
"Depression is a serious mental health problem which can impact your life, relationships, and work negatively.","Ebirengererio n'omochando omonene bw'obongo oranyare korenta obobe ase obogima bwao, enchera okomenya n'abanto gose ase emeremo yao ya kera rituko.",Health,
"The Ministry of Health has deployed its 10 Cuban doctors to Kakamega, Kisumu, Bungoma, Busia, Vihiga, Homa/Bay and Migori Counties in the fight to eliminate malaria through modern technologies","MOH yatomire abaataalamu 10 ba Cuba gochi chikaunti chia Kakamega, Siaya, Kisumu, Bungoma, Busia, Vihiga, Homabay na Migori ase esegi yogokora Esosera ase ogotumia chinchera chia kibayolojia.",Health,
Announcing the plan in counties of Kenya on foods and also in the whole world,Okoraria omoroberio ase orogongo igoro yechindagera ase ekaunti naboigo ense yonsi,Health,
"Announcement on human beings targeting rice farmers, flour and cooking fat …","Okoraria ekampeini ase mwanyabanto erengete abaremi bomochere, obosie na amaguta gotingia ebirengo biobochenu, amo nebiegwa ase abakori amaya",Health,
"The Cabinet Secretary for the Ministry of public service, gender, and affirmative action Aisha Jumwa has urged officials in her ministry to work collaboratively to create a space that effectively serves its citizens.",omoriki bwebarasa yamawasiri oyuo otenenerete obokoreri ase eobisi yabang'ina abana nabasae Aisha Jumwa,Governance,
"TSC to promote 30,000 teachers automatically under new policy – no interviews.","Ekeombe ekene kia abarimu (TSC) gokinia abarimu 30,000 tinse yamachiko amayia, korengwa konde tikoiyo.",Education,
Maidens should change napkins for children every time and to clean the children skin softly to avoid skin infections,Abareri mbabwenerete kobaonchoreri abana ebitangachabu kera chingaki na gosibia amasankwa ya abana ng'oora nario baratange amarwaire yerisankwa nokoambokerania.,Health,
Announcement that hospitals to provide local vegetables to patients in wards as a move to improve their dietary,Okorari kwarurwe ing'a chinyagitari inchibeke chinyeni chia abakoro buna (rinogu nechinsaga) ase abarwaire bare chiwodi kobamentera obuya ase chindagera,Health,
"Cloth the child with cloths that brings warmth to it, and don't expose them to coldness in the first months","Boyia abana chiyànga chikorenta riberera ase omwana na etànge kobatenenki ase embeo enkendu, ase emetienyi emetangàni",Health,
Kenya Kwanza prioritizes universal access to education.,Eserikari ya Kenya Kwanza yarure ribaga ria amasomo ase abana bonsi.,Education,
"Manage agricultural waste responsibly through composting, recycling, or safe disposal methods to minimize environmental impact.","Onchoreria ebogotigara korwa rigesa buna ebiemba gose amasaku koyaonchoreria boba obwoyo, ebinde kobionchoreria buna endagera yetugo ao ao na buna ogotuguta eubi korenda gose gokeania ogotiringa ebitoonchokanenete gose amasingira erio gokeania ogosareka kwebitoonchokanenete gose amasingira.",Agriculture,
"Practice intercropping your maize foeld with banana stools to increase yields, reduce diseases as you expand a variety of harvests .","Rema ebituma amo namatoke amo (okoburukania) erio konyora rigesa rinene korwa omogondo oo, ekeanie amarwaire, na kogareia ebitoki korwa oboremi bwao.",Agriculture,
Ministry of Education expands online platforms offering STEM career counseling and resources for secondary school students.,"Eminisitiri yechisemi yagareirie obosemia amasomo goetera eintaneti obosayansi, etekinorochia, oboinchinia nechisabu STEM nebiganeirie ase abana bechisukuru chisekenderi.",Education,
Kenya continues in boosting livestock health.,Kenya negendererete gosegeta omoroberio bwogotanga kwa amarwaire etugo.,Agriculture,
"Climate smart agriculture (CSA) is a means of dictating changes in food markets into profitability levels, governance and sustainability .","Oboremi borengete ebimeri biria bokoremereria ogoonchoka kwerire na egurargura (CSA) nenchera erengete gokonya ogoonchoreria gwechiro yendagera terio bobe nechiguru ase okonyora ebitoki, okogenderera na ogwetenenera...",Agriculture,
Character used in civic skits and materials,Chibicha chiria chigokonya kworokereria amosomo igoro yobogesaku nebinyoro,Education,
Be flood-ready! Practice safe evacuation in schools.,Eariganie! Egera enchera engiya yokominchoria korwa omorero hisukuru .,Education,
Council of Governors rewards counties excelling in citizen education.,Egeikaranso kiabagafana nkorwa ore ebiigegwa ase chikaonti chiria chigokora buya ase okomanyia abanto babo igoro yekaonti yabo.,Education,
"Agriculture has been promoted from time to time, courtesy of regular technology. Recent online technology",Oboremi bwabeire bogosegetwa ekero as ekero goetera etekinorochia ya kera chingaki. Etekinorochia ya iga bwango? Nogocha gwetekinorovhia ase embeo. test Story · Keeping ...,Agriculture,
"Climate-smart agriculture (CSA) is agriculture that sustainably increases productivity, resilience (adaptation), reduces/removes green house gases ...","Oboremi borengete ebimeri biria bikoremereria ogoonchoka kwerire na egurargura (CSA) noboremi bwokwegendereria na kogesa ebitoki, na ogwesira (ogoonchorereria gochia oboremi bwabono), ngokeia bore embeo eria egosaria rire...",Agriculture,
Announcement by the Ministry of Health with SUNCSA to jointly start will revitalize human health campaign and awareness on foods,Okoraria kwogocha amo ewizara yobochenu amo na SUNCSA nkobokie ekampeini yobochenu ase mwanyabanto egosang'ani amang'ana yobochenu nechindagera,Health,
CJ Martha Koome urges IEBC selection panel to resist external influence when selecting new commissioners; terms delay in constituting the commission a democratic disruption.,"Omonachi ebina omonene Martha Koome,orure okoboria ase ekeombe keria kegochora abakoreri ba IEBC gokana kegima amang'ana korwa isiko ayuo abwate ekerenga kiogosegeta obochori chingaki bagendererete gokora obochori ase abateneneri bekeombe ekio nagoteba okogendera konyorwa ase obochori obwo nigo bokoburukania oborai bwabange ime yense",Governance,
Consultants have compelled personal care. Councils have been requested to ensure quick services for cancer patients,Abaringori babetereirie obokoreri ase omonto omonyene Ebigambero biaborigu koeneki okonyorekana kwa obokoreri bwango ase kansa,Health,
"NPS announced an internal affairs unit, whistleblower hotline, and new disciplinary procedures to address corruption allegations transparently.","Ekeombe keria ekenene kiabasikari (NPS) nkiamanyetie okobao kwegetengo kiabasikari getenerete amangana aime, baria bakomanyia amangana gochia ase bar gotemanyikania, nomoroberio omoyia bwokorwa ebisusuro erio korwania obokorekanu ase enchera ya maiso marore.",Security,
Morning s3ssion.utilizing a project by world bank to expand data and digital technology in agriculture.,CHINSEMO CHIA MAMBIA. • Korengangania chiprochekiti chia ebngi yense kogarei obokoreri bwomobaro na egechidichitari na chidichitari yegetekinorochia ase oboremi Digital Technologies in Agriculture.,Agriculture,
"Managing risks in livestock requires planning. Learn strategies for diversification, contracts, and coping with specific risks like drought.","Gotanga amarwaire ase etugo negento kiengencho. Soma buna oragarei oboremi, obokoreri, na buna orekongie ase eguragura.",Agriculture,
Atleast 45% risk to face diverse calamities frim such regions. Test blog A.digital agriculture: is important in helping small holder farmers.,Ang'e 45 pase emia bense ase ase ogoakwa nemebasekano aao ao bechingongo echio. test Blog · Oboremi bwegechidichitari: nobwengencho ase ogokonya abaremi bemegondo emeke...,Agriculture,
"Good leadership is important for progressive groups. What determines good leadership are, transparency, teamwork and financial integrity.","Oborai obuya nobwengencho as okogenderera kwebiombe biabaremia . Ayarengete oborai obuya naya, obwasioku, ogosangia abanyakeombe, na korenda chibesa",Agriculture,
Announcing Makueni County partnership with Nutrition International to review advertising norms and develop cross-sectoral food security policy.,Okoraria okobwaterana na ekaunti ya Makueni na ekeombe ekenene ense yonsi gwechindagera goetera amachiko yokoraria na korosia ebitambokero bioborendi ase chindagera ase chinsagia ao ao,Health,
Men have been advized to accompany their wives to hospital for check ups when they are expectant and after delivery. The Husbands accompanying their wuives to hospital is encouraging.,Abasacha baboriigwe kogenda n'abakungu babo ase chikliniki na kobakonya ekero bebwateraneirie na ekero baiboire abana. Okoba aroro kw'abasacha nigo kogokinia amatokeo.,Health,
Government announces significant investment in upgrading and expanding school infrastructure nationwide.,Eserikari yararirie gosira ammagacho a bono na kogarei chisukuru chingongo chionsi.,Education,
MULEMBE NATION POLITICS Mudavadi asserts that UDA will win the Malava parliamentary by-election Local leaders urged to stop engaging in divisive politics,SIASA YA ABARUYA Mudavadi onsingereire goteba ng'a ekiama gia UDA nkebue ekerogo kiobochori oboke ase ensemo ye'bunge yamalava. Abarai baborigwe gotakora siasa chiokobagana abanto.,Governance,
25% of online farmers are women in Northern Sahara . IBAD has offered to support such online initiatives.,Abanto emerongo ebere na batano as emia eyemo bagokora oboremi bwembeo Afrika ya sugusu yeroro ya sahara nabang'ina. IBAD yerure gokonya obokong'u obo goetera obkoreri bwembeo,Agriculture,
Azimio boss Raila Odinga urges President Ruto to implement the NADCO report fully and calls for open dialogue by all stakeholders on the reconstitution of the IEBC.,Omorai bwa Azimio Raila odinga orure okoboria ase omonene bwense Ruto goikerania bene ayare ase NADCO kegima naboigo korwa okoboria ase obwaasioku ase chinkwana chiogochakia bene ekeombe gia IEBC.,Governance,
"Kenya has confirmed high infection of Mpox virus, untill now, there are 137 confimed patients in Busia,Mombasa and Nakuru leading in the transmission rates","Kenya yaenekirie okomenteka ase okoambokera Kwa Mpox, na goikera bono, abarwaire nigo bare 137 ase chikaunti chia Busia,Mombasa na Nakuru chitang'aine ase okoambokera kwa igoro.",Health,
"TSC announces 1,309 primary school teacher posts for permanent employment.","Ekeombe ekene kia abarimu (TSC) yararirie amabaga 1,309 ybarimi bechisukuru chioboroso bapamanenti.",Education,
Try to oberbe healtjh protocols as instructed by the health workers,Egera chingecho chindonge chiokobeka na kobwaterera korwa ase abakori egasi ya obochenu,Health,
"Drip irrigation ensures crop roots get water one on one, thereby preserving water, and maintain goat rearing.","Omoroberio bwokonyorokereria amche ase ebiimeri nomoikeranu ekiagera ogotonyia amache gochia emeri yebimeri erio gokonya gotumia amache buya, na goikerania obotugi bwechimbori.",Agriculture,
"Fall army worm control is vital. Learn on identity, control and safe method on sweet potatoes.","Omoroberio omuya bwogotanga amakonde bobwengencho. Nyora obamanyi igoro yokoyarora, koyatanga, nenchera engiya koyatanga ase oboremi bwamarabwoni.",Agriculture,
Neighbors can come together and assist people suffering from mental health including those engaged in drugs and substance abuse in various ways,Eamate nabo egocha amo ase okobakonya abanto babwate emechando ya afya y'obongo na obokong'u bw'amariogo yogotindi goetera emeroberio ao ao.,Health,
"Perseverance and good marketng plan is ideal.¡¡¡ aims at enlarging,, easy market access, good supply and building storage facilities of products....make good market plan, supply and safe storage...","Ogwekomereria na oboremi bwomoroberio omuya. iii. Nigo borengete okogareyia ... Kwororobi gosoa echiro, obobogoria obuya nechinyoma chikogacha rigesa: Rosia omoroberio bwechiro, obobogoria na obogachi obuya na.",Agriculture,
"Meeting to announce strengthening leadership in the Southern African region on trademarking al food, market regultion and foods control","Okoumerana koraria ogokong'ia oborai ase Orogongo rwa Afrika ya Mocha ase okoraa kobeka echapa chindagera, kobeka ebitango ase chichiro na amaonchereri ase chindagera",Health,
KICD publishes digital literacy toolkit to help parents support childrenâ€TMs ICT learning at home.,Ekeombe keria getenerete buna amasomo akorosigwa (KICD) nkorwa kere ebeinto biogosomia biegedichitari gkonya abaibori gosira abana gosomera amasomo yokogacha na koererania amang'ana ICT nka.,Education,
Ministry of Education implements remedial classes via digital platforms supporting students in marginalized regions.,Eminisitiri yechisemi nkoikerania ere omoroberio bwamasomo yokoirorera goetera amasomo egedichitari gokonya abana baria batigarete nyuma kemagenderero.,Education,
"Excessive beer drinking, remains a challenge to many Kenyans, and mobile beer sellers in Mt. Kenya contributes to this problem. Hospitals need to be equiped with a management plan on how to prevent what could be compelling reasons that push people to drink excessively","Okonywa amarwa goetania, n'omochando omonene ase Abakenya abange, na amarwa amatari ase chinsemo chia Mt. Kenya nigo akomenta omochando oyo. Chinyagitari nchibwenerete koba nebinto biogokonya aya na koroberia buna gokonya emechando ya obirengererio ebio bikogera abanto gosoa ase okonywa amarwa goetania.",Health,
"KMTC intake 2026: 20,000 slots open – apply before January 31.","Okorangerigwa gwechikorechi chiobonyagitari KMTC amabaga 20,000 aigoirwe omwaka 2026: toma ogosaba kwao nyuma yechitariki 31 chiomotienyi omotang'ani.",Education,
PS Imbunya urges Vihiga residents to embrace Govt projects,omoriki obotambe Imbunya obasabire abamenyi ba vihiga gwancha amagenderero yeserekari.,Governance,
"All children under 5 months needs Vitamin A through a drop into their mouth in every 6 months, for good growth of the child and to reduce premature deaths","Abana bare inse yemiaka etano mbaganerigwe konyora amadini a Vitamini A ase ogotonyerigwa eriogo monu kera emetienyi etano noyomo, erio korenda ogokina kwomwana na gokeania amakweri",Health,
Bursary fraud alert: Only apply via official county portals – ignore WhatsApp scammers.,"Ogokurerwa igoro yechibesa chiogosomera: Toma ogosaba kwa goetera omoroberio bwekaonti yegetekinorochia obeene, ombia oborianania bwa abaibi ba Whatsapp.",Education,
Climate change is a contributor of mental illness.,Ogoonchoreria kwerire ngochangera kore oborwaire bwobongo.,Health,
Certain foods can cause discomfort in babies. Monitor reactions and adjust your diet.,chindagera chinde nabo chikorenta obobe ase ebingwerere Rora ebimanyererio na onchoreria endagera,Health,
"malaria has increased more than before. In the whole world 597,00 people have died of malaria","Eripoti koru ase WHO nigo ekoorokia buna amakweri korua ase Esosera amentekanire goetania ebirengo magega ya ogoateka . Ase ense yonsi pi abanto 597,000, mbasiretie amagima kobwatekana na Esosera omwaka oera.",Health,
"IEBC trains 10,000 teachers as voter educators nationwide.","Ekeombe keria ekenene getenererete chikura (IEBC) kiaegerie abarimu 10,000 buna abasomia bechikura kenya engima.",Education,
Ministry of Education trains coordinators at county levels on management of special needs education to improve service delivery.,Eminisitiri yechisemi neegerie obabwatania baigoro ba Kenya igoro yoborai bwa'bana abaremaru eri goikerania obokoreri bwabo.,Education,
"Climate-smart practices for climate change mitigation · Compared with more highly productive pasture, rangelands have low carbon sequestration rates on a per ...","Oboremi obuya borengete gokeania ogotasareka kwerire buna enchera eyomo yogotanga ayio. A Ekerengo kiemegondo yobonyanzi bogosimekwa korisia etugo, nemegondo eria emenene yechingiti chiorosana nere nokobua gwokobwata embeo eria egosaria rire goetera riboba ritobu na obonyansi koyebwata as ekerengo kia igor mono korengana ...",Agriculture,
Editorial commentary advocated reforms to the Public Order Act to safeguard peaceful assembly and curb excessive force.,Amanga ya abange buna barwete ebirengererio biabo gosegeta oboonchoreria ase richiko ritenenerete buna abanto baukoumerana ase obonge na korobererekana erio korenda ogocha amo nokorobererekana kwomorembe igo gotanga abasikari gotumia chinguru chinyinge.,Security,
Climate-smart agriculture (CSA) is an approach for transforming and reorienting agricultural systems to support food security under the new realities of climate ...,Oboremi borengete ebimeri biria bikoremereria ogoonchoka kwerire na egurargura (CSA) nenchera egokonya kobeka omoroberio nebitambokero biganeirie goonchoreria chingencho oboremi bogokorwa bono gosira omoigoto bwendagera koreng'ana nomochando oreo bono bwoonchoka kwerire....,Agriculture,
"Make proper application of fertiliser in beans cultivation, understanding soil nutrient requirements, selecting best seeds and fertizer application of correct ratio and timing.","Tumia obwoyo buyaase oboremi bwao bweching'ende ase okomanya ekere riroba ria riganetie, gochora embusuro engiya, na kobeka obwoyo bwekerengo ekerongo ase chingaki chingiya.",Agriculture,
Free virtual reality CBC lessons launched – use phone + cardboard viewer!,"Omoroberio bwogosomia goetera ogokwanerana ase amasomo a CBC ochakirwe, tumia esimi use phone + cardboard viewer!",Education,
Farmers are encouraged to attend seminars on technological agriculture.,Abaremi baariganiigwe ase amasomo igoro ya oboremi bwegetekinorojia.,Agriculture,
PRAPS project in Sahel encourages progressive livestock rearing through quality rearing and professional feeding.,Emeremo ya PRAPS aaria ense ya Sahel ngosegeta ore oboremi bwokwegendereria kwabaremi bense enyomo abwo bakorwa aa gocia aria goetera afia engiya yetugo yabo nomoroberio omuya bwoborisia.,Agriculture,
Scaling up climate-smart agriculture systems to increase the resilience of agricultural communities to the impacts of climate change and decrease greenhouse gas ...,Kogareyia omoroberio bwoboremi obuya erio kogesa ogwekomereria kwa eamate ya baremi korwa ase omochande bwerire na kokeania embeo eria egosaria rire ...,Agriculture,
"America suspending its international assistance through its USAID facility, has strained service delivery in the Kenyan health sector, more espevcially in HIV AIDS care, TB and malaria all depended on America's responsibility","Gotenenia obokonyi gochia chinse chia isiko gw'Eserekali ya America mono goetera USAID kwaretire obotutukanu ase ensemo ya obochenu ase ense ya kenya, mono ase emeroberio ya oborwaria Bwa Enyamoreo, Esese na Esosera, eyio egosemeria ase obokonyi obwo.",Health,
Gov't activates public health emergency operation centres across the country after case of Monkeypox confirmed in Taita Taveta County,Eserekari gochakia ebitaseni bioborwaria ase chinsemo ao ao chiense kobwatia omonto oyomo gotoka no oborwaire bwa MPOX ase ekaunti ya Taita Taveta,Health,
"Ruto urges leaders to unite, pursue development",Ruto obasabire abarai kobwaterana ase okorigia amagenderero.,Governance,
"Other issues that can hamper farming TFPG is delay to reach markets and loans, and pertinent issues as it deserves agriculture together with...","Ebinto binde biranyare kogocha oboremi TFPG nokonyorwa goikera echiro na amakobeso, na amangana ande abeene buna ebwenerete korenda oboremi amo na ...",Agriculture,
"Do tea farming even on a small holder scale,give space fron one crop with another and use of sacks or containers tobplant vegetables around balconies, to control soil erosion on small farms.","Kora oboremi bwrchae nonya omogondoo ore omoke, karue ribaga ase ekemeri korwa ekende na kobeka amaroba ase chigunia gosimeka chingeni gesona gose ase ekorofa igoro, gotanga emegoko ase omogondoo omoke.",Agriculture,
Promote sustainable soil management practices to improve carbon storage (e.g. conservation agriculture). · Improve fertilizer application practices to increase ...,Segeta chinchera chingiya chiokorenda riroba erio goikerania kobwata embeo eria egosaria rire (goetera. Oboremi boria bokorenda riroba. · Renda ebirengo bisaine biobwoyo ogondo erio kogesa...,Agriculture,
Diaspora voter education program launched for Kenyan students abroad.,Omoroberio bwamasomo igoro ya baria bare isiko yense ochakirwe ase abakenya bakare gosoma mache ng'umbu.,Education,
The Ministry of Education released a comprehensive circular setting minimum reopening conditions for all institutions.,Eminisitiri yechisemi yarure omoroberio oamo okorwa ayabwenerete goikernigwa chisukuru chionsi koigorwa.,Education,
"Be with your storage facility,and attàin successful harvest and differentiate what's bad,ascertain, and check meat before selling.","Kabe nenyomba yao yokogacha rigesa goikerania obikerabu bwerigesa riao botambe na korichora gwatana ribe korwa ase rigiya, korirenga, na giba enyama buya nyuma yokoyeonia.",Agriculture,
Announcing nutrition budgets and intervention tracking tools released for county-level planning under CNAP.,Okoraria ebacheti yechindagera nebikoreri biogotunyana buna ensemo yokoroberia oroiboro ase ekaunti inse ya CNAP,Health,
To incorporate digital technology farming in crop production..IFAD 13 has to prepare IFAD responsibility of innovativeness.,"Okokobwata chisemi chiegedichitari na egetekinorochia as oboremi na oboereria bwendagera as echiro, ekeombe ekekene gie'ense engima ... IFAD 13 goika erie enchera ase emeroberio ya IFAD's nemeroberio emeyia yoboremi.",Agriculture,
"Announcement of national rollout event of NICHE, providing cash & nutrition education to pregnant women and children under 3.",Okorari kwo' gochakia ase orogongo korwa NICHE korenta amaegerio ye chiropia boronge na chindagera ase abangina bebwateraneti na abana inse yemiaka etato,Health,
"Making of a report on Kenya regions for discusion, and to promote homes","Okorosigwa kweripoti yechingongo chia Kenya ase ogokwanera, na ogosegeta chinka",Health,
"Improved basic infrastructure, storage facilities and market access, reduces costs to be affordable food. Good roads accelerate farming always..",Ogotaba nomoroberio omuya ase chinyomba chiokogacha rigesa nechipara gochiboria gochia echiro ngokonya ore ase goikera echiro na gokeania rigori riendagera. Chipara chingiya botambe nigo chigosegeta boremi…….,Agriculture,
Announcement on the year 2025 plan to promote sports among groups to enable continuity,Okoraria kwomoroberio omwaka 2025 bwosegeta chigosori ase ebiombe bwe emiaka erio gokonya okogendèrera,Health,
Launch of Dual TVET Training Policy with industry partners.,Ogochaka kwamasomo gwechikorechi chiobobundi nechisemi chiokwogwendereria TVET na kobwaterana nabarosia ebinto igoro yamachiko arengete chifactory.,Education,
America has supported livestock vaccination to control diarrhoea.,Amerika nesegetete okobeta etugo chisindani chiogotanga ogosaa,Agriculture,
"A pioneer book that focuses on climate change, incorporate diverse knowledge & expertise concerns CSA to guide well policy makers.",Egetabu gekworokereria igoro yoboremi boria bokoremereria ogosareka kwerire nkebwate chinsemo chingare chiesisemi na ochusi ase ebirengererio bia CSA erio korwa oborai bwabeene ase abarosia amachiko.,Agriculture,
Duale urges Samburu residents to register under SHA,Duale obaboririe abamenyi ba samburu kwerikia ase omoroberio bweserekari bwobobwenia.,Governance,
Youth Agenda empowers counties with active youth councils.,chenda yaasae nigo ekoa chikaonti chinguru goetra okobwaterana nabasae.,Education,
NGEC organizes county-level events on gender inclusivity.,Omoroberio omonene bwokobeka chinguru chierisase (NGEC) nkoroberia kere emesangererekano ase chikaonti korora ng'a abanto bonsi banyorire ribaga riemeremo.,Education,
"Ministry of Agriculture and Livestock Development Abstract: The Vision of the Kenya Climate Smart Agriculture Strategy (CSA) 2017 – 2026 is: a climate resilient and low-carbon growth sustainable agriculture that ensures food security and contributes to national development goals. Its Mission is to facilitate agriculture that sustainably increases productivity, enhances resilience and minimizes greenhouse gas emissions. The overall objective of this strategy is to build resilience and minimize emissions from agricultural farming systems for enhanced food and nutritional security and improved livelihoods.","Eminisitruri yoremi na okogendereria etugo Amangana Ameng'e: Ekerenga kiamotwegia gia'Kenya ase ensemo yoboremi aboikeranu na buna ayio araikerwe (CSA) 2017 – 2026 nigo: oboremi bokonyara korenereria ogoonchoreria kwerire, gokenia embeo eria egosaria rire na kogendera kwamia endagera ase okogenderera sbuna omoroberio okoenekia omoigoto bwendagera gokonya emeroberio yeserikari ya magenderero. Engencho yaye nokorora ng'a oboremi oboremi nerisa bigese ebitokiy, biangoyie ogwekomereria and gokeania embeo eria egosaria rire. Ekerenga ekene nkeria nkeria giokwoagacjha oboremereria na gokeyia embeo eria egosaria rire kor ase oboremi botabwenereti erio kwangoyia omoigoto nendagera eria ebwenerete ase ekoagacha omobere na gokinia ebitoki.",Agriculture,
Ongoing training in Kakamega supports security personnel in staying ahead of evolving violent extremism tactics affecting youth.,Okwegererigwa gwakogenderera aari Kakamega gwakonyire abarendi borendi gotigara maiso igoro yechiburaburu chiogosaria abasae ebirengererio chiakegeire koba.,Security,
"""Politics is dynamic"" Boni Khalwale urges Senators to be objective when considering the IEBC amendment bill; so that they can create a roadmap that will be used to identify IEBC commissioners.",Siasa negento kegoonchoreria Boni khalwale osemirie abaseneta korigereria ase enchera bene ase okorosia ekeombe kioboonchoreri bwa IEBC erio barosie enchera bene erarae ogochorwa kwabateneneri bene ba IEBC.,Governance,
"NCTC coordinates prevention, detection, and disruption through outreach and capacity building.",Ekeombe keria ekenene getenerete gokinana nobokebago bwokoruta chipomu (NCTC) nkoraa kere emeroberio komanya na gotanga obokebago goetera ogosoka isiko na gokwana nabanto buna enchera eyemo yogokong'ia obokoreri.,Security,
National Research Fund promotes cross-university research collaboration with shared funding and facilities.,CChibesa chiomoroberio omonene bwa'masomo nkobwaterana bare na okorigia obomanyi oboyia ase ogosegeta obokongoria bwa amo korwa ekagancha ekemo nebikorerio bia amo.,Education,
Ministry of ICT partners with NGOs to provide digital skills training in informal urban settlements.,"Eminisitiri Yamangan, Gokwanerana na Egetekinorochia (ICT nkobwaterana bare na NGOs korwaochusi yegedichitari ase emechie nebinyoro.",Education,
Climate-smart agriculture is an approach that can help farmers and foresters build resilience and adapt to the effects of climate change.,Omoroberio bwoboremi borengete ebimeri biria bikoremereria ogoonchoka kwerire na egurargura nomoroberio erengete gokonya abaremi na baria bagosimeka emete koagacha ogwetenenera na goonchoreri ase oboremi erio norwana nogoonchoka kwerire.,Agriculture,
"Information on access to markets, factors of production including land and ... agricultural exports less competitive in global markets. Kenya Vision ...","Amang'ana igoro yogoikera echiro, ayarengete kogesa rigesa amo nemegondo, amo na ... Kwororobia okoamererania ase achiro yense. Omoroberio omotwe o'Kenya ...",Agriculture,
Ministry of ICT launches free online digital literacy courses designed specifically for women entrepreneurs and learners.,"Eminisitiri Yamangan, Gokwanerana na Egetekinorochia (ICT) yaansire omoroberio obosa gosomia goeteera eintaneti igoro yechokosi chiegedichitari chirengete abangina abakori ebiasara na baria bagosoma.",Education,
Teachers Service Commission conducts nationwide capacity-building sessions for teachers on blended learning methodologies.,Ekeombe keria ekenene kia abarimu ngokinia kere nechingaki gekorwa chisemi chia abarimu goetera amasomo igoro yogomia goetera enchera yamasomo amaiso marore abwatainire nayegedichitari amo.,Education,
"Reduce soil erosion through proper cultivation methods, building garbions and terraces and proper drainage, and planting crops like sweet potatoes that persevere wet grounds.","Tanga obokong'u goetera okorema omogondo buya, gwata emetaro, na gochora ebimeri biria bikonyara koremereria amache amange buna amarabuoni .",Agriculture,
Keep away from children hot drinks and cooking sufurias to prevent accidents,Beka are ebinyugwa bire morero na chisuguria chiokorugerwa korwa ase abana gotanga emebasokano,Health,
"Kenya, Indonesia, and the Netherlands held a joint knowledge sharing program to improve strategies for preventing and countering violent extremism.","Kenya, Indonesia, amo na Netherlands mbabete nogocha amo koererania oboinga'ini nechisemi gokong'ia emeroberio gotanga na korwania obokebago bwogosaria obongo.",Security,
Government funds expansion of Early Childhood Development centers to increase access to foundational education.,Eserikari yarure chibesa chiokogarei chisukuru chienasari erio goikerania komenta abana goikera na konyora chisemi chioboroso.,Education,
Interior CS briefed Senate on national security readiness and coordinated agency efforts.,Omominisita bwoborendi bwa ine namanyetie ekegambero gieseneti buna yeariganetie ase oborendi bwense na okobwaterana nebitengo ao ao.,Security,
Sports are good for the physical growth and mental development of children,"Chigosori nechingiya ase ogokina kwa abana, kemobere nà gotingia obongo",Health,
KEBS and MoH jointly announcing enforcement of iodized salt regulation to prevent deficiency disorders.,KEBS na Ewizarà yà obochenu ase obwamo barararia korosi amachiko ase omonyo obwate ayodini erio gotanga oboremeru bwaye,Health,
Launch of Dual Training Policy at Kiambu National Polytechnic.,Kiambu National Polytechnic yachakire emeroberio yokwegeria ime yechisukuru na ase abanto bagokorera emeremo.,Education,
Video report on Special Operations Group activities countering terror threats in high risk border areas.,Esinema yaorogeti buna ebi egekundi kiabasikari kiabeene kiegeirie buya kegima erio gosagana obwoba bwokutita chipomu aase aria yechimbe chia Kenya aregire nogoakwa chipomu.,Security,
Features real civic action in Turkana,Features real civic action in Turkana,Education,
Climate smart agriculture is a new method of farming aims at reparing agriculture from what is currently happening with a view of supporting food sufficiency as pertains current challenges.,Oboremi borengete ebimeri biria bikoremereria ogoonchoka kwerire na egurargura (CSA) nenchera egokonya kobeka omoroberio nebitambokero biganeirie goonchoreria chingencho oboremi bogokorwa bono gosira omoigoto bwendagera koreng'ana nomochando oreo bono o...,Agriculture,
"Good leadership is essential among farming groupings. Leadership skills, transparency, teamwork and financial prudence .","Oborai obuya nobwengencho enene as ekeombe kioboremi. Ayagosemia as oborai, oboasioku, okobwaterana na abaremi and obokoreri bwechibesa",Agriculture,
"20,000 junior secondary teachers recruited to support CBC rollout.","Abarimu 20,000 besekenderi chianse barikirwe gosira omoroberio bwogochakia chisemi chirengete ekeegwa gia kera omwans (CBC)",Education,
Agricultural products needs exemption from taxes and other excise duties that don̈t require markets..,Ebinto ebi birorosirie korwa tibirusigwa ebange ende yonsi ase chibango chionsi chiria chireo boigo gokeania chibango chinde ase echiro ...,Agriculture,
Knowing basic rules in trade is important to small scale farmers. PSA is a program explains the best guidelines of prices on meat.,Komanya amachiko amororo yogokora oboonchoreria negento kiengencho ase abaremi bemegondo emeke. Omoroberio oyo o'PSA nkorwa ore aya obwenerete gokora goikera amagori amaya yenyama.,Agriculture,
"Farming along river sides can help rippariàn section. Study that program, fertility and how you can launch the same.","Oboremi bwebimeri bia roche nigo egkonya riroba . Manya igoro yomoroberio oyio, obotobu na buna orachake oboremi bwebimeri biaroche.",Agriculture,
"Inclusive pests management ( IPM) incoprporate biology, indeginious and chemical to control diseases of coffee berries for profit and safety.","Borukania oboremi bwao bwetugo amo nemente (agroforestry)ase okonyora ekiriri, gokanya embeo enene, konyora amatunda, chibao timber, na obotobu ase riroba.",Agriculture,
Ministry of Education establishes a quality assurance framework to monitor digital learning content standards.,Eminisitiri yechisemi nkorosia ere nakobeka ebirengo bioboikeranu ase okobwatia komanya buna amasomo yegedichitari agoikeranigwa.,Education,
"Greatest number of farmers are men, it's therefore difficult for women to get that skill set in agriculture. Hence digital farming is better as it can be accessed by both..","Korende buna abange ba abakoreri boboremi bare abasacha, eri nigo rikoba akongu ase abang'ina gosoanana na abasacha erio gotebererania gose konyora chisemi igoro yoboremi bwabo . Ase igo chisemi chiegedichitari korwa obosemia nechiengencho goetera ...",Agriculture,
In summary. Most strategies on agricultural markets are ongoing especially to reduce costs of production and various taxes.,Ase Obweng'e. Ebirengererio ebinge bia biechiro yoboremi bwa bwense ebirengererio ebinge as echiro yoboremi bwense nagendererete ayio arengete ogokeyia rigori rioboremi gose echogo ao ao.,Agriculture,
Over thirty thousand Kenya Prison Service staff received training on detecting and mitigating violent extremism within correctional facilities.,"Goetania abasikari 30,000 bechera mbanyorete amasomo buna bakiomanya na gotanga ogosarigwa obongo koba ekebago giokoruta chipomu ime ase chichera.",Security,
To ensure markets work well because of agriculture in Africa and help farmers get technology and new seedlings can cause great change in the economy at large. Through.,Korora nga chichiro ngokora chire emeremo as oboremi bworongo rwa Afrika na gokonya abaremi goikera tekinorochia enyia na biria bikobekwa mogondo nenyage gochakia ogoonchoreria kwoboagare ase obogoko. Goetera..,Agriculture,
"Kenya office( Principal) ILRI University,Naivasha road p.o.box 30709-00100. Nairobi, Kenya A. Office of Nigeria, 4th floor, Bank of Agriculture building, 162 independent.","KENYA (ENENE) OFISI . ILRI Eyunifasiti, Enchera ya Naivasha Enamba yerirube 30709-00100. Nairobi, Kenya · NIGERIA OFISI. Ekoroba ya kane, Amaagacho ye'Ebengi yoboremi, 162 Obosibore...",Agriculture,
Experts from Kenya and Somalia started a program to fight polio. Many of the polio patuients are from Somalia,Abamanyi korwa Kenya na Somalia mbachakia chinchera chiokorwani polio Abarwaire abange ba polio nkorwa Somalia,Health,
Coverage of CS Murkomen requiring all stations to formalize COP practices,Amangana omonisita bwoborendi bwa ime Murkomen akwanete arengete goikeranigwa kemachiko yobokoreri bwa bwabarendi bwoborendi (COP),Security,
Pilot project introduces AI-powered tutoring systems for personalized learning in selected schools.,Epurojchekiti yogotema obong'aini bandia (AI) igoro yamasomo goetera eintaneti buna omwarimu oo ase chisukuru gete.,Education,
Government to invest in infrastructure for digital learning hubs in communities to broaden access.,Eserikari kobeka omokia ase amaagacho yegedichitari ase baria bagisomera egedichitari ase ebinyoro kogarei omoroberio oyio.,Education,
Learn about diverse crops health policies and new formula of improved maize.,"Egera komanya igoro yebimeri ao ao, oboronge bwokwerenda na buna oranyare koa moyo abande kogendereria, embego engiya yebituma.",Agriculture,
"Young parents have been encouraged to have a conversation on their birth plan with their doctors, so as to enable to enable the body of the mother to prepare for the next conception","Abaibori abake/bachakire koibora baboriigwe gokwanerana igoro yokoroberia oroiboro rwabo amo na nabanyagitari babo, erio korwa ribaga risaine ase omobere bwomong'ina kobogoria oborito bonde",Health,
"Women have a problem of body weights when they seek for medication to reduce, mental and brain disturbance, testing and taking care of others. Medica care that does not discrimiate a person on grounds of male or female, is of great importance","Abasubati nigo bakonyora emechando yabeene ase obobwenia bwemebere emene, buna ogochandeka ebirengererio, bw'obongo, okonengetwa naboigo na egasi ya korenda abanto bande. Obokonyi botarigwancherera basacha gose abakungu tari ng'ana riogochora, neriengencho mono.",Health,
"This world day to comemorate mental health, stop fronting mental health in work! Good environment is important for good mental health, in work places. Talk to people.","Rituko eri ria Afya y'Obongo ase Ense, tiga totang'anie ogokina gwa kebongo ase emeremo! Amazingira amaya nigo are ay'eng'encho ase afya, ase chinsemo chiemeremo. Kwana nabamino rero!",Health,
Cabinet Secretary public notice to employers to establish mental health clinics and integrate wellness into occupational safety programs.,Amarago gwetera Omoriki obotambe gochia ase abariki emeremo bachakia ekiriniki kiobongo na kobwatani emeroberio yemeremo yoborendi ase chigasi,Health,
Government invests in ICT infrastructure upgrades in national polytechnic institutes to support modern learning.,Eserikari yasire amaagacho na ayaganeirie as amasom yokobwata na kogacha amang'ana (ICT) ase chisukuru chibobundi gosira gosoma amasomo abono.,Education,
"The concept of Climate-smart agriculture was first launched by FAO in 2010 in a background paper prepared for the Hague Conference on Agriculture, Food ...","Ebirengererio biogochaka oboremi bokogenda nerire nigo bwachagetwe ritang'ani na FAO omwaka o 2010 goetera ayarigetwe gochi gokwanerwa aria omosangerekano omonene obete Hague Conference igoro yoboremi, Endagera ...",Agriculture,
Council of Governors launches an app for devolution awareness.,Egeikaranso kiabagafana giachakirie egekoreri giokokomanyia abanto igoro yeserikari yechikaonti .,Education,
"It is a programme of work aimed at identifying and harmonizing climate-smart agricultural policies, analysing impacts, effects, costs and benefits as well as ...","Nomoroberio bwemeremo orengete goatanana na koreta amo oboremi obuya boria bokogenda nerire na amachiko oboremi, ogwatanana obuya chinsemo chionsi, rigori , emechando na obuya boigo...",Agriculture,
These are the first steps of tyaking care of your household from COVID 19. 1. Wash your hands with running water and soap. 2 . Cover your nose and mouth with a mask or by curving your elbow to block when coughing ior sneezing,"Ebi nabio ebitambokero ebitangani b i'okorenda enyomba yao korwa ase Covid 19; 1.Esibie amaboko ao ase n'amache y'egetacho, n'esabuni. 2.Tuba omonu ne'chimioro kogotumia ekegokoro kiao gose egetambaa ekero ogokorora gose goasimora. 3.Toba ang'e na omonto o nde bwensi obwate rikuba.",Health,
The Ministry of Education equipped 10 TVET institutions with modern labs under the AfDB TVET Phase II project to enhance training quality.,Eminisitiri yechisemi ekabeka chikorechi 10 chiobobundi nochusi (TVET) ebinto biegesayansi bia bono goetera AfDB ase omoroberio II o'TVET gokinia oboikeranu bwokwegeria.,Education,
"Do you know that kenya Red Cross Society has free advisory services by calling 24/7? Call us through 1199 we are there because of you. Koru january-June 2019, our medical team on mental health and psychosocial baakeirwe chisimi 513","Inee, nomanyete ing'a Kenya Red Cross Society mbabwate obosemia bwa bosa goetera esimi 24/7? Toakere esimi ase 1199 nao tore ase eng'encho yao. Koru Januari-Juni 2019, chitimu chiaito chia Afya y'obongo amo na Obokonyi bwa kisaikolojia nchiabwatire chisimi 513",Health,
CS Ruku urges Ministries to expand Services in Huduma Centres,omowasiri Ruku oboririe chiminisitiri koenana obokoreria bwabo ase chiobisi chiobokoreri chire ang'e ase abanto gose chikaunti. obokoreri bene.,Governance,
Malaria burden for men and women: Rains increases bad things to happen among women and girls,Omosigo Bwa Esosera ase abakungu n'abasacha: Embura enyinge nigo ekomenta okonyarekana Kwa obobe gokorekana ase abasubati na chinyaroka,Health,
"WHO has aknowledge issuence of the second doss of malaria vaccine for children, to be affordable at Ksh 300","WHO yancheranire okoegwa eriogo ria kabere ria esosera ase abana, koba ne rigori ria inse ya sh. 300",Health,
High job opportunities and therefore good revenue. Improve market access and improve products value. Even if it's true..,Amqabaga emeroremo yaigoro are nogoakana okuya. Kongia enchera yogosoa echiro na omoroberio bwokogesa obuya nerogori rierigesa riao. Nonya ere obomaene ng'a ...,Agriculture,
Prevent coffee berry diseases in a friendly manner that does not harm vital insects or caterpillars (IPM) ideal in rice paddies.,Tanga amarwaire ekaagwa as enchera etari goita amakonde ase riroba gose gosaria amasingira ase ogotumia chingencho ao oa chiogotanga ebichuni gose amakonde (IPM) mose ase oboremi bwomochere.,Agriculture,
NGEC creates social media campaigns for gender equality.,Omoroberio omonene bwokobeka chinguru chierisase (NGEC) kiarosirie omoroberio bwosegeta komanyia amang'ana goetera chisimi nechiredio igoro yoborengananu bwabanto.,Education,
On September 10 2022 the Ministry of Education partnered with Huawei to launch digital skills training for 5000 TVET students across Kenya.,Chitariki 10 omotienyi 9 omwaka 2022 Eminisitiri Yechisemi yabwatanete na Huawei gochakia okwegeria ochusi yegedichitari ase abana 5000 bechikosi chiobobundi na amasomo yokwegendereria (TVET) Kenya engima.,Education,
"Kenya has registered three MPOX patients in the counties of Nairobi, nakuru and Mombasa, totaling to 17, as revealed by the Ministry spokesperson baraza","Kenya yaenekiri abarwaire batato banyorekana na Mpox ase chikaunti chia Nairobi, Nakuru na Mombasa, baikire abarware ikomi na batano babere, omonogeri ewizara Barasa otebire",Health,
Ensure that there is a secret line among your workforce through which they can seek for metal health without fear,Enekia ng'a chinchera chiobobisi nchireo ase abakori emeremo korigia obokonyi bwa afya y'obongo batari na obwoba bw'ogoakana egesiomba gose gosibu.,Health,
"Breath in and get relaxed. Listen to your body. If you feel tired, find time to rest. When don't get good sleep,our mental health suffers, and drops its capacity to work","Ng'usa omoeso omanye gotoerera.Tegerera omobere oo. Onye kwarosire mono, kabe nechingaki chi'ogotimoka. Ekero totarikonyora chitoro boikeranu, ebirengererio biato nigo bigochandeka. Ebirengererio biato nigo bikogenda inse. Chinsa chinde tiga ebinto binde biratimoka.",Health,
Talking about mental heal contributes to reducing despising others and sets others free. Lets build helpful environment for all.,Gokwanera igoro ya afya y'obongo nigo kogokonya gosaria obochayi na gokonya abande gosiboka. Tiga toagache amazingira y'obokonyi ase bonsi.,Health,
Kenya has made a stride in a continuous plan to identify and control livestock diseases.,Kenya yaangoirie omoroberio ogendererete bwokomanya na gotanga amarwaire yetugo.,Agriculture,
"Announcement on the starting expectant mothers foods and those of their children, to be included in the kichen farming awareness and to followsuit in all counties","Okoraria omochakano bwokobeka chindagera chia abangina amo na abana, gosangiwa amaegerio yoboremi na gotunyana ase chinsagia chinyinge",Health,
A UN factsheet outlines rights during counter terrorism operations and stresses oversight.,Egetabu kia obomo bwechinse UN gekworokereria oboronge bwabanto ekero obokebago bokorwanigwa naboigo gekobeka chinguru amangana yobomongera korora nga kera egento buya kegokorwa.,Security,
Announcement that nfestigation on poor eating habits be carried by community health workers to promote mental health,"Okoraria ng'a oboringori bwokoragera bobe koraagwa na abanyagitari banka, gosegeta obochenu bwobongo",Health,
Gain hands-on experience in mushroom farming by attending a practical workshop designed for farmers and agri-entrepreneurs.,Nyora obomanyi bwaime ase oboremi bwamoba as ogosoa amasomo arengete abaremi na abaremi bebiasara.,Agriculture,
Prepare your children about the child are are about to deliver comimg so as to reduce wrangles and bond their relationship,Konya abana bamanye ogotoka kwa abana bande bamwabo erio gokeani engareka na goting'ia okoigwanana kwabo.,Health,
"Coffee marketing faces significant challenges that directly impact production and farmers' access to fair prices and broader markets, ...","Oboonia bwekagwa bwabeire omochando oyio ong'entire rigesa riabaremi bekagwa ase ogotaikera echiro nerigori rigiya yerigesa riabo na echiro engima ase obogare, ...",Agriculture,
ODM urges Court to prioritize IEBC selection panel case,ODM yaganirie ekegambero koa ribaga rieritang'ani ekina kerengete ogochorwa ase ekeombe gietenenerete giechimbebe nobochori.,Governance,
Expectant mothers should eat some little food at a time in every day to [revent gallowing and to maintain the strengthe of their bodies,Abangina bebwateranetie must start attending antenatal clinic right from the first 3 months after conception for diagnosis and management of any problems that might be there in good time.,Health,
Climate change increases the challenge of attaining productivity and nourishment expected in agriculture and it's impact can be felt.,Ogoonchoka kwerire nigo gokomenta obokong'u ase ogoikerania ogoikerania ogokina koganeirie ase ogokerania emeroberio oboremi ase ogkeania obong'u bwarorekanire kobao.,Agriculture,
PSA on climate‑smart grazing techniques for dairy farmers.,PSA igoro yerire ‑ oborisia obuya bwetugo ase abatugi,Agriculture,
Ministry of Education procures and distributes Braille learning devices to schools catering to visually impaired learners.,Eminisitiri yechisemi nkogora ere na kobaga ebitabu nebinto binde ase abana baria batari korora pgochia chisukuru.,Education,
Free LinkedIn Learning for all university students – activate with .ac.ke email!,"Amasomo a bosa goetera LinkedIn ase aban bonsi beyunifasiti, Chakia omoroberio oyio goetera .ac.ke aintaneti!",Education,
"Swollen legs, thin legs that feel tired all the time for children can be sign of sickness. Seek timely help","Amagoro abimbete, amagoro amanyerere gose okorosa gwa kera chinsa ase omwana nabo erabe ekiorokererio kia okorwara. Rigia obokonyi bwango.",Health,
We request all people to wear masks and aobserve all health protocols when boarding transport vehicles. Manufacturing of health protocols has started,"Nigo tokobasemia abamenyi ense kobeka ebikoneri kekero bagosoa ase chimatatu, omonto nigo agosemigwa kobeka egekoneri/emaski. Oboroisia bw'ebinto biogwetanga bwachakire.",Health,
Announcement that Kenya is on the middle of development and food export in five food commodities,Okoraria nga Kenya nkobwatereri obogatagati bwamagenderero na obonchoreri ase chindagera isano,Health,
"DP Kindiki Urges Tolerance for New IEBC Commissioners, Warns Opposition.",omokonyi bwomorai bwense Kindikì orure okoboria abakomisona abayia koba abaremereri. nakorwa ogokurera ase abarai bokoamereria eserekari.,Governance,
Farmers are advised to form farmers cooperative groups to open chances of horticultural products.,Abaremi basororirwe korosia ebiombe erio kwangoyia ogosoa echiro ase obwororo ase oboremi bwabo bwechigeni na amatunda.,Agriculture,
Learning event in coastal counties brought religious leaders and civil society together to strengthen local prevention efforts.,Emesangerekano yogosoma aaria chikaonti chire mbarabare nechinyancha marete amo abarai bechidini amo nebiombe biria bitari bieserikari (NGOs) goikerania okobwaterana nabarai korwa inse.,Security,
"Produce revenue. This includes through access to finance and skills development, market access opportunities, enhanced access to inputs and improved.","Rigesa nebitoki. This includes through access to finance and skills development, market access opportunities, enhanced access to inputs and improved.",Agriculture,
Government published market price index for small holder farmers.,Government publishes market price index for smallholder farmers.,Agriculture,
A pilot project on climàte change in agriculture (MICCA) of FAO in Kenya and the Republic of Tanzania jointly..,Omoroberio moke ochagetwe ase ogotanga ogoonchoreria kwerire ase omorobewrio bwoboremi (MICCA) na FAO aiga Kenya na United Republic of Tanzania bwabwatanirie...,Agriculture,
Be ready! Practice landslide evacuation drills in schools.,Eariganie! Egera igoro yokwerenda nemetengecho esuku,Education,
KUCCPS opened its portal for inter-institutional transfers for 2025/2026 placements targeting TVET and university students.,emeroberio yaye yeintanetui gokonya abana gosaba amabaga yogosoa kiaigoire emeroberio yaye gokonya abana gokonya abana gosaba korwa ase chiyunifasiti chiabo gosoa eria atagete ase omwaka 2025/2026 orengete abana beyunifasiti nechiokorechi bagosemera obobundi TVET.,Education,
"Local markets upto international markets, is an African model aimed at taxing in service delivery to a large extent to market access to about 1.3 billion.","Echiro yorogongo goika echiro yense engima, buna omoroberio bwa'Afrika orengete korusia ebango ase oboererania bwerigesa, nore noboagare bwosoa echiro na goikera abanto 1.3 billion.",Agriculture,
USDA offers biosecurity training for farmers to prevent disease outbreaks in poultry and cattle.,USDA negenderete gosomia abaremi buna barakonye gotanga ebinyinyi biendwari yechingoko netugo.,Agriculture,
[Free Education] Government reinforcement of free primary education policy with elimination of all levies and charges in public schools,(Amasomo Abosa) Eserikari nesegetete amosomo abosa ase chisukuru chioboroso korengana nerichiko na korusia echogo ende yonsi ase chisukuru chioboroso chiserikari.,Education,
Do farming that aims at body building nutrients (NSA) in our food value chain to protect our bodies & bring about changes ofearibg habits in Africa,Kora oboremi borengete chindara chiria chikoagacha omobere (NSA) ase oboremi bwaoerio gokinia endagera engiya ase oboagare eyio ekorenda omobere erio koreta oggonchoreria engencho buna abano bakoragera aiga Afrika.,Agriculture,
"Increase your incomes from beans cultivation, by understanding market demands, reduce rotting of your beans harvest, to know how well you can harvest income from markets.","Kinia okonyora kwao korwa oboremi bweching'ende ase okomanya boronge buna chiganeirie, gokeania ogosareka kwerigesa rieching'ende, agotema komanya buna oragese obuya bwaye nechiro ereo.",Agriculture,
Contractual agriculture is important to organised farmers. Understand the pros and cons of contract farming eg. Of tomatoes and discuss fair contracting.,"Kabe nomoereberio bwoboremi obwataine nomogori nomogori bwerigesa riao. Manya obuya na omochando bwokoba nomogori bwerigesa riao buna chinyanya, na bua ebwenerete korosia rigori riogoakanwa.",Agriculture,
Use fertilizers wisely to maximize nutrient uptake by goats and minimize environmental impact. Learn about soil testing and balanced fertilization.,Tumia obwoyo buya erio korera nga obonyansi bwetugo yao mbore nebirengo ebiya ase etugo yao korisia gokei ogosareka kwamasingira erio gokeania omochando bwogoonchoka kwerire.Soma buna oranyare gopima riroba ria na koreng'ang'ania obotobu.,Agriculture,
"TSC increases intern salary to Ksh 45,000 effective January.","Ekeombe ekene kia abarimu (TSC) nkogesa kere omosara bwabarimu baria kiarigete bwechisingi 45,000 gochakera omotienyi omotang'ani.",Education,
Agriculture sector is seeking 65% in the world to fill world revenues as 15% and 40% through sell of farm produce to diaspora markets .,Oboremi mborigete abanto 65 as emia as ense engima na goichoreria ebitoki biense as 15 ase emia na 40 ase emia goetera obbonia bwerigsa riabaremi gocia chinse chi isiki...,Agriculture,
Be helped. Call for help and follow protocols in doing that in case of unwanted preganancy,"Kànyeka, rangeria ogokonya na bwatia ebitambokero biancheire onye oborito bogoncha otàkagerete",Health,
"Farmers in a family of more than 10,000 in Latin America soon they're going ahead in embracing digital solutions and leave behind barriers of market accessibility.","Abaremi abange begefamiria goetania 10,000 fense ya Latin America bwango iga mbabe bagoikera omoroberio bwegechidichitari erio kobua ebigocha bibarigereretie ase ogosoa chichiro na...",Agriculture,
United Nations facilitated regional training in Nairobi to strengthen gender responsive approaches in counter terrorism and preventing violent extremism.,Ekeombe ekenene giense (UN) nkiaegeretie abarai bechingongo chia Nairobi erio gokwanera obokongu abanto bechingencho ao ao babwate ario gosegeta oboreng'ananu buna enchera eyemo yogotanga obokebago nogosarigwa ebirengererio.,Security,
Small number of people are suspected to be infected with Covid 19 even after getting vaccinated. This is referred to as ….,"Enamba enke ya abanto mbakageire konyora oborwaire bwa Covid 19 magega yokonyora esindani yogwetanga. Eye nigo ekorokwa okoambokerigwa kwobobui, nonya abanto aba bagotwara ebimanyererio ebike kobua bari bataranyora esindani.",Health,
Eating diferent quality foods for an expectant mother contributes to development and growth of the unborn child,Chindagera chingiya ao ao ase omongina bwebwateraneti ngosegeta chire ogokoreka na ogokina okuya kwomwana otaraiborwa,Health,
Lessons on how to control pests and harvest protection has been started in Nakuru county.,Ogosoma buna oratange amakonde na korenada rigesa tirisareka ochakire aaria ekaonti ya Nakuru.,Agriculture,
"Times of India highlighted over 300 injuries during youth-led protests, with Gen Z activists criticizing police rigidity and government suppression.","Ekeombe giokomanyia amangana kia Times of India nkiarogetie igoro yabanto goetania 300 ekero giokorobererekana kwabasae, abwo abaegereri ba Gen Z abwo bwaatorete amamocho abasikari neserikari ase okwanga goonchoreria na kobwatia amachiko erio okomiga baria baroche nga esikari mbobe ere.",Security,
Perfumed soap cause skin rushes to an infant. Use normal soap withous perfumes,"Chisabuni chigotioka bokongu nabo chikorenta ebiagaso ase ekengwerere Tumia esabuni enyororo, etabwati rimisu",Health,
The neighborhoods of Baringo is fighting malaria through their traditional practices in a combination of using treated nets,Eamate ya Baringo nigo ekorwania esosera goetera chinchera chiegekoro amo ne chineti.,Health,
Hypertention during pregnancy can cause multiple medical complications. Frequent clinical check ups is important in understanding any developing problem for timely management,Amanyinga kominyoka mono kero omongina ebwateranetie nabo ekorenta oborwaire. Okorengwa botamba mbuya erio komanya bwango mochando onde arabeo genkio,Health,
Beans packaging safeguards them and fetches a good value. Learn how best you can brand your beans properly to compete in international markets.,Ogosiba chingende nigo kogochirenda buya na kogesa rigori. Rigia komanya buna oranyare gosiba chingende chiao buya ase okoonia gochia echiro ya isiko.,Agriculture,
Introduction of exercise through walking by nutritionist organization under the guidance of physiohterapist and nutritionsists,"Ogochakigwa amazoezi/ogotarataria omobere amo na ebiombe bigokonya chisemi chiechindagera, bikorawa na abanyagitari bogotarataria amo na bari bechindagera",Health,
"Government department, has commited to use solar power in food preservation in more secure manner","Orosagia rwa eserekali, rwerure gosegeta obotumeki bwe chinguru chia omobaso ase okogacha chindagera bwango naende chibwate obuya obonge",Health,
"To promote this program, through cropping, like desmodium, insect repellant and others, like napoier grass, which attract them, it has..","Ogosegeta omoroberio oyio, goetera ekemeri, buna edesimidiamu, ekeri ekio kegoseria ebichuni, na ekende, buna chinsiaga, echi chikobingusa, nchibwate...",Agriculture,
KUCCPS released a list of approved certificate courses for 2023 KCSE students with D+ and below at TVET institutions.,Ekeombe keria ekenene getenerete korangeria abana gochia eyunifasiti KUCCPS giasokirie omoroberio bwechokosi ase abana baria bakorete amosomo abo esekenderi KCSE yomwaka 2023 banyorete aram ya D+ na inse gosoa chisukuru chiobobundi TVET.,Education,
"Abusing drugs and eccessive drunking accelerates a don't care attitude, more distress thn you can bear, trembling body and self suicide. Stop drugs abuse","Amariogo gose obotindu bwa amarwa nabo bigosegeta okwerusi moyo, komenta obochenu bwobongo, goteani ebirengererio na komenta ekegoso kwa ebirengererio biogweita. Tigana na amariogo togotindia na ogotumika amariogo yogotinda",Health,
The Ministry of Health has announced that 86% of children got vitamin A during corona through mobile clinicks thus reached more children,Ewizara yobochenu yararirie ing'a 86% ya abana mbanyorà amadini A chingaki chia korona goetera ebiriniki biokogenda ase abanto na igo goikera abana abange,Health,
KICD develops specialized e-learning materials using sign language for deaf students.,Ekeombe keria getenerete buna amasomo akorosigwa (KICD) nkorosia kere ebitabu biogosoma biabeene yegeintaneti goetera enkwana yebiorokererio ase abana baria batari koigwa (Emetino).,Education,
The Ministry has announced a plan of various quality foods for the body in a bid to maintain blood levels in the body and to promote safe birth,Ewizara yararirie omoroberio bwe chindagera chire nobotenenku ao ao as omobere gokeania okoborwa kwa amanyinga na gosegeta okoibora okuya,Health,
The idea of farming using the CSA approach was first started by FAO in the year 2010 courtesy of the declaration of Hagu Conference about farming. .. food...,"Ebirengererio biogochaka oboremi bokogenda nerire nigo bwachagetwe ritang'ani na FAO omwaka o 2010 goetera ayarigetwe gochi gokwanerwa aria omosangerekano omonene obete Hague Conference igoro yoboremi, Endagera ...",Agriculture,
Climate-smart agriculture has three objectives: sustainably increase agricultural productivity and the incomes of agricultural producers.,Omoroberio bwoboremi borengete ebimeri biria bikoremereria ogoonchoka kwerire na egurargura nigo orengete ebirenga bitato : ioboremi bwokwegendereria nigo bokogesa rigesa na ebitoki as abaremi.,Agriculture,
Mothers milk has specific importance in building the growth of the child's brain,Amàbere angina nabwate obuya bwengecho ase okoagacha ogokina kwa obongo,Health,
"Straight news 3: not reaching markets, poor harvesting method and poor feeding habits. Ekerenga 1: Expand sweet potatoes markets ..","Amang'ana amaramboke 3; Ogotaikera echiro ase oboagare, Ogotabeka omokia ase okogesa obuya bwerigesa and okoragera gotari okuya. Ekerenga 1: Gokinia echiro yamarabwoni ase abaremi abwo bagesekire' ...",Agriculture,
A justice sector framework was launched to rebuild trust and curb corruption.,Amachiko akoraa chikoti naansetwe gokinia obwegenwa na gokora obokengeka.,Security,
"The Minstry of Health has cinfirmed that more five people infected of MPOX from Busia County, totalling to 42 patients since its outbreak","Ewizara yobobwenia yaenekirie abanto bande batato korwara MPOX ase ekaunti ya Busia, yaikirie enamba y'abarwaire goika 42 korwa ogoateka Kwa Mpox,julai 2024",Health,
Ministry of Education organizes nationwide career fairs to expose students to diverse career pathways.,"Eminisitiri yechisemi nkoroberia ere okorenta amao chisukuru, chifactory nabamanyi bande korwa chinsemo ao ao Kenya engima komanyia abana a ria abarengete gosomera.",Education,
"Kenya has comnfirmed that 384 people have been infected with Covid 19. Among these, 109 of them are from Mombasa and 1 from nairobi","Kenya koenekia abanto 10 komentekana ase okoambokerigwa oborwaire bwa COVID19 bonsi amo goika abanto 384. Ase abwo, 109 nigo bakorwa Mombasa na oyomo korwa Nairobi.",Health,
Government to provide science laboratory equipment to secondary schools to boost practical learning.,Eserikari koagacha chinyomba chibosayansi science nebiganeirie aroro ase chisukuru chionsi gokinia ogosoma ase enchera yogokora.,Education,
"Agricultural progression applying digital know-how in the fight against COVID 19, and ...laying foundation for conservation,..IFAD has been warned to desist from bad mentality.","Okogenderera ase enchera yogotumia oboremi bwegechidichitari korwania COVID-19, amo na ... Kobeka oboroso bwobogachi,. IFAD yabetereriigwe gotagora ebirengererio bitari biaboronge...",Agriculture,
Parents guide Grade 6 transition after KPSEA.,Abaibiri konya abana kwamboka gochia ekerasi gia 6 ekero bakorire amasomo abo enasari KPSEA.,Education,
IEBC designs interactive games to teach electoral processes.,IEBC designs interactive games to teach electoral processes.,Education,
The Ministry to fulfil its in reducing opoor eating habits in villages,Ewizara goikarania amaorokererio gokeania okoragera orachi ase ebinyoro,Health,
"In compliance with the directive issued by the National Emergency and Response Committee, we shall forthwith scale down court activities throughout the country over the next two weeks effective tomorrow, March 16, 2020 in order to allow further consultations and design appropriate measures to prevent the spread of the virus","Kobwatekana nerichiko rirure n'Ekamiti Yense y'Omoaganano n'Amairanerio, ntokeanie emeroberio yebigambero, ense engima, emekubio ebere ekobwatia, gochakera mambia, March 16, 2020, erio koenana ribaga riogosemania mono na kobeka ebirengo biogotanga ogoichora kwebinyinyi.",Health,
There were indicators while transporting products to markets and they're found. These was vivid enough about market search of agricultural produce..,"Engaki yokoira rigesa echiro omoroberio norengeo orekobwatigwa erio gosoa echiro. Aya akworokia boene ng'a gosoa ase echiro yoboremi, ...",Agriculture,
Ruto urges Wundanyi residents to register under SHA,Ruto obaganirie abamenyi ba Wundanyi kwerikia ase omoroberio bwobobwenia bwa abanto bonsi SHA.,Governance,
IEBC partners with KICD to include voter rights in Grade 8 Social Studies.,Ekeombe keria ekenene getenererete chikura (IEBC) kiabwatanire nekeombe keria getenererte ebigosomigwa esukuru (KICD) kobeka boigo oboronge bwomoaki chikura ase amosomo ageredi 8 kobeka amasomo akemwanyabanto.,Education,
"Work out cost best analysis before venturing into new form of farming ,like drip irrigation to ensure monetory profits on poultry rearing..",Korigia komanya bga ninki okonyora korwa oboremi bwao na egarama eyio yoboremi nyuma otaraonchoria gochia obonde buna boria bwogosiarera ebimeri amache lerio komanya gose nore nechibesa chioboremi obwo na ase obotugi bechingoko.,Agriculture,
"Wiper Democratic Front party leader Kalonzo Musyoka urges Kiambu residents to register as voters, says œKasongo Must Go ","omorai bwekiama gia wiper democratic front kalonzo musyoka oboririe abamenyi bakiambu kwerikia buna abaaki chikura. nagoteba ""kasongo goika agende"".",Governance,
Government launched an initiative to combat illegal firearms trafficking with education and surveillance.,Eserikari yachagete omoroberio bwogokora ebiasara biechibunduki goetra chisemi na education and buna chikoereranigwa.,Security,
Government announces a phased provision of modern science equipment to all secondary schools.,Eserikari yararirie ng'a nebe nomoroberio bwokobeka ng'ora ng'ora ebinto biabono biegesayansi chisukuru chionsi chiesekederi.,Education,
"Skin-to-skin contact improves warmth, breathing, and bonding for preterm babies.","Risankwa ase risankwa koomerana nkomenta ere riberera, okweyana na obomo ase ebingwerere bire igatwa",Health,
Up coming program on digital agricultural tools and follow up on production using smartphone.,Omoroberio bwogosomia ogocha igoro yebikoreri bioboremi bwegedichitari na buna oranyare gotumia esimi ya koboko yao kobwatia komanya igoro yebimeri biao.,Agriculture,
Council of Governors rolls out civic education on how county budgets work.,Egeikaranso kiabagafana kiaigoreire amasomo yobogesaku komanyia buna chibesa chiechikanti chiabo chigokora emeremo .,Education,
Chaos for expectant mothers is not physically and mentally healthy right. Help and advice those already injured.,Chiburaburu nechimbe ase omongina bwebwateraneti na kebongo. Konya na gotebereria ababwate chingoma bakonyeke,Health,
Ministry of ICT partners with private sector to launch e-learning platform targeting technical skills acquisition.,"Eminisitiri Yamangan, Gokwanerana na Egetekinorochia (ICT nkobwterana ere nabanyabiasara gochakia amasomo okoumerana egeintaneti arengete amasomo agetekinorochia nakoyora ochusi.",Education,
KUCCPS opened its portal for course revision for 2024/2025 placement targeting 2023 KCSE candidates and past candidates from 2000 to 2023.,emeroberio yaye yeintanetui gokonya abana gosaba amabaga yogosoa eyunifasiti koireorera camasomo echikosi chiabo omwaka 2024/2025 ase baria bagochia gosoa omwaka 2023 KCSE orengete abwo bakorire na baria bakorete abwo nyuma korwa 2000 to 2023.,Education,
"Investigate about mental health illness in your family, investigatiion have confirmed that it is rotational in a family, but is is preventable. Continue learning to understand more about this mental health disease, how bad it is gynaecologically, in your residence and in your body to live successfully.","Rigereria omogano bwoborwaire bw'obongo amo nokonarereria ase enyomba yaino, obotuki obonge bwaorokirie ng'a oborwaire obo nigo bokoirorera ase enyomba, korende nabo bogotangwa. Buna okomanya mono igoro y'amang'ana aya are n'obobe ase oboibori, ase obomenyo, na ase omobere, nario oramanye enchera yokoyabua.Rigereria omogano bw'oborwaire bw'obongo amo nokonarereria ase enyomba yaino, obotuki obonge bwaorokirie ng'a oborwaire obo nigo bogotara ase enyomba, korende nabo bogotangwa. Buna okomanya mono igoro yamang'ana aya are nobobe ase oboibori, ase obomenyo, na ase omobere, nario oramanye enchera yokoyabua.",Health,
Kiambu National Polytechnic launches modern farming techniques training program.,Kiambu National Polytechnic yachakire emeroberio bwokwegeria igoro yoboremi bwa obono.,Education,
TVETA implements a digital skills certification program to validate practical digital competencies for TVET graduates.,"Aborai bwekeombe keria ekenene getenerete chikorechi chiobobundi nechisemi chiokwegendereria TVETA nkorwa kere ogoitaba igoro yemeroberio yochusi yegedichitri, korenga na koyeanchera ase baria bagokora amasomo abo korwa TVET.",Education,
A multi-agency program enhanced ATPU officers' capacity in ideological awareness and counterterror response.,Oboamo bweitengo ao ao bieserikari mbwakongetie chinuru chiekeombe keria kiabasikari gekorwania gotanga obokebago bwokoruta chipomu (ATPU) korora na komanya buna kogosaria ebirengererio nokomenya amo.,Security,
Ministry of ICT seeks partnerships to expand digital infrastructure and connectivity to all schools.,"Eminisitiri Yamangan, Gokwanerana na Egetekinorochia (ICT nkobwterana ere nerigetie sokobwaterana kogarei obokoreri bwegedichitari nogokereka chisukuru chionsi.",Education,
Health facilities are providing iron and folic injections to all expectant mothers to protect them from anaemia and deformity to the unborn. Vist the nearest health facility today,Ebitaseni biobobwenia bono nkoenana bire amadini yechuma na foliki ase abang'ina bonsi bebwateranetie erio gotanga Anemia/ogokeea kw'amanyinga omobere na gotanga oborema bw'okoiborwa. Tarera egetaseni ki'obogwenia kere ang'e naye rero.,Health,
"Mental health for women can be distrupted through decreasing body immunity including their monthly periods. Also, drugs and substance abuse can also disrup their menetruial cycles and mental health problems","Afya y'obongo bwa abakungu nabo bogoturubanigwa na amaonchoreri yo obonyamasi bokobwaterana na okorora erangi, oborito na gotiga korora erangi. Ogotumekwa kwa amariogo yogotindi nabo kogoturubani ebirengo ebio biobonyamasi na komenta okororekana koba ne emechando ya afya yobongo.",Health,
Announcement to bring sensitization on good money and food management among expectant mothers and their children under 5 years in Kenya,Okorari kwogochaka korenta amaegerio yogoyumia chiropia nendagera boronge ase abangina ime yense yaito korwa NICHE ase abebwateraneti na abana inse yemiaka etato,Health,
"Farming using tractors and technology, early planning between farmets and sellers need support in building rapport, and environment as the foundation to boost peasants and the rich together. It's of no profit when a farmer can̈not sell...","Oboremi gotumia ebiragita na tekinorochia, omoroberio omapema gati yabaremi na abagori noro omuya kegima koreta ogsira oboamate gati yabaremi na amasingira buma oboroso bwogosira abataka nabanda amo. Igokonya tikoiyo ekero abaremi abake batanyare koonia...",Agriculture,
IEBC accredits 500 schools as voter education centers.,Ekeombe keria ekenene getenererete chikura (IEBC) yaitabire chisukuru 500 gosomia igoro yogoakia chikura.,Education,
"There is no more malaria transission, in Nairobi county. Only that if you are a resident of Nairobi for long time and you become sick with fever, possibilities of suffering from malarial may not apply","Koambokerania Esosera tikoiyo, ime ya ensemo ya Nairobi. Onye kore omomenyi o Nairobi rioka ase engaki entambe na enyarekane kwarwarire na gotwara riberera,okonyarekana gwa okoba ne Esosera tikoiyo.",Health,
"Leaving the child alone even for a short time, a child can fall down and sustain injuries","Nonya nase negeka egeke, gotiga omwana bwekà nabo eranyare agwe na koumia",Health,
"AATF is seeking to increase their knowledge through initiating farmers training institute, with a bid of expanding knowledge inside and outside.",AATF nkorigia bare omomanyi kogesa bori bwabo buna bagochakia esukuru ya obosemia bwa bono igoro yoboremi erio kogareyia chisemi echio ime na isiko.,Agriculture,
The PPRC represents an important financing option for climate-smart agriculture and its funding is earmarked for climate adaptation activities. Eligible ...,PPRC mbare nomoroberio bwokorwa chibesa gosira omoroberio bwoboremi borengete ogoonchoreria kwerireana oborori bwabo bwaitabetwe kobwata ogoonchoreria ase oboremi koreng'ana nogoonchoka kwerire. Ayaitabire...,Agriculture,
Announcement has been made to farmer groups to supply all foods to schools in the new procurement plan,Okoraria kwarurwe ase ebiombe biàbaremi koira chindagera ao ao eyemo ase eyemo gochia chisukuru ase omoroberio omoyia,Health,
"They provided a platform for stakeholders and members of the public to review and submit their views and comments on the draft regulations, which will be duly considered in the finalization of the framework.","Bakarwa rigaba ase abasangi na abanainchi korigereria, korwa ebirengererio an gotoma gochia emeroberio yokorosia amachiko, ayio ararengererigwe buya na gosoigwa ase amachiko.",Governance,
USDA enhances avian influenza surveillance in poultry to prevent outbreaks.,Ekeombe kia USDA bkwangoi kere okobeta chisindani chiogotanga endwari yechingoko gotanga oborwaire obwo .,Agriculture,
PS Kipsang meets Tecla Loroupe Foundation for remedial teaching.,Omoriki bwengaki entambe Kipsang okoumerana na Tecla Loroupe Foundation ase amasomo okoinyoria.,Education,
World Malaria Day:Kenya to join the world in celebrating the day,Rituko ria Esosera ase Ense: Kenya kobwatekana na ense engima ase okoarigania na gochengera rituko ria Esosera ria Ense .,Health,
"It's important to take care of your mental health because it can impact every aspect of your life, including your relationships, your academic performance, and your physical health.","Nere buya korenda obochenu bwobongo ekiagera nero ebogoretie ensemo yobogima, oboamate bwago, amasomo ago na obochenu bwomobere",Health,
"Agri-tourism can diversify income. Explore opportunities to combine farming with tourism activities like farm visits, u-pick, or accommodation.","Oboremi as emegondo yokwegera oboremi neyengencho enene as okogesa ebitoki ase oboremi. Rigia komanya buna engencho yokoburukania ebimeri na etugo na gotarerwa as oboremi bwao, buna engencho yogoitaba oboremi obwo.",Agriculture,
Climate smart agriculture is a means of placing acceptable standards required to transform current agricultural practices to increase food security concurrent with current situation of climate change..,Oboremi borengete ebimeri biria bikoremereria ogoonchoka kwerire na egurargura (CSA) nenchera egokonya kobeka omoroberio nebitambokero biganeirie goonchoreria chingencho oboremi bogokorwa bono gosira omoigoto bwendagera koreng'ana nomochando oreo bono bwoonchoka kwerire....,Agriculture,
"Kevin Osido "" Exec. Dir., County Governance: There is a lot of fear, and a foundation must be created so that Kenyans can report corruption and see action taken. We must establish proper mechanisms for complaints, which are currently lacking",Omoteneneri omonene Bwekeombe gekorigereria oboteneneri bwechikaunti Kevin Osido otebire ng'a obuoba mboroo naboigo nere buya oboroso bene kobekwa obwo borakonye ase okoenana amang'ana yobokurumi asengecho boroso obwo tiboiyo ase bonoigwa namerberio bene ekobwatesia okoenana kwa amang'ana teiyo.,Governance,
The Ministry of Health has discloed that Covid 19 virus from India has been detected in Kisumu,Ewizara yoborwaria yatebire ebinyinyi bia Covid 19 koru India biatokire Kisumu,Health,
KNEC develops assessment tools adapted for learners with disabilities to ensure fair evaluation.,Ekeombe keria ekenene KNEC nkorosia kere ebinto biokorenga amasomo abana birengete abana baria bare noboremaru ao ao korora nga okorengwa okwo tokori koegerera nsemo ende.,Education,
"In this month as a moth of amplifying awareness on mental care for men, lets open up, speak out. We are used to say that men must stay strong,, but we need to know that to be strong is to accept our problems and seeking for help","Ase Omotienyi oyo bwokoraria obosemia igoro yobobwenia bw'obongo bwa Abasacha, Totige gokira, tokwane. Twanarire gotebia Abasacha babe abakong'u, korende ogokong'a boronge nogoitaba emechando na korigia obokonyi. 1.Gosanga gose gokwana tari borosu, ne'chinguru 2.Nchera ende yonsi okoigwa ,mboronge. 3.Torwania emechando yao aye bweka. Oborwaria bw'obongo bwao nigo bore bw'engencho, neba n'ebirengererio, gose omoroso. Kwana n'omosani, omosemia, gose ekeombe ki'obokonyi. Koboria obokonyi nokworokia chinguru, tari okogwa.",Health,
"TSC mandates digital skills training for all teachers at Ksh 2,500.","Ekeombe ekene kia abarimu (TSC) yachire abarimu bonsi kwegera igoro yechisemi chiegedichitari ase chisiringi 2,500.",Education,
Youth Agenda simulates legislative sessions for youth learning.,Achenda yabasae nkwegeria ere buna ebtengo bieserikari bikorosia amachiko ase ogosoma.,Education,
Meeting announcement to sign a plan by UNSDCF to promote vbarious sector,Okoumerana koraria kobeka ebichara omoroberio oyomo oyo UNSDCF gosegeta chisegita ao ao,Health,
Non-compliant schools to close after safety audit.,Chisukuru chiataikeranie ogochika oko chisiekwe ekero obokongoria igoro yoborendi orakorwe.,Education,
"TVET students to receive Ksh 5,000 monthly stipend from January.","Abana ba TVET konyora 5,000 kera omotienyi chiokobakonya goansera omotienyi omtang'ani.",Education,
"The county government of Kakamega has issued directive to close all government mortuaries, Governor Oparanya has requested residents of Kakamega to immediately burry their dead people","Eserekali y'ekaunti ya Kakamega yarure ogochika kwogosieka chimocheri chi'echinyagitari chieserekali, Omogabana Oparanya oboririe abamenyi gotindeka abakure kegima.",Health,
"Climate change has drastically affected farming and food security, and if there are not urgent mitigation measures , it's a threat to millions on food and poverty.","Ogoonchoria kwerire kwaburukanirie omoroberion ase bwoboremi, gwakeirie rigesa riendagera, and kogesa enchara ng'a onye ebitambokero bia bwango tibiri kobogorigwa, chimirioni chai abanto abnge marigereretie koba nenchara amo nobotaka obonene.",Agriculture,
Announcement of nationwide public movement events in urban parks promoting physical activity and healthy eating.,Okoraria kwa orogongo orogima igoro yechigosori ase ebitii biogotimoka na okoragera kobwenerete,Health,
"Mental health is the psychological and emotional well being of a person and it affects how we handle stress,make decisions and interact with others.","Obochenu bwobongo nakuo oboikeranu bwebirengererio na obokanyeku ase omonto, nabio bikoraa ogoichorerana kwa obongo, kunacha ebina na koigwanana nabande",Health,
"For now, let us not open bars, and also observe social distancing. KCPE and KCSE is not a ticket to heaven.","Ase bonoiga, ntoigora chibaa, amo na kobera are korwa ase abaminto. KCPE na KCSE tibiri tikiti chiokogenda igoro.",Health,
"Kenya is pushing forward with its international labour initiatives by sending 350 seasonal workers to the United Kingdom, despite the recent wave of violent protests that have rocked the former coloni...","Kenya negenderete gosuka motwe nemeroberio yaye yobokoreri kimataifa ase ogotoma abakori emeremo 350 bechingaki gochia United Kingdom, nonya chisegi na amaandamo ase ense eyio...",Education,
"The Minstry of Health has confirmed its plan to issue nets has started in Homa/bay on the 15, November 2023, and 830,862 nets will be issued, to achieve 91% of registered households","Ewizara ya obochenu nigo yateba, omoroberio bwokorwa chineti ase obonge nigo ochagetwe ase ekaunti ya Homabay chitariki 15, November 2023, na chineti kobagwa goika 830,862, igo goikerania ekerengo Kia 91% ase chinyomba chiarigetwe.",Health,
"Thwe launch of farming to win a trophy in trial phase, and there after to expand up to the schools in the arid areas","Ogochakigwa kwoboremi bwamatemu yokorwanerera ebikombe as okwegera, na koranda goika chisukuru ase eroro",Health,
"This program urges farming using (CSA) methodology, rules and use of diverse practices in Myanmar. In the field, this program powerful in five demonstration.","Emeremo eye nigo egosegeta oboremi bokogenda nerire (CSA) amachiko na okwegia ase ebitambokero ao ao paaria Myanmar. Aaria mogondo, ooroberio oyo nore nechinguru ase chinsemo isano chikwegia...",Agriculture,
US promotes bovine viral diarrhea vaccination.,Amerika nesegetete okobeta etugo chisindani chiogotanga ogosaa,Agriculture,
The starting of a plan in MaziwaPlus program in Nyeri County aimned at reducing mastertitis disease on cows,Ogochakigwa kwomoroberio ase MaziwaPlus ase ekaunti ya Nyeri erio gokei oborwaire bwechimbere chieng'ombe erio gokei oborwaire ase eng'ombe yamabere,Health,
The Ministry of Health has confirmed that MPOX is severe than Corona virus,Ewizara ya obochenu yaenekeiri ase mwanyabanto obobe bwa Mpox mbokorenganigwa na Korona,Health,
"Special launch of food stuff with folic, vitamin B, iron and zink according to government program","Ogochakigwa gwechindagera chinde chire namadini a'foliki, ebitamunusi B, echuma na zinki, korengana buna eserekari erobereti",Health,
"Sustainable agriculture practices in Kenya play a vital role in ensuring the long-term ecological balance and economic viability of the country's farming sector. Withclimate changeaffecting farming techniques and the government relying on a bountiful harvest for export, farmers in Kenya are increasingly adoptingeco-friendly farming practicesto maintain thesustainabilityof their agricultural systems.","Oboremi bwokwegendereria aiga Kenya nigo borengete goikerania omoroberio omotanbe korora buna oborendi gati yamasingira na mwanyabanto bikorendana erio obogima kogenderera gwense yaito €™s ensemo yoboremi. Buna ogonchoka kwerire rire kogenderete kobeka echando ase oboremi nechingencho chioboremi, ekero eserikari yaigo erengete rigesa rinene ase okoonia gochia ecchiro ya isiko, abaremi aiga Kenya mbatemete gokora oboremi bwabo ase enchera eria erendete amasingira erio gokongia oboremi bwabo nerigesa amatuko onsi.",Agriculture,
Announcement on the progress achieved by the STEPS in showing advantages of eating well and working out.,Okoraria rigesa rioboringori nekeombe gia STEPS koorokia obonge bw'okoragera okoyia na emeremo yomobere ase abanto abanene,Health,
"Over 90,000 teacher deficit hampers curriculum implementation.","Obokeanu bwabarimu goetania chirifu 90,000 ybeire akong'u goikerania omoroberio bwamasomo.",Education,
NCIC hosts peacebuilding forums through inter-community cultural events.,Ekepmbe giokoegerera abanto komenya amo buna abanto abamo (NCIC) emesangererekano yomorembe goetera chigosori chiekienyechi ao ao.,Education,
Teachers receive training on effective use of digital learning tools and platforms in classrooms,Abarimu nkonyora bare okwegerigwa buna ebwenerete gotumia amasomo igoro yebikoreri biegedichitari na ase gosomia chisukuru chiabo.,Education,
"It explores the principles and practices for sustainable and profitable production of annual and perennial crops to meet food, feed, energy, fibre needs and ...","Nigo egoitonaayabwenerete gokoreka ase oboremi bwokwegendereria bwerigesa rigiya rire nebitoki ebiya ase ebimeri biria bia bwango na biria biakogenderera gonyora endagera, korageria, chinguru, nendagera eria egokonya gosenyenta endagera inda amo...",Agriculture,
"Explore digital tools like M-Farm that can help youth groups with market prices, weather forecasts, extension advice, and mobile transactions.","Tema komanya igoro yebikoreri biegechidtari buna M-Farm ebio biranyare gokonya ebiombe bia abasae komanya igoro ya'amagori na echiro, ogoonchoreria kwerire, ogotebererigwa nabanyi, na oboererania as embeo.",Agriculture,
TSC pays January –March 2026 salary in advance – check bank Dec 20!,"Ekeombe ekene kia abarimu (TSC) giakanire emesara yomotienyi omotangani noyogatato 2026 gotanyorwa, rigereria ebengo chitariki 20 ootienyi 12!",Education,
NCIC integrates peace lessons into school programs.,Ekepmbe giokoegerera abanto komenya amo buna abanto abamo (NCIC) nkobwatania kere amasomo omorembe naria abana bagosoma chisukuru.,Education,
Ministry of ICT launches targeted digital literacy programs for women entrepreneurs to enhance economic empowerment.,"Eminisitiri Yamangan, Gokwanerana na Egetekinorochia (ICT yaansire omoroberio obeene orengete omoeroberio bwamasomo egetekinorochia ase abang'ina abanyabiasara gokinia chinguru chiobogoko.",Education,
The ODPP issued guidance explaining Kenya's legal definition of terrorism under the Prevention of Terrorism Act.,Omorai omonene bwobosoi ebina (ODPP) narwete oborai bware bogeteba igoro ya Kenya buna okomanya kwabo igoro yobokebago bwokoruta chipomu inse yerichiko riogotanga obokebago.,Security,
"Technology, AATF..started 1993, Tanager works with company families of ACDI/COCA to ensure agriculture benefits all persons.","tekinolochia, AATF ... Giachagetwe 1993, Tanager nogo aagokora emeremo nefamiria ya ACDI/VOCA eyio ere obomo bwechikambani erio korora nga oboremi gokora emeremo emiya ase abanto.",Agriculture,
"Get enlightened on mental health care, so that you become a change agent, scolding those suffering from mental health is a stumbling block for those struggling to get care. Choos to live a life of dignity, fight stigma arising from scolding mental health patients","Esemie ase amang'ana yobobwenia bw'obongo, erinde obe omoteneneri bw'oboonchoreria, okonengeta ase amang'ana ya oborwaria bw'obongo. Okonengeta ne eyemo ase ebikongo ebinene ase abanto korigia korwarigwa obobwenia bw'obongo. Chora komenya obogima Bwe chinguru ,rwania okonengeta.",Health,
"Through the national committee's emergency and response directives, we shall reduce long protocols, in entire Kenya, for the next two weeks coming, starting from tomorrow, March 16, 2020, to allow more time for dissemonation on the prevemntion of infections","Kobwatekana nerichiko rirure nekamiti yense yomoaganano namairanerio, ntokeanie emeroberio yebigambero, ense engima, emekubio ebere ekobwatia, gochakera mambia, March 16, 2020, erio koenana ribaga riogosemania mono na kobeka ebirengo biogotanga ogoichora kwebinyinyi.",Health,
USDA promotes regenerative agriculture for grazing.,USDA ngosegeta ere oboremi borengete korenda obotobu bweriroba ase okorisia chiombe.,Agriculture,
"The government has unveiled a series of vocational training programmes aimed at equipping youths with skills in high-demand fields such as mechanics, electrical work, dressmaking, and livestock inspec...","Eserikari yaansire omoroberio bwogosomia abana emeremo ao ao erengete koa abasae ochusi ase emeremo eria ere nokogania mono ase echiro yemeremo buna oborosia chirori, kobeka esitima, gosona chiaanga nobobwenia bwetugo...",Education,
Continue seeking knowledge and aim at new seedlings that's relevant your dairy farming.,Tigara kiomanyete igoro yobokongoase ebirenga ebiyia yembusuro enyia ebwenerete oboremi bwao bwetugo yamabere.,Agriculture,
"Continue breast feeding the child at night, and eat foods that add milk to your body for the child to breast feed",Genderera kogonkia omwana botuko na komenta amabere,Health,
"To guard against any eventuality to start bee keeping. Diversify your lessons to other assortment of farming, services, memorandum, and appreciate related risks like livestock diseases.","Erio gotanga obokongu bonde bwonsi buna ogochaka obotugi bwechinchoke. Egera igor yokagarei oboremi bwao, obokoreri, na ogwekomereria ase asara echinde chionsi buna amarwaire yetugo",Agriculture,
"Community artists created a public mural in Naivasha promoting themes of oversight, justice, and citizen–police partnership.","Abanyangero borogongo mabkorete emeremo amo yogwata chibicha chinene nagochinati chinyasi Naivasha gosegeta emeremo yamongeria, ekeene, nokobwaterana kwabanainchi nabasikari.",Security,
Education Cabinet Secretary George Magoha then wrote to the Public Service Commission (PSC) seeking Matiangi's appointment as deputy director of education at job group R. PAY ATTENTION: Click 'See First' under 'Follow' Tab to see Tuko.co.ke news on your FB Feed Read also Newspapers Review for May 24: Who Will Pay Lawyers Behind BBI Appeal?,omowasiri bwechisemi George magoha narigete riuko engaki eyuo gochia ase ekeombe getenenerete abakori emeremo beserekari (psc) gosaba ng'a Matiang'i achorwe koba omokonyi bomochiki omonene bwechisemi ase obokoreri bwemeremo ensemo RA.,Governance,
Ministry of Education launches STEM scholarships targeting girls to boost gender parity in science fields.,"Eminisitiri yechisemi yaansire korwa chibesa chiogosomera Obosayansi, Etekinorochi, Oboinchinia, amo Nechisabu (STEM) chirengete abanyaroka erio gokeania ogotarenganana ase amasomo egesayansi.",Education,
"Conserve water in your farm by mulching, harvesting and conserving rain water and planting drought resistance crops like sorghum.","Renda amache gose obonyiu koera ase riroba bwango ase ogotuba riroba nobanyansi gose eubi, gotacha na kogacha amache yembura, na gosimeka ebimeri biria bikoremereria eguragura buna amaemba.",Agriculture,
Investigate efforts of digital technology of IFAD in Asia-Pacific. Digital farming is one important effort to strengthen food security.,Gokora omobaro IFAD' asogotema kwegedichitari aaria orongo rwa Asia-Pacific. Oboremi bwegedichitari nabwo bobwenerete buma enchera eyemo gogokonyia omoigoto.,Agriculture,
"Up to 6 months from the date of the child, start feeding the child with food rich in minerals as you continue with breast feeding. Prevent feeding the child with sugarly fast foods, and also ensure cleanlinness.","Ase emetienyi etano nomo nyuma yokoibora, chaka koa omwana endagera enene ebwate amadini omwana kagedererete nokogonka. Etange koria ebitoki bibwate Esukari enyinge na enekia obochenu engaki y'okorageria.",Health,
"This dynamics aims at transforming food in Kenya to support good health for all, progressive environment, resilience, applying organic technology, which includes..","Omoroberio oyo nogo orengete goonchoreria oboereria bwendagera koba obeafia engiya, ase bonsi, erendete amasingira,na ogwekomereria, gotumia amayo yeubi, ayakopburukania ...",Agriculture,
Ministry of Education initiates review of ICT integration policies to align with new education technology trends.,Eminisitiri yechisemi nkoba ere nemeroberio yokorigereria keboyia kobwatania amachiko yamasomo yokobwata na kogacha amang'ana ICT koreng'ana nemeroberio yetekinorochia enyia.,Education,
Kenya rebranded CBC to CBE to expand focus beyond curriculum into infrastructure and school systems.,Kenya yakorire amaonchorerio yechisemi chiria chirengete okwenyara kwomwana nechisemi chiokwegendereria (CBC) to CBE koigora ebirengererio motwe korora ng' amaagacho nobotenereri boigo biakeraniigwe.,Education,
"Tourism CS Rebecca Miano urges Nyandarua residents to embrace county s rich potential, shun divisive politics, and tap into NYOTA Program with 1,750 youth slots.",omowasiri bwobotari Rebecca Miano orure okoboria gochia ase abamenyi ba nyandarua kobwatesia obotenenku obwo bore ase ekaunti eyuo ase ogwetanga korwa ase siasa yogoatananeka korende koenekia ng'a ngosoa bare ase omoroberio onyota eyuo ebwate amabaga 1750 ase abasae.,Governance,
"Awareness of corruption's impact builds vigilance and ethical behavior, boosting national security.","Komanyia abanto igoo yobokengeka ngokong'ia ere koba maiso na gokorera ekeene, na gokong.ia oborendi bwense.",Security,
Ecpectant mothers are advized not to drink beer. Getting drunk when you are expectant can cause sickness and affect the unborn baby,Abasubati bebwateranetie basemiigwe gotanywa amarwa. Ogotinda ekero ki'oborito nabo ekorenta oborwaire bw'amarwa naboigo gotebania ogokina kw'omwana otaraiborwa.,Health,
Painted stories of civic participation by women,Emegano erikire buna abangina benyoreire amabaga gokora emeremo yyogokinia ebinyoro biabo.,Education,
The Kenya Medical Research Institute (KEMRI) has deployed its personnel to Marsbit for testing after 9 people losing theuir life,Ekiombe kiobotuki bw'obonyagitari (KEMRI) giatomire abanto babo marsabit korenga abanto magega ya abanto kianda gosiria amagima abo.,Health,
"The government advices ll people to wear masks and to be vaccinated, now that Kenya is covered with dark cloud of Covid 19","Eserekali yabasabire abanto kobeka chimaski na konyora chanjo, ekero Kenya yatubirwe ne'rire ria COVID-19",Health,
NCTC partnered with NGOs to educate youth on digital extremist threats and strategies to resist online radicalization.,Ekeombe keria ekenene gekorwania obokebago bwokoruta chipomu (NCTC) nkiabwatanete NGOs gosomia abasae igoro gosarigwa ebirengererio goetera chinchera chiegedichitari amo nechira kwanga ogosarigwa ebirengererio goetera eintaneti and.,Security,
Immediate skin-to-skin contact after birth helps regulate baby's temperature and encourages bonding.,Kegima risankwa ase risankwa koomeranà ngokonya ere korengani riberera na gosegeta obomo,Health,
Stern follow up on how weather pattrens has affected farming in certain areas and it's effect in food security and the dynamics thereof.,"Kobwatia komanya buna rire riakong'irie oboremi as orogongo rwaito na omochando oye ase oboremu bwendagera nebitoki, na boigo buna omochando oyo ogenedererte gwekebora.",Agriculture,
"Announcement to start a campaign ""COMPLETE"" aimed at reducing hunger among school children, ballanced farming","Okoraria ogochaka gwekampeini ""ENG'IKERANU"" erengete gokanya enchara ase abana chisukuru, oboremi boigwanaine nerire na oboegereri chindagera",Health,
Java to provide food to athletees in the teams in Africa for men and women in the camps in Africa,Java korwa chindagera ase abagosoria borogongo Chitimu chia abasacha na abakungu chikambi ase chigosori ime ya Afrika,Health,
IEBC launches voter education in universities targeting 2 million youth voters.,Ekeombe keria ekenene getenererete chikura (IEBC) giaansire gosomia buna chikura chigoakwa ase chiyunifasiti kerengete goikera abana abasae chimirioni 2 koba abaaki chikura.,Education,
"More other 5 patients to be confirmed infected with MPOX in 12 counties, among them Nakuru na Mombasa included. The PS deborah Baraza has saud that among them, one has lost life and 8 are under medication","Abwarwaire bande batano koenekigwa koambokerigwa Mpox ase chikaunti 12, ase echio Nakuru na Mombasa kobao. Omoriki o botambe bwobobwenia CS Deborah Barasa otebire ase abwo, oyomo osiriri obogima bwaye na 8, mbagenderetete korwarigwa.",Health,
There's a growing emergency concern prevailing in small scale farmers in Asia Pacific and what IFAD has done to address this challenge? A. Digital farming:key in supporting small holder farmers..,Obokongu bwa bwango mono nigo bogendererete kobao ase abaremi bemegondo emekeaaria Asia Pacific na ninki IFAD egenderete gokora ase omochando oyio? · Oboremi bwegedichitari: Ekiengencho gokonya abaremi bemegondo emeke...,Agriculture,
USDA encourage soil fertility through restoration of cattle to keep soil health.,USDA ngosira ere ebokoro biria bikorenda obotobu bweriroba ase etugo erio kobeka obotobu na afia.,Agriculture,
TSC pays November salaries early for all teachers – check your bank.,"Ekeombe ekene kia abarimu (TSC) giakanire emesara yomotienyi 11, rigereria ekegancha kiebengi yao.",Education,
TVETA expands access to digital libraries for TVET students to improve research capacity and learning.,Aborai bwekeombe keria ekenene getenerete chikorechi chiobobundi nechisemi chiokwegendereria TVETA yagareirie na ogoikera chinyoma chiamasomo egedichitari ase abana bechikorechi chia TVET gokinia okorigia kwobong'aini oboyia gokong'ia okomanya nogosoma.,Education,
IEBC collaborates with universities on voter education research.,IEBC collaborates with universities on voter education research.,Education,
AustraliaÂ's Premier announced a historic agreement to fully fund all WA public schools up to the Schooling Resource Standard by 2026.,koreng'ana na Biria Bionsi Bigosira Ebirengo biamasomo nyuma ya 2026,Education,
PSA promoting organic fertilizer use to reduce environmental degradation.,PSA ngosegeta ere oboremi bwobwoyo bwekweroseria ase ogotumia eubi erio gokonya gokeyioa ogosareka kweriroba.,Agriculture,
Announcement to provide free milk to primary schools inMigori and nakuru counties to encourage more entries of children to school,Okorari gwokorwa amabere abosa ase chisikuru chioboroso ase chikaonti chia Migori na Nakuru erio komenta okorereta na komenta abana bagosoa chisukuru,Health,
KeNHA assured the public that updates on the project's progress and final agreements will be disclosed transparently in accordance with the PPP Act and National Treasury guidelines.,Ekeombe keria ekene getenerete chipoara chinene gia Kenya (KeNHA) ankiaenekeretie abanto ng'a tokomanyigwa igoro buna buna egasi egendererete gokorwa amo nokoigwana kwaye na baria bachirorosia nkobekwe maiso marore koreng'ana nerichiko riokobwaterana geserikari nabanyabiasara (PPP) amo na nogotebererigwa korwa ekegancha ekenene.,Governance,
The Ministry of Education recruited 2500 TVET trainers to support vocational training programs across Kenya.,Eminisitiri yechisemi yarigete abarimu 2500 ba TVET gosuira amasomo ochusi ao ao Kenya engima.,Education,
Scientists from ILRI and KALRO have launched a program of transmission like Bovine Pleuropneumonia in Kenya through partnership of injection.,Abasayansi korwa ILRI na KALRO barure omoroberio bwogokora endwari yokwambokerana buna Bovine Pleuropneumonia aiga Kenya goetera okobwaterana gwokobeta chisindani.,Agriculture,
"Ministry of Education launches nationwide campaigns to inspire students to pursue careers in Science, Technology, Engineering, and Mathematics.","Eminisitiri yechisemi yaansire omoroberio Kenya engima gosegeta na kobeka abana omoyo gosomera Obosayansi, Etekinorochi, Oboinchinia, amo Nechisabu.",Education,
Pressure from your neighborhood and partial treatment of your children can cause much stress and affect your mental health.,Okobetererigwa korwa ase eamate na ogwanchereria gw'ensemo eyemo yoroiboro nabo bikorenta ebirengererio ebinge na obokong'u ase afya y'obongo.,Health,
"This summit aimed at progressive agriculture and building requires support forvthe sake of Science, Technology and Innovation (STI). Governments has been congratulated for policy progression, institutions..","Enkwana eye nigo yarengete gokinia oboremi bwokwegendereria na koagacha ogosira koganeirie ase STI.Amagambi nagokeretwe ase okorosia amachiko, ebikoreri ...",Agriculture,
School reopening dates announced amid COVID.,Etariki yokoigorwa gwechisukuru yarariigwe nonya Enyamayaa ereo (COVID).,Education,
"Women have a large stake in tea farming. Learn on diverse programmes, requirements, and markets that resonates with women.","Abang'ina mbare nensemo enene ase oboremi bwechae. Egera igoro yemeroberio ao ao, ebiganieirie, nechiro erengete abaremi abang'ina.",Agriculture,
KUCCPS opened its portal for a second course revision for 2024/2025 placement targeting 2023 KCSE candidates with a deadline of June 15 2024.,emeroberio yaye yeintanetui gokonya abana gosaba amabaga yogosoa kiaigoire enyongo yaye portal eria kabere koirorera chikosi chiabo omwaka 2024/2025 ase abria bagosoa omwaka 2023 ase abana besekenderi KCSE nyuma yechitariki 15 chiomotienyi 6 omwaka 2024.,Education,
Final rollout: Inclusive education policy now covers all TVET institutions – every learner welcome!,Okoyarua kwomoiso: Richiko riechisemi ase bonsi bono nigo rirengete chisukuru chiobobundi nechisemi chiokwegendereria (TVET) kera omwana ogosoma oariganiigwe!,Education,
KLIF launched a national strategy to strengthen integrity.,Ekeombe keria getenenerete oborai nekeene (KLIF) ngiaansete oboroberio Kenya engima bwogokong'ia obokeene.,Security,
"As pertains market access, targetting harvests, production techniques and getting loans is slim, something that deter youths inclusivity. .","Amang'ana igoro yosoa echiro, ayarengete rigesa, a omogondo buna oraikere amakobeso yoboremi naremete mono kegima ayio agochire omorroberio bwogokwanera abasae ...",Agriculture,
Public meetings are critical in delinking discriminative practices brought about with taboos and to promote good characters among women,Chibarasà chianka ngokonya chire korusià ebitàngo ase emegiro na gosegetà chimbu chinguya ase abàngina,Health,
Climate-smart agriculture (CSA) is an approach for transforming and reorienting agricultural systems to support food security under the new realities of ...,Oboremi borengete ebimeri biria bikoremereria ogoonchoka kwerire na egurargura (CSA) nenchera egokonya kobeka omoroberio nebitambokero biganeirie goonchoreria chingencho oboremi bogokorwa bono gosira omoigoto bwendagera koreng'ana nomochando oreo bono o...,Agriculture,
Government launched a campaign promoting cyber hygiene and awareness of the National Cybersecurity Strategy.,Eserekekari yachagete omoroberio bwokomanyia abanto igoro yogotumia buya eintaneti na korenda ng'a tesoa se abako amabe buna omoroberio omonene bweserikari igoro yeintaneti.,Security,
The Interior Minister restated the zero tolerance stance toward acts classified as terrorism and emphasized justice and public protection.,Omominisita bwoborendi bwa ime nairanetie richiko ritari gwanchereria amamocho a'Kenya igoro yobokebago bwokoruta chipomu ase engencho yokorenda ekeene noborendi bwa Kenya.,Security,
"World Health Organization approves rollout of Lenacapavir (LEN), an injectable HIV preventive medication; Kenya selected as one of the nine early adopter countries","Ekeombe kioborwaria bw'ense WHO giancheranire okoenana Lenacapavir (LEN), esindani yogotanga Enyamoreo. Kenya yachorirwe koba eyemo yechinse kianda chiogochakerwa.",Health,
"Expectant mothers are expected to seek for timely care whenever they feel some headache, swelling of the body, swelling eyes and also bleeding. These are indication of serious health issues that calls for urgent medical attention","Abakungu bebwateranetie mbagwenerete korigi oborendi bwa bwango ekero bagoatigu omotu, okobimba omobere, gokomontana amaiso naboigo okorwa amanyinga. Ebi nabo birabe ebimanyererio biobokongu obonene.",Health,
"Study about grants opportunities,subsidies or loans of low interest available to farmers groups on dairy farming registered by government.","Rigia komanya omoroberio oreo bwokoegwa chibesa, ogokonya gwechibesa, gose amakobeso yechibesa chia inse mono ichireo ase abaremi baria bebiombe bechiombe chia ammabere berigete neserikari.",Agriculture,
Counties are urged to integrate violent extremism prevention into development programs.,Chikaonti chiaboriigwe kobwatania amsomo yogotanga ogosarigwa obongo nebobago ime yemeroberio yabo yamagenderero.,Security,
Ministry of Education distributes science kits to primary schools to enhance practical learning.,Eminisitiri yechisemi nkorwa ere nakobaga ebinto biogosomera biegesayansi dgochia chisukuru chiboroso gokinia ogosoma ase ogokora.,Education,
"The Teachers Service Commission (TSC) will next week advertise a fresh round of recruitment of 20,000 teachers on contract for junior schools","Ekeombe keria ekenene kiabarimu (TSC) ewiki egocha ngetangase keboyia amabaga yokorika abarimu 20,000 bekonda ase chisukuru chiesekenderi ya inse.",Education,
New policy on standardized school infrastructure development to ensure quality learning environments.,Richiko riyia igoro yamaagacho esukuru abwekaine goikerania aase agigiya abana bagosomera.,Education,
"They have started working with farmers in groups of agribusiness at home and trade through government digital markets, where they input..","bachakire gokora emeromo na abaremi bebiombe biebisara bia anka na abaonhoreria goetera omoroberio bweserikari bwegedichitari ase echiro yoboremi , abwo ase bakobeka ...",Agriculture,
"[DigiSchool Project] Connected 21 schools to the Internet, including 6 schools for children with special educational needs through UNESCO/Huawei partnership","Omoroberio bweserikari korenta etekinorochia ase amasomo yechisukuru chioboroso chieserikari gosira amasomo abano okonyire chisukuru 21 goikera eintaneti, amo nechisukuru 6 chiria chiabana bare noboremaru ao ao ase ogosirwa na UNESCO/okobwatana na Huawei.",Education,
The Ministry of Education announced recruitment of 2000 TVET trainers to strengthen vocational training programs across Kenya.,Eminisitiri yechisemi yararirie okorikwa kwabarimu bechisukuru chiobobundi nochusi ao ao 2000 ba TVET gokoma amasomo ochusi ao ao Kenya engima.,Education,
Influencing vaccination to control foot and mouth diseases amongst pastoral farmers.,Esegeto igoro yokobeta etugo chisindani ase oborwaire bwa amagoro nomonwaase chingongo chiobotugi bwokong'anyang'anya.,Agriculture,
Ministry of Education partners with NGOs to provide digital learning devices and internet access for orphans and vulnerable children.,Eminisitiri yechisemi nkobwaterana ere amo NGOs korwa ebonto biegedichitri biogomera getera eintaneti iase abana chintakana na baria batari kwenyara.,Education,
Climate smart agriculture aims at resilient crops targets three areas: progressive agriculture with high yields and incomes to farmers..,Omoroberio bwoboremi borengete ebimeri biria bikoremereria ogoonchoka kwerire na egurargura nigo orengete ebirenga bitato : ioboremi bwokwegendereria nigo bokogesa rigesa na ebitoki as abaremi.,Agriculture,
Ministry of Education curates digital literature libraries available for all secondary school students.,"Eminisitiri yechisemi ngochora ere, koroberia, korenga nakorwa keboikeranu ayagomwa gedichitari na ase abana buna ebwenerete.",Education,
"Francis Awino of Bunge La Mwananchi urges EACC to take immediate action in investigating corruption claims within the Kenya National Police Sacco. The misuse of 10 billion shillings must not go unaddressed, for the sake of junior officers.",Francis Awino bwe'bunge yegenka oboririe EACC kobogoria egetambokero kiabwango ase ogotuka amang'ana yobokurumi abwateranetie ekeombe giokogacha nakorwa singo ase abanyanyimbo. amang'ana yogosira chibesa 10billion. Aya namang'ana amakong'u abwenerete kounenkiwa asengecho yabanyanyimbo baria banse.,Governance,
"Farming dynamics embracing climàte smart agriculture, indicates progressive agriculture and acceptance of climate change through mixed farming..",Oboremi boria bokoremereria ogosareka kwerire (CSA) ekerengererio ekio nigo gekworokereria ogokinia oboremi goetera okoburukania ebimeri mogondo ebio bikogenda nerire.,Agriculture,
Ministry of Education to equip more school laboratories to improve practical teaching and learning of sciences.,"Eminisitiri yechisemi tnebeke ebiganeirie ase chinyomba chiobosansi gokinia amasomo ase ogokora, nagosomia obosayansi.",Education,
Trump's restrictive laws on funding on health servicers to kenya. This directiv has stoped assistance on HIV AIDS and TB and also children vaccination. Baraza; we shall explore assistance from a different end if Trump makes good of his threats to stop asssistance to us.,"Richiko ria Trump, gosaria emeroberio ya oborwaria ya Kenya. Richiko erio nigo rigotenenia obokonyi bwokoenana amariogo ya esese amo na enyamoreo ,naboigo amariogo ya abana ebing'werere. Barasa: Ntorigie obokonyi ase ang'ao Amerika keratenenie obokonyi gocha ase tore.",Health,
"TB alone. Get tested early enough to get cured free in the nearest health facility, Working together, we can eliminate TB from Kenya",Afya yao ney'eng'encho ase tore. Onde taiyo oganeire korwani TB ere bweka. Rengwa mapema onyore okogwenigwa kwa bosa ase enyomba enyagitari ere ang'e naye. Ase obomo nabo tokonyara gokora TB ime ya Kenya.,Health,
Controlling diseases in your cattle is important. Learn how to prevent any disease occurrences in ypur farm and survive bad weather.,"Gotanga amarwaire ase etugo negento kiengencho. Soma buna oragarei oboremi, obokoreri, na buna orekongie ase eguragura.",Agriculture,
The effects of substance use on the mental health of women can be influenced by various biological factors,Obobe bw'ogotumeka amariogo y'ogotindi ase afya y'obongo bw'abakungu nabo bokoretwa na amang'ana ao ao y'ororeria.,Health,
This talk will explore the roles Governments and the private sector play in deploying DPI to advance agricultural practices.,Enkwana eye nerigie komanya eki eserikari egokora amo neki abanyabiasara ase okobeka DPI erio kogendereria chingencho chioboremi.,Agriculture,
Best farming practices aimed at reducing effects on climate change (CSL) and thereby increasing livestock yields and best environment use.,"Oboremi obuya borengete gokeania ogotasareka kwerire (CSL) nobwengencho gokonya gokeia embeo eria egosaria rire , naboigo gokinia pboremi bwetugo nebitoki, na enchera engiya yogotumia amasingira aito...",Agriculture,
Thousands attend blue caravan tours Nyanza region. Tour aims at educating Kenyans on good nutrition. Roadshow is partnership between RMS and Blue Band,Chirifu chia abanto gosanga ase omorobiri bw'orogendo erangi yerire oeogongo rwa Nyanza Orogendo oree ndorigetie gosemia abakenya igoro yokoragera okuya Amaorokererio apara nokobwaterana egati ya RMS amo na Blue Band,Health,
Mental health counselors deployed to 500 secondary schools.,barimu bebirengererio nokweiranana batomirwe ase chisukuru chiesekenderi 500.,Education,
Ministry of Health starts contact tracing to quarantine persons who interacted with the first case of Monkeypox in the country,"Ewizara yoborwaria yachakire korigia na korusanania abanto baikanete ang'e nomonto omotang'ani korwara oborwaire bwa Monkeypox, ime ase ense yaito",Health,
Differentiate your egg business by branding and packaging. Learn basic rules on patent and successful sales strategies.,Atanana amgena echingoko chiao ase echiro goetera okoyabeka ekamanyerrerio gete buna enchera eyemo yomonguso ase abagori. identity. Egera buna orabeke ekemanyererio ase amagena echingoko chiao na ayarengete oboonia oboikeranu.,Agriculture,
Breast feeding mothers should milk their milk and keep it safe to enable the child have milk to feed on while its mother is away.,Abàngina bakogonkia nabo bagokàma àmabere na koyagacha buya erio omwanà abe namabere yokogonkigwa ekero mama omwabo atari an'ge,Health,
Europe has continued vaccination on sheep herds to prevent them.,Ense ya UK negenderete kobeta chisindani etugo yechingondi buna enchera eyemo yokorenda chiombe.,Agriculture,
Mothers are advized to breast feed their infants for for the first three months without any food supliments. Breast feeding benefits the child with all the required minerals and safety than any other foods.,Abang'ina nigo bakoborigwa kogonkia abaana babo amabere oka ase emetienyi etano nomo batari kobaa amache gose endagera. Okogonkia nigo gokoa omwana amadini onsi amo na oborendi atakageire gotwara.,Health,
"Information on access to markets, factors of production including land and financing remain extremely limited hindering adequate engagement of the youth in ...","Amang'ana igoro yosoa echiro, ayarengete rigesa, a omogondo buna oraikere amakobeso yoboremi naremete mono kegima ayio agochire omorroberio bwogokwanera abasae ...",Agriculture,
"Managing risks in apiculture requires planning. Learn strategies for diversification, contracts, and coping with specific risks like livestock disease.","Erio gotanga obokongu bonde bwonsi buna ogochaka obotugi bwechinchoke. Egera igor yokagarei oboremi bwao, obokoreri, na ogwekomereria ase asara echinde chionsi buna amarwaire yetugo",Agriculture,
"Yields, involving trees to control pests and diseases, using push- pull technology, mulching and spraying insecticides. However, consensual steps are necessary ( inside CSPM, nevertheless..)","ebomeri, gotumia emete yarosana ende goseria ebichuni na amakonde mogondo korengana nogoonchoreria kwerire, gotuba omogond nonyansi gose eubi erio riroba ribe nobonyiu, na gosiartera erigo ase ogorema. Nonya nogo, omoroberio oyo nonya ore omuya nore nerigori goikaraniagwa (gati ya CSPM, korende...",Agriculture,
The Ministry of Education partnered with Huawei to launch digital skills training for 5000 TVET students across Kenya.,Eminisitiri yechisemi yabwatanire partnered with Huawei na goansa amasomo igoro ochusi yegedichitari ase abana 5000 ba TVET Kenya engima.,Education,
Kenyan Ambassador to Rwanda Philip Githiora urged Kenyan citizens registered as voters who live in Rwanda to use the opportunity to verify their details,omoambaseda okenya gochia ase ense ya Rwanda philip Githiora orure okoboria gochia ase baria berigetie buna abaaki chikura bamenyete ime ya Rwanda koenekia nga koira bare ribaga erio koenekia ayabarigete boyia.,Governance,
NGEC campaigns for womenâ€TMs representation in county assemblies.,Omoroberio omonene bwokobeka chinguru chierisase (NGEC) ngosira ere kobeka abang'ina chinguru korora ng'a enamba yabo ase obogambi bwechibunge chiekaonti yakinire.,Education,
"Drugs and substace abuse is a bad habit that can contribute to suicide, because drugs and substance abuse increase mental burdens in your health and in decision-making. The fight against drugs and substance abuse as thiose contributing to self suicide, and also reduce the immunity f the body including mental health","Ogotumeka okobe kwa amariogo y'ogotindi ne ringana ribe riranyare komenta obobe bw'ogweita, egekogera chingaki chinginge nigo akomenta obokong'u ase obongo na gosari obonachi. Ogokinana nobotumeki bobe amarua na amariogo nabio bigochangera ensemo enene yogweita naboigo gokeania obuya bw'eafya y'obongo.",Health,
The government has directed wearing of masks as a prevention measure in the fight against Covid 19,Eserekari yarure ogochika kobeka chimaski buna ense egendererete korwani omorindo o 6 o Covid-19,Health,
"Prolonged drugs and substance abuse interfers with your capcity to work and make you forgetful and to make decisions, and incapacitates your capacity to do your daily work",Ogotumeka kwa amariogo y'ogotindi ase chingaki chintambe nabo agosaria okomanya obokori egasi emeremo buna okoinyora na gokora okonacha koramente obokongu bwa afya yobongo na gosaria obokori bw'emeremo ya kira rituko.,Health,
"Climate-smart agriculture is an innovative approach to make agriculture more productive and sustainable, increasing efficiency and building resilience to ...","Omoroberio bwoboremi borengete ebimeri biria bikoremereria ogoonchoka kwerire na egurargura nomoroberio omoyia orengete gokinia rigesa nebitoki as enchera yokwegendereria, ierio kogesa oboikeranu na ogwetenera erio...",Agriculture,
"The big coordination committee, to strengthen Kenyas promises on food trade, food assistance and development pathways","Ekomiti enene yokobwaterani, gotingia chiira chia Kenya igoro ya oboonchereria ase chindagera, obokonyi bwe chindagera nechingecho chiokogenderera",Health,
Videos show how youth practice civic actions,chisinema echi nigo chikworokia buna abasae bakwegera gokora emeremo ase ebinyorobiabo.,Education,
Manyatta MP Mukunji urges transparent IEBC selection to safeguard election integrity,Omochumbe omanyatta Mukunji osabire obwasiore ase ogochorwa ase IEBC erio korenda amasikani yekeombe kiobochori nechimbebe ase obochori,Governance,
Gachagua Urges International Community to Pressure President Ruto Over IEBC Appointment,Gachagua orure okoboria gochia ase obomo bwechinse chia isiko komobetereria omonene bwense William Ruto igoro yogochorwa IEBC.,Governance,
"Hastenning market access and basic infrastructure : invest in basic infrastructure in villages, like access roads and cold storages and announce digital platforms..","Goikerania enchera yogosoa echiro amo nobogachi obuya bwerigesa: Ikerania chinyomba chiokogacha endagera amo nobobogoria korwa mogondo, chipara chingiya nechinyomba chiobokendu ase okogacha chindagera, na gokonyia omoroberio bwokoererania chisemi ase embeo...",Agriculture,
"Cerfical cancer is treatable once discovered one month early, lets unite to to amplify awareness, promote research and plans to prevent it","Kansa yenchera yoroiboro nensemo eyemo egotangeka kero yamanyiru kendabu Omotiènyi oyoiga, tobekane amo komenta obomanyi, gosegeta oboringoria nemeroberio yokobotanga na okomanya ritangani mbuya",Health,
KICD signs agreements with private ed-tech firms for co-development and distribution of digital learning content.,Ekeombe keria getenerete buna amasomo akorosigwa (KICD) baigwananire nabanyabiasara ase emeroberio isiko yeserikari okorokwa ed-tech firms korosia na kobaga ebinto biogosomera goetera ientaneti.,Education,
"Get practical tips for successfully selling your maize to processors, including preparation, presentation, and negotiation strategies.","Nyora okomanya kwabeene ase okoonia ebituma biao gochia ase baria bakobionchoreria chinchera aoa ao, na kobirosia, kobomanyekania, nenchera yokobiakera rigori.",Agriculture,
TSC emphasizes the importance of Information and Communication Technology (ICT) integration in teaching and learning processes,Ekeombe ekene kia abarimu (TSC) kiabekire oborito ase etekinorochia yamangana na koererania (ICT) ase emeroberio yamasomo nenchera yogosomia.,Education,
"If you are not feeling well, you have fever or coughing, please call a toll free line 719, or send a mweessage to *719#","Onye koigwete bobe omobere, obwate rikuba gose ogokorora, gaki aka esimi gochia 719 gose otome riuko gochia *719#",Health,
"Share: Access to Information: Application for Reflective Plates In implementation of the directive by the Chief of Staff and Head of The Public Service, all Ministries, Departments and Agencies are required to log in to their accounts through http://serviceportal.ntsa.go.ke to make the application for reflective plates.","Sanga: Nyora amang'ana: Ogasab chinamba chiria chikomesa ase ehesunte chiechirori ase ogoikerania ogochika kwa kwa chiwizara chionsi, nechinsemo chiabo chinke na chiria chikobwaterana nachio nchiganeirie gosoa ase chiakaonti chiabo chientaneti goetera http://serviceportal.ntsa.go.ke erio gotoma ogosaba kwabo konyora chinamba chiechirori chiabo chiria chikomesa ase egesunte.",Governance,
To attain good markets: strengthening farmer groups from digital trainings and sales and reach good agricultural markets..,"Goikera echiro engiya: Gokong'ia obomo bwebiiombe bioboremi, korwa amasomo egechidigitari na oboonia, na goikerania echiro engiya nogo egokinia echiro yoboremi ...",Agriculture,
Technical and Vocational Education and Training Authority (TVETA) emphasizes the importance of TVET for youth employment.,Abateneneri bechikorechi chiobobundi nochusi ao ao (TVETA) basegetire obuya bwamasomo ochusi ase abasae buna enchera eyemo yokwerika emeremo.,Education,
Speaker Wetang'ula Urges MPs to Uphold Integrity in IEBC Selection,omonogeri bwebunge enene Wetangula orure okoboria ase abachumbe koba namasikani amanene ase engaki barabe bagochora IEBC .,Governance,
Informing small scale farmers importance of incorporating technology can minimise diseases brought by ( spodoptera frugiperda) survey about..,Komanyia abaremi bemegondo emeke engencho yoboremi bwetekinorochia ngokeyia bore amarwaire akorete makonde (Spodoptera frugiperda) obotuki igo ya ...,Agriculture,
Physical contact of a child with her mother adds it warm to the body and bonds its relationahip with the mother.,"Ogokunana kwomwana nomobere ong'ina nigo gokomentera riberera ase omwana, okoeyana na okobwatana gose oboamate ase nomwana na ng'ina",Health,
Interior Ministry praises coordinated security actions.,Eminisitiri yoborendi bwa ime yatogiries emeroberio yokobwaterana ase oborendi.,Security,
Journal write up. UK-CGIAR News. How technology on vegetables integrated push push has changed cow peas farming in western Kenya. 16 July 2025.,Amangana arikire na. UK-CGIAR News. Buna okoburukania chingeni nebimeri bwabeire obwengencho gotera tekinorogia as oboremi bwe;chimbisi aria Mocha ya Kenya. 16 July 2025.,Agriculture,
"Criminals target livestock markets. Trade only in official markets, verify identities, and keep transaction records.","Ebibago nigo birengete echiro yetugo. Kora ebiasara nechichiro chiria chiancheire neserikari, rora nga etugo eyio nemanyekanete buya nomoneyene obo, na gacha amariko buna okogora etugona koyeonia.",Security,
Teachers Service Commission (TSC) announces new STEM teacher training programs to address skill gaps.,"Ekeombe keria ekenene kia abarimu (TSC) kiararirie omoroberio chokorechi chinyia chiamasomo egesayansi, etekinorogia, obobundi nachisabu (STEM) erio gotuba oboremu bwechisemi chiochusi.",Education,
Starting of distribution of exams and milk twice a week without payment for the Migori nd nakuru Counties prmary schools,"Ogochakigwa gwokorugwa amatemwa na amabere atari gwakanerewa, ara kabere ase omokubio ase abana bechisukuru chioboroso ime ya Migori na Nakuru",Health,
IEBC mass voter registration in ALL schools starts Nov 17 – bring ID or birth certificate NOW!,"Ekeombe keria ekenene getenererete chikura (IEBC) giansire omoroberio omonene korika abaaki chikura chisukuru chionsi gochakera citariki 17 chiomotienyi 11, bogori ekebande gose esatifiketi yokoiborwa BONO!",Education,
Use hot waters in preparing food for the child to prevent diarrhea,Botambe kanywe àmache amorero koroseria chindàgera chia omwana gotanga ogosaa,Health,
Council of Governors opens civic education hubs in rural areas.,Egeikaranso kiabagafana kiaigoire ase okonyorera chisemi chiobosegaku abwo chinka.,Education,
"Pursuant to the Commission's announcement of election timelines, a number of Students Teams listed hereunder expressed their democratic interest for consideration to participate in the Students' Council and Campus Association Elections, 2020.","Korengana nokoraria kwabateneneri bechikura igoro yechingaki chiobochori, abarai babana bechiyunifasiti barikire aiga aiga inse hmbarwete ebirengererio biabo biegedimokirasia korengererigwa ng'a ekeombe kiobochori giesoi ase obohori bwabarai babo bechiunifasiti omwaka, 2020.",Governance,
"Young parents are encouraged, talked to by health workers on family planning so as to enable the body to heal from the previous pregnance and birth.","Abaibori abake/bachakire koibora nigo bakoegwa omoyo, gokwanerwa nabanyagitari igoro yokobanga oroiboro rwabo erio koa omobere ribaga risaine kobwena korwa okoibora kwamagega.",Health,
"Beyond that, research firm together with Kenya Agricultural...good markets, market access: resilient groups, digital production..","Goetania ayio, ebiombe biobokongoria amo na keria gia Kenya Agricultural ... Chichiro chingiya, gosoa echiro: Gokong'ia ebiombe, gosegeta egechiditari...",Agriculture,
America continues influencing vaccination to control diseases like diarrhoea.,Amerika negenderete gosegeta okobeta chisindani gotanga endwari yogosaa,Agriculture,
Be prepared! Practice school lockdown drills for safety.,Eariganie! Kora obotati kera engaki na omeroberio yogotanga ogwateka kwomorero ase esukuru nenchire chiogotamera ekero omorero bwatekire,Education,
Kenya's KEVEVAPI launches a five year plan of making vaccines for livestock to gain in livestock production and improve food security.,"Kenya's KEVEVAPI lyachakire omoroberio bwemiaka atano gosegeta omoroberio bwokorosia amariogo yokobeta etugo chisindani erio kogesa omobiaro bwetugo, na gokinia omoigoto.",Agriculture,
Kenya continues in livestock vaccination and deworming as one way of controlling diseases viruses among goats and sheep.,Kenya negendererete gosegeta okobeta etugo chisindani na gocia eriogo riebianda erio buna enchera eyemo yogotanga amarwaire nebinyinyi ase chimbori nechong'ondi.,Agriculture,
Guided daily reflections on civic action,Omoroberio okera rituko okworokereria igoro yobegesaku neki obwenerete gokora.,Education,
"Announcement about the campaign by the media houses under the leadership of experts with the capacity on self care, and capaity measurement through mobili phones in the midist of a week targeting brain development.","Okoraria gwekampeini na eɓokoreri bwamangana ekorau nabanyene bare eriosa ase okwerenda abanyene, okorengwa na obomanyi goetera chisimi gati yomokubio bwogokinia obongo",Health,
Media Council trains teachers on accurate electoral reporting.,Ekeombe keria getenerete oboraria bwamang'an ngosomia kere boikeranu buna oranyare korwa amangana igoro yobochori.,Education,
"Characteristics of skizofrenia, which brings, symptoms, instruments for testing diseases","Eng'encho ya skizofrenia, egekorenta, ebimanyererio, ebifaa biokorenga amo na obobwenia.",Health,
Announcement on cooking competition on nutritious traditional foods and cleanliness,"Okorari amaamereranio ase oborugi ase abanto, ase chindagera chia egekoro gotumia ebinto bikomenta obotobu gose ebikoro",Health,
"We encourage people to go for medication to their nearest health facilities any time they feel unwell. When you seek for timely medical attension, you prevent yopurelf from serious infections.","Nigo tokobaa omoyo abanto bachi korigia oborwari ase chinyagitari ngaki chinde chionsi bagotwara ebimanyererio binde bionsi. Ekero okorigia obobwenia bwango kegima, nigo ogwetanga konyora esosera embe.",Health,
Ministry of Education and Ministry of Labour develop new career guidance tools for students.,Eminisitiri yechisemi na eminisitiri yobokoreri chiarosirie omoroberio bwokoraa eki abana babwenerete gochia gosomera.,Education,
"In a show of harvest and good returns of agriculture, through government extension services, technology services. 2. Boost market...","Kworokereria igoroyerigesa riagoro na okonyora okuya korwa oboremi goetera obotebereria korwa eserikari, Ookoreri bwobosemia na gotumia etekinorochi 2. echiro engiya na ...",Agriculture,
"Climate change already affects agriculture and food security, and if no urgent actions are taken, will put millions of people at risk of hunger and poverty.","Ogoonchoria kwerire kwaburukanirie omoroberion ase bwoboremi, gwakeirie rigesa riendagera, and kogesa enchara ng'a onye ebitambokero bia bwango tibiri kobogorigwa, chimirioni chai abanto abnge marigereretie koba nenchara amo nobotaka obonene.",Agriculture,
"Announcing about millet farming as climate tolerant food, ahead of other regions","Koraria oboremi bwamaemba komenta chindagera chikoigwana nerire, bosio bwe' chingongo chinde",Health,
A resident urges Taita Taveta County Government to impose high taxes on Muguka.,omomenyi oyomo korwa ase ekaunti ya Taveta orure okoboria gochia ase eserekari eyuo kobeka ebango enene ase emerongi gose mogoka.,Governance,
Making use of science in agriculture can bring changes: thre application of genetic modification technology can be used to develop..,"Ogotumia chisemi chiegesayansi se oboremi nabo, nonya nigo nechenchie buna erengereirie: the application of genetic modification technology can be used to develop.",Agriculture,
also show that credit access and market access are significant factors in honey ... the adoption of agricultural practices due to increased access to ...,Boigo yarorekanire ng'a ogoikera obokonyi bwechibesa amo na echiro yoboremi nenchera eyo as oboremi bwoboke... Na engencho yokwegera oboremi oboyia as engencho yobwororo bwogoikera...,Agriculture,
Public and private partnership opens new COP centre next to MKU campus to promote neighborhood policing engagement,Obomo bwekeombe gieserikari na ekiabanyene mbigorete chisenta chioborendi bwenynyoro (COP) ang'e neyunifasiti yegetunwa gia Kenya (MKU) gosegeta oborendi korwa abaamate babo.,Security,
Ministry of Education sponsors regional science innovation competitions to encourage student creativity and problem-solving.,Eminisitiri yechisemi nkorwere chibesa chigosindana kemasomo kebosayansi nasayansi yatokire enyia erio gosegeta abana koba nochusi buna bagokonya emchando.,Education,
Climate smart agriculture and crops resilience is aimed at assisting farmers and tree planters to build sustainability and fight climate change.,Omoroberio bwoboremi borengete ebimeri biria bikoremereria ogoonchoka kwerire na egurargura nomoroberio erengete gokonya abaremi na baria bagosimeka emete koagacha ogwetenenera na goonchoreri ase oboremi erio norwana nogoonchoka kwerire.,Agriculture,
Contact the national farmer helpline (0700-AGRICULTURE) for immediate assistance on agricultural issues and information.,Rigia obokonyi korwa abaremi ba igoro goetera enamba eye yobokonyi (0700-AGRICULTURE) as obokonyi bwa'bwango igoro yoboremi nobokonyi.,Agriculture,
"TSC has also agreed to convert all the 26,000 intern teachers recruited in 2023 to permanent and pensionable terms in January 2025","Ekeombe ekene kia abarimu (TSC) boigo giaitabire goonchoreria abarimu bonsi baria bakorire amasomo abo 26,000 nakorikwa omwaka 2023 tgosoa ase omoroberio opamanenti goansera omotienyi omotang'ani 2025.",Education,
"Maintain good livestock health is important. Learn on various diseases, vaccination periods and chicken rearing.","Ikerania afia engiya yetugo yao buna egento kiengencho. Soma komanya igor yamarwaire aoao, chingaki okobeta chisindani, na oborendi bwechingoko.",Agriculture,
Free Microsoft Office 365 for all Kenyan students – activate with school email.,"Amasomom abosa goetera omoroberio o'Microsoft Office 365 ase abana ba'Kenya bonsi, yonyore goetera eintaneti yesukuru.",Education,
"Changes in cattle rearing aimed at proper feeding ensures good yields, adding manure to the field and redusing soil erosion in livestock rearing..","Ogoonchoreria buna okorisia gose gotuga etugo yao erengete korageria etgo yao buna ebwenerete korwa aa gochia asande erio konyora rigesa riengencho, kogesa obotobu ase riroba, na gokeania omogoko bweriroba ase omoroberio bwetugo.",Agriculture,
Wetangula urges MPs to back IEBC budget,Wetangula orure okoboria ase abachumbe kobwatesia ebirengo biechibesa bia IEBC.,Governance,
Ministry of Education provides digital tools and training for PTAs to enhance communication and management.,Eminisitiri yechisemi nkogrwere ebonto bioegedichitari nokwegeria ase ebiombe bia'baibori na'barimu (PTAs) erio gokinia engencho yogokwanerana noborai.,Education,
All expectant mothers to sleep under treated nets and malaria medication to prevent both the mother and her unborn/child from malaria infections,"Abakungu bebwateraneti nigo bagosegetwa korara ime yechineti chirwariri goita chiumbu, na konyora amariogo yogotanga Esosera eyio ekobeka omwana na ng'ina ase abe.",Health,
Government partners with NGOs to provide internet access points and digital devices to marginalized children for e-learning.,Eserikari yabwatanire nebiombe bitari bieserekari (NGOs) korwa nagoikera emeroberio yeintaneti amo nebikoreri bwegedichitari ase abana bari batari goikera ayio ase obwororo gokinia amasomo eintaneti.,Education,
"PSC launches Disability Mainstreaming Committee - Public Service Commission News Updates PSC launches Disability Mainstreaming Committee By Badi Khamis September 29, 2025 No Comments The Public Service Commission (PSC) has inaugurated Disability Mainstreaming Committee, marking a significant milestone in advancing inclusive governance in Kenya.","Abatenereri bobokoreri bwabanto (PSC) mbarosetie ekomoti yobokoreri bwabanto abaremaru - Amangana amayia yobokoreri bwabanto (PSC) yaansetwe na Badi Khamis omotienyi 9 chitariki 29, omwaka 2025 Ibori Tiriyo. Ekomiti yobokoreri bwabanto (PSC) yayiancheire ekomomiti yabanto bare noborema, eyio ere egetambokero ekenene goikerania obogambi bwabanto bonsi aiga Kenya.",Governance,
"By employing these strategies, women can foster resilience and reduce the impact of stigma on their mental health journey.","Ase okobwatia amorokererio aya, abakungu mbanyare gokinia okoremereria na gokeania obokongu bw'esekererio ase orogendo rwabo rwa eafya y'obongo.",Health,
KUCCPS opened applications for artisan certificate courses for 2015 KCSE candidates with D- and below at TVET institutions closing May 31 2016.,Ekeombe keria ekenene getenerete korangeria abana gochia eyunifasiti KUCCPS kiaigoire ogotoma ogosaba gosoa chikosi chia artisan certificate omwaka 2015 ase abana baria bagochia gokora amatemwa esekenderi KCSE baria banyore ekerengo gia D- na inse gosoa TVET omoroberio gosieka chitariki 31 chiomotienti 5 omwaka1 2016.,Education,
"Smart agricultural practice (SFSA)is a group that offers consultancy, knowledge and aŵareness, working under agriculture sector in kenya and other part in Africa. We are present to oversee this perspective in agriculture, to ensure profits from farming and agribusiness, to facilitate production of resources for generations to come.","Enchera engiya yoboremi agia Africa (SFSA) nigo gekorwa obosemia, amo nechisemi buna baria bakorwa obotebereria na bagokora nabaremi aiga Kenya na ande onsi aiga Africa. nao tore erio tosegete engencho ya oboremi obuya erio korora ng'a abaremi nafaida korwa ebigeri biabo bioboremi arero nabo gosangereria rigesa tore narirorio ase ebigori biamotwe.",Agriculture,
"And technology, increase in public finance for the sake of agriculture is good pressure deserve preparation and market influence..financial institutions have a role in influencing agricultural inputs, all farmers to unite in supporting such initiatives.","na tekonorocia. Nechibesa chia ebiombe chigendererte koseka ase engencho yogokinia oboremi, nerengete ng's abaremi bonsi babeke amogoko amo erio gosira omoreberio oyo gokerana",Agriculture,
Kenya continues with a system of preventing livestock diseases.,Kenya negendererete gosegeta omoroberio bwogotanga amarwaire etugo.,Agriculture,
It is not good for infants to be exposed to sigarette smoke because it affects the lungs of the child and can lead to suddeb death of the child,Teri buya ase abana ebingwerere konyonka erioki riesigara egekogera erioki riesigara nigo rigosaria riyaa rimwana na ogokwa kwa mobasokanao ase abana abake,Health,
"IPOA announced a prosecution outcome in a Nyeri manslaughter case involving a police officer, underscoring accountability progress.",Ekoti ekanacha ekina ng'a ekeombe keria getenenerete korigereria buna abasikari bagokora emeremo (IPOA) nkere nokobua koringoria amamocho abasikari bakora igo ekanga ogosaba ng'a chinguru chiabo chikeanigwe.,Security,
"Kenya has received 10,700 Mpox injection dosses to prevent transmission. The Ministry of Health has said that since the month of July, 67 people have been infected","Kenya yanyorire chidosi 10,700 chiesindani ya ogotanga Mpox erinde gotanga okoambokeria. Ewizara yobobwenia nigo yateba koru omotienyi o gatano na kabere, abanto 67 banyorire oborwaire obo.",Health,
In Europe vaccination is on-going among sheep herds to improve on the herds and wool harvest.,Ense ya UK negenderete kobeta chisindani etugo yechingondi nomoroberio omogima bwobobwenia gokinia rigesa riamarionya korwa chingondi.,Agriculture,
Ensure good health and work safety in the farm and labour that market your produce. Know basic safety protocols.,Tema koba na afya engiya ase oboremi bwao amo nabakori emeremo bao buna bakomanyekania rigesa riao. Manya aya aganeiries as okwerenda as emeremo yao.,Agriculture,
"Make cold rooms to store perishable food stuff as you wait to reach markets like tomatoes, vegetables and milk, to sale later at opportunistic prices without losses.","Rosia chinyomba chiobokendu ase okogacha chindagera chiria chigosareka bwango buna enchera eyemo yogochigesa amatuko koganyete gochiira echiro buna chinyanya nechingeni na amabere, eye nigo ekogonya gochigaka erio gochionia chingaki chia motwe ase rigori rigiya na gotanga asara.",Agriculture,
Learn on field extension services in your area at County level on trainings and knowledge.,Egera komanya buna oranyare goikera obokonyi bwoboremi korwa abatebereria abwo nka yao ikorwa buna abaagirigacha beserikari ye kaonti Extension ogosemia amo nechisemi,Agriculture,
Part of civic education on fiscal responsibility,Ensemo yechisemi chiobogesaku buna engencho yoborigereria igoro yechibesa chieserikari ase obokoreri bwabanto.,Education,
Prudent agriculture avoiding climate damage as one way of addressing climate change. Grassland or nappier planted to feed livestock and large trucks of national parks have great imapct in harnessing climate change through compost manure and grass at a great deal..,"Oboremi obuya borengete gokeania ogotasareka kwerire buna enchera eyomo yogotanga ayio. A Ekerengo kiemegondo yobonyanzi bogosimekwa korisia etugo, nemegondo eria emenene yechingiti chiorosana nere nokobua gwokobwata embeo eria egosaria rire goetera riboba ritobu na obonyansi koyebwata as ekerengo kia igor mono korengana ...",Agriculture,
"Quick summary:Discover how climate-smart agriculture (CSA) is transforming Kenya's farming landscape. Learn about the strategies, benefits, and challenges of adopting CSA practices for sustainable and resilient agriculture in Kenya. Kenya is a country blessed with rich agricultural potential, where farming plays a pivotal role in the economy and the livelihoods of millions. However, the agricultural sector is under significant pressure due to the impacts of climate change, including unpredictable weather patterns, droughts, floods, and soil degradation. Climate smart agriculture in Kenya offers innovative solutions that not only help farmers adapt to changing climates but also ensure long-term sustainability.","Ase obweng'e: Rigia komanya buna oboremi obuya (CSA) buna bogendererte goonchoreria emegondo yoboremi Kenya 's. Egera igoro yechinchera, obuya, naboigo emechando erengete gochooreria gochia oboremi obuya CSA okwegera ugoro yoboremi bwekwegendereria sna obwegwokong'ereria aiga Kenya. Kenya nense esesenirie nobotenenku bowboremi, ase abaremi babogoretie ensemo enene yoboko bwense yaito na ebitoki ase chimirioni chinyinge. Nonya nigo, oboremi obo nigo bore nomochando omonene ase engencho yogoonchoreria kwerire, na ogocha kwomobaso gose etoigo etamanyekaneti, na ogsareka kweriroba. (Oboremi Kenya mbore namairanerio tari rioka ase ogokonya abaremi korende boigo gokonya aberemi goonchoreria gochia oboremi bokogenda nerire ase rigesa riabotambe.",Agriculture,
Social media artists released protest-themed music amplifying survivors' stories and urging public demand for police reform.,Ebiombo biokomanyia amang'ana goetera chingero mbasogetie chingero chikorwa omogano bwa baria barasetwe nabasikari gosegeta abanainchi gosaba oboonchoreria ase amachiko abasikari.,Security,
Fight environmental pollution through community action.,Tanga ogosarigwa kwamasingira goetera okobwaterana nebinyoro.,Security,
Manuals distributed in TSC workshops,Ebitabu bikworokia buna abrimu bagosomia biarurwe gochia abarimu ba TSC.,Education,
"Manage agricultural waste like food processing waste responsibly through composting, recycling, or safe disposal to minimize environmental impact.","Onchoreria ebogotigara korwa rigesa buna ebiemba gose amasaku koyaonchoreria boba obwoyo, ebinde kobionchoreria buna endagera yetugo ao ao na buna ogotuguta eubi korenda gose gokeania ogotiringa ebitoonchokanenete gose amasingira.",Agriculture,
"Climate-smart agriculture (CSA) as defined by FAO comprises of three main pillars: 1) sustainably increasing agricultural productivity and incomes, 2) adapting ...",Oboremi borengete ebimeri biria bikoremereria ogoonchoka kwerire na egurargura (CSA) buna ekeombe ekene kiendagera giense (FAO) nigo kerengete chisoro isato 1) oboremi bwokwegendereria obwo bokogesa rigesa na 2) ebitoki goetera goetera ogoonchoka gochia oboremi bwabono...,Agriculture,
"It's evident that farmers trained on digital information on quality standards, increase yields, income and sustainability.","yarorekanire ng'a abaremi baegeriigwe goetera obomanyi bwegechiditari bagesire rigesa riabo, ebitoki na na ogwetenenera.",Agriculture,
Register in the upcoming course on bee keeping to increase knowledge and experience on bee keeping.,Erikease ekosi egocha kwegera igoro buna okorenda emetana yechinchoke erio gokinia obomanyi bwao igoroyobotugi bwechinchoke.,Agriculture,
"Sore throat, formiting, coughing, body and weight reduction and for an expectant mother, seek for medical attention.","Ekeng'eregere na okoroka ekero omong'ina bwebwateraneti kokorora, omobere gokea nechikiro koirana inse, rigia obobweni",Health,
Training session on pest control and post-harvest management launched in Nakuru County.,Ogosoma buna oratange amakonde na korenada rigesa tirisareka ochakire aaria ekaonti ya Nakuru.,Agriculture,
"Severe headache, swelling of the body or bleeding during pregnancy requires urgent medical attention","Ogoatigwa omotwe bororo, okobimba gose amanyinga korwa chingaki chia oborito nkoganetie oborwari bwa bwango kegima.",Health,
Very effective vaccine for polio has been issued. Other women have complained for its bad effects. The Ministry of Health has said that all tjhose effects are normal,"Echancho ya polio engikeranu yarurwe. Abangina bande bemurunganirie ase ebimanyererio 'ebibe' Ewizara yatebire, ebimanyererio nebia botambe",Health,
Do niot delay to wash the child for 24 hours. This helps to prevents other daily infections,Totebana gosibià omwanà ase chinsa emerongo ebere na inye ngokonya ere risankwa gwetanga na marwaire ande a botambe,Health,
The Ministry provides education about crop resilience and proper use of water.,Eminisituri nigo ekorwaogosemia igoro yogwekomereria ekero kieguragura na yogotumia amache buya.,Agriculture,
"Announcement on health environment and and ballanced diet, good advice and services to reduce body congetion","Okorari gwechinsemo chiobuya nechindagera ching'ikeranu, obosemi oboikeranu na obokoreri bwogokeani ogoichorerana kw'obongo ase ebitaseni ebinene",Health,
Coruna contributed to mental distress in many people. Learn on the signs of distress that disturb your mental health and the pathways to help yourself. Remember that promoting your mental health first is of great importance as health for your body,Obokongu bwa korona mbwarenta ogoichorerana kwa obongo ase abànto abange. Egera ebimanyererio bikogosareria obochenu bwobongo nechinchera oranyare gwekonya. Inyora ng'a gosegeta obochenu bwobongo ritangani nkore nengencho enene buna obochenu bwomobere,Health,
"A policy on pesticides per crop(CSPM) is a leading pest control method which is cost effective and affordable on pest menace on crops new and current, thus reducing crop loss and increasing food security and farmers.","Omoroberio bwariofgo arenge oboremi bwa kera ekemeri (CSPM) nigo bore oboikeranu lna ase rigori ribwenerete igor yamariogo aria areo agotanga amarwaire, na uigo kogesa rogesa na goikerania omoigoto bwendagera na abaremi …",Agriculture,
NOTICE TO THE PUBLIC ON THE SUBMISSION OF PENDING BILLS OF MARSABIT COUNTY GOVERNMENT FROM 2013 TO JUNE 2023,OGOKURERWA GOCHIA ABANTO BONSI IGORO YOGOTOMA OGOSABA KWAO OAKANWE NESERIKARI YEKAONTI YA MARSABIT KORWA 2013 GOIKA OMOTIENYI 6 OMWAKA 2023,Governance,
"Panyako faults delayed by-elections, urges swift reconstitution of IEBC",Panyako omochirie okonyorwa kwobochori oboke ba korwa okoboria kwayererigwa okobekwa aroro gwa IEBC.,Governance,
To attain agricultural markets and to harvest profitable benefit. Increase harvest and market access in case of changes in products and exchange services. Those who collect revenue and search for markets and buyers are prepared.,Goikera echiro yoboremi na kogesa rigori rierigesa. Komenta rigesa rioboremi na goikerania echiro yobonchoreria bwerigesa riabaremi nomoroberio bwoboererania. Baria bagosangereria rigega na korigia echiro amo na bwa abaonia be'chirchio bworosiigwe ...,Agriculture,
Ministry of Education promotes inclusive sports programs encouraging participation of learners with disabilities.,Eminisitiri yechisemi nere nomoroberio bwogosegeta chigosori ase abana bonsi nonya nabaremaru aase okobaa emioyo.,Education,
"Flexible new announcement, sensitization on distress that requires good rest to allow good service delivery in public offices","Ogochika okwororo okoyia, amaegerio igoro ogoichorerana kwa obongo na omotimoko omuya ase chiafisi chia eserekari",Health,
"Not only does maje it difficult for women to access loans to start agribusiness and ecpand,but it hinders their hidden potential to reach out on other issues of agriculture and market access of different crops.","Tari rioka egekongia goikera amakobeso ase abaremi abangina gochaka oboremi bwabo na kobaogarei, korende boigo nigo egokeyia goikera ebirengerererio binde ase oboremi nechiro amo noboremi borengete abagori berigesa riao.",Agriculture,
"Substance abuse is a significant factor that can increase the risk of suicide,as it often exacerbates mental health issues and impairs judgment. Addressing substance abuse can significantly reduce the risk of suicide and improve overall mental health outcomes.","Ogotumeka okobe kwa amariogo y'ogotindi ne ringana riengencho riranyare komenta obobe bw'ogweita, egekogera chingaki chinginge nigo akomenta obokong'u ase obongo na gosari obonachi. Korwanerera ogotumeka okobe kwa amariogo y'ogotindi nabo kogokeani ansemo enene yo ogweita naboigo komenta obuya bw'eafya y'obongo.",Health,
Council of Governors tests local centers for devolution learning.,Egeikaranso kiabagafana ngotema kere abanto komanya buna bamanyete igoro yeserikari yabo yekaonti.,Education,
"Beyond that, we desire to discover digital resources in agriculture, hoping that a creative permanent solution shall be sought.","Mono nayio,we asoire to gokinia oboremi bwechinchera chinyia yoboremi goetera egedichitari as oboremi, goisanegete ng'a oboremi bwechinchera chinyia mbochake korwa.",Agriculture,
The Kenya Universities and Colleges Central Placement Service opened its portal on January 24 2025 for 2024 KCSE students to apply for KMTC and TVET courses with a deadline of February 14 2025.,Ekeombe keria gia Kenya ekenene getenenerete buna abana bagochorwa gosoa chiyunifasiti nechikorechi nkiaigorete omoroberio oye bweintaneti chitariki 24 omotienyi 1 omwaka 2025 for 2024 ase abana besekenderi KCSE gotoma ogsaba kwabo gosoa chikorechi ase chikosi chiobonyagitari KMTC na TVET nyuma yechitariki 14 chiomotienyi 1 omwaka 2025.,Education,
IEBC educates public on new reforms in electoral systems.,Ekeombe keria ekenene getenererete chikura (IEBC) ngosomia bare igoro yoboonchoreria igoro yomoroberio biogoaka chikura.,Education,
"Most viewed KRA invites Kenyans to submit comments on 2 new income tax regulations The Kenya Revenue Authority (KRA) has invited citizens to provide feedback on the Income Tax (Advance Pricing Agreement) Regulations, 2025 and another regulation.",Omoroberio oyomo okorigererigwa mono bwekeombe keria gekorusia ebango (KRA) nigo okoarigania aba'Kenya gotomoma amoni abo igoro yamachiko abere amayia abagetwe arengete obokoreri bwokorusia ebango. Ekeombe ekio giokorusia ebango (KRA)nkiariganetie abanainchi korwa ebirengererio biabo gose komanyia buna okonyora kwabo kore (Korenga'na namagori amotwe nokoigwanana) Richiko riobokoreri riomwaka 2025 na amachiko ande.,Governance,
"Kenya to sign assistance of Ksh 59.7 billion from the Global fund to support the fight against HIV AIDS, malaria and TB, payment will strengthen treatment, and also nets for the next 3 years","Kenya kobeka egechara obokonyi bwa chibilioni sh.59.7 korua ase ekegancha gi'ense'/Global Fund, echio chigokonya gosira emeroberio ya oborwaria Bwa Enyamoreo Esese na Esosera, ogoakana oko nigo kogokong'ia oborwaria naboigo chineti chiebisaku ase emiaka etato",Health,
Mental health helpline 0800721524 active 24/7 – call if you feel overwhelmed!,"Ogokonywa kebirengererio goetra enamba yogokonya ya bosa 0800721524 egokora emeremo rituko rigima mobaso na botuko, rangeria onye kwaengerwe nebirengererio!",Education,
"Learn from KALRO experts and how you can benefit, in terms of training and support..","Egera igoro yabasemia boboremi bare ange naye korwa KALRO. Manya buna oranyore ogosemia korwa ase bare, ogosomigwa, na gosirwa.",Agriculture,
Tiaty has been hardly hit by its 40% that have been infected. Tow people have lost their life through malaria. Thwe government is issuing treated mosquito nets,Tiaty yanyorire egesusuro ekenene ase 40% ya abamenyi baye koambokerigwa. Abanto 2 basiririe amagima abo goetera oborwaire bw'Esosera. Eserekali nkoenana ere chineti chirwariri.,Health,
Understanding fair trade principles is crucial for small-scale farmers. This PSA outlines practices that ensure you get a fair price for your meat.,Komanya amachiko amororo yogokora oboonchoreria negento kiengencho ase abaremi bemegondo emeke. Omoroberio oyo o'PSA nkorwa ore aya obwenerete gokora goikera amagori amaya yenyama.,Agriculture,
TVETA develops and distributes new e-learning content aligned to TVET training requirements.,Aborai bwekeombe keria ekenene getenerete chikorechi chiobobundi nechisemi chiokwegendereria TVETA nkorosia kere na kobaga ayaganeirie ase amasomo egedichitari gochia chikorechi chia TVET.,Education,
Government commits to a phased provision of modern science laboratory equipment to all public secondary schools.,Eserikari yarire eira koagacha chinyomba chiobosayansi chiabomo na gochibeka ebiganeirie ase chisukuru chiesekenderi chionsi chiserikari.,Education,
"Test your soil manure with KEPHIS to understand soil fertility, water content, available PH, to inform you on the type of fertiliser required on your banana farm.","Tema korenga obotobu bweriroba riao na KEPHIS erio komanya ebirengo bwobotobu bwaye na ebirengo bia biobotobu, amache na oboikeranu bwendagera pH, bikorae buna okobeka obwoyo ase amaotoke ao.",Agriculture,
"Kenya has made a step forward in improving livestock by identifying animal diseases, like foot and mouth, improving animal health for sale in foreign markets.","Kenya yachakire omoroberio omonene bwense ase okobeta etugo chisindani erio gotanga amarwaire yrtugo buna amarwaire yamagoro nomonwa, gokinia afia yetugo erio goikerania kooinia enyama gochi chinse chi-isiko.",Agriculture,
"TSC to deploy 5,000 teachers to TVET institutions.","Ekeombe ekene kia abarimu (TSC) gotoma abarimu 5,000 tgochia chikorechi chiobobundi nochusi TVET.",Education,
UK enhances bovine tuberculosis testing and vaccination to protect dairy herds.,Ense ya UK yaichoiri ebirengo biogopima endwari yekuba ekene ase etugo na okobeta chisindani .,Agriculture,
Climate-smart agriculture (CSA) is an approach to managing landscapes that addresses the interlinked challenges of food security and accelerating climate ...,Oboremi borengete ebimeri biria bikoremereria ogoonchoka kwerire na egurargura (CSA) nenchera erengete eyemo yokorenda oboamate bwemegondo obotobu bwemegondo yaito buna enchera eyemo yogoikerania omoigoto bwendagera naboigo gosegeta rire ...,Agriculture,
The county of Elgeyo marakwet has launched a special program with CNAP aimed at reduced the birth rate from 30% to 22%,Ekaunti ya Elgeyo Marakwet yachakirie omoroberio obeen na CNAP orengete gokeania okoiborwa kwa abana korwa 30% goika 22%,Health,
"National strategy document for ACSM (Advocacy, Communication & Social Mobilisation) launched.","Korosigwa kwa eripoti ase orogongo rwa Kenya ase ogokwanera, chinkwana na ogosegeta chinka",Health,
Government to lauch daily exercises in a bid sustain health environment in all counties,Eserekari gochakia chigosori chia kera rituko egosingerera obochenu ase chikaunti chionsi,Health,
This leadership in farming and elderly family can badly affect productive agriculture. This task force in agriculture...,Ogtigara oko kwoboremi as ekegori na ekenyoro kegendererete kogota nebaise kogocha oboremi bwokwegendereria. Eki oboremi bogogesa gochia chinguru chibokoreri ...,Agriculture,
Ministry of Education implements virtual mentorship platform connecting students with industry experts.,Eminisitiri yechisemi nkoikerania ere omoroberio bwogokong'ia abana koumerana nakemanyi bechifakitori.,Education,
Ministry of Education launches AI-powered chatbot to provide career advice and guidance to secondary school students.,Eminisitiri yechisemi yaansire omoroberio bwekombiuta ogotumia obangaini bwa pandia (AI) egosegeta okorengereria na gokwanerana na korwa oborai ase abana bechisekenderi .,Education,
"E-commerce, agri-digital financial services, climate-smart agriculture and other digital tools could make agricultural value chains more efficient and inclusive ...","Oboonia ase embeo, nenchera yegedichitari konyora chibersa chioboremi, oboremi oboikeranu nebigosira oboremi ase enchera yegedichitari mbinyare goikerani oboererania bwoboremi koba oboikeranu na korenta abanto bonsi amo ...",Agriculture,
"The project promotes climate smart agriculture (CSA) policies and practices at different levels in Myanmar. In the field, the project is active in five pilot ...","Emeremo eye nigo egosegeta oboremi bokogenda nerire (CSA) amachiko na okwegia ase ebitambokero ao ao paaria Myanmar. Aaria mogondo, ooroberio oyo nore nechinguru ase chinsemo isano chikwegia...",Agriculture,
It has proved that to attain financial support and markets accessibility is important in honey..legislation of farm policies in acquisition..,Boigo yarorekanire ng'a ogoikera obokonyi bwechibesa amo na echiro yoboremi nenchera eyo as oboremi bwoboke... Na engencho yokwegera oboremi oboyia as engencho yobwororo bwogoikera...,Agriculture,
Ministry of Education launches digital engagement program empowering parents to support childrenâ€TMs learning at home.,Eminisitiri yechisemi yaansire omoroberio bwegedichitari okomanyia abanto goetera eintaneti okonyire baibori gosira abana gosomera chinka.,Education,
Meeting with National Assembly Education Committee.,Koumerana Nekomiti Yechisemi ya Bunge.,Education,
"All magistrates at all courts during this Covid period, will only manage important cases in all prisons, and proving rehabilitative directives, in a bid to reduce prison congetion. Courts handling petty crimes will dissemionate on bonding of suspects in remands","Abanachi ebina ase ebitaseni bionsi, ase chingaki echio, nigo baraetere ebina biganeiri korigererigwa, biancheraneirwe nobogambi bwechichera, na korua amachiko agwenerete yoboonchoreria, erio gokeania ogoichorerana ime yechichera. Ebigambero bia abanachi ebina abake mbaetere amachiko yechibondi ase bari bare oromande",Health,
Animal vaccination has commenced in dry regions.,Ogosegeta kobeta etugo chisindani gwachakire chingongo chinyomo.,Agriculture,
Control weeds in a friendly manner by integrating pest management (IPM)technology ideal on onions.,Tanga orosa ase omogondo as enchera engiya etari gosaria amasingira ase ogotumia amariogo ao ao goseria ebichuni gose amakonde (IPM) tekinorochia ebwenerete oboremi bwebibitunguo,Agriculture,
"TSC hires 25,000 permanent teachers for TVET – apply before Dec 20!","Ekeombe ekene kia abarimu (TSC) nkorika kere abarimu 25,000 ba TVET bapamanenti, toma ogosaba kwao nyuma yechitriki 20 chiomotienyi 12!",Education,
Youth Agenda equips young leaders with civic education skills.,chenda yaasae egokinia ochusi ya abase gosomia igiro yobogesaku.,Education,
Kenya has witnessed more two people have infected with MPOX in Kericho and Taita Taveta counties totalling all patients to 33. The Minstry of Health has appealed to schools to strengthen preventive measures,Kenya yaenekirie abanto babere bande koambokerigwa Mpox ase chikaunti chia Kericho na Taita Taveta goikia enamba yonsi ase amo abarwaire 33. Ewizara yobobwenia yasabire chisukuru gokong'ia emeroberio y'ogotanga okoambokerigwa.,Health,
"Climate-smart push-pull: a conservation agriculture technology for food security and environmental sustainability in Africa. Authors: Z. R. Khan,; C. A. O. ...","Oboremi boria bokoremeria rire: oboremi boria borengete gosimeka engera otari kobeka obwoyo gose gosaria amasingira ase omoroberio bwomoigoti bwendagera bwokwegendereria na korenda amasingira aiga Afrika. Omosomi Z. R. Khan,; C. A. O. ...",Agriculture,
Announcement through daily editor to all employers to start mental health clinics and work safety in their places of work,Amarario goetera omoriki obotambe gochia ase abariki emeremo bachakia ekeriniki kiobongo na kobwatania emeroberio yemeremo yoborendi ase chigasi,Health,
Joint efforts between producers and distributors is a good initiative. Learn how you can work harmoniously even with meat distributors.,Okobwaterana na baria bakorosia rigesa koba chinagera ao ao nenchera engiya ase echiri yabotambe. Egera buna oranyare goikera abanto abwo na amachiko abo yenyama.,Agriculture,
The big fight to win maleria. The effective control measure of malaria is Argesun medicine which has been used in Nyanza. The medicine to help sick people in Intensive care Unit (ICU) and childern suffering from malaria,"Esegi yokobua esosera yamentekanire. Eriogo rigeni ria Argesun riatumekire Nyanza. Eriogo riogokonya abarwaire bare ICU, abana babwate Malaria.",Health,
Students engage civic mentors,Abana nkokwanerana bare nabasemia babio kobasemia buna babwenerete koba abanto bengencho ase ebinyoro biabo.,Education,
Non-compliant schools face closure after audit.,Chisukuru chitaikeranie ayio nabo chirasiekwe ekero eranyokane nga nabo chakorete.,Education,
News written about farming and proper feeding in Kenya: look for partnership between man and woman about proper eating at large. .,Amangana arikire igoro yechiro yoboremi na oborageria obuya ase oboagare aiga Kenya: Korigeria buna ogotarengana gati mokungu nomasacha igoro yoborageria buya ase oboagare na ayarorekanire...,Agriculture,
"Taxes and rules which suppress farming like this way: government marginalizing other regions together with biasness,",Ebango na amachiko akomiga abaremi naro buna aya: eserikari koengeria obokoreri bwaye gochia chingongo gete kobua echinde amo na omorobwerio bwoborendi...,Agriculture,
"Climate-Smart Agriculture for Resilient Livelihoods Empowering Farmers to Adapt, Thrive, and SustainAt Sustainable Solutions Kenya (SUSOK), we promote Climate-Smart Agriculture (CSA) to help smallholder farmers build resilience to climate change while increasing food security, protecting the environment, and improving livelihoods. Our approach emphasizes awareness creation, practical training, and ongoing farmer support to make sustainable farming accessible and effective.","Omoroberio bwoboremi borengete ebimeri biria bikoremereria ogoonchoka kwerire na egurargura nobwengencho as fokonyora ebitoki chingaki chiobokong'u, gokonya abaremi goonchoreria gochia gocia oboremi bwabono, barerete na gwetenenera as okogenderera. Ase ekeombe gia Sustainable Solutions Kenya (SUSOK), nigo togosegeta Omoroberio bwoboremi borengete ebimeri biria bokoremereria ogoonchoka kwerire na egurargura(CSA) erio gokonya abaremi bemegondo emeke gwekongia sase omochando bwoogoonchoka kwerire ase ogokinia omoigoto bwendagera, korenda amasingira aito, ana gokinia ebikobekwa monwa. Omoroberio oito nigo ogosegeta komanyia, okwegera kwa'beene, na omoroberio obootambe bwogosira abaremi ase ogoikera oboremi bwabo bwokwegendereria koba obwengencho.",Agriculture,
Learn how farmers can participate in carbon credit facilities by using approaches that set aside carbon in their dairy farms..,Egera komanya buna abaremi baranyare korwa ebirengererio biabo igoro yokonyora chibesa chiria chiogotanga embeo eria egosaria rire ase okwegera chingencho chiria chigokeania embeo eyio korwa obweri bwetugo.,Agriculture,
The Ministry has insrtructed its community wokers through SUNCSA to plan on feeding well among all residents and to observe cleanliness. Stay safe from,Ewizara yachikire abakoreri ase ebinyoro goetera SUNCSA koroberia amangana yokoragera buya ase bonsi na obochenu bwe'binto bibaetanaine. Eatanane korwa ase neubi,Health,
In the recent times there's notable progress in research and technology that can mitigate diverse challenges and farmers with large food factories.,Emiaka ya iga bwango yaorokirie okogenderera ase obotuki bwegetekinorochia obw boranyare gokonya emechando ao ao ase abaremi nechifakitori chiendagera.,Agriculture,
This book targets economy and best strategies to safeguard climate smart agriculture (CSA) is possible and challenges associated with it's...,"Egetabu eke nigo gekomoreka obogoko erio komanya enchera ebwenerete oboremi bokogenda nerire (CSA),nenyarekanete ng'a, and the challenges associated with its ...",Agriculture,
Food entry points have started negotiations as agreed in counties that they start reporting under CNAP,Egesieri giechindagera giachakire ogokwanerana gwaitabirwe ase chikaunti chiripoti inse ya CNAP,Health,
Innovativeness steers development. Discover new ways in agribusiness thatvcan help small holder farmers..,Obomanyi oboyia nabwo bokogendi amagenderero. Rigia komanya okogendera okoyia ase oboremi bwoboonchoreria obwo borakonye abaremi bemegondo emeke.,Agriculture,
University of Nairobi to make more course materials available as Open Educational Resources (OER).,Eyunifasiti ya Nairobi korosia amasomo yechikosi chinyinge na gochibeka eintaneti erio goikerwa nabana abange ase bosa (OER).,Education,
You are not alone. Reach your beloved and other advisers on mental health for help,Tori aye bweka. Ikera abanchwa bao na abasemi bàndè bobonchenu bwobongo ase obokonyi,Health,
The IMF highlights Kenya's new regulations on crypto assets to counter terrorism financing.,Ekeombe giense keria kerendete korora ng'a chibesa chia kera ense mbuya chire ase ogochikonya ekero chikogwa ebirengo gose ense ere namadeni (IMF) nkiaorogetie ng'a Kenya amachiko amayia a Kenya ase okoererania chinibo goetera eintaneti igo chitari goetera ebengi gose eserikari korwa oborai bonde erio gokinana nokoa ebibago chisebesa kogendereria nobokebago bwabo.,Security,
"Keep safe the birth certificate and the clinic card for your child safely, to help you when seeking for its medication and for school enrolment. This is the law","Gacha buya esatifiketi yokoiborwa kwomwana oo nekadi ya cliniki buya, egokonye koira omwana esukuru, nechingaki chiokorigwa obwenia ekero arwarire. Eri nerichiko riense.",Health,
KICD announces partnerships with publishers for the development and distribution of digital textbooks for CBC.,Ekeombe keria getenerete buna amasomo akorosigwa (KICD) kiararirie okobwaterana amo nabariki ebitabu korika nakobaga ebitabi biegedichitari biogosoma bia CBC.,Education,
"Try and utilise solar energy to light houses, pumping water to tanks to prevent fresh farm produce from perishing..","Tema gotumia chinguru chierisase buna solar koreta oborabu nyomba, goaka amache gochia etangi, gose korenda chindagera gotagunda bwango.",Agriculture,
To create awareness to farmers in agriculture and it can increase revenue streams from thrir produce in markets in Kenya.,Goikera obomanyi bwoboremi as abaremi bemenaboigo akworokia buna oboremi bogokinia ebitoki na buna echiro eng'ani aiga Kenya.,Agriculture,
"University of Nairobi research documents community policing implementation success and barriers in Kibera, Ruai and Ziwani areas","Amanga arikire yamasomo yokorigia chisemi chinyia neyunifasity ya Nairobi nkworokia are oboikeranu bwabeene ase emeremo yabarendi boborendi bwenyoro amo nechando ereo ase ebinyoro bia Kibera, Ruai na Ziwani.",Security,
"Introduces a real-time, non-intrusive AI system for ASL learning.",Korenta chisemi chiegepandia chinyia chiranyare gokonya amasomo aaria ase chingongo chinyomo.,Education,
Walk by to raise awareness on Cancer by Gertrudes: this walk will help in collecting funds in a bid to help children suffring fron cancer. Many of them have come out in support of this walk,Etaro ya yoborwaire bwa Kansa ase Gertrudes: etaro eyio nekonye ogosangereria chibesa ase engencho yabana babwate Kansa. Abange mbesogeti ase ogosira etaro eyio Nairobi,Health,
Climate-smart agriculture (CSA) is an approach for developing actions needed to transform and reorient agricultural systems to effectively support development.,Oboremi borengete ebimeri biria bikoremereria ogoonchoka kwerire na egurargura (CSA) nenchera egokonya kobeka omoroberio nebitambokero biganeirie goonchoreria chingencho oboremi bogokorwa bono erio bosire amagenderero.,Agriculture,
The Ministry of Education launched a project to equip 15 TVET institutions with modern labs under the AfDB TVET Phase II project.,Eminisitiri yechisemi yaansete epurochekiti kobesa chikorechi 15 chia TVETebinto biegesayansi biabono goetera AfDB ase omoroberio okabere o'TVET.,Education,
"Prevent fall army worms in an environmental friendly system (IPM) technology, ideal also for onions.",tanga amakonde ase enchera engiya na erendete amasingira buya as ogotumia amariogo ao ao (IPM) tekonorochia obwenerete oboremi bwebibitunguo.,Agriculture,
"Such activities can be included with the push-pull technology where antelopes are...Science and technology in animal feeds, 18","Ogokora oko nabo korabwatanigwe nomoroberio nogosegeta ase chingabi chire ... Obosayansi bwendagera yetugo na tekinorochia, 181, 15–25. https ...",Agriculture,
The Ministry of Education announces a new initiative to equip all public secondary schools with modern science laboratories.,Eminisitiri yechisemi yararirie omoroberio omoyia koagacha chinyomba chiobosansi chiabono ase chisekenderi chionsi.,Education,
"Proper post-harvest handling is crucial for maintaining quality of sweet potatoes. Learn best practices for sorting, grading, and initial storage.","Enchera engiya yokesa na kogach rigesa nobwenencho ase okorenda oboikeranu bwamarabwoni ao. Egera igoro yengencho engiya yogochora amarabwoni, koyabera ebirengo na buna okoyagacha.",Agriculture,
"You must register to be able to get Covid 19 injection in a nearer health facility, or through internet MOH_Kenya (https://health.go.ke). Al, you need to do that is national identification card. Assist the aged in registering","Goika bwerike erio konyora esindani ya Covid 19. Nabo okwerika ase enyagitari ere ang'e nasore, gose ase etuvuti ya MOH_Kenya (http://health.go.ke). Ekio oganetie nekebande kiao. Konya abakoro kwerika.",Health,
Learn progressive agriculture skills in guarding surroundings in attaining continuous harvest from our small scale farms.,Beegie chingencho chioboboremi bwokwegendereria as okorenda ebitoetanete eriogoikerania rigesa riabotambe ase oboremi bwabaremi bemondo emeke,Agriculture,
Free artisan courses in welding launched in 30 counties.,Ogosoma kwa bosa ase bari bagokora obosambereria ngwachagete ime yechikaonti 30.,Education,
Govt releases 2025 academic calendar.,Eserikari gosokia omoroberio bwamasomo omwaka 2025.,Education,
Ministry of ICT provides training for over 500 teachers on the use of Learning Management Systems (LMS) for blended learning.,"Eminisitiri Yamangan, Gokwanerana na Egetekinorochia (ICT nkobwterana ere nkorwa ere okwegeria abarimu 500 na goretania igoro yegekoreri gekorosia, kiaira, giatenenera na kobwatia buna agosoma goetera eintanet ase chisukuru nechiyunifasiti.",Education,
"Announcement focusing on Kenya toincrease milk production to 10 bilion litres, and food to support life","Okoraria kobeka ekerenga ase orogongo rwa Kenya komenta ebirengo bia amabere goika chirita chibirioni ikomi, amo nendagera gokonya obogima",Health,
"[CBC Implementation] Official implementation of Grades 4, 5, and 6 under Competency-Based Curriculum starting January 2020","Omoroberio bweserikari okebetererio abana basome koreng'ana nokwenyara kwabo CBC goetera goikerania okgania kwaye ase abana bekerasi gia 4, 5, na 6 gochakera omotienyi bweritangani 2020",Education,
"New TVET curriculum: 70% practical, 30% theory – starts January!","Omoroberio bwamasomo amayia bwechokorechi chiobobundi na tekinorochia (TVET) : Emerongo etanonebere (70% ) amasomo ogokora na, emerongo etato ase emia (30%) ogosomera, ngochaka ore omotienyi omotang'ani!",Education,
Mothers are requested to attend immunization campaign days to get their children vaccinated easily,Abang'ina baboriigwe goika ase chyisindani chiabana abake chikibeterwa amatuko yogosegeta koenekia konyora bwango chisindani chiabana,Health,
"Furthermore, digital technologies can be leveraged to enhance the attractiveness of agriculture and agribusiness activities to the young, reduce the barriers ...","Mono nayio, dichitari yegetekinorichi nabo erarenganigwe eriokwangoyia omonguso ase oboremi nerigesa nebiasara bioboremiase abasae, gokei ebigocha ...",Agriculture,
EACC highlighted media's role in exposing corruption.,Ekeombe keria ekenene gokorwania abokorekanu (EACC) kiaorokirie buna abariki na gotangasa amangana bare neribaga rigiya kooroki obokorekanu.,Security,
"How vegetables farming technology through integrated push pull digital. Thus technology has changed how cow peas farming is done in Western Kenya. iSPARK project, was introduced with European-CGIAR,","Buna oboremi bwechingeni bwasegetite oboochoreria as oboremi bwechimbisi aaria Mocha ya Kenya. Ekiorokererio korwa iSPARK, ochagetwe na UK-CGIAR Centre, nigo ...",Agriculture,
A senior police official stepped aside during a custody death probe to avoid conflicts in investigations handled by independent authorities.,Chingaki omosikari omonene atenete ensemo korwa ribaga riobotuki ekero omonto akwerete eseri ime erio gotasoananera obotuki buna bwaregokorwa nebiombe biogwetenerera.,Security,
NGEC supports women through mentorship in political processes.,Omoroberio omonene bwokobeka chinguru chierisase (NGEC) ngosira ere abang'ina goetra okobaegeria igoro yemeroberio yegesiasa.,Education,
It is good not to be good!,Mbuya gotaba buya!,Health,
"DP Gachagua urges EACC to hire professionals as investigators, instead of police",Rigathi gachagua oboririeekeombe giokorwania obokurumi EACC korika abatuki bene ase emeremo yabo korende tari abanyanyimbo.,Governance,
"The policy of Ware House Receipting Systems (WRS) helps in safeguarding crops harvested, using of that receipt as a guarantee for loans. Learn how WRS works.",Omororeberio bwamarisiti yenyomba yobogachi (WRS) nigo okogokonya kogacha rigesa nogo ogoyumia amarisiti buna egento kiogotenerera ase konyora chironi. Egera buna WRS egokora emeremo.,Agriculture,
Nakuru County announces review and expansion of its Nutrition Action Plan targeting 60% reduction in childhood malnutrition by 2027.,Ekaunti ya Nakuru yararirie okoiranera na koigora omoroberio bwe' chindagera chingiya Erengete gokeani okori bobe ase abana ange 60% goika omoerio bwa 2027,Health,
Daily activities plan for brain building,Omoroberio bw'emeremo ya kera rituko y'ogoonchoreria afya y'obongo.,Health,
Colombia is best livestock rearing techniques that reduces damage on climate.,Ense ya'Colombia yabogoirie omoroberio o'silvopastoral systems gokinia oboremi bwetugo lna igo kokeania embeo eria egosaria rire.,Agriculture,
Climate smart agriculture and climate change resistance crops should be incorporated into our farming plan upto consumers.,Omoroberio bwoboremi borengete ebimeri biria bikoremereria ogoonchoka kwerire na egurargura mboganeirie ase moroberio omogima bwokoererania andagera korwa mogondo goikera baria bakonyeria.,Agriculture,
"By minding all those near you, it will be easier to safe your life. It is good pratice to have this in mind for your mental health, your wok place and those working with you. Mental disease does not choose or discriminate who to ttack. Where you work, take care of your mental health to enable you be productive and your hapiness at large.","Ase okobarengereria baria bagoetanaine, nabo ogokonya obogima! Nengencho engiya kobeka amang'ana aya motwe arengete obochenu bwobongo, ensemo yemeremo na baria mookora emeremo nbarabwo amo. Obokongu bwoborwaire bwobongo nabo bokonyora onde bwensi; mbori gwanchereria. Ande onsi ogokora emeremo, korenda obochenu bwobongo bwao nonyare gosegeta obokereri obuya ase egasi yao na omogoko oo ase oboagare",Health,
"That variety of sweet potatoes embraced in Nakuru càn be planted across East Africa. A program to sustain the same in large and small scale farms aims at increasing yields and incomes, through fortified varieties that are high yielding.","Embusuro eng'ikeranu ya amarabwoni egosimekwa ari orogongo rwa Nakuru Kenya. Nigo egimekwa orongo rwa Afrika ya Mocha engima. Ase eri, omoroberio oito nori ng'a okogendereria oboremi obo bwamarabwoni as abaremi bemegondo emenen na emeke nigo orengete rigesa rinene nebitoki ebiyagoetera ogosimeka embusuro ekongoririe buya , na ebwate ebwate rigesa rinene goetera oboremi oboikaranu.",Agriculture,
Mosiria urges residents to boycott clubs defying noise rules.,Mosiria oboririe abamenyi gotagenda ase chinyomba chiokwegokia echio chitari kobwatia amachiko yamariogi.,Governance,
Flying Medical Doctors reach patients quickly to provide quick medical care to malaria patients in Busia county.,Abakoreri bobobwenia goetera obobogoria bwechindege goika bwango erio korwa obobobwenia as abarwaire besosera aaria ase ekaunti ya Busia,Health,
Ministry of Agriculture and Education promote school agricultural programs for food security and skills development.,Eminisitiri yoboremi na eyechisemi ngosegeta chire amasomo oboremi ase chisukuru igoro yomoigoto bwendagera na gokinia ochusi.,Education,
Ngimu Farm chairman urges preservation and upgrade of Kimorori Stadium for Kenol residents.,omonyakerogo bwo omogondo omonene Ongimu orure okoboria gwokorenda nagokinia egetii gia kimorori ase abamenyi ba kenol.,Governance,
"Fast breathing,and hard breatning for children it could be a sign of Pneumonia. Seek for urgent","Okoeyana bwango, na okong'usa egekuba gochia ime ase abana nabo korabe ekemanyererio gi'ekeuno/Pneumonia. Rigia okobwenigwa bwango.",Health,
"Steps to ensure crop resilience is done in particular areas, however, many parts are engaging to address that situation.","Ebitambokero na emeroberio yoboremi borengete ebimeri biria bikoremereria ogoonchoka kwerire na egurargura ebibwenerete chingongo gete, na ase ayio chinse chinyinge nchire nomoroberio bwa'achiko nengencho korwania omochando o.....",Agriculture,
"DP Kindiki engages Embu residents, urges participation in county development goals",omokonyi bwo'morai bwense Kindiki obabwateranirie abamenyi ba Embu na kobasaba kwebwaterania ase amagenderero amo nebirenga biekaonti.,Governance,
Teaching farmers on best fertiliser applications on farms thereby increasing yields.,Gosomia abaremi igoro buna obwoyo bokobekwa mogondo erio gokia rigesa riao.,Agriculture,
"Big meeting that took place to conceptualize the plan on MoreMilk2 program, aimed at good milk management in dirty milk market with a bad smell, more especially in counties with good milk harvest.","Okoumerana okonene kwabete erio komanyereria emeroberio ya MoreMilk2, orengete oborendu bwamabere na chichiro chichiro chigotioka, na mono ase chikaunti chikogesa amabere ase obonge",Health,
NCIC partners with religious groups to promote peace.,Ekepmbe giokoegerera abanto komenya amo buna abanto abamo (NCIC) nkobwatana bare nebiombe biobonyasae kobeka omorembe.,Education,
Teachers Service Commission organizes interactive digital literacy workshops for teachers in underserved areas.,Ekeombe keria ekenene kia abarimu nkoba kere ogocha amo goetera emesangerekano yechisemi chiegedichitari ase chingongo abarimi bare abake.,Education,
"Market accessibility, affected by basic infrastructure on transportation, there's great onus to ensure food satisfaction, bumper harvests, farm incomes, differences in revenues, and food prices.","Goikera echiro, kogosegetwa nobobogoria amo nechinyomba chikogacha rigesa, nigo bire ebiengenchoo ase okogendereria omoigoto bwendagera, rigesa rigiya, ogoonchoreria ase ebitoki, namagori endagera...",Agriculture,
Technical know how in building an enabling environment in farming technology. Aimed at improving seeds in many countries.,"Obokonyi bwomanyi bwobundi ase amaagacho nenchera eyemo egonya amasingira yoboremi bwegetekinorochia. Amo nebirengererion biogokong'ia omoroberio bwechintetere ase chinse, chinkwana chia ...",Agriculture,
Mining Department and NCTC jointly trained stakeholders on safe handling of commercial explosives to mitigate terror risks.,"Eminisiti yokorema amadini na keombe keria getenenerete gotanga na korwania obokebago bwokoruta chipomu (NCTC) ase oboama baegeirie abasangi buna babwenerete kogacha, kobirenda kobibogoria na kobitumia buna enchera eyemo yogotanga ogosaganwa korwa isiko.",Security,
"The KCSE Chemistry practical will be on November 7, 2025.","Amasomo yobosayansi yesekenderi KCSE nigo arabe chitariki 7 chiomotienyi 11, omwaka 2025.",Education,
National Research Fund unveils scholarship program for digital learning innovation projects by students and researchers.,Chibesa chiomoroberio omonene bwa'masomo okorigia obomnyi oboyia oansire omoroberio ase baria bagosomeraegedichitari nobamanyi oboyia ase abkongoria nabana bagosomera obokongoria bwamasomo.,Education,
"Important message to prevent Mpox. Keep distace from a person with symptoms of TB. Do not share personal items like towels, utensils neither cloths. Ensure washing your hands all the times.","Amang'ana yengencho yogotanga Mpox: Tiga goikana ang'e nabanto babwate ebimanyererio bioborwaire obo. Timosanga ebinto bia ime buna chitauro, ebinto biendagera, gose chianga. Kaba omochenu ase ogwesibi amaboko ao kera chingaki.",Health,
"Learn new skills of health in coexistence between human health, livetock and environmental health like one way of minimising diseases from livestock.","Beegie enchera eyemo yobochenu ase okomanya oboamate gati ya afia ya mwanyabanto, etugo na ebitoonchokananete buna enchera eyemo yogokei amarwaire akorwa ase chindagera.",Agriculture,
Ksh 430M allocated for primary literacy program (Grades 1-3).,Chisiringi chimirioni 430 gosira omoroberio bwamasomo ase chisukuru chioboroso chiarurwe ase abana bageredi (1-3).,Education,
"Up on that, a time of need in agriculture, to attain whats required, to hasten to reach markets..","Igoro yayio, ngokonya ere ase chingaki chiganeirie ase oboremi, goikerania aya aganeirwe ase oboikeranu, kwangoyia omoreberio bwogoikera echiro ase okwerenda ...",Agriculture,
Lessons about the best use of fertiliser and to enrich soil has been started in Machakos.,Okworokereria igoro yogotumia obwoyo buya erio gokora riroba riao koba na afia nochagetwe laaria Machakos.,Agriculture,
"Agriculture State Department outlining action pathways including dietary diversity, youth agri-entrepreneurship, and climate resilience.","Orosagia rwa oboremi koerera ebitambokero bwogoatanana chindagera ao ao, gotingia oboremi ase abasae na okoremereria kwa rire",Health,
"Ministry of ICT updates the national digital competency framework for learners, teachers, and administrators.","Eminisitiri Yamangan, Gokwanerana na Egetekinorochia (ICT) nkomanyia yoboikeranu bwechisemi, ochusi nokwenyara kwabana babwate ase emeremo bare gosomera, teachers, na abateneneri.",Education,
Raila urges Lake Region residents to endorse nuclear plant,Raila obaborirwe abamenyi ase ensemo ya nyancha kobwatesia okoagachwa gwe'kegwanda giechinguru chianyukiria.,Governance,
Launch of a program in Kenya labbling / trademarking various foodsto clearly showimg its ingredients therein,Ogochakigwa kwomoroberio ase orogongo rwa Kenya koraa ase chindagera chibekire echapa na koorokia teneni chindagera chitabwati obuya,Health,
Find out loaning facilities thatvcàn grow your business from Kenya Post Office Savings ɓank. Compare their interest rates and regulations.,Rigia komanya igoro yamakobeso ayio arakonye gokinia oboonchoreria bwao korwa ebengi ya Kenya Post Office Savings Bank. Renga komanya igoro yechibesa chiria ogakana as ogokobesa korwa asebare na amachiko abo.,Agriculture,
YOUTH IN CRISIS: WHY PREVENTION CAN NOT WAIT Our youth are under attack. Mental health struggles. Substance abuse. Silent battles raging behind screens and closed doors. But there's HOPE. Prevention isn't just an option—it's the ONLY way to break the cycle. Early action = stronger futures. 1. Educate. 2.Support.,"ABASAE ASE OBOKONG'U:ASEKI OGOTANGA GOTAGANYE. Abasae baito nigo bare ase esegi. Emechando y'oborwaria bw'ebirengererio. Koria na konyu ebinto biogotindia. Chisegi chia bonkunyunkunyu chigendererete echire chitarikororekana. Korende ogosemeria nkoreo. Gotanga tari ncera emo yabo, korende, nero enchera yoka y'okobuna ekorere eye. Ebitambokero bia mapema=Mambia ye chinguru. 1.Semia 2.Sira.",Health,
The plan to start announcements to strengthen food availability during drought and war,Omoroberio bwokoraria gochakigwa ase ekaunti erio gokongia ogotoka gwechindagera ekero kia eguraguru na chisegi,Health,
"Search for loaning facilities, monetary grants, or low interest loaning available targeting farmers groups duly registered by government.","Rigia komanya omoroberio oreo bwokoegwa chibesa, ogokonya gwechibesa, gose amakobeso yechibesa chia inse mono ichireo ase ebiombe biabaremi berigete neserikari.",Agriculture,
Government plans deployment of solar-powered computer labs to increase ICT access in remote rural schools.,Eserikari nere nomoroberio bwokorwa chikombiuta chiokoboka chigotumia chinguru chierisase (solar-powered) erio gokinia goikera amasom a (ICT) ase chisukuru chiechingongo chia ime yense.,Education,
"The price of reaching out to farmers on a digital platform is under advisory level, and there's maximum benefit as well, there's more..","Rigori riogogoikera abaremi bande abange amo na dichitari nigo ore inse na obokoreri bwogotebereria boigo, na obuya obonge mboreo boigo. Igoro yayio, nareo amange...",Agriculture,
There is no fear of cost for testing Covid 19 as the government has paid for it that you should go for testing,"Rigori riogopimwa naboigo ebitaseni bia COVID-19, mbiakanerwe na eserekari gochaka rero ase igo bakenya mbabwenereti gotwara bwoba gopimwa.",Health,
"Protect farm yards through testing, harvest compost manure and prevent from practices that spoil good sweet potatoes farming.","Renda korora nga riroba ndire nobotobu goetera okoripima, kogesa obwoyo bweubi, na gotanga chinchera chiria chogosaria riroba ase okwama okuya kwmarabwoni.",Agriculture,
"Announcement that the county of Mkueni has become famous for fulfilling food plans in line its estimates in its county, and to reduce body demaciation by 20%","Okoraria ng'a ekaonti ya Makueni yemanyekanirie ase ogoikerania emeroberio bwechindagera okogenda amo nebitambokero ebitang'ani ase orogongo, na gokeani ogotakina goika 20%",Health,
TVETA commences digitalization of TVET curricula to support e-learning modalities and wider access.,Aborai bwekeombe keria ekenene getenerete chikorechi chiobobundi nechisemi chiokwegendereria TVETA ngochaka kere omoroberio bwobokoreri goetera gedichitari ase amasomo yechikorechi chionsi chia TVET kogarei amasomo aye.,Education,
Free hairdressing & beauty therapy courses launched for youth in 20 counties.,Chikosi chiogosomera ogosuka chituki nobwetereri chiansire ase abasae ime yechikaonti 20.,Education,
"Chlorophyll Africa Sustainable farming has become an essential focus in modern agriculture, especially in regions like Kenya, where farming is not just a livelihood but a way of life. As global populations rise and environmental challenges intensify, the need for sustainable agricultural practices has never been more urgent. Chlorophyll Africa is at the forefront of this movement, implementing innovative and eco-friendly farming techniques that not only protect the environment but also empower local communities.","Okwegera kora ekeombe kia Chlorophyll Afrika kiobogima ase riroba, okorenda amokonde ayio are ase riroba akorenta obotubu as riroba goikernia oboremi bwokwegendereria bwamorekirwe kegima buna obweng'encho, mono kegima ase chingongo buna Kenya, abwo oboremi tari rioka ase okonyora ebitoki korende nenchera yobogima. Buna obonge bwa abanto bogendererte ense engima baganetie endagera, okogania okonene korengete kwegera oboremi bwokwegendereria bwasegetire okayerera goikerania omoroberio oyio. Ekeombe gia'Chlorophyll Afrika nkere motwe gosuguma goikaria aya, goetera goikerania oboremi botari gosaria ebitoonchokananete nabo igo gokinwa obogima bwekenyoro.",Agriculture,
"PSA urges on the best agriculture application by using home base manure, to maintain health soil.",PSA nogo egosegeta enchera yogotumia obwoyo bwekweroseria goera eubi ao ao erio kogesa afia engiya ase riroba riao,Agriculture,
NCTC and OAB (IOM-Japan) coordinated a community policing initiative in Lamu to strengthen early-warning and reporting systems.,Ekeombe keria ekenene gekorwania obokebago bwokoruta chipomu (NCTC) na ofisi yomonene bwamachiko (OAB) goetera (IOM-Japan) bakabwaterania ase omoroberio bwoborendi bwebinyoro aaria Lamu gokongia komanya bwango na korwa eripoti.,Security,
"The Ministry has started holding public meetings in collaboration with media houses, to make it easier in announcing the importance of breast feeding for women working","Ewizara yaansire gokora chibarasa ase kobwaterana na abariki bamangana, erio bararie obuya bwokogonkia ase abangina bare emeremo",Health,
"Apply tools of information to advertise your poultry eggs, in search of foods. The privacy of information and announcements of your produce and having an exchange with clients online.",Tumia ebikoreri biogoetwa gose korwa amang'anakomanyekania amagena echingoko chiao chiria chigora isko korigia endagera. Obobisi igoro yokomanyia na koresia buna ogotangasa oboremi bwao na buna oranyare gokore chinkwana nabagori goetera ombeo.,Agriculture,
"Ways to prevent yourself from Covid 19. 1. Drink much water every day 2. Eat horticultural foods like wavas, local vegetables, onions and enough sleep","Enchera yokomenta ogwetanga korwa Covid 19 1. Kanywe amache amange - chilita 3-4 kera rituko 2. Kari chindagera buna amapera, chinyeni chiekegusii, egetunguo saumu, n.k 3.Tarataria omobere 4. Okoiranerera 5. Chitoro chiisaine",Health,
Ministry of ICT launches digital skills training programs aimed at young entrepreneurs to foster innovation and startups.,"Eminisitiri Yamangan, Gokwanerana na Egetekinorochia (ICT) yaansire omoroberio bwogosomia ochusi yegedichitari orengete abase abake bare nebirengererio biogochaka ebiasara na babwate obmanyi bwokorora emechando na koyekora goetra ebinto bakorosia gose getekonorochi.",Education,
"The governor of Kisumu, Nyongo has issued a directive to close all eateries after failing to obey guidelines from the MoH in Covic control","Omogabana o Kisumu, Nyong'o, orure richiko riogosieka chinsemo chiokoragera magega yogotaigwera amachiko arure na MOH yokorwania COVID 19",Health,
"Internet has generated a new report on Grow Asia, being promoted by IFAD,which teaches how digital technology continously placing agriculture at it's best.","Ogosoma oko goetera embeo igoro nkoerete omoroberio omoyia o Grow Asia, oetwe okoboko na IFAD, oyio oraorokererie buna dichitari na tekinorochia bigenderere kobeka omoroberio omuya ase oboremi .",Agriculture,
Exchange farm waste like maize husks and stocks to be farm yard manure and left over animal feeds and manage disposable waste to avoid dirtifyng surroundings environmental to maintain it forthwith.,"Onchoreria ebogotigara korwa rigesa buna ebiemba gose amasaku koyaonchoreria boba obwoyo, ebinde kobionchoreria buna endagera yetugo ao ao na buna ogotuguta eubi korenda gose gokeania ogotiringa ebitoonchokanenete gose amasingira erio gokeania ogosareka kwebitoonchokanenete gose amasingira.",Agriculture,
"This analysis passes through present research effects and digital space among youths in the sector of education, agriculture, finance and employment. Research...","Okorenga oko kwobokongoria ase obokogoria bori boreo nigo gokworokereria buna etekinorochia ere eyengencho ase abasae ase omoroberio bwechisemi, oboremi, chibesa na ase ensemo yemeremo. Obokongoria ...",Agriculture,
Livestock production plan and padocking from one plot to another is important in improving organic manure on fields eventually increasing yields and sustainable harvests..,Okorosia etugo as omoroberio bwokonya korwa omogondo gochia oyonde nobwengencho as okomenta obotobu ase riroba na okonyora okuya gosira rigesa rigiya na ebitoki biabotambe,Agriculture,
Schools will remain open even if Covic 19 transmission remains high,Chisukuru nchigenderere koigorwa nonya ebiwango biokoambokerigwa gwa Covid-19 bigendererete gokiina,Health,
One Kenya among five have undergine mental distress. Try to learn its signs on you,Omokenya oyomo ase batato baeteire ogoichorerana kwa obongo. Tema komanya ebimanyererio biaye asore,Health,
Penetrating markets has been the undoing amongst farmers who rear cattle for beef...market availability as a challenge coupled with unpredictable weather. This challenge weakens..,"Obokong'u igoro yosoa echiro nibo botigarete bika ekogocha ase abaremi betugo yenyama, ... Gosoa echiro na -nebigocha biamaiso marore. Ogotaikeria aya nigo akong'enta …",Agriculture,
The government has provided treated nets in thefight for malaria. The county of Kilifi is one among the ones to receive. People were enlightened on how to get then after failing to buy them. The Ministry of Health will issue 15 million nets in 22 counties,Eserekali yaenanire chineti ase esegi ya Malaria. Ekaunti ya Kilifi neyemo yabo ase chiria chigochi konyora. Omoroberio bwe'chineti nigo oetwe oborabu igoro ya ogotabwati amachiko y'ogochigora. Ewizara ya Afya nigo etagete koenana chineti milioni 15 ase chikaunti 22,Health,
We request all medical workers to waer masks and all other safety protocols at all the time,Nigo tokobasemia abakori emeremo bonsi ba nyagitari kobeka ebikoneri/chimaski amo n'ebinto biogwetanga chingaki chionsi,Health,
Evaluate CBC implementation 2022.,Renga CBC buna egoikeranigwa 2022.,Education,
Acquire knowledge on mushroom farming by getting into workshops aimed at farmers and business farmers.,Nyora obomanyi bwaime ase oboremi bwamoba as ogosoa amasomo arengete abaremi na abaremi bebiasara.,Agriculture,
NCTC facilitated training in Kakamega to help security personnel counter youth radicalization and emerging extremist tactics.,NCTC facilitated training in Kakamega to help security personnel counter youth radicalization and emerging extremist tactics.,Security,
488 vacancies announced for teachers and interns in special needs institutions.,Amabaga 488 atangasirwe ase abarimu na abarimu baria bakwegera obwarimu boigo ase chisukuru chiria chia abana bare noboremaru ao ao interns in special needs institutions.,Education,
KNCHR starts clubs to teach students their constitutional rights.,Ekeombe keria ekenene kerendete oboronge bwakemwanyabanto KNCHR giachakire ebiombe goikera na gosomia abana igoro yoboronge bwabo bwa kemachiko.,Education,
Meastles vaccine: A vaccine targeting childreb between 9 to 13 months,Esindani ya misols: Echancho erengete abana egati yemetienyi kianda goika ikomi netano,Health,
Governor Joho has constructed mobile toilets for pedesterians in Mombasa,Omogabana Joho obekeire ebisa bi'obochenu ase abanto bagotara namagoro Mombasa,Health,
"Government to expand the Digital Literacy Programme (DLP) to all primary schools, providing tablets and content for learners","Eserikari negarei omoroberio bwechisemi chiegedichitari (DLP) ase chisukuru chioboroso chionsi, ase okorwa chikombiuta chiakoboko ase abana bonsi.",Education,
The thirst to promote local foods that were used in the past and pass the knowledge on,Erang'o yogosegeta chindagera chia abakoro mbuya na koererani egekoro,Health,
"Farming that incorporates climate smart changes aims at attaining food security and climate changes, in reducing gas emisions. FAO..","Oboremi boria bokoremereria ogosareka kwerire (CSA) engencho yeye nigo erengete omoigoto nogoonchoreria kwerire, naboigo gatnga embeo eria egosaria rire. FAO ...",Agriculture,
