English,Kiswahili,Domain,Ekegusii
"Health Chief Administrative Secretary, Dr. Rashid Aman, today flagged off vehicles procured through the support of @gavi to boost the national vaccine & immunization program activities in the Counties of Garissa, Lamu, Mandera, Wajir, West Pokot & Nandi. #KomeshaCorona update.","Katibu Mkuu wa Utawala wa Afya, Dkt. Rashid Aman, leo ameashiria magari yaliyonunuliwa kupitia usaidizi wa @gavi ili kuimarisha shughuli za mpango wa kitaifa wa chanjo na chanjo katika Kaunti za Garissa, Lamu, Mandera, Wajir, Pokot Magharibi na Nandi. #KomeshaCorona sasisho.",Public Health,
Wajir County: Drought Early Warning Bulletin for February 2023,Kaunti ya Wajir: Taarifa ya Onyo la Mapema kuhusu Ukame kwa Februari 2023,Disaster/Health,
"The Government of Kenya (GoK) with the support from the World Bank (WB) is implementing the 'Kenya Secondary Education Quality Improvement Project' (SEQIP).The Project is designed to complement other projects and activities financed by the Government under the National Education Strategic Plan (NESP), the Global Partnership for Education (GPE) grant, and other programs supported by various Development Partners (DPs) in the sector. The Constitution of Kenya (2010) has the Bill of Rights at its core, while the country's Vision 2030 acknowledges the need to reform the education and training system so that it aligns well with the aspirations of the youth, and those of the country on becoming an upper-middle income industrialized nation.","Serikali ya Kenya (GoK) kwa msaada kutoka Benki ya Dunia (WB) inatekeleza 'Mradi wa Kuboresha Ubora wa Elimu ya Sekondari ya Kenya' (SEQIP). Mradi huu umeundwa ili kukamilisha miradi na shughuli nyingine zinazofadhiliwa na Serikali chini ya Mpango wa Kitaifa wa Mkakati wa Elimu (NESP), ruzuku ya Global Partnership for Education (GPE), na programu nyingine zinazoungwa mkono na Washirika mbalimbali wa Maendeleo katika sekta ya Maendeleo (DPs). Katiba ya Kenya (2010) ina Mswada wa Haki katika msingi wake, wakati Dira ya 2030 ya nchi inakubali haja ya kurekebisha mfumo wa elimu na mafunzo ili uendane vyema na matarajio ya vijana, na yale ya nchi juu ya kuwa taifa la watu wenye kipato cha kati kilichoendelea kiviwanda.",General,
"Kenya Price Bulletin, January 2024","Taarifa ya Bei ya Kenya, Januari 2024",Disaster/Health,
"In settings where complications can go unrecognized and timely care is often out of reach, skilled support can mean the difference between life and death.","Katika mazingira ambapo matatizo yanaweza kwenda bila kutambuliwa na huduma ya wakati mara nyingi haipatikani, usaidizi wenye ujuzi unaweza kumaanisha tofauti kati ya maisha na kifo.",Disaster/Health,
"COVID-19 could deepen food insecurity, malnutrition in Africa14 May 2020","COVID-19 inaweza kuzidisha uhaba wa chakula, utapiamlo barani Afrika14 Mei 2020",General,
Kenya | DG ECHO response 2022 - DG ECHO Daily Map | 02/12/2022,Kenya | Jibu la DG ECHO 2022 - Ramani ya Kila Siku ya DG ECHO | 02/12/2022,Disaster/Health,
Mandera County: Drought Early Warning Bulletin for October 2023,Kaunti ya Mandera: Taarifa ya Onyo la Mapema kuhusu Ukame ya Oktoba 2023,Disaster/Health,
Transform your raw grains into a higher-value honey wine. Discover simple processing methods and potential markets.,Badilisha nafaka zako mbichi kuwa divai ya asali yenye thamani kubwa. Gundua mbinu rahisi za usindikaji na masoko yanayowezekana.,Agriculture,
"Kenya | Drought and Hunger Crisis - Operation Update (6 months), DREF Operation n° MDRKE049","Kenya | Mgogoro wa Ukame na Njaa - Sasisho la Operesheni (miezi 6), Operesheni ya DREF n° MDRKE049",Disaster/Health,
Kilifi County: Drought Early Warning Bulletin for April 2023,Kaunti ya Kilifi: Taarifa ya Onyo la Mapema kuhusu Ukame kwa Aprili 2023,Disaster/Health,
I took that step for my five children who depend on me.,Nilichukua hatua hiyo kwa watoto wangu watano wanaonitegemea.,Disaster/Health,
Samburu County: Drought Early Warning Bulletin for March 2022,Kaunti ya Samburu: Taarifa ya Onyo la Mapema kuhusu Ukame kwa Machi 2022,Disaster/Health,
Kenya: Drought - County Map Series (18 Apr 2023),Kenya: Ukame - Msururu wa Ramani za Kaunti (18 Apr 2023),Disaster/Health,
Marsabit County: Drought Early Warning Bulletin for January 2024,Kaunti ya Marsabit: Taarifa ya Onyo la Mapema kuhusu Ukame kwa Januari 2024,Disaster/Health,
Uganda safeguards essential health services during Ebola outbreak response,Uganda inalinda huduma muhimu za afya wakati wa kukabiliana na mlipuko wa Ebola,General,
"sustaining accidental needle stick injuries, including among health workers.","kupata majeraha ya ajali ya kijiti cha sindano, pamoja na wafanyikazi wa afya.",General,
"NATIONAL TREASURY INITIATES TRANSITION TO ACCRUAL BASIS ACCOUNTING The National Treasury is pleased to announce the commencement of the transition from cash -basis accounting to the International Public Sector Accounting Standards (IPSAS) accrual basis, marking an important step in public financial management reform.","HAZINA YA TAIFA YAANZISHA MAPITO YA UHASIBU WA MSINGI UTAYARISHAJI Hazina ya Kitaifa inafuraha kutangaza kuanza kwa mageuzi kutoka kwa uhasibu wa msingi wa fedha kwenda kwa viwango vya kimataifa vya uhasibu katika sekta ya umma (IPSAS), kuashiria hatua muhimu katika mageuzi ya usimamizi wa fedha za umma.",Governance,
Embu (Mbeere) County: Drought Early Warning Bulletin for August 2024,Kaunti ya Embu (Mbeere): Taarifa ya Onyo la Mapema kuhusu Ukame kwa Agosti 2024,Disaster/Health,
The Solutions and Mobility Index (SMI) for Tana River County aims to assess progress toward durable solutions for displaced populations (IDPs and IDP returnees).,"Uhamisho wa watu katika kaunti ni changamani, unachangiwa na hatari za asili kama vile ukame au mafuriko, ukosefu wa usalama na uhaba wa rasilimali.",Governance,
"The KCC's approach is guided by the understanding that how assistance is delivered, the scale of delivery, and what partners are engaged, account for the largest gains and losses in efficiency and effectiveness.","Mtazamo wa KCC unaongozwa na ufahamu kwamba jinsi usaidizi unavyotolewa, ukubwa wa utoaji, na washirika gani wanashirikishwa, huchangia faida na hasara kubwa zaidi katika ufanisi na ufanisi.",Disaster/Health,
"PAUSTI which is hosted at Jomo Kenyatta University of Agriculture and Technology in Nairobi, Kenya, opened its doors to the pioneer students in November 2012. The inaugural cohort graduated in record time in November 2014.","PAUSTI ambayo inaandaliwa katika Chuo Kikuu cha Kilimo na Teknolojia cha Jomo Kenyatta huko Nairobi, Kenya, ilifungua milango yake kwa wanafunzi waanzilishi mnamo Novemba 2012. Kundi la waanzilishi walihitimu katika muda wa rekodi mnamo Novemba 2014.",General,
Overcoming scarcity: how local innovations are transforming Western Kenya's agricultural landscapes (December 2025),Kushinda uhaba: jinsi ubunifu wa ndani unavyobadilisha mandhari ya kilimo ya Magharibi mwa Kenya (Desemba 2025),Disaster/Health,
"The Pan African University Institute for Basic Sciences, technology and Innovation (PAUSTI) prides itself as a postgraduate hub of research and innovation featuring a highly diverse faculty, and students drawn from whole of Africa.","Taasisi ya Chuo Kikuu cha Pan African cha Sayansi ya Msingi, teknolojia na Ubunifu (PAUSTI) inajivunia kama kitovu cha uzamili cha utafiti na uvumbuzi unaojumuisha kitivo cha anuwai, na wanafunzi wanaotolewa kutoka Afrika nzima.",General,
The H.E. will also engage on the importance of accelarating local manufacturing of vaccines & access to a future Covid-19 vaccine. #KomeshaCorona update.,H.E. pia itahusisha umuhimu wa kuongeza kasi ya utengenezaji wa chanjo nchini na upatikanaji wa chanjo ya baadaye ya Covid-19. #KomeshaCorona sasisho.,Public Health,
We call upon the County governments to make use of the guidelines on nutritional Management of COVID-19 to educate the communities on how they can boost their immunity. health.go.ke #KomeshaCorona update,Tunatoa wito kwa serikali za Kaunti kutumia miongozo kuhusu Usimamizi wa lishe wa COVID-19 ili kuelimisha jamii kuhusu jinsi wanavyoweza kuimarisha kinga yao. health.go.ke #KomeshaCorona sasisho,Public Health,
Kilifi County: Drought Early Warning Bulletin for June 2022,Kaunti ya Kilifi: Taarifa ya Onyo la Mapema kuhusu Ukame kwa Juni 2022,Disaster/Health,
"These areas, along with surrounding regions, have numerous informal and non-designated border crossing points that were not monitored by security or health officials.",Ukaribu wa kijiografia wa sehemu hizi za kuingilia ulisisitiza hatari kubwa ya maambukizi ya kuvuka mipaka inayoendeshwa na mwingiliano wa mara kwa mara wa kijamii na kiuchumi.,Health,
"Kenya - Floods, update (Kenya Met, media) (ECHO Daily Flash of 26 April 2024)","Kenya - Mafuriko, sasisho (Kenya Met, vyombo vya habari) (ECHO Daily Flash ya 26 Aprili 2024)",Disaster/Health,
"Let us continue to observe the containment measures of hand washing, maintaining social and physical distance and wearing of face masks among others. #KomeshaCorona update.","Wacha tuendelee kuzingatia hatua za kuzuia za kunawa mikono, kudumisha umbali wa kijamii na mwili na uvaaji wa barakoa kati ya zingine. #KomeshaCorona sasisho.",Public Health,
"Validation of elimination of mother-to -child transmission of HIV, syphilis and hepatitis B","Uthibitishaji wa kutokomeza maambukizi ya VVU kutoka kwa mama kwenda kwa mtoto, kaswende na hepatitis B",General,
"InMarsabit county(North Horr), KRCS reports reaching5,200+ householdsthrough such integrated packages, including targeted feed support alongside emergency water and food, an approach designed to stabilize incomes and prevent deeper asset loss while broader conditions remain crisis‑level.","Kaunti ya InMarsabit(North Horr), KRCS inaripoti kufikia kaya 5,200+ kupitia vifurushi hivyo vilivyounganishwa, ikiwa ni pamoja na usaidizi unaolengwa wa malisho pamoja na maji na chakula cha dharura, mbinu iliyobuniwa kuleta utulivu wa mapato na kuzuia upotevu mkubwa wa mali huku hali pana zikisalia kuwa kiwango cha mgogoro.",Disaster/Health,
"International experience confirms this reality. During the Ebola crisis in West Africa, outcomes began to improve when communities became actively involved in the response. Community leaders, local organizations, and traditional authorities helped rebuild trust and tailor solutions to the population's needs.","Uzoefu wa kimataifa unathibitisha ukweli huu. Wakati wa mzozo wa Ebola katika Afrika Magharibi, matokeo yalianza kuboreka wakati jamii ziliposhiriki kikamilifu katika kukabiliana na ugonjwa huo. Viongozi wa jumuiya, mashirika ya ndani, na mamlaka za kitamaduni zilisaidia kujenga upya uaminifu na kuleta masuluhisho ya mahitaji ya watu.",General,
"Severe droughts in Kenya drive child marriage, increasing the risk of modern slavery","Ukame mkali nchini Kenya unachochea ndoa za utotoni, na kuongeza hatari ya utumwa wa kisasa",Disaster/Health,
Kajiado County: Drought Early Warning Bulletin for May 2023,Kaunti ya Kajiado: Taarifa ya Onyo la Mapema kuhusu Ukame la Mei 2023,Disaster/Health,
"Provide adequate and appropriate skilled Artisans, Craftsmen, Technicians and Technologists at all levels of the economy through practical training and work experience;","Kutoa Mafundi, Mafundi, Mafundi na Wataalamu wa Teknolojia wa kutosha na wanaofaa katika ngazi zote za uchumi kupitia mafunzo ya vitendo na uzoefu wa kazi;",General,
Kwale County: Drought Early Warning Bulletin for October 2024,Kaunti ya Kwale: Taarifa ya Onyo la Mapema kuhusu Ukame kwa Oktoba 2024,Disaster/Health,
Laikipia County: Drought Early Warning Bulletin for August 2024,Kaunti ya Laikipia: Taarifa ya Onyo la Mapema kuhusu Ukame kwa Agosti 2024,Disaster/Health,
Garissa County: Drought Early Warning Bulletin for March 2022,Kaunti ya Garissa: Taarifa ya Onyo la Mapema kuhusu Ukame kwa Machi 2022,Disaster/Health,
Kenya | Humanitarian response 2024 - DG ECHO Daily Map | 06/12/2024,Kenya | Majibu ya kibinadamu 2024 - Ramani ya Kila Siku ya DG ECHO | 06/12/2024,Disaster/Health,
Technical and Vocational education Policy Development and Management,Elimu ya Ufundi na Ufundi Maendeleo na Usimamizi wa Sera,General,
"Our focus is to ensure that every Kenyan accesses high quality health services."" The new resources will strengthen emergency referral care, expand oxygen capacity, help reduce maternal and newborn deaths in high burden counties, and improve Kenya's readiness to respond to cholera, Mpox, and other public health threats.","Lengo letu ni kuhakikisha kwamba kila Mkenya anapata huduma za afya za hali ya juu."" Rasilimali hizo mpya zitaimarisha huduma ya rufaa ya dharura, kupanua uwezo wa oksijeni, kusaidia kupunguza vifo vya kina mama na watoto wachanga katika kaunti zenye mzigo mkubwa, na kuboresha utayari wa Kenya kukabiliana na kipindupindu, Mpox na vitisho vingine vya afya ya umma.",Health,
"As the infection progressively weakens the immune system, an individual can develop other signs and symptoms, such as swollen lymph nodes, weight loss, fever, diarrhoea and cough. Without treatment, they could also develop severe illnesses such as tuberculosis, cryptococcal meningitis, severe bacterial infections and cancers such as lymphomas and Kaposi's sarcoma, among others.","Maambukizi yanapozidi kudhoofisha mfumo wa kinga, mtu anaweza kupata dalili na dalili zingine, kama vile nodi za limfu zilizovimba, kupungua uzito, homa, kuhara na kikohozi. Bila matibabu, wanaweza pia kupata magonjwa makali kama vile kifua kikuu, uti wa mgongo wa cryptococcal, maambukizo makali ya bakteria na saratani kama vile lymphomas na sarcoma ya Kaposi, miongoni mwa mengine.",General,
Meru County: Drought Early Warning Bulletin for September 2024,Kaunti ya Meru: Taarifa ya Onyo la Mapema kuhusu Ukame kwa Septemba 2024,Disaster/Health,
Livestock for Health in Kenya: Resilience good practice - Nutrition and resilience,Mifugo kwa ajili ya Afya nchini Kenya: Kustahimili utendaji mzuri - Lishe na ustahimilivu,Disaster/Health,
Laikipia County: Drought Early Warning Bulletin for July 2022,Kaunti ya Laikipia: Taarifa ya Onyo la Mapema kuhusu Ukame Julai 2022,Disaster/Health,
Kenya Anticipatory Action Roadmap 2024 - 2029,Ramani ya Hatua ya Kutarajia ya Kenya 2024 - 2029,Disaster/Health,
"Kenya Price Bulletin, May 2023","Taarifa ya Bei ya Kenya, Mei 2023",Disaster/Health,
Kilifi County: Drought Early Warning Bulletin for July 2024,Kaunti ya Kilifi: Taarifa ya Onyo la Mapema kuhusu Ukame Julai 2024,Disaster/Health,
West Pokot: Drought Early Warning Bulletin for March 2024,Pokot Magharibi: Taarifa ya Onyo la Mapema kuhusu Ukame kwa Machi 2024,Disaster/Health,
Mandera County: Drought Early Warning Bulletin for January 2023,Kaunti ya Mandera: Taarifa ya Onyo la Mapema kuhusu Ukame la Januari 2023,Disaster/Health,
"Secretary-General deeply concerned over reported deadly violence related to protests, street demonstrations in Kenya","Katibu Mkuu amehuzunishwa sana na ghasia mbaya zilizoripotiwa kuhusiana na maandamano, maandamano ya mitaani nchini Kenya",Disaster/Health,
Kitui County: Drought Early Warning Bulletin for March 2023,Kaunti ya Kitui: Taarifa ya Onyo la Mapema kuhusu Ukame kwa Machi 2023,Disaster/Health,
"Abdullahi fled conflict in 1994 in rural Lower Juba region in southern Somalia, where his family had depended on livestock that they have lost.","Abdullahi alikimbia vita mwaka 1994 katika eneo la vijijini la Juba ya Chini kusini mwa Somalia, ambapo familia yake ilikuwa ikitegemea mifugo ambayo imepoteza.",Agriculture,
Kajiado County: Drought Early Warning Bulletin for October 2022,Kaunti ya Kajiado: Taarifa ya Onyo la Mapema kuhusu Ukame ya Oktoba 2022,Disaster/Health,
Garissa County: Drought Early Warning Bulletin for August 2023,Kaunti ya Garissa: Taarifa ya Onyo la Mapema kuhusu Ukame kwa Agosti 2023,Disaster/Health,
"Kenya - Floods (CatNat, media, NOAA-CPC) (ECHO Daily Flash of 26 March 2024)","Kenya - Mafuriko (CatNat, vyombo vya habari, NOAA-CPC) (ECHO Daily Flash ya 26 Machi 2024)",Disaster/Health,
Epidemiological impact and cost-effectiveness analysis of COVID-19 vaccination in Kenya,Athari za janga na uchanganuzi wa ufaafu wa gharama wa chanjo ya COVID-19 nchini Kenya,Disaster/Health,
Kenya: Registered refugees and asylum-seekers (as of 31 August 2024),Kenya: Wakimbizi waliosajiliwa na wanaotafuta hifadhi (kuanzia tarehe 31 Agosti 2024),Disaster/Health,
"Kenya: Research Terms of Reference - Joint Market Monitoring Initiative RCID KEN 2207 (June 2022, V1)","Kenya: Sheria na Masharti ya Utafiti - Mpango wa Pamoja wa Ufuatiliaji wa Soko RCID KEN 2207 (Juni 2022, V1)",Disaster/Health,
Baringo County: Drought Early Warning Bulletin for October 2023,Kaunti ya Baringo: Taarifa ya Onyo la Mapema kuhusu Ukame kwa Oktoba 2023,Disaster/Health,
State Department for Technical Vocational Education and Training,Idara ya Jimbo kwa Elimu na Mafunzo ya Ufundi Stadi,General,
"With no transport available and a six-hour journey on foot to reach care, she had no choice but to give birth at home, assisted only by a traditional birth attendant.","Kwa kuwa hakukuwa na usafiri na mwendo wa saa sita kwa miguu kufika kwenye huduma, hakuwa na budi ila kujifungulia nyumbani, akisaidiwa na mkunga wa jadi pekee.",Disaster/Health,
"CPA JOHN MBADI NG'ONGO, EGH CABINET SECRETARY PUBLIC NOTICE INVITATION TO SUBMIT COMMENTS, VIEWS AND MEMORANDA ON POSSIBLE AREAS FOR AMENDMENTS TO THE PUBLIC PROCURMENT AND ASSET DISPOSAL ACT 2015","CPA JOHN MBADI NG'ONGO, EGH KATIBU WA BARAZA LA MAWAZIRI TAARIFA KWA UMMA KUWASILISHA MAONI, MAONI NA KUMBUKUMBU JUU YA MAENEO YANAYOWEZEKANA KWA MABADILIKO YA SHERIA YA MANUNUZI NA UTUMAJI WA MALI YA UMMA 2015.",Governance,
"CLUSTER/ SECTOR MINISTRIES, DEPARTMENTS AND AGENCIES Date for Submission Time for submission VENUE FOR SUBMISSION Kenya Veterinary Vaccines Promotion Institute 19.08.2024 9:30 a.m. - 10:00 a.m.","WIZARA/ SEKTA WIZARA, IDARA NA MAWAKALA Tarehe ya Kuwasilisha Muda wa kuwasilisha ENEO LA KUWASILISHA Taasisi ya Kukuza Chanjo za Mifugo Kenya 19.08.2024 9:30 a.m. - 10:00 a.m.",Health,
Embu (Mbeere) County: Drought Early Warning Bulletin for May 2024,Kaunti ya Embu (Mbeere): Taarifa ya Onyo la Mapema kuhusu Ukame ya Mei 2024,Disaster/Health,
"16 million children protected in Kenya's measles, rubella and typhoid vaccination campaign","Watoto milioni 16 wanaolindwa katika kampeni ya chanjo ya surua, rubela na typhoid nchini Kenya",General,
Building resilience in Dadaab: workshop builds capacity of local leaders to tackle urban risks,Kujenga ustahimilivu katika Dadaab: warsha hujenga uwezo wa viongozi wa mitaa kukabiliana na hatari za mijini,Disaster/Health,
Garissa County: Drought Early Warning Bulletin for July 2023,Kaunti ya Garissa: Taarifa ya Onyo la Mapema kuhusu Ukame kwa Julai 2023,Disaster/Health,
Situation Update: Escalating Malnutrition and Acute Food Shortage in Kenya's ASAL Counties Amid Worsening Drought: Urgent Multisectoral Action Needed to Save Lives (18th February 2026),Sasisho la Hali: Kuongezeka kwa Utapiamlo na Uhaba Mkali wa Chakula katika Kaunti za ASAL nchini Kenya Huku Kukiwa na Ukame Unaozidi: Hatua za Haraka za Sekta Mbalimbali Zinahitajika ili Kuokoa Maisha (18 Februari 2026),Disaster/Health,
"The Ministry of Education, State Department for Higher Education and Research is in the process of recruitingchairpersons and members of councils of public universities and constituent colleges.","Wizara ya Elimu, Idara ya Jimbo la Elimu ya Juu na Utafiti inaendelea na mchakato wa kuajiri wenyeviti na wajumbe wa mabaraza ya vyuo vikuu vya umma na vyuo vikuu.",General,
Tana River County: Drought Early Warning Bulletin for February 2024,Kaunti ya Tana River: Taarifa ya Onyo la Mapema kuhusu Ukame kwa Februari 2024,Disaster/Health,
"Hand washing, sanitizing, where possible, maintaining social and physical distance, should become part of our daily lifestyles. #KomeshaCorona.","Kuosha mikono, kusafisha, inapowezekana, kudumisha umbali wa kijamii na kimwili, inapaswa kuwa sehemu ya maisha yetu ya kila siku. #KomeshaCorona.",Public Health,
"The Salvation Army response to unexpected flooding in Turkana, northern Kenya","Jeshi la Wokovu likikabiliana na mafuriko yasiyotarajiwa huko Turkana, kaskazini mwa Kenya",Disaster/Health,
Makueni County: Drought Early Warning Bulletin for August 2024,Kaunti ya Makueni: Taarifa ya Onyo la Mapema kuhusu Ukame kwa Agosti 2024,Disaster/Health,
"Kenya - Landslide (CatNat, media, KMD) (ECHO Daily Flash of 3 November 2025)","Kenya - Maporomoko ya ardhi (CatNat, media, KMD) (ECHO Daily Flash ya 3 Novemba 2025)",Disaster/Health,
Kenya: abductions of citizens suspected of involvement in protests violate human rights,Kenya: utekaji nyara wa raia wanaoshukiwa kuhusika na maandamano unakiuka haki za binadamu,Disaster/Health,
Call 719 for professional advice and information if you think you may have been exposed to COVID-19. #KomeshaCorona updates.,Piga 719 kwa ushauri na maelezo ya kitaalamu ikiwa unafikiri kuwa unaweza kuwa umeambukizwa COVID-19. #KomeshaCorona sasisho.,Public Health,
"Principal Secretary, State Department for Technical, Vocational Education and Training","Katibu Mkuu, Idara ya Jimbo la Ufundi, Elimu ya Ufundi na Mafunzo",General,
World Vision Kenya Annual Report 2021,Ripoti ya Mwaka ya World Vision Kenya 2021,Disaster/Health,
Kenya Tsetse and Trypanasomiasis Eradication Council 19.08.2024 10:00 a.m. - 10:30 a.m.,Kenya Tsetse na Baraza la Kutokomeza Trypanasomiasis 19.08.2024 10:00 a.m. - 10:30 a.m.,Disaster/Health,
"How should I put on and take off a face mask? Before putting on the mask, wash your hands with soap & water or an alcohol-based hand rub. Cover your mouth and nose with the mask ensuring that it is intact and it fits snugly to your face. #KomeshaCorona","Je, nivae na kuvua vipi barakoa ya uso? Kabla ya kuvaa barakoa, osha mikono yako kwa sabuni na maji au kusugua mikono iliyo na pombe. Funika mdomo na pua yako na barakoa ili kuhakikisha kwamba ni safi na inalingana vyema na uso wako. #KomeshaCorona",Public Health,
Voices from Mandera: Stories of hope and peace from the Mandera County in Kenya,Sauti kutoka Mandera: Hadithi za matumaini na amani kutoka Kaunti ya Mandera nchini Kenya,Disaster/Health,
Kenya Drought Response Dashboard (January to March 2023),Dashibodi ya Kukabiliana na Ukame Kenya (Januari hadi Machi 2023),Disaster/Health,
"The arid counties benefiting from the program are 10 namely , Baringo,Elgeyo Marakwet,Garissa,Isiolo,Mandera,Marsabit,Samburu,Turkana,TanaRiver,Wajir, Westpokot.","Kaunti kame zinazonufaika na mpango huu ni 10 ambazo ni , Baringo, Elgeyo Marakwet, Garissa, Isiolo, Mandera, Marsabit, Samburu, Turkana, TanaRiver, Wajir, Westpokot.",General,
Lamu County: Drought Early Warning Bulletin for September 2024,Kaunti ya Lamu: Taarifa ya Onyo la Mapema kuhusu Ukame kwa Septemba 2024,Disaster/Health,
Kajiado County: Drought Early Warning Bulletin for March 2023,Kaunti ya Kajiado: Taarifa ya Onyo la Mapema kuhusu Ukame kwa Machi 2023,Disaster/Health,
"Kenya Price Bulletin, March 2023","Taarifa ya Bei ya Kenya, Machi 2023",Disaster/Health,
"Nairobi—Kenya is addressing critical gaps in access to sexual and reproductive health and rights services in six priority counties, including those with health clients that are hard to reach.The Ministry of Health is imp…","Nairobi—Kenya inashughulikia mapengo makubwa katika upatikanaji wa huduma za afya ya ngono na uzazi na haki katika kaunti sita zilizopewa kipaumbele, zikiwemo zile zenye wateja wa afya ambao ni vigumu kufikiwa. Wizara ya Afya inasisitiza…",General,
Scalable and sustainable primary HIV prevention models for people from key populations,Mitindo ya kimsingi na endelevu ya kuzuia VVU kwa watu kutoka makundi muhimu,Disaster/Health,
Laikipia County: Drought Early Warning Bulletin for March 2023,Kaunti ya Laikipia: Taarifa ya Onyo la Mapema kuhusu Ukame kwa Machi 2023,Disaster/Health,
National Drought Early Warning Bulletin ( June 2022),Taarifa ya Tahadhari ya Mapema ya Kitaifa (Juni 2022),Disaster/Health,
FAO and Belgium assist communities in Kenya to avert a hunger crisis,FAO na Ubelgiji zinasaidia jamii nchini Kenya kuepusha janga la njaa,Disaster/Health,
"Households in drought‑affected Wajir, Mandera and Tana River counties are of particular concern.","Kaya katika kaunti zilizoathiriwa na ukame za Wajir, Mandera na Tana River zina wasiwasi mkubwa.",Disaster/Health,
Nyeri (Kieni) County: Drought Early Warning Bulletin for June 2023,Kaunti ya Nyeri (Kieni): Taarifa ya Onyo la Mapema kuhusu Ukame Juni 2023,Disaster/Health,
"The affected counties and regions are Tana River, Mombasa, Kwale, Tharaka Nithi, Elgeyo-Marakwet, Kiambu, Eastern, Central, Coast, Nairobi and Rift Valley.","Kaunti na maeneo yaliyoathiriwa ni Tana River, Mombasa, Kwale, Tharaka Nithi, Elgeyo-Marakwet, Kiambu, Mashariki, Kati, Pwani, Nairobi na Rift Valley.",Disaster/Health,
Kenya advances local manufacturing of health products and technologies,Kenya inakuza utengenezaji wa bidhaa na teknolojia za afya nchini,General,
Kenya 2024-2026 IFRC network country plan,Mpango wa nchi wa mtandao wa IFRC wa Kenya 2024-2026,Disaster/Health,
Kilifi County: Drought Early Warning Bulletin for December 2023,Kaunti ya Kilifi: Taarifa ya Onyo la Mapema kuhusu Ukame kwa Desemba 2023,Disaster/Health,
"Genome sequencing is central to combatting COVID-19, allowing governments and health authorities to take swift and informed public health decisions such as measures to bolster preparedness for potential surges owing to more infectious variants or stepping up vaccination, diagnostics and treatment.","Mfuatano wa jenomu ni muhimu katika kupambana na COVID-19, kuruhusu serikali na mamlaka za afya kuchukua maamuzi ya haraka na ya kuarifu ya afya ya umma kama vile hatua za kuimarisha utayari wa ongezeko linaloweza kutokea kutokana na lahaja zinazoambukiza zaidi au kuongeza chanjo, uchunguzi na matibabu.",Health,
Kenya: Flow Monitoring Dashboard Round 2 (Sep-Dec 24),Kenya: Dashibodi ya Ufuatiliaji wa Flow Raundi ya 2 (Sep-Des 24),Disaster/Health,
(e) improve governance and management of the institution and set up a role model for other higher education institutions; and,(e) kuboresha utawala na usimamizi wa taasisi na kuweka mfano wa kuigwa kwa vyuo vingine vya elimu ya juu; na,General,
"Kenya: Climatic shocks drive Extremely Critical acute malnutrition among children and increasing numbers of high acute food insecurity - IPC Acute Food Insecurity and Acute Malnutrition Analysis (January – December 2026), Published on 12 March 2026","Kenya: Misukosuko ya hali ya hewa yasababisha Utapiamlo Muhimu Sana miongoni mwa watoto na kuongezeka kwa idadi ya uhaba mkubwa wa chakula - IPC Ukosefu wa Chakula Mkali na Uchambuzi wa Utapiamlo Mkali (Januari - Desemba 2026), Iliyochapishwa tarehe 12 Machi 2026",Disaster/Health,
Embu (Mbeere) County: Drought Early Warning Bulletin for January 2023,Kaunti ya Embu (Mbeere): Taarifa ya Onyo la Mapema kuhusu Ukame la Januari 2023,Disaster/Health,
Kenya: Solutions & Mobility Index — Tana River County (June 2025),Kenya: Kielezo cha Suluhisho na Uhamaji - Kaunti ya Tana River (Juni 2025),Disaster/Health,
"For Makena, moments like this reflect the importance of reaching women wherever they are.","Kwa Makena, nyakati kama hizi zinaonyesha umuhimu wa kuwafikia wanawake popote walipo.",Disaster/Health,
"CONSULTANCY TO ASSESS THE CAPACITY OF JOMO KENYATTA FOUNDATION TO REGULATE, COORDINATE AND MANAGE ORGANISATIONS INVOLVED IN PROVISION OF SCHOLARSHIPS UNDER THE SECONDARY EDUCATION QUALITY IMPROVEMENT PROJECT","USHAURI WA KUTATHMINI UWEZO WA JOMO KENYATTA FOUNDATION KUDHIBITI, KURATIBU NA KUSIMAMIA MASHIRIKA YANAYOHUSIKA KATIKA UTOAJI WA WASOMI CHINI YA MRADI WA KUBORESHA UBORA WA ELIMU YA SEKONDARI.",General,
ALERT The #COVID19 signs and symptoms of Corona Virus disease are If you have fever Coughing Headache Body ache Difficulty in breathing Call - 719 Text *719# Follow #KomeshaCorona cc | @WHOKenya | @SpokespersonGoK | @KenyaGovernors |,TAHADHARI Dalili za #COVID19 na dalili za Ugonjwa wa Virusi vya Corona ni Kama una homa Kukohoa Maumivu ya Kichwa Mwili kuuma Ugumu wa kupumua Piga - 719 Tuma neno *719# Fuata #KomeshaCorona cc | @WHOKenya | @MsemajiGoK | @KenyaGavana |,Public Health,
"Intervention d'urgence face à la sécheresse à Mandera, dans le nord du Kenya – Kenya Cash Consortium","Uingiliaji kati wa d'urgence face à la sécheresse à Mandera, dans le nord du Kenya - Kenya Cash Consortium",Disaster/Health,
"Their group's progress is stirring interest from other community members, inspiring them to learn from the Kariamakeris Women's group.","Maendeleo ya kikundi chao yanachochea shauku kutoka kwa wanajamii wengine, na kuwatia moyo kujifunza kutoka kwa kikundi cha Wanawake cha Kariamakeris.",Disaster/Health,
Green Climate Fund greenlights two major FAO-led projects to strengthen climate resilience in Kenya and Serbia,Green Climate Fund inaangazia miradi miwili mikuu inayoongozwa na FAO ya kuimarisha ustahimilivu wa hali ya hewa nchini Kenya na Serbia,Disaster/Health,
GNDR members respond to Kenya floods,Wanachama wa GNDR wakabiliana na mafuriko nchini Kenya,Disaster/Health,
"Community health volunteers at Kangatotha CHU are sensitized on how to wash hands, in Turkana Central Sub-County, @TurkanaCountyKE . Regular handwashing with soap & running water is recommended by the @WHO as one of the best ways to prevent the spread of COVID-19. #KomeshaCorona","Wafanyakazi wa kujitolea wa afya katika Kangatotha CHU wamehamasishwa kuhusu jinsi ya kunawa mikono, katika Kaunti Ndogo ya Turkana ya Kati, @TurkanaCountyKE . Kunawa mikono mara kwa mara kwa sabuni na maji yanayotiririka kunapendekezwa na @WHO kama mojawapo ya njia bora za kuzuia kuenea kwa COVID-19. #KomeshaCorona",Public Health,
"Cabinet Secretary Julius Migos Ogamba commissions new classrooms at Uthiru Comprehensive School and RukubiComprehensive School in Kabete Sub-County, Kiambu County.","Katibu wa Baraza la Mawaziri Julius Migos Ogamba aagiza madarasa mapya katika Shule ya Uthiru Comprehensive na Shule ya RukubiComprehensive katika Kaunti Ndogo ya Kabete, Kaunti ya Kiambu.",General,
Kenya Drought Response Dashboard (November 2022),Dashibodi ya Kukabiliana na Ukame Kenya (Novemba 2022),Disaster/Health,
HBS & RELON: Policy Brief: Strengthening Gender-Sensitive Responsiveness among RLOs in Kenya and Uganda June 2024,HBS & RELON: Muhtasari wa Sera: Kuimarisha Mwitikio wa Kijinsia kati ya RLOs nchini Kenya na Uganda Juni 2024,Disaster/Health,
"Kenya: ""Justice like any other person"" - Hate crimes and discrimination against LGBTI refugees","Kenya: ""Haki kama mtu mwingine yeyote"" - Uhalifu wa chuki na ubaguzi dhidi ya wakimbizi wa LGBTI",Disaster/Health,
VULNERABLE AND MARGINALIZED GROUP PLAN FOR MALAKOTE IN GARISSA COUNTY,MPANGO WA KUNDI HALISI NA WALIO PEKEO KWA MALAKOTE KATIKA KAUNTI YA GARISSA.,General,
"Dadaab Future Vision: Enhancing Self-Reliance for Refugees and Hosting Communities in Garissa, Kenya (August 2022)","Maono ya Baadaye ya Dadaab: Kuimarisha Kujitegemea kwa Wakimbizi na Jamii zinazowahifadhi huko Garissa, Kenya (Agosti 2022)",Disaster/Health,
"Research Terms of Reference: Multi-Sectoral Needs Assessment KEN2206, Dadaab and Kakuma refugee camps, Kenya (October 2022, V1)","Masharti ya Utafiti: Tathmini ya Mahitaji ya Kisekta KEN2206, kambi za wakimbizi za Dadaab na Kakuma, Kenya (Oktoba 2022, V1)",Disaster/Health,
Kenya - Turkana County - Kakuma Refugee Camp Infrastructure Map (29/08/2024),Kenya - Kaunti ya Turkana - Ramani ya Miundombinu ya Kambi ya Wakimbizi ya Kakuma (29/08/2024),Disaster/Health,
Makueni County: Drought Early Warning Bulletin for January 2023,Kaunti ya Makueni: Taarifa ya Onyo la Mapema kuhusu Ukame la Januari 2023,Disaster/Health,
"Samburu and Baringo Rapid Needs Assessment, July 2023","Tathmini ya Mahitaji ya Haraka ya Samburu na Baringo, Julai 2023",Disaster/Health,
(a) build institutional capacity to provide quality post-graduate education with relevance to the labor market;,(a) kujenga uwezo wa kitaasisi ili kutoa elimu bora ya baada ya kuhitimu yenye umuhimu kwa soko la ajira;,General,
Narok County: Drought Early Warning Bulletin for July 2023,Kaunti ya Narok: Taarifa ya Onyo la Mapema kuhusu Ukame Julai 2023,Disaster/Health,
"Kenya - Floods, update (Kenya Met, media) (ECHO Daily Flash of 15 December 2023)","Kenya - Mafuriko, sasisho (Kenya Met, vyombo vya habari) (ECHO Daily Flash ya 15 Desemba 2023)",Disaster/Health,
"Hanaano which means 'to nurture' in Somali is a three-year cross-border nutritionsensitive initiative, supporting women in navigating these challenges, promoting breastfeeding as a culturally rooted and climate-resilient practice.","Hanaano ambayo ina maana ya 'kulea' katika Kisomali ni mpango wa miaka mitatu wa kuzingatia lishe kuvuka mipaka, kusaidia wanawake katika kukabiliana na changamoto hizi, kuhimiza unyonyeshaji kama desturi iliyokita mizizi na kustahimili hali ya hewa.",Health,
"Kenya - Cholera outbreak (DG ECHO, Ministry of Health of Kenya, WHO) (ECHO Daily Flash of 09 April 2025)","Kenya - Mlipuko wa Kipindupindu (DG ECHO, Wizara ya Afya ya Kenya, WHO) (ECHO Daily Flash ya 09 Aprili 2025)",Disaster/Health,
"WFP Kenya Country Brief, June 2026","Muhtasari wa Nchi wa WFP wa Kenya, Juni 2026",Disaster/Health,
Baringo County: Drought Early Warning Bulletin for February 2023,Kaunti ya Baringo: Taarifa ya Onyo la Mapema kuhusu Ukame kwa Februari 2023,Disaster/Health,
This advertisement is placed for general public information.,Tangazo hili limewekwa kwa habari ya jumla ya umma.,Disaster/Health,
Garissa County: Drought Early Warning Bulletin for January 2024,Kaunti ya Garissa: Taarifa ya Onyo la Mapema kuhusu Ukame kwa Januari 2024,Disaster/Health,
Kenya: Drought - ASAL Humanitarian Network Drought Response - Activity by Ward (as of 23 August 2023),Kenya: Ukame - Mtandao wa Kibinadamu wa ASAL Mwitikio wa Ukame - Shughuli ya Ward (kuanzia tarehe 23 Agosti 2023),Disaster/Health,
Makueni County: Drought Early Warning Bulletin for May 2023,Kaunti ya Makueni: Taarifa ya Onyo la Mapema kuhusu Ukame la Mei 2023,Disaster/Health,
MSF Responds to Surge in Kala-azar cases in Wajir and Marsabit Counties in Kenya,MSF Yajibu Ongezeko la visa vya Kala-azar katika Kaunti za Wajir na Marsabit nchini Kenya,Disaster/Health,
Turkana County: Drought Early Warning Bulletin for May 2022,Kaunti ya Turkana: Taarifa ya Onyo la Mapema kuhusu Ukame kwa Mei 2022,Disaster/Health,
Adult Education Management; Tertiary Institutions and State Corporations,Usimamizi wa Elimu ya Watu Wazima; Taasisi za Elimu ya Juu na Mashirika ya Serikali,General,
Kenya builds capacity to produce its own vaccines,Kenya inajenga uwezo wa kuzalisha chanjo zake,Disaster/Health,
Lamu County: Drought Early Warning Bulletin for June 2022,Kaunti ya Lamu: Taarifa ya Onyo la Mapema kuhusu Ukame Juni 2022,Disaster/Health,
GIEWS Country Brief: Kenya 18-June-2025,GIEWS Muhtasari wa Nchi: Kenya 18-Juni-2025,Disaster/Health,
Drought situation in the Kenya ASAL areas now at crisis level,Hali ya ukame katika maeneo ya Kenya ASAL sasa katika kiwango cha mgogoro,Disaster/Health,
Kenya: Registered refugees and asylum-seekers (as of 30 June 2025),Kenya: Wakimbizi waliosajiliwa na wanaotafuta hifadhi (tangu 30 Juni 2025),Disaster/Health,
"In Angola, several strategic priorities are required. The first is to listen more closely to communities and to incorporate their concerns, perceptions, and experiences into the development of health policies and programs. The second priority is to strengthen the role of community health workers, religious leaders, traditional authorities, and civil society organizations as permanent partners in health promotion and community mobilization. It is equally important to integrate communication into primary healthcare, bringing services closer to the people.","Nchini Angola, vipaumbele kadhaa vya kimkakati vinahitajika. Ya kwanza ni kusikiliza kwa karibu zaidi jamii na kujumuisha wasiwasi wao, mitazamo, na uzoefu katika uundaji wa sera na programu za afya. Kipaumbele cha pili ni kuimarisha nafasi ya wahudumu wa afya ya jamii, viongozi wa dini, mamlaka za kimila, na mashirika ya kiraia kama washirika wa kudumu katika kukuza afya na kuhamasisha jamii. Ni muhimu vile vile kuunganisha mawasiliano katika huduma ya afya ya msingi, kuleta huduma karibu na watu.",General,
"She is one of 4,250 community health promoters who worked to ensure up to 13 million children across Kenya received medicines to combat neglected tropical diseases.","Yeye ni mmoja wa waendelezaji wa afya ya jamii 4,250 ambao walifanya kazi ili kuhakikisha hadi watoto milioni 13 kote nchini Kenya wanapokea dawa za kukabiliana na magonjwa ya tropiki yaliyosahaulika.",Health,
Nyeri (Kieni) County: Drought Early Warning Bulletin for February 2023,Kaunti ya Nyeri (Kieni): Taarifa ya Onyo la Mapema kuhusu Ukame Februari 2023,Disaster/Health,
Kenya: Complex Emergency Appeal (MDRKE068),Kenya: Rufaa Changamano ya Dharura (MDRKE068),Disaster/Health,
Kwale County: Drought Early Warning Bulletin for March 2022,Kaunti ya Kwale: Taarifa ya Onyo la Mapema kuhusu Ukame kwa Machi 2022,Disaster/Health,
"Kenya - Floods, update (UN OCHA, Kenya Meteorological Department) (ECHO Daily Flash of 20 June 2024)","Kenya - Mafuriko, sasisho (UN OCHA, Idara ya Hali ya Hewa ya Kenya) (ECHO Daily Flash ya 20 Juni 2024)",Disaster/Health,
Meru (Meru-North) County: Drought Early Warning Bulletin for February 2024,Kaunti ya Meru (Meru-Kaskazini): Taarifa ya Onyo la Mapema kuhusu Ukame Februari 2024,Disaster/Health,
Kenya: Registered refugees and asylum-seekers (as of 31 May 2022),Kenya: Wakimbizi waliosajiliwa na wanaotafuta hifadhi (kuanzia tarehe 31 Mei 2022),Disaster/Health,
"Despite localized improvements following the March–May rains, drought remains acute in northern counties such as Mandera and Wajir.","Licha ya uboreshaji wa ndani kufuatia mvua ya Machi-Mei, ukame unaendelea kuwa mkali katika kaunti za kaskazini kama vile Mandera na Wajir.",Disaster/Health,
"Kenya | Joint Market Monitoring Initiative (JMMI) Market Overview, Q3 2025 (July - September 2025)","Kenya | Muhtasari wa Soko wa Mpango wa Pamoja wa Ufuatiliaji wa Soko (JMMI), Q3 2025 (Julai - Septemba 2025)",Disaster/Health,
Kenya: Drought - Arid and Semi-Arid Lands (ASALs) (3 Jul 2023),Kenya: Ukame - Ardhi Kame na Nusu Kame (ASALs) (3 Jul 2023),Disaster/Health,
A New Kind of Drought Insurance for Women in Kenya's Arid Rangelands,Aina Mpya ya Bima ya Ukame kwa Wanawake katika Nyanda Kame za Kenya,Disaster/Health,
Kajiado County: Drought Early Warning Bulletin for January 2023,Kaunti ya Kajiado: Taarifa ya Onyo la Mapema kuhusu Ukame la Januari 2023,Disaster/Health,
"UNICEF Zambia Representative Saja Farooq Abdullah emphasized that the campaign is not meant to be a stand-alone intervention. ""While these rounds are essential to stop poliovirus transmission, lasting protection depends on strong routine immunization systems that continue well beyond the campaign period. And here caregivers play a critical role, sustaining gains by keeping children up to date with all essential vaccinations provided by routine services,"" she said.","Mwakilishi wa UNICEF Zambia Saja Farooq Abdullah alisisitiza kuwa kampeni hiyo haikusudiwi kuwa uingiliaji wa kujitegemea. ""Ijapokuwa duru hizi ni muhimu kukomesha maambukizi ya virusi vya polio, ulinzi wa kudumu unategemea mifumo thabiti ya chanjo ya kawaida ambayo inaendelea vizuri zaidi ya kipindi cha kampeni. Na hapa walezi wana jukumu muhimu, kudumisha mafanikio kwa kuwaweka watoto hadi sasa na chanjo zote muhimu zinazotolewa na huduma za kawaida,"" alisema.",General,
Comment by UN Human Rights Office spokesperson Jeremy Laurence on Kenya protests,Maoni ya msemaji wa Ofisi ya Haki za Kibinadamu ya Umoja wa Mataifa Jeremy Laurence kuhusu maandamano ya Kenya,Disaster/Health,
Africa faces 470 million COVID-19 vaccine shortfall in 202117 September 2021,Afrika inakabiliwa na upungufu wa chanjo ya COVID-19 milioni 470 mnamo 202117 Septemba 2021,General,
"More than four out of five refugees in Kakuma, Kalobeyei, and Dadaab are multidimensionally poor, experiencing overlapping deprivations in education, employment, housing, water, and nutrition.","Zaidi ya wakimbizi wanne kati ya watano huko Kakuma, Kalobeyei, na Dadaab ni masikini wa pande nyingi, wanakabiliwa na kunyimwa kwa elimu, ajira, makazi, maji na lishe.",Health,
Southern Eastern Africa Higher Education Centers of Excellence (Ace II) projects.,Miradi ya Vituo Bora vya Elimu ya Juu Kusini mwa Afrika Mashariki (Ace II).,General,
"It is the first food system and a child's first vaccine, offering unparalleled nutrition and immune protection.Importantly, breastfeeding is also climate-smart — a renewable, zero-waste, low-carbon act that benefits both people and the planet.","Ni mfumo wa kwanza wa chakula na chanjo ya kwanza ya mtoto, inayotoa lishe isiyo na kifani na ulinzi wa kinga. Muhimu, kunyonyesha pia kunazingatia hali ya hewa - kitendo kinachoweza kurejeshwa, kisicho na sifuri, cha kaboni ya chini ambacho kinanufaisha watu na sayari.",Health,
"Kenya: Government Operation Against Pastoralist Militias in North Rift Region, 31 March 2023","Kenya: Operesheni ya Serikali Dhidi ya Wanamgambo wa Wafugaji katika Mkoa wa Kaskazini mwa Ufa, 31 Machi 2023",Disaster/Health,
PART II — DESIGNATION OF REGULATORY AUTHORITIES 6— Regulatory authorities. 7— Functions of the relevant regulatory authorities. 8— Guiding principles of the relevant regulatory authority.,SEHEMU YA II - UTEUZI WA MAMLAKA ZA USIMAMIZI 6- Mamlaka za udhibiti. 7- Kazi za mamlaka husika za udhibiti. 8- Kanuni elekezi za mamlaka husika ya udhibiti.,Disaster/Health,
"The project will operate under the overall guidance and oversight of the Regional Steering Committee. RSC comprises of members from participating countries, the private sector and academic experts of international stature.","Mradi utafanya kazi chini ya mwongozo na uangalizi wa jumla wa Kamati ya Uongozi ya Mkoa. RSC inajumuisha wanachama kutoka nchi zinazoshiriki, sekta binafsi na wataalam wa kitaaluma wa hadhi ya kimataifa.",General,
Kwale County: Drought Early Warning Bulletin for December 2022,Kaunti ya Kwale: Taarifa ya Onyo la Mapema kuhusu Ukame kwa Desemba 2022,Disaster/Health,
Kenya : IFRC lance un appel d'urgence de 15 millions de francs suisses alors que les extrêmes climatiques poussent des millions de personnes au bord du gouffre. | IFRC,Kenya : IFRC imepata ufadhili wa milioni 15 wa hali ya hewa na hali ya hewa ambayo ni ya mamilioni ya watu au bord du gouffre. | IFRC,Disaster/Health,
"#KomeshaCorona Campaign For accurate updates on #COVID-19 follow @MOH_Kenya , @SpokespersonGoK , @WHO . #COVID19 is preventable. Protect yourself, family and the community. CALL - 719 TEXT *719# | @SpokespersonGoK | @KenyaGovernors | @StateHouseKenya | @WHOKenya |","Kampeni ya #KomeshaCorona Kwa masasisho sahihi kuhusu #COVID-19 fuata @MOH_Kenya , @SpokespersonGoK , @WHO. #COVID19 inazuilika. Jilinde, familia na jamii. PIGA SIMU - 719 MAANDISHI *719# | @MsemajiGoK | @KenyaGavana | @StateHouseKenya | @WHOKenya |",Public Health,
Monitoring Impacts of Shocks on Households in Kenya,Kufuatilia Athari za Mishtuko kwa Kaya nchini Kenya,Disaster/Health,
"Nearly all households (99%) reported being affected by drought, with significant water and hygiene needs reported.","Mipangilio dhaifu na inayoathiriwa na uhamishaji inakabiliwa na shinikizo zilizounganishwa za uharibifu wa mazingira, majanga ya hali ya hewa, uhaba wa rasilimali na mivutano ya kijamii.",Health,
"ASAL Humanitarian Network MPCT Endline Assessment, Kenya, January 2022","Tathmini ya Mwisho ya Mtandao wa Kibinadamu wa ASAL MPCT, Kenya, Januari 2022",Disaster/Health,
Marsabit County: Drought Early Warning Bulletin for May 2022,Kaunti ya Marsabit: Taarifa ya Onyo la Mapema kuhusu Ukame kwa Mei 2022,Disaster/Health,
"Kenya - Floods, update (Ministry of Interior and National Administration, Kenya Met, media) (ECHO Daily Flash of 23 March 2026)","Kenya - Mafuriko, sasisho (Wizara ya Mambo ya Ndani na Utawala wa Kitaifa, Kenya Met, vyombo vya habari) (ECHO Daily Flash ya 23 Machi 2026)",Disaster/Health,
VULNERABLE AND MARGINALIZED GROUP PLAN FOR OGIEK IN BUNGOMA COUNTY,MPANGO WA KUNDI HALISI NA WALIO PEKEO KWA OGIEK KATIKA KAUNTI YA BUNGOMA.,General,
"WFP Kenya Country Brief, October 2023","Muhtasari wa Nchi wa WFP Kenya, Oktoba 2023",Disaster/Health,
Nyeri (Kieni) County: Drought Early Warning Bulletin for September 2024,Kaunti ya Nyeri (Kieni): Taarifa ya Onyo la Mapema kuhusu Ukame kwa Septemba 2024,Disaster/Health,
"Equal Partnerships: African Intermediary Cities as Actors and Partners in Urban Migration Governance - City Report: Garissa, Kenya","Ushirikiano Sawa: Miji ya Kati ya Afrika kama Watendaji na Washirika katika Utawala wa Uhamiaji Mijini - Ripoti ya Jiji: Garissa, Kenya",Disaster/Health,
"Comments are most helpful if they indicate the specific regulation or group of regulations to which they relate, contain a clear rationale , and where applicable provide a suggestion for alternative wording.","Maoni husaidia sana ikiwa yanaonyesha kanuni mahususi au kundi la kanuni ambalo yanahusiana nayo, yana mantiki iliyo wazi , na inapotumika kutoa pendekezo la maneno mbadala.",Disaster/Health,
Integrating livestock climate adaptation and peacebuilding: The Climate Security Sensitivity Tool for Livestock Systems (CSSTxLS),Kuunganisha makabiliano ya hali ya hewa ya mifugo na kujenga amani: Zana ya Unyeti wa Usalama wa Hali ya Hewa kwa Mifumo ya Mifugo (CSSTxLS),Disaster/Health,
"General advice! Wearing a medical mask is one of the preventive measures to limit spread of certain respiratory diseases, including COVID-19. The use of masks must be combined with hand hygiene, social distancing, stay home, clean surfaces & other measures. #KomeshaCorona","Ushauri wa jumla! Kuvaa barakoa ya matibabu ni moja wapo ya hatua za kuzuia kuzuia kuenea kwa magonjwa fulani ya kupumua, pamoja na COVID-19. Matumizi ya barakoa lazima yaunganishwe na usafi wa mikono, umbali wa kijamii, kukaa nyumbani, nyuso safi na hatua zingine. #KomeshaCorona",Public Health,
Meru (Meru-North) County: Drought Early Warning Bulletin for August 2024,Kaunti ya Meru (Meru-Kaskazini): Taarifa ya Onyo la Mapema kuhusu Ukame kwa Agosti 2024,Disaster/Health,
"WFP Kenya Country Brief, January 2024","Muhtasari wa Nchi wa WFP Kenya, Januari 2024",Disaster/Health,
"Kenya - Garissa County - Dadaab - Hagadera Refugee Camp - Administration offices, Financial Institutions, Markets and Community Facilities Infrastructure - as of May 2022","Kenya - Kaunti ya Garissa - Dadaab - Kambi ya Wakimbizi ya Hagadera - Ofisi za Utawala, Taasisi za Kifedha, Miundombinu ya Masoko na Vifaa vya Jamii - kufikia Mei 2022",Disaster/Health,
"Kenya Price Bulletin, May 2022","Taarifa ya Bei ya Kenya, Mei 2022",Disaster/Health,
Wajir County: Drought Early Warning Bulletin for May 2023,Kaunti ya Wajir: Taarifa ya Onyo la Mapema kuhusu Ukame kwa Mei 2023,Disaster/Health,
Project Brief: Enhancing Soil Health and Agroecology in Kenya - May 2025,Muhtasari wa Mradi: Kuimarisha Afya ya Udongo na Agroecology nchini Kenya - Mei 2025,Disaster/Health,
Are you worried or stressed about the ongoing #COVID-19 Pandemic? @KenyaRedCross telecounselors are on hand to offer you support anytime. FREE counseling Call 1199 More on #Coronavirus 719 - Toll FREE Text - 719 health.go.ke/covid-19/ #KomeshaCorona,"Je, una wasiwasi au kufadhaika kuhusu Janga la #COVID-19 linaloendelea? @KenyaRedCross telecounselor wako tayari kukupa usaidizi wakati wowote. Ushauri BURE Piga 1199 Zaidi kuhusu #Coronavirus 719 - Tuma SMS MALIPO - 719 health.go.ke/covid-19/ #KomeshaCorona",Public Health,
Creating epicentres for peace in the North Rift Region in Kenya,Kuunda vitovu vya amani katika Mkoa wa Kaskazini mwa Ufa nchini Kenya,Disaster/Health,
"Dadaab and Kakuma Refugee Camp in Kenya | Joint Market Monitoring Initiative (JMMI) Q1 (January - March, 2024)","Kambi ya Wakimbizi ya Dadaab na Kakuma nchini Kenya | Mpango wa Pamoja wa Ufuatiliaji wa Soko (JMMI) Q1 (Januari - Machi, 2024)",Disaster/Health,
"IGAD Climate Prediction and Applications Centre (ICPAC) Technical Report on the Ongoing Flood Impact in the IGAD Region (As of April 26th, 2024)",Ripoti ya Kiufundi ya Kituo cha Utabiri wa Hali ya Hewa na Maombi cha IGAD (ICPAC) kuhusu Athari ya Mafuriko inayoendelea katika Mkoa wa IGAD (Kuanzia tarehe 26 Aprili 2024),Disaster/Health,
"These labs ensure that stool and environmental samples are quickly tested for polioviruses, guiding immunization campaigns and outbreak response.","Maabara hizi huhakikisha kwamba sampuli za kinyesi na mazingira zinajaribiwa kwa haraka kwa virusi vya polio, kuongoza kampeni za chanjo na mwitikio wa mlipuko.",Health,
"It is grounded in WHO normative guidance, Kenya's EWENE scorecard priorities, and recent performance reviews, and identifies quick wins and catalytic reforms to close the most urgent gaps in quality, readiness, and equity of care.","Imejikita katika mwongozo wa kawaida wa WHO, vipaumbele vya kadi ya alama ya EWENE ya Kenya, na hakiki za hivi majuzi za utendakazi, na kubainisha ushindi wa haraka na mageuzi ya kichocheo ili kuziba mapengo ya haraka zaidi katika ubora, utayari na usawa wa huduma.",Disaster/Health,
This is the reason why you should adhere to the social and physical distance measures. #KomeshaCorona updates.,Hii ndiyo sababu unapaswa kuzingatia hatua za umbali wa kijamii na kimwili. #KomeshaCorona sasisho.,Public Health,
"People have died of this disease so am grateful that our children have a chance to escape it."" For Eunice Aoko, a mother of five, who took her youngest child Scovia to Chemelili health facility for vaccination, the vaccine is a health opportunity for children and their families.","Watu wamekufa kutokana na ugonjwa huu kwa hivyo ninashukuru kwamba watoto wetu wana nafasi ya kuuepuka."" Kwa Eunice Aoko, mama wa watoto watano, ambaye alimpeleka mtoto wake mdogo Scovia katika kituo cha afya cha Chemelili kwa ajili ya chanjo, chanjo hiyo ni fursa ya afya kwa watoto na familia zao.",Health,
"Pre-exposure prophylaxis or ""PrEP"" is the use of an antiretroviral medication by HIV-negative people to reduce the risk of HIV acquisition.","Pre-exposure prophylaxis au ""PrEP"" ni matumizi ya dawa za kupunguza makali ya VVU na watu wasio na VVU ili kupunguza hatari ya kupata VVU.",General,
Makueni County: Drought Early Warning Bulletin for February 2023,Kaunti ya Makueni: Taarifa ya Onyo la Mapema kuhusu Ukame kwa Februari 2023,Disaster/Health,
IsraAID Kenya supports displaced communities following tribal violence,IsraAID Kenya inaunga mkono jamii zilizohamishwa kufuatia ghasia za kikabila,Disaster/Health,
New COVID-19 rapid tests a game changer for Africa22 October 2020,COVID-19 mpya inajaribu kibadilisha mchezo kwa Afrika22 Oktoba 2020,General,
Samburu County: Drought Early Warning Bulletin for June 2022,Kaunti ya Samburu: Taarifa ya Onyo la Mapema kuhusu Ukame kwa Juni 2022,Disaster/Health,
Embu (Mbeere) County: Drought Early Warning Bulletin for March 2024,Kaunti ya Embu (Mbeere): Taarifa ya Onyo la Mapema kuhusu Ukame Machi 2024,Disaster/Health,
Wajir County: Drought Early Warning Bulletin for August 2023,Kaunti ya Wajir: Taarifa ya Onyo la Mapema kuhusu Ukame kwa Agosti 2023,Disaster/Health,
"The Socio-Economic Value of Climate Services, Evidence from Kenya and Uganda - Policy Brief, December 2023","Thamani ya Kijamii na Kiuchumi ya Huduma za Hali ya Hewa, Ushahidi kutoka Kenya na Uganda - Muhtasari wa Sera, Desemba 2023",Disaster/Health,
A phased approach allowed Kenya to strengthen systems and improve data quality before expanding surveillance.,Mbinu ya hatua kwa hatua iliruhusu Kenya kuimarisha mifumo na kuboresha ubora wa data kabla ya kupanua ufuatiliaji.,Disaster/Health,
IRC Re:BUILD - Policy Brief: Access To Decent Work - A Pathway To Durable Solutions For Urban Refugees,IRC Re:BUILD - Sera Mufupi: Upatikanaji wa Kazi Yenye Heshima - Njia ya Suluhisho la Kudumu kwa Wakimbizi wa Mjini.,Disaster/Health,
Kwale County: Drought Early Warning Bulletin for February 2023,Kaunti ya Kwale: Taarifa ya Onyo la Mapema kuhusu Ukame kwa Februari 2023,Disaster/Health,
"With Makena's support and care, Leaungokiok safely delivered a healthy baby girl.","Kwa usaidizi na utunzaji wa Makena, Leaungokiok alijifungua salama mtoto wa kike mwenye afya njema.",Health,
Kenya Cash Consortium - Four Years on: Locally Led Response Case Study (December 2022),Kenya Cash Consortium - Miaka Minne kuanzia: Uchunguzi Kifani wa Majibu ya Ndani (Desemba 2022),Disaster/Health,
It's time to change mental health in Kenya. Today the Taskforce on Mental Health public participation meeting was held in Nyeri YMCA Hall after a courtesy call on Governor Mutahi Kahiga & Regional Commissioners @syengomutisya @kenya_mental @Drsimonnjuguna2 @IAsin @JNJAfrica,Ni wakati wa kubadilisha afya ya akili nchini Kenya. Leo mkutano wa Kikosi Kazi kuhusu Afya ya Akili ulifanyika katika Ukumbi wa YMCA wa Nyeri baada ya kumuenzi Gavana Mutahi Kahiga na Wakuu wa Mikoa @syengomutisya @kenya_mental @Drsimonnjuguna2 @IAsin @JNJAfrica,Public Health,
Kenya: Integrated Vector Borne Diseases Outbreak - DREF n° MDRKE050 - Operation update n° 1,Kenya: Mlipuko wa Magonjwa Yanayoenezwa na Vekta - DREF n° MDRKE050 - Usasishaji wa operesheni n° 1,Disaster/Health,
Marsabit County: Drought Early Warning Bulletin for March 2024,Kaunti ya Marsabit: Taarifa ya Onyo la Mapema kuhusu Ukame kwa Machi 2024,Disaster/Health,
Use sunscreen and avoid the sun between 10 am and 4 pm.,Tumia mafuta ya kuzuia jua na epuka jua kati ya saa 10 asubuhi na saa 4 jioni.,Security,
Kenya DREF Application Anticipatory Actions - EVD Outbreak (MDRKE052) - Operational Update,Vitendo vya Kutarajia Maombi ya Kenya DREF - Mlipuko wa EVD (MDRKE052) - Sasisho la Uendeshaji,Disaster/Health,
MIT researchers release report to CFK Africa on strengthening schools in informal settlements in Kenya,Watafiti wa MIT watoa ripoti kwa CFK Afrika juu ya kuimarisha shule katika makazi yasiyo rasmi nchini Kenya,Education,
"As the complexity of public finances grows, these limitations become more pronounced.","Kadiri ugumu wa fedha za umma unavyoongezeka, mapungufu haya yanaonekana zaidi.",Governance,
"Harare—""The community will benefit from the improved knowledge I will share. Thanks to a recent training, our work will be more effective than before,"" says Audrey Musorowembudzi, a primary health care nurse at Hurungwe …","Harare—""Jumuiya itafaidika kutokana na maarifa yaliyoboreshwa nitakayoshiriki. Shukrani kwa mafunzo ya hivi karibuni, kazi yetu itakuwa yenye ufanisi zaidi kuliko hapo awali,"" anasema Audrey Musorowembudzi, muuguzi wa afya ya msingi huko Hurungwe …",General,
"@MOH_Kenya public health officers today carried out a massive fumigation and disinfection exercise in Kawangware to prevent community spread of #COVID19. Currently, the area has 20 positive cases. #KomeshaCorona","Maafisa wa afya ya umma wa @MOH_Kenya leo wametekeleza zoezi kubwa la ufukizaji na kuua vijidudu huko Kawangware ili kuzuia kuenea kwa #COVID19 kwa jamii. Hivi sasa, eneo hilo lina kesi 20 chanya. #KomeshaCorona",Public Health,
The proposals received in the areas listed above will inform reforms to be undertaken in revenue administration and review of legislations by the National Treasury to foster inclusive economic growth for the welfare of all Kenyans for submission to Parliament.,Mapendekezo yaliyopokelewa katika maeneo yaliyoorodheshwa hapo juu yataarifu mageuzi yatakayofanywa katika usimamizi wa mapato na uhakiki wa sheria na Hazina ya Kitaifa ili kukuza ukuaji wa uchumi jumuishi kwa ustawi wa Wakenya wote ili kuwasilishwa Bungeni.,Governance,
Isiolo County: Drought Early Warning Bulletin for September 2024,Kaunti ya Isiolo: Taarifa ya Onyo la Mapema kuhusu Ukame kwa Septemba 2024,Disaster/Health,
"UNICEF Kenya Humanitarian Flash Update No. 2 (Seasonal Floods Response), 30 June 2024","Taarifa ya 2 ya UNICEF ya Kibinadamu ya Kenya (Majibu ya Mafuriko ya Msimu), 30 Juni 2024",Disaster/Health,
Kenya Drought Flash Appeal: October 2021-October 2022 (Revised in May 2022),Rufaa ya Kenya ya Kiwango cha Ukame: Oktoba 2021-Oktoba 2022 (Iliyorekebishwa Mei 2022),Disaster/Health,
Kenya Lamu - Population Movement: DREF Operation (MDRKE064),Kenya Lamu - Harakati za Idadi ya Watu: Operesheni ya DREF (MDRKE064),Disaster/Health,
Demand accountability! Ensure school funds are used wisely.,Dai uwajibikaji! Hakikisha fedha za shule zinatumika kwa busara.,Education,
"He thanked the Government of Kenya, the World Bank, and all partners advancing digital equity in our classrooms.","Aliishukuru Serikali ya Kenya, Benki ya Dunia, na washirika wote wanaoendeleza usawa wa kidijitali katika madarasa yetu.",General,
Reviving Lake Victoria: a Regional Approach to Inclusive Sanitation,Kufufua Ziwa Victoria: Mbinu ya Kikanda ya Usafi wa Mazingira Jumuishi,Disaster/Health,
"The Kenya Cash Consortium's Locally Led Multi-Purpose Cash Response to Flood-Affected Refugees in Kenya: Baseline - Baringo, Garissa, Marsabit and Tana River Counties, January 2024","Mwitikio wa Pesa wa Malengo Mbalimbali wa Kenya Cash Consortium kwa Wakimbizi Walioathiriwa na Mafuriko nchini Kenya: Msingi - Kaunti za Baringo, Garissa, Marsabit na Tana River, Januari 2024",Disaster/Health,
National Drought Early Warning Bulletin (July 2023),Taarifa ya Tahadhari ya Mapema ya Kitaifa (Julai 2023),Disaster/Health,
"Neighbours who receive food bring us some, and others bring oil.","Majirani wanaopokea chakula hutuletea, na wengine huleta mafuta.",Disaster/Health,
Start Fund Monthly Risk Bulletin (Issued 29 April 2022),Taarifa ya Hatari ya Kila Mwezi ya Hazina ya Anza (Imetolewa tarehe 29 Aprili 2022),Disaster/Health,
Rife COVID-19 variants fuel Africa's surging wave02 July 2021,Lahaja za Rife COVID-19 huchangia kuongezeka kwa wimbi la Afrika02 Julai 2021,General,
Isiolo County: Drought Early Warning Bulletin for May 2022,Kaunti ya Isiolo: Taarifa ya Onyo la Mapema kuhusu Ukame la Mei 2022,Disaster/Health,
Solutions Brief: Community Advocacy Champions,Suluhu Muhtasari: Mabingwa wa Utetezi wa Jumuiya,Disaster/Health,
"In most countries, these key populations face stigma and discrimination in public health settings, which impair their access to and use of HIV and other health services.","Katika nchi nyingi, watu hawa wakuu wanakabiliwa na unyanyapaa na ubaguzi katika mazingira ya afya ya umma, ambayo inadhoofisha upatikanaji na matumizi yao ya VVU na huduma nyingine za afya.",Health,
Kenya Statistics Infographics | May 2026,Kenya Takwimu Infographics | Mei 2026,Disaster/Health,
Refugee-Led Research Hub (RLRH) - Refugee-Led Organisations in East Africa: Community Perceptions in Kenya - November 2022,Kituo cha Utafiti Unaoongozwa na Wakimbizi (RLRH) - Mashirika Yanayoongozwa na Wakimbizi katika Afrika Mashariki: Maoni ya Jamii nchini Kenya - Novemba 2022,Disaster/Health,
"The analysis projects that to meet the population's health needs, more than 114,000 additional health professionals across 31 different roles will need to be trained, employed, and retained within the health system by 2031.","Miradi ya uchanganuzi ambayo ili kukidhi mahitaji ya afya ya idadi ya watu, zaidi ya wataalamu 114,000 wa ziada wa afya katika majukumu 31 tofauti watahitaji kufunzwa, kuajiriwa, na kubakizwa ndani ya mfumo wa afya ifikapo 2031.",Health,
"Kenya - Floods (UN OCHA, Kenya Met Department) (ECHO Daily Flash of 23 April 2024)","Kenya - Mafuriko (UN OCHA, Kenya Met Department) (ECHO Daily Flash ya 23 Aprili 2024)",Disaster/Health,
"#COVID19 Myth Vs Fact. Myth Eating garlic helps prevent infection with the coronavirus. Fact Garlic is a healthy food that may have some antimicrobial properties. However, there is no evidence that eating garlic has protected people from #COVID19. #KomeshaCorona update.","Hadithi za #COVID19 Vs Ukweli. Hadithi Kula kitunguu saumu husaidia kuzuia maambukizi ya virusi vya corona. Ukweli Kitunguu saumu ni chakula chenye afya ambacho kinaweza kuwa na mali ya antimicrobial. Walakini, hakuna ushahidi kwamba kula kitunguu saumu kumewalinda watu dhidi ya #COVID19. #KomeshaCorona sasisho.",Public Health,
Baringo County: Drought Early Warning Bulletin for May 2023,Kaunti ya Baringo: Taarifa ya Onyo la Mapema kuhusu Ukame la Mei 2023,Disaster/Health,
"Laboratory and point-of-care diagnostic testing for sexually transmitted infections, including HIV","Upimaji wa uchunguzi wa kimaabara na wa uhakika wa maambukizi ya magonjwa ya zinaa, ikiwa ni pamoja na VVU",General,
"Recurring Fire Tragedies in Kenya, from Reaction to Prevention","Misiba ya Moto ya Mara kwa Mara nchini Kenya, kutoka kwa Majibu hadi Kinga",Disaster/Health,
"EHAGL Region: Community Feedback Analysis Report, July - September 2024","Eneo la EHAGL: Ripoti ya Uchambuzi wa Maoni ya Jamii, Julai - Septemba 2024",Disaster/Health,
"Safeguarding in practice: anticipating, minimising and mitigating risk in teenage pregnancy research in urban informal settlements in Nairobi, Kenya","Kulinda kwa vitendo: kutarajia, kupunguza na kupunguza hatari katika utafiti wa ujauzito wa vijana katika makazi yasiyo rasmi ya mijini huko Nairobi, Kenya.",Disaster/Health,
Status of mobility of livestock in Kenya: Mapping of livestock routes and case studies on mobility blockages,Hali ya uhamaji wa mifugo nchini Kenya: Kuchora ramani ya njia za mifugo na tafiti kuhusu vizuizi vya uhamaji,Disaster/Health,
"WHO Africa, UNICEF and Partners poised to advance implementation of Baby-Friendly Hospital Initiative in countries","WHO Africa, UNICEF na Washirika wako tayari kuendeleza utekelezaji wa Mpango wa Hospitali ya Mtoto katika nchi",Disaster/Health,
Kenya: Civic space and respect of fundamental freedoms key to peaceful elections – UN experts,Kenya: Nafasi ya kiraia na heshima ya uhuru wa kimsingi muhimu kwa uchaguzi wa amani - wataalam wa UN,Disaster/Health,
Beyond the numbers: the real-world impact of the malaria vaccine in Kenya,Zaidi ya idadi: athari halisi ya dunia ya chanjo ya malaria nchini Kenya,Disaster/Health,
Tharaka Nithi County: Drought Early Warning Bulletin for March 2022,Kaunti ya Tharaka Nithi: Taarifa ya Onyo la Mapema kuhusu Ukame kwa Machi 2022,Disaster/Health,
"The analysis is based on information available as of April 30, 2026.",Uchambuzi huo unatokana na taarifa inayopatikana kuanzia tarehe 30 Aprili 2026.,Disaster/Health,
"He reaffirmed that the shared commitment will yield accountability, improved learning outcomes, and creating conducive learning environments that would enable every learner to thrive and achieve their full potential.","Alithibitisha tena kwamba ahadi ya pamoja itazaa uwajibikaji, matokeo bora ya kujifunza na kuunda mazingira bora ya kujifunza ambayo yatawezesha kila mwanafunzi kuimarika na kufikia uwezo wake kamili.",General,
Kajiado County: Drought Early Warning Bulletin for March 2022,Kaunti ya Kajiado: Taarifa ya Onyo la Mapema kuhusu Ukame kwa Machi 2022,Disaster/Health,
The Elders laud WHO public health emergency response efforts,Wazee wanapongeza juhudi za dharura za afya ya umma za WHO,General,
"Create a #TIMS account http://ntsa.go.ke, click on TIMS register account then apply for smart DL.","Fungua akaunti ya #TIMS http://ntsa.go.ke, bofya akaunti ya kujisajili ya TIMS kisha omba DL mahiri.",Governance,
The current primary school population is estimated at 10.4 million children in both public and private primary schools. This rapid growth in primary school population is largely attributed to the introduction of Free Primary Education by the Government in 2002 and other interventions. The enrolment in our schools indicate that Kenya is on track to achieve the Education For All (EFA) and the Millennium Development Goals (MDG) Commitments by 2015.,Idadi ya sasa ya shule za msingi inakadiriwa kuwa watoto milioni 10.4 katika shule za msingi za serikali na za kibinafsi. Ukuaji huu wa kasi wa idadi ya wanafunzi wa shule za msingi umechangiwa kwa kiasi kikubwa na kuanzishwa kwa Elimu ya Msingi Bila Malipo na Serikali mwaka 2002 na afua zingine. Uandikishaji katika shule zetu unaonyesha kuwa Kenya iko mbioni kuafikia Ahadi za Elimu Kwa Wote (EFA) na Malengo ya Maendeleo ya Milenia (MDG) kufikia 2015.,General,
Click here to Access Form One Placement: link 1,Bofya hapa ili Kupata Nafasi ya Kidato cha Kwanza: kiungo 1,General,
"In addition to public education, the teams would announce the location and dates where the community could access the vaccination.","Mbali na elimu kwa umma, timu hizo zingetangaza mahali na tarehe ambapo jumuiya inaweza kupata chanjo.",Health,
"IRC Re:BUILD - Wave 1 RCT Research Brief - May 2025: Benefits of cash alone and cash+mentorship for Kenyan and refugee microentrepreneurs in Nairobi, Kenya","IRC Re:BUILD - Wave 1 RCT Muhtasari wa Utafiti - Mei 2025: Manufaa ya pesa taslimu pekee na pesa+ushauri kwa wajasiriamali wadogo wa Kenya na wakimbizi huko Nairobi, Kenya.",Disaster/Health,
Join or start a neighborhood watch program in your area.,Jiunge au anza programu ya ulinzi wa ujirani katika eneo lako.,Security,
West Pokot: Drought Early Warning Bulletin for May 2023,Pokot Magharibi: Taarifa ya Onyo la Mapema kuhusu Ukame kwa Mei 2023,Disaster/Health,
"Kenya - Severe weather and floods (media, NOAA-CPC) (ECHO Daily Flash of 2 April 2026)","Kenya - Hali ya hewa kali na mafuriko (vyombo vya habari, NOAA-CPC) (ECHO Daily Flash ya 2 Aprili 2026)",Disaster/Health,
Circular Bioeconomy Approaches for Resilient Livelihoods and Peacebuilding in Fragile and Conflict-Affected Settings - Resilient Food Systems in Fragile Contexts | Research Brief (May 2026),Mbinu za Uchumi wa Kibiolojia wa Mviringo kwa ajili ya Riziki Yenye Ustahimilivu na Ujenzi wa Amani katika Mipangilio Hafifu na Iliyoathiriwa na Migogoro - Mifumo Yenye Ustahimilivu wa Chakula Katika Mazingira Hafifu | Muhtasari wa Utafiti (Mei 2026),Disaster/Health,
He and his family were removed from the eligibility list after being classified by the authorities as having Kenyan citizenship.,Yeye na familia yake waliondolewa kwenye orodha ya wanaostahiki baada ya kuainishwa na mamlaka kuwa na uraia wa Kenya.,Governance,
One-stop shop boosts the fight against TB/HIV co-infection in Niger,Duka moja linaongeza vita dhidi ya maambukizi ya pamoja ya TB/VVU nchini Niger,General,
Media Advisory: Under-Secretary-General for Humanitarian Affairs Martin Griffiths mission to Kenya,Ushauri wa Vyombo vya Habari: Msaidizi wa Katibu Mkuu wa Masuala ya Kibinadamu Ujumbe wa Martin Griffiths nchini Kenya,Disaster/Health,
"""Going forward we will need to look at the impact of the floods, continuity of care and provide resilience capacity building to communities.","""Kwa kwenda mbele tutahitaji kuangalia athari za mafuriko, mwendelezo wa utunzaji na kutoa kujenga uwezo wa kustahimili jamii.",Health,
Women and girls fleeing Somalia's drought grapple gender-based violence in Daadab refugee camps,Wanawake na wasichana wanaokimbia ukame wa Somalia wanakabiliwa na unyanyasaji wa kijinsia katika kambi za wakimbizi za Daadab,Disaster/Health,
Improving Nutrition with the Graduation Approach: A Technical Learning Brief (December 2023),Kuboresha Lishe kwa Mbinu ya Kuhitimu: Muhtasari wa Mafunzo ya Kiufundi (Desemba 2023),Disaster/Health,
"A recent example isTurkana county, where KRCS working with the County Steering Group and supported by Danish Red Cross registered2,000 vulnerable familiesfor cash while supporting 10 schools with food; the intervention was explicitly mapped against other partners to prevent overlap and close priority gaps.","Kati ya 2020 na 2024, kaunti za Wajir na Mandera zilikabiliwa na ongezeko la watu waliohama kutokana na ukame wa muda mrefu na mafuriko yaliyofuata.",Education,
COVID-19 heroes: Older people taking responsibility for their health,Mashujaa wa COVID-19: Wazee wanawajibika kwa afya zao,General,
Media also reports several displaced families and damaged infrastructures across the affected areas.,Vyombo vya habari pia vinaripoti familia kadhaa zilizohamishwa na miundombinu iliyoharibiwa katika maeneo yote yaliyoathiriwa.,Disaster/Health,
The Kenya Cash Consortium Alert-Based Cash Assistance to Disaster-Affected Communities in Dadaab and Kakuma Refugee Camps: Baseline (January 2025),Tahadhari ya Muungano wa Fedha wa Kenya Msaada wa Pesa kwa Jamii Zilizoathiriwa na Maafa katika Kambi za Wakimbizi za Dadaab na Kakuma: Msingi (Januari 2025),Disaster/Health,
African countries engaging in ground-breaking COVID-19 vaccine initiative3 September 2020,Nchi za Afrika zinazojihusisha na mpango wa kwanza wa chanjo ya COVID-193 Septemba 2020,General,
Kilifi County: Drought Early Warning Bulletin for October 2022,Kaunti ya Kilifi: Taarifa ya Onyo la Mapema kuhusu Ukame kwa Oktoba 2022,Disaster/Health,
Tharaka Nithi County: Drought Early Warning Bulletin for July 2024,Kaunti ya Tharaka Nithi: Taarifa ya Onyo la Mapema kuhusu Ukame Julai 2024,Disaster/Health,
"Hit by multiple crises, tens of thousands of Somalis flock to refugee camps in Kenya","Huku wakikumbwa na migogoro mingi, makumi ya maelfu ya Wasomali wanamiminika kwenye kambi za wakimbizi nchini Kenya",Disaster/Health,
"Kenya Situation Update | April 2024: Kenyan Security Forces Combating al-Shabaab, Pastoralist Militias, and Mob Violence","Sasisho la Hali ya Kenya | Aprili 2024: Vikosi vya Usalama vya Kenya Kupambana na al-Shabaab, Wanamgambo wa Wafugaji, na Vurugu za Umati",Disaster/Health,
"Kenya Food Security Outlook, October 2022 to May 2023","Mtazamo wa Usalama wa Chakula nchini Kenya, Oktoba 2022 hadi Mei 2023",Disaster/Health,
Implementation tool for pre-exposure prophylaxis of HIV infection – integrating STI services,Zana ya utekelezaji ya kuzuia kabla ya kuambukizwa ya maambukizi ya VVU - kuunganisha huduma za STI,General,
Baringo County: Drought Early Warning Bulletin for January 2023,Kaunti ya Baringo: Taarifa ya Onyo la Mapema kuhusu Ukame la Januari 2023,Disaster/Health,
Weekly Bulletin on Outbreak and other Emergencies: Week 28: 8 - 14 July 2024,Taarifa ya Kila Wiki kuhusu Mlipuko na Dharura Zingine: Wiki 28: 8 - 14 Julai 2024,General,
"Overall, the WHO Kenya 10-day and follow-up support raised vaccination numbers by an estimate 300,000.","Kwa jumla, usaidizi wa WHO Kenya wa siku 10 na ufuatiliaji uliongeza idadi ya chanjo kwa makadirio 300,000.",Health,
"According to the Integrated Food Security Phase Classification, food insecurity remains a defining feature of vulnerability across ASAL counties.","Kulingana na Ainisho Jumuishi la Awamu ya Usalama wa Chakula, uhaba wa chakula unasalia kuwa kipengele bainifu cha hatari katika kaunti zote za ASAL.",Disaster/Health,
Mandera County: Drought Early Warning Bulletin for September 2022,Kaunti ya Mandera: Taarifa ya Onyo la Mapema kuhusu Ukame kwa Septemba 2022,Disaster/Health,
Our researches @KEMRI_Kenya are involved in research to find a vaccine for COVID-19; President Uhuru Kenyatta. #KomeshaCorona update,Tafiti zetu @KEMRI_Kenya zinahusika katika utafiti wa kupata chanjo ya COVID-19; Rais Uhuru Kenyatta. #KomeshaCorona sasisho,Public Health,
"THE SESSIONAL PAPER ON A POLICY FRAMEWORK FOR EDUCATION REFORMS IN KENYA, 2024","KARATASI LA KIKAO KUHUSU MFUMO WA SERA KWA MABADILIKO YA ELIMU NCHINI KENYA, 2024.",General,
Kenya - Q2 2023 Preparedness,Kenya - Maandalizi ya Q2 2023,Disaster/Health,
"The strategy also emphasizes commercialization of locally manufactured vaccines through Kenya Biovax, contingent on PPB achieving ML-3 status.","Mkakati huo pia unasisitiza ufanyaji biashara wa chanjo zinazotengenezwa nchini kupitia Kenya Biovax, ikitegemea PPB kupata hadhi ya ML-3.",Health,
The Results Areas (RAs) for the Program are to: (i) equalize learning opportunities: improving learning outcomes in target counties; (ii) improve girls' participation in schooling; and (iii) strengthen capacity for implementing initiated reforms.,Maeneo ya Matokeo (RAs) kwa Mpango ni: (i) kusawazisha fursa za kujifunza: kuboresha matokeo ya masomo katika kaunti lengwa; (ii) kuboresha ushiriki wa wasichana katika masomo; na (iii) kuimarisha uwezo wa kutekeleza mageuzi yaliyoanzishwa.,General,
"5-step game plan to defeat coronavirus Please wash your hands frequently. Pleaae cover your nose & mouth if you sneeze or cough Avoid touching your eyes , nose & mouth Keep 1 metre distance from everyone that coughs If you feel unwell, stay home #KomeshaCorona","Mpango wa mchezo wa hatua 5 wa kushinda coronavirus Tafadhali osha mikono yako mara kwa mara. Tafadhali funika pua na mdomo ukipiga chafya au kukohoa Epuka kugusa macho, pua na mdomo Weka umbali wa mita 1 kutoka kwa kila anayekohoa Kama unajisikia vibaya, kaa nyumbani #KomeshaCorona",Public Health,
"Kenya Key Message Update: Rising maize prices reduce household purchasing power, particularly in pastoral areas, July 2022","Taarifa ya Ujumbe Muhimu wa Kenya: Kupanda kwa bei ya mahindi kunapunguza uwezo wa kununua kaya, hasa katika maeneo ya wafugaji, Julai 2022.",Disaster/Health,
"In the African region, a number of women and girls living with HIV become pregnant each year. In the absence of intervention, the rate of transmission of HIV from a mother living with HIV to her child during pregnancy, labour, delivery or breastfeeding ranges from 15% to 45%. As such, identification of HIV infection should be immediately followed by an offer of linkage to lifelong treatment and care, including support to remain in care and virally suppressed and an offer of partner services.","Katika kanda ya Afrika, idadi ya wanawake na wasichana wanaoishi na VVU hupata mimba kila mwaka. Kwa kukosekana kwa uingiliaji kati, kiwango cha maambukizi ya VVU kutoka kwa mama anayeishi na VVU hadi kwa mtoto wake wakati wa ujauzito, leba, kujifungua au kunyonyesha ni kati ya 15% hadi 45%. Kwa hivyo, utambuzi wa maambukizi ya VVU lazima ufuatwe mara moja na utoaji wa uhusiano wa matibabu na matunzo ya maisha yote, ikiwa ni pamoja na usaidizi wa kubaki katika huduma na kukandamizwa na virusi na kutoa huduma za washirika.",General,
"The Principal Secretary said their discussions focuses on strengthening collaboration to enhance the delivery of quality, inclusive, and learner-centred education across the county.","Katibu Mkuu alisema mijadala yao inalenga katika kuimarisha ushirikiano ili kuimarisha utoaji wa elimu bora, jumuishi, na inayowalenga wanafunzi kotekote katika kaunti.",General,
Taita Taveta County: Drought Early Warning Bulletin for September 2022,Kaunti ya Taita Taveta: Taarifa ya Onyo la Mapema kuhusu Ukame kwa Septemba 2022,Disaster/Health,
Kitui County: Drought Early Warning Bulletin for September 2024,Kaunti ya Kitui: Taarifa ya Onyo la Mapema kuhusu Ukame kwa Septemba 2024,Disaster/Health,
Kenya: Drought - Early Action Protocol Summary (EAP2022KE02),Kenya: Ukame - Muhtasari wa Itifaki ya Hatua ya Mapema (EAP2022KE02),Disaster/Health,
Kenya - Garissa County - Fafi Subcounty Infrastructure Map (29/08/2024),Kenya - Kaunti ya Garissa - Ramani ya Miundomsingi ya Kaunti Ndogo ya Fafi (29/08/2024),Disaster/Health,
Include deaf students! Provide sign language training.,Jumuisha wanafunzi viziwi! Toa mafunzo ya lugha ya ishara.,Education,
"In area where markets are not feasible, weak or inaccessible, KRCS is doing thein-kind food distribution and supporting livestock protectionthrough animal feeding supplements, veterinary outreach and strategic water access.","Katika eneo ambalo masoko hayawezekani, dhaifu au hayapatikani, KRCS inafanya usambazaji wa chakula cha asili na kusaidia ulinzi wa mifugo kupitia virutubisho vya kulisha mifugo, ufikiaji wa mifugo na upatikanaji wa maji wa kimkakati.",Agriculture,
Multilateral Development Bank Efforts to Mainstream Climate Adaptation,Juhudi za Benki ya Maendeleo ya Kimataifa ili Kusimamia Makabiliano ya Hali ya Hewa,Disaster/Health,
Two monoclonal antibodies (Inmazeb and Ebanga) were approved for the treatment of Zaire ebolavirus infection in adults and children by the US Food and Drug Administration in late 2020.,Kingamwili mbili za monoclonal (Inmazeb na Ebanga) ziliidhinishwa kwa matibabu ya maambukizo ya Zaire ebolavirus kwa watu wazima na watoto na Utawala wa Chakula na Dawa wa Merika mwishoni mwa 2020.,General,
"Kenya Food Security Outlook Update, August 2023","Sasisho la Mtazamo wa Usalama wa Chakula Kenya, Agosti 2023",Disaster/Health,
"In the ongoing effort to end the AIDS epidemic, a re-examination of the evidence shows that VMMC remains an important intervention, alongside other effective behavioural and biomedical HIV prevention interventions. VMMC should be supported as a key HIV prevention option, within combination prevention for adolescents 15 years and older and adult men in settings with generalized HIV epidemics.","Katika jitihada zinazoendelea za kukomesha janga la UKIMWI, uchunguzi upya wa ushahidi unaonyesha kuwa VMMC inasalia kuwa afua muhimu, pamoja na afua zingine zenye ufanisi za kitabia na za kimatibabu za kuzuia VVU. VMMC inapaswa kuungwa mkono kama chaguo kuu la kuzuia VVU, ndani ya kuzuia mchanganyiko kwa vijana wa miaka 15 na zaidi na wanaume watu wazima katika mazingira yenye milipuko ya jumla ya VVU.",General,
"Regulation 1 of the Public Finance Management (Sports, Arts and Social Development Fund) Regulations, 2018 , hereinafter referred to as the ""principal Regulations"" is amended by deleting the words ""Arts and Social Development"" appearing immediately after the word ""Sports"" and substituting therefor the words ""and Arts"". 3.","Kanuni ya 1 ya Kanuni za Usimamizi wa Fedha za Umma (Michezo, Sanaa na Mfuko wa Maendeleo ya Jamii) za mwaka 2018, ambazo zitajulikana baadaye kama ""Kanuni kuu"" inafanyiwa marekebisho kwa kufuta maneno ""Sanaa na Maendeleo ya Jamii"" yanayoonekana mara baada ya neno ""Michezo"" na kuweka badala ya maneno ""na Sanaa"". 3.",Governance,
Factsheet: The Kenya Cash Consortium Alert-Based Cash Assistance to Disaster-Affected Communities in Dadaab and Kakuma–Kalobeyei refugee-hosting area: Endline (February 2026),Karatasi ya Ukweli: Usaidizi wa Fedha wa Tahadhari ya Kenya Cash Consortium kwa Jamii Zilizoathiriwa na Maafa huko Dadaab na Kakuma-Kalobeyei eneo la kuhifadhi wakimbizi: Endline (Februari 2026),Disaster/Health,
Kenya Registered refugees and asylum-seekers | July 2025,Kenya Wakimbizi waliosajiliwa na wanaotafuta hifadhi | Julai 2025,Disaster/Health,
Training requests must be accompanied by Human Resource Management Advisory Committee (HRMAC) minutes.,Maombi ya mafunzo lazima yaambatane na dakika za Kamati ya Ushauri ya Usimamizi wa Rasilimali Watu (HRMAC).,Disaster/Health,
How to protect yourself from COVIDー19 @WHOKenya @KNH_hospital @MTRHofficial @Kemsa_Kenya @KEMRI_Kenya @KenyaAirports @PDUDelivery @SpokespersonGoK,Jinsi ya kujikinga na COVIDー19 @WHOKenya @KNH_hospital @MTRHofficial @Kemsa_Kenya @KEMRI_Kenya @KenyaAirports @PDUDdelivery @SpokespersonGoK,Public Health,
"The purpose of this surveillance is to assess the prevalence of HIV drug resistance among treatment-naive infants younger than 18 months (regardless of prevention of mother-to-child transmission exposure), who have been newly diagnosed with HIV using early infant diagnosis over a 12-month period.","Madhumuni ya ufuatiliaji huu ni kutathmini kiwango cha maambukizi ya ukinzani wa dawa za VVU miongoni mwa watoto wachanga wasio na ujuzi wa matibabu walio na umri wa chini ya miezi 18 (bila kujali uzuiaji wa maambukizi kutoka kwa mama kwenda kwa mtoto), ambao wamegunduliwa hivi karibuni na VVU kwa kutumia utambuzi wa watoto wachanga mapema katika kipindi cha miezi 12.",General,
IFAD President and President of Kenya agree to accelerate agriculture and adapt to climate crisis,Rais wa IFAD na Rais wa Kenya wakubali kuharakisha kilimo na kukabiliana na hali ya hewa,Disaster/Health,
"Abdullahi denies this, saying neither he, his wife, nor his mother are Kenyan citizens, and that his children are all still minors.","Abdullahi anakanusha hili, akisema yeye, mke wake, wala mama yake si raia wa Kenya, na kwamba watoto wake wote bado ni watoto.",Governance,
"TERMS OF REFERENCE – CONSULTANCY FOR INDEPENDENT VERIFICATION OF RESULTS IN SAMPLED TARGET SCHOOLS-ALLOCATED TEACHERS, SCHOOL BASED TEACHER SUPPORT SERVICES, PROVISION OF TEXTBOOKS, AND BENEFICIARIES OF THE SCHOLARSHIP AND MENTORSHIP PROGRAM","MASHARTI YA REJEA – USHAURI WA UTHIBITISHO HURU WA MATOKEO KATIKA MFANO WA SHULE ZILIZOPANGIWA-WALIMU WALIOPEWA WALIMU, HUDUMA ZA MSAADA WA WALIMU WA SHULE, UTOAJI WA VITABU, NA WANUFAIKA WA USOM NA USHAURI.",General,
Makueni County: Drought Early Warning Bulletin for October 2024,Kaunti ya Makueni: Taarifa ya Onyo la Mapema kuhusu Ukame kwa Oktoba 2024,Disaster/Health,
"Kampala—At a health clinic in Arua, a border town in northern Uganda, staff are on high alert after unsuspectingly attending to a patient who was later diagnosed with Ebola disease caused by the Bundibugyo virus. It was …","Kampala—Katika zahanati ya afya huko Arua, mji wa mpakani kaskazini mwa Uganda, wafanyakazi wako katika hali ya tahadhari baada ya kumhudumia bila kutarajia mgonjwa ambaye baadaye aligundulika kuwa na ugonjwa wa Ebola uliosababishwa na virusi vya Bundibugyo. Ilikuwa…",General,
Kwale County: Drought Early Warning Bulletin for June 2024,Kaunti ya Kwale: Taarifa ya Onyo la Mapema kuhusu Ukame kwa Juni 2024,Disaster/Health,
"Drought in the Horn of Africa: ACTED's response to water scarcity in Samburu County, Northern Kenya","Ukame katika Pembe ya Afrika: Majibu ya ACTED kwa uhaba wa maji katika Kaunti ya Samburu, Kaskazini mwa Kenya",Disaster/Health,
"Kenya, Africa | Complex Emergency - Emergency Appeal: Operational Strategy (MDRKE068)","Kenya, Afrika | Dharura Changamano - Rufaa ya Dharura: Mkakati wa Utendaji (MDRKE068)",Disaster/Health,
PART VI – REPORTING AND DISCLOSURE 32— Reporting. 33— Disclosure. 34—Financial transparency.,SEHEMU YA VI – KURIPOTI NA KUFICHUA 32— Kuripoti. 33- Kufichua. 34 - Uwazi wa kifedha.,Disaster/Health,
"As the virus destroys and impairs the function of immune cells, infected individuals gradually become immunodeficient. The body becomes increasingly unable to fight infections and disease and vulnerable to opportunistic infections and cancers. Immune function is typically measured by CD4 cell count.","Virusi huharibu na kudhoofisha utendaji wa seli za kinga, watu walioambukizwa hatua kwa hatua huwa na upungufu wa kinga. Mwili unazidi kushindwa kupambana na maambukizi na magonjwa na kuathiriwa na magonjwa nyemelezi na saratani. Utendaji wa kinga kwa kawaida hupimwa kwa hesabu ya seli za CD4.",General,
"Within East Africa, Kenya is a country of origin, transit, and destination for people on the move, with Nairobi serving as the capital and economic hub of the country.","Ndani ya Afrika Mashariki, Kenya ni nchi ya asili, usafiri, na marudio ya watu wanaohama, huku Nairobi ikitumika kama mji mkuu na kitovu cha uchumi wa nchi.",Disaster/Health,
"KRCS has prioritized access to safe and clean water through a combination of emergency water trucking, rehabilitation of strategic water points such as borehole solarization and establishment of function water kiosks and livestock watering points.","KRCS imeweka kipaumbele cha upatikanaji wa maji salama na safi kupitia mchanganyiko wa lori la dharura la maji, ukarabati wa vituo vya kimkakati vya maji kama vile uwekaji jua wa visima na uanzishwaji wa vioski vya kufanyia kazi na vituo vya kunyweshea mifugo.",Disaster/Health,
"Imports of fertilizers have already been delayed, affecting their timely application at the beginning of the 2026 cropping season, particularly in market‑oriented agricultural areas of western parts of the country.","Uagizaji wa mbolea tayari umecheleweshwa, na hivyo kuathiri utumiaji wake kwa wakati mwanzoni mwa msimu wa mazao wa 2026, haswa katika maeneo ya kilimo yenye mwelekeo wa soko wa maeneo ya magharibi mwa nchi.",Agriculture,
"In this remote part of Kenya, long distances, difficult terrain and insecurity continue to limit access to skilled care during childbirth, placing mothers and newborns at significant risk.","Katika sehemu hii ya mbali ya Kenya, umbali mrefu, ardhi ngumu na ukosefu wa usalama unaendelea kuzuia upatikanaji wa huduma za kitaalamu wakati wa kujifungua, hivyo kuwaweka akina mama na watoto wachanga katika hatari kubwa.",Security,
COVID-19 hits life-saving health services in Africa05 November 2020,COVID-19 inagusa huduma za afya zinazookoa maisha barani Afrika05 Novemba 2020,General,
"""The whole-of-government approach, led by President William Ruto, is to ensure that we work across all sectors to minimize the pain for so many,"" says Hilary Limo, the manager of the Public Health Emergency Operations Centre.","""Mtazamo wa jumla wa serikali, unaoongozwa na Rais William Ruto, ni kuhakikisha kwamba tunafanya kazi katika sekta zote ili kupunguza machungu kwa wengi,"" asema Hilary Limo, meneja wa Kituo cha Operesheni za Dharura za Afya ya Umma.",Health,
"Media report, as of 4 May, 18 fatalities, of whom nine are in the Eastern region, three in the central region, and two each in Coast, Nairobi and Rift Valley regions.","Vyombo vya habari viliripoti, kufikia tarehe 4 Mei, vifo 18, kati yao tisa viko katika eneo la Mashariki, vitatu katika eneo la kati, na viwili kila kimoja katika mikoa ya Pwani, Nairobi na Bonde la Ufa.",Disaster/Health,
VIDEO:The School Improvement Programme (Kenya) Documentary on Curriculum and Instruction,VIDEO:Mpango wa Kuboresha Shule (Kenya) Hati kuhusu Mtaala na Maagizo,General,
"Basic Education (Early Childhood, Primary and Secondary) Education Policy management","Usimamizi wa Sera ya Elimu ya Msingi (Utoto wa Awali, Msingi na Sekondari).",General,
Kenya advances to integrate climate action and disaster risk reduction,Kenya inasonga mbele kuunganisha hatua za hali ya hewa na kupunguza hatari za majanga,Disaster/Health,
Africa witnesses longest-running decline in COVID-19 cases14 Avril 2022,Afrika inashuhudia kupungua kwa muda mrefu zaidi kwa kesi za COVID-1914 Avril 2022,General,
"REPUBLIC OF KENYA THE NATIONAL TREASURY AND ECONOMIC PLANNING DRAFT 2024 BUDGET REVIEW AND OUTLOOK PAPER SEPTEMBER 2024 2 ©2024 Budget Review and Outlook Paper (BROP) To obtain copies of the document, please contact: Public Relations Office The National Treasury Treasury Building P.","JAMHURI YA KENYA RASIMU YA HAZINA YA TAIFA NA MIPANGO YA UCHUMI 2024 MARUDIO NA MTAZAMO WA BAJETI SEPTEMBA 2024 2 ©2024 Karatasi ya Mapitio ya Bajeti na Mtazamo (BROP) Ili kupata nakala za hati, tafadhali wasiliana na: Ofisi ya Mahusiano ya Umma Hazina ya Kitaifa ya Hazina ya Kitaifa.",Governance,
"The refugee-hosting areas, such as Dadaab refugee camp in Garissa County, Kakuma refugee camp and Kalobeyei Integrated Settlement in Turkana County, where humanitarian conditions continue to evolve amid funding constraints and policy transitions.","Maeneo yanayohifadhi wakimbizi, kama vile kambi ya wakimbizi ya Dadaab katika Kaunti ya Garissa, kambi ya wakimbizi ya Kakuma na Makazi Jumuishi ya Kalobeyei katika Kaunti ya Turkana, ambapo hali ya kibinadamu inaendelea kubadilika huku kukiwa na vikwazo vya ufadhili na mabadiliko ya sera.",Governance,
"Refugee employment halved between survey waves, falling from 13% to 7% in camps and from 50% to 37% in urban areas.","Ajira kwa wakimbizi ilipungua kwa nusu kati ya mawimbi ya utafiti, ikishuka kutoka 13% hadi 7% katika kambi na kutoka 50% hadi 37% katika maeneo ya mijini.",Disaster/Health,
"#COVID19 Myth Vs Fact. Myth Gargling warm salty water can help prevent #COVID19. Fact Respiratory viruses are not impacted by saltwater, data on such conditions show. Some claims that gargling with bleach or ethanol can help are also false & dangerous. #KomeshaCorona","Hadithi za #COVID19 Vs Ukweli. Hadithi ya Gargling maji moto yenye chumvi inaweza kusaidia kuzuia #COVID19. Ukweli kwamba virusi vya kupumua haviathiriwi na maji ya chumvi, data juu ya hali kama hizo zinaonyesha. Baadhi ya madai kwamba kusugua na bleach au ethanol kunaweza kusaidia pia ni uwongo na hatari. #KomeshaCorona",Public Health,
Lamu County: Drought Early Warning Bulletin for November 2022,Kaunti ya Lamu: Taarifa ya Onyo la Mapema kuhusu Ukame ya Novemba 2022,Disaster/Health,
They have no father and no support.,Hawana baba na hawana msaada.,Disaster/Health,
Lamu County: Drought Early Warning Bulletin for August 2023,Kaunti ya Lamu: Taarifa ya Onyo la Mapema kuhusu Ukame kwa Agosti 2023,Disaster/Health,
Meru (Meru-North) County: Drought Early Warning Bulletin for March 2024,Kaunti ya Meru (Meru-Kaskazini): Taarifa ya Onyo la Mapema kuhusu Ukame Machi 2024,Disaster/Health,
"Heavy rainfall has been affecting a number of counties of Kenya since 21 April, causing rivers to overflow (particularly the Tana river).","Mvua kubwa imekuwa ikiathiri kaunti kadhaa za Kenya tangu tarehe 21 Aprili, na kusababisha mito kufurika (haswa mto Tana).",Disaster/Health,
"Together, WE CAN OVERCOME, Together, WE ARE STRONGER. Call #719 if you need help. #KomeshaCorona update.","Kwa pamoja, TUNAWEZA KUSHINDA, KWA PAMOJA, TUNA IMARA ZAIDI. Piga #719 ikiwa unahitaji usaidizi. #KomeshaCorona sasisho.",Public Health,
To provide relevant and adequate skills and competencies in strategic disciplines for spurring industrial and economic development in line with the aspirations of Kenyans.,Kutoa ujuzi na ustadi unaofaa na wa kutosha katika taaluma za kimkakati ili kuchochea maendeleo ya kiviwanda na kiuchumi kulingana na matarajio ya Wakenya.,General,
Kenya: IPC Acute Food Insecurity and Acute Malnutrition Analysis (February - June 2023) Published on 20 February 2023,Kenya: IPC Ukosefu wa Chakula Mkali na Uchambuzi Mkali wa Utapiamlo (Februari - Juni 2023) Limechapishwa tarehe 20 Februari 2023,Disaster/Health,
"As 2025 unfolded amid growing regional uncertainty and humanitarian challenges, the ICRC Nairobi Regional Delegation continued to work alongside partners and communities to uphold humanity where it was needed most.","Mwaka wa 2025 ulipoendelea huku kukiwa na hali ya kutokuwa na uhakika na changamoto za kibinadamu zinazoongezeka kikanda, Ujumbe wa ICRC wa Mkoa wa Nairobi uliendelea kufanya kazi pamoja na washirika na jamii ili kudumisha ubinadamu mahali palipohitajika zaidi.",Disaster/Health,
"Annex: Roadmap 2024 -Regional Program on Enhancing the Investment Climate for the Economic Empowerment of Refugee, Returnee and Host/Return Community Women in the East and Horn of Africa and Great Lakes Region","Annex: Roadmap 2024 -Programu ya Kikanda ya Kuimarisha Hali ya Hewa ya Uwekezaji kwa Uwezeshaji wa Kiuchumi kwa Wakimbizi, Waliorejea na Wakaribishaji/Wanawake wa Jumuiya ya Kurudi Mashariki na Pembe ya Afrika na Ukanda wa Maziwa Makuu.",Disaster/Health,
Kenya: Flow Monitoring Dashboard (Aug-Sept 24),Kenya: Dashibodi ya Ufuatiliaji Mtiririko (Ago-Sep 24),Disaster/Health,
Kenyan women lead peace efforts in longstanding conflicts,Wanawake wa Kenya wanaongoza juhudi za amani katika migogoro ya muda mrefu,Disaster/Health,
"the proper collection, handling, shipment and storage of specimens; and","ukusanyaji sahihi, utunzaji, usafirishaji na uhifadhi wa vielelezo; na",General,
"Speaker, it is my honour and privilege to present to Hon ourable Members of this august House and the people of Kenya, the second budget of the Kenya Kwanza Administration under the leadership of His Excellency Honourable Dr.","Spika, ni heshima na fursa hii kuwasilisha kwa Waheshimiwa Wabunge wa Bunge hili Tukufu na wananchi wa Kenya, bajeti ya pili ya Utawala wa Kenya Kwanza chini ya uongozi wa Mheshimiwa Dkt.",Governance,
Meet Anne Ngugi a Dispatcher and Paramedic at @StJohnKenya She's part of multi - agency Coronavirus ( #COVID-19) first responders on standby Thank YU Call #COVID19 Toll FREE Hotline - 719 Or Text - *719# #StaySafe #KomeshaCorona @WHOKenya @SpokespersonGoK,Kutana na Anne Ngugi Msambazaji na Mhudumu wa Madaktari katika @StJohnKenya Yeye ni sehemu ya watoa huduma wa kwanza wa mashirika mbalimbali ya Coronavirus ( #COVID-19) kwenye hali ya kusubiri Asante YU Piga Simu ya #COVID19 Simu BILA MALIPO - 719 Au Tuma SMS - *719# #StaySafe #KomeshaCorona @WHOKenya @SpokespersonGoK,Public Health,
Kenya Key Message Update January 2024: Household access to food and income is expected to improve through at least May 2024,Taarifa Muhimu ya Kenya Januari 2024: Upatikanaji wa chakula na mapato ya kaya unatarajiwa kuboreshwa hadi angalau Mei 2024,Disaster/Health,
"We appeal to the youth to complement the Government efforts. We also urge the market vendors, barbers, salonists and matatu operators to keep in mind our past conversation to wear masks and keep social distance. #KomeshaCorona update","Tunatoa wito kwa vijana kuunga mkono juhudi za Serikali. Pia tunawahimiza wachuuzi wa soko, vinyozi, saluni na waendeshaji matatu kukumbuka mazungumzo yetu ya awali ya kuvaa vinyago na kuweka umbali wa kijamii. #KomeshaCorona sasisho",Public Health,
USAID Keneya Nieta (Household and Community Health),USAID Keneya Nieta (Afya ya Kaya na Jamii),Disaster/Health,
World Vision and KOICA partner to tackle climate change induced droughts in Narok County with KSh 177 million investment,World Vision na washirika wa KOICA kukabiliana na ukame unaosababishwa na mabadiliko ya hali ya anga katika Kaunti ya Narok kwa uwekezaji wa KSh 177 milioni.,Disaster/Health,
Nonprofit CFK Africa Raises Funds to Aid Tradesmen Displaced by Toi Market Fire in Kenya,Shirika lisilo la faida la CFK Africa Yachangisha Pesa Kuwasaidia Wafanyabiashara Waliohamishwa na Toi Market Fire nchini Kenya,Disaster/Health,
"Building on the lessons learnt from Jielimishe GEC, the overall goal of Jielimishe GEC T is to improve the life chances of girls, 2,390 in primary school and 7,730 in secondary school using a holistic approach to complete a cycle of education, transition to the next level and demonstrate learning, as well as provide alternative pathways. Besides targeting girls as direct beneficiaries, the project also targets 6,980 boys (3,190 in upper primary and 3,790 in secondary schools).","Kwa kuzingatia mafunzo yaliyopatikana kutoka kwa Jielimishe GEC, lengo la jumla la Jielimishe GEC T ni kuboresha nafasi za maisha za wasichana, 2,390 katika shule ya msingi na 7,730 katika shule ya sekondari kwa kutumia mbinu ya jumla kukamilisha mzunguko wa elimu, mpito hadi ngazi inayofuata na kuonyesha kujifunza, pamoja na kutoa njia mbadala. Kando na kulenga wasichana kama wanufaika wa moja kwa moja, mradi pia unalenga wavulana 6,980 (3,190 wa shule za msingi za juu na 3,790 katika shule za sekondari).",General,
"Kenya - Floods (media, Kenya Met Department, NOAA - CPC) (ECHO Daily Flash of 9 March 2026)","Kenya - Mafuriko (vyombo vya habari, Kenya Met Department, NOAA - CPC) (ECHO Daily Flash ya 9 Machi 2026)",Disaster/Health,
"Through this action, the KCC aims to reinforce its role as a provider of flexible, efficient humanitarian assistance, leveraging strong partnerships and coordination to maximise impact, strengthen resilience, and advance a more coherent and forward-looking response to recurrent crises in Kenya.","Kupitia hatua hii, KCC inalenga kuimarisha jukumu lake kama mtoaji wa usaidizi wa kibinadamu unaobadilika na unaofaa, kutumia ushirikiano dhabiti na uratibu ili kuongeza athari, kuimarisha uthabiti, na kuendeleza mwitikio thabiti na unaotazamia mbele zaidi kwa mizozo ya mara kwa mara nchini Kenya.",Disaster/Health,
"WHO recommends a combination prevention approach, tailored to the population and reflecting the epidemiology of the setting.","WHO inapendekeza mbinu ya kuzuia mchanganyiko, iliyoundwa kwa idadi ya watu na kuakisi ugonjwa wa mazingira.",General,
Kenya: Anticipatory Actions On Ebola Virus Disease DREF Final Report (MDRKE052),Kenya: Hatua za Kutarajia Kuhusu Ugonjwa wa Virusi vya Ebola Ripoti ya Mwisho ya DREF (MDRKE052),Health,
Kenya: Community Epidemic and Pandemic Preparedness Programme (CP3) - Qualitative KAP Survey Results,Kenya: Mpango wa Kujitayarisha kwa Janga la Jamii na Janga (CP3) - Matokeo ya Ubora ya Utafiti wa KAP,Disaster/Health,
ILO Brief - Embracing innovation and inclusion: Strengthening Kenya's beauty sector for host communities and urban refugees,Muhtasari wa ILO - Kukumbatia uvumbuzi na ujumuishaji: Kuimarisha sekta ya urembo ya Kenya kwa jamii zinazowakaribisha na wakimbizi wa mijini.,Disaster/Health,
Taita Taveta County: Drought Early Warning Bulletin for April 2024,Kaunti ya Taita Taveta: Taarifa ya Onyo la Mapema kuhusu Ukame Aprili 2024,Disaster/Health,
Strengthened access and monitoring of clean water in Gaza Province following floods,Kuimarishwa kwa upatikanaji na ufuatiliaji wa maji safi katika Mkoa wa Gaza kufuatia mafuriko,General,
"Transfer technology continuously through collaborative approach between TVET institutions and the relevant industries;Promote dignity and decency of labour, particularly manual work;","Kuhamisha teknolojia mara kwa mara kupitia mbinu shirikishi kati ya taasisi za TVET na tasnia husika;Kukuza utu na adabu ya kazi, hasa kazi ya mikono;",General,
"Looking ahead, UNDRR plans to offer continued support to Kenya's institutional DRM capacity, including by advancing its cost–benefit analysis of DRR investments.","Tukiangalia mbeleni, UNDRR inapanga kuendelea kutoa usaidizi kwa uwezo wa kitaasisi wa DRM wa Kenya, ikiwa ni pamoja na kuendeleza uchanganuzi wake wa gharama-manufaa ya uwekezaji wa DRR.",Disaster/Health,
"Elimination of MTCT of HIV is strongly supported by global commitments and the promotion of integration of prevention of MTCT interventions into maternal, newborn, child and adolescent health services, as well as strengthened health systems. In addition, improved access to sexual and reproductive health services – including preventing unintended pregnancies and screening and treatment for sexually transmitted infections in women and girls living with HIV – is being actively promoted.","Uondoaji wa MTCT ya VVU unaungwa mkono kwa nguvu na ahadi za kimataifa na kukuza ujumuishaji wa uzuiaji wa afua za MTCT katika huduma za afya ya mama, watoto wachanga, watoto na vijana, pamoja na mifumo ya afya iliyoimarishwa. Kwa kuongeza, kuboreshwa kwa upatikanaji wa huduma za afya ya ngono na uzazi - ikiwa ni pamoja na kuzuia mimba zisizotarajiwa na uchunguzi na matibabu ya magonjwa ya zinaa kwa wanawake na wasichana wanaoishi na VVU - inakuzwa kikamilifu.",General,
CS Julius Migos Ogamba reveives a gift from education officials led by basic education PS Prof. Julius Bitok,Waziri Julius Migos Ogamba akipokea zawadi kutoka kwa maafisa wa elimu wakiongozwa na Waziri wa Elimu ya Msingi Prof. Julius Bitok,General,
Laikipia County: Drought Early Warning Bulletin for January 2023,Kaunti ya Laikipia: Taarifa ya Onyo la Mapema kuhusu Ukame la Januari 2023,Disaster/Health,
Wajir County: Drought Early Warning Bulletin for May 2024,Kaunti ya Wajir: Taarifa ya Onyo la Mapema kuhusu Ukame kwa Mei 2024,Disaster/Health,
Kenya Drought Response Dashboard (August 2022),Dashibodi ya Kukabili Ukame Kenya (Agosti 2022),Disaster/Health,
Mental health leaders commit to expanding rights-based care across West and Central Africa,Viongozi wa afya ya akili wanajitolea kupanua huduma zinazozingatia haki katika Afrika Magharibi na Kati,General,
WHO Country Office Supports Ministry of Health in Pandemic Influenza Preparedness Planning,Ofisi ya Nchi ya WHO Inasaidia Wizara ya Afya katika Upangaji wa Maandalizi ya Ugonjwa wa Mafua,General,
"Kenya, Africa | Floods 2023 Operation Update (MDRKE058) (05/02/2024)","Kenya, Afrika | Sasisho la Operesheni ya Mafuriko 2023 (MDRKE058) (05/02/2024)",Disaster/Health,
"Kenya, Cash-Based Transfers on Food Security and Gender Equality: Impact Evaluation | World Food Programme","Kenya, Uhamisho wa Pesa Juu ya Usalama wa Chakula na Usawa wa Jinsia: Tathmini ya Athari | Mpango wa Chakula Duniani",Disaster/Health,
What it is like to survive female genital mutilation (FGM),Inakuwaje kunusurika ukeketaji wa wanawake (FGM),Disaster/Health,
Kitui County: Drought Early Warning Bulletin for June 2024,Kaunti ya Kitui: Taarifa ya Onyo la Mapema kuhusu Ukame kwa Juni 2024,Disaster/Health,
KEN: Epidemic - 02-2025 - Cholera Outbreak field report #3 (2025-03-27),KEN: Janga - 02-2025 - Ripoti ya eneo la Mlipuko wa Kipindupindu #3 (2025-03-27),Disaster/Health,
"The indicators for SMI align with the Inter-Agency Standing Committee's (IASC) Framework for Durable Solutions and integrates data from IOM's Displacement Tracking Matrix (DTM) to ensure a comprehensive, evidence-based approach.","Ardhi kame na nusu kame (ASAL) kaskazini mwa Kenya, haswa kaunti za Marsabit, Mandera, Wajir, Turkana na Garissa, zinaendelea kupata mahitaji ya kibinadamu ya pande nyingi zinazoendeshwa na makutano ya majanga ya hali ya hewa, mazingira magumu sugu, na kutengwa kwa kijamii na kiuchumi.",Disaster/Health,
"To end AIDS, communities mobilize to engage men and boys","Ili kukomesha UKIMWI, jamii huhamasishwa kuwashirikisha wanaume na wavulana",Disaster/Health,
Kenya Statistics Infographics | April 2026,Kenya Takwimu Infographics | Aprili 2026,Disaster/Health,
"The Ministry of Education (MOE) formulates and implements education and training policies, standards, curricula, examinations and the granting of university charters. It is also responsible for the management of universities, tertiary educational institutions and other institutions of research and higher learning and primary schools, special education, secondary schools and special education institutions.","Wizara ya Elimu (MOE) inatunga na kutekeleza sera za elimu na mafunzo, viwango, mitaala, mitihani na utoaji wa hati za vyuo vikuu. Pia inawajibika kwa usimamizi wa vyuo vikuu, taasisi za elimu ya juu na taasisi nyingine za utafiti na elimu ya juu na shule za msingi, elimu maalum, shule za sekondari na taasisi za elimu maalum.",General,
"Livelihoods, Resilience & Migration In the Context of Slow Onset Climate Change in the IGAD Region, Case Study of the Karamoja-Turkana Cross Border Area","Riziki, Ustahimilivu na Uhamiaji Katika Muktadha wa Mabadiliko ya Hali ya Hewa ya Kuanza Polepole katika Mkoa wa IGAD, Uchunguzi Kifani wa Eneo la Mpakani la Karamoja-Turkana.",Disaster/Health,
The vision for the TVET sub-sector is to provide skilled and globally competitive employable human resource,Dira ya sekta ndogo ya TVET ni kutoa rasilimali watu wenye ujuzi na ushindani wa kimataifa wanaoweza kuajiriwa.,General,
Kenya | Complex Emergency - 6 Month Operational Update - MDRKE068,Kenya | Dharura Changamano - Usasishaji wa Uendeshaji wa Miezi 6 - MDRKE068,Disaster/Health,
"Kenya Price Bulletin, October 2023","Taarifa ya Bei ya Kenya, Oktoba 2023",Disaster/Health,
"Kenya - Floods, update (UN OCHA, Reliefweb, Kenya Meteorological Department, media) (ECHO Daily Flash of 12 April 2024)","Kenya - Mafuriko, sasisho (UN OCHA, Reliefweb, Idara ya Hali ya Hewa ya Kenya, vyombo vya habari) (ECHO Daily Flash ya 12 Aprili 2024)",Disaster/Health,
Nyeri (Kieni) County: Drought Early Warning Bulletin for September 2022,Kaunti ya Nyeri (Kieni): Taarifa ya Onyo la Mapema kuhusu Ukame kwa Septemba 2022,Disaster/Health,
Kenya: Cash transfers bring relief — and goats — to drought-hit pastoralists,Kenya: Uhamisho wa fedha unaleta ahueni - na mbuzi - kwa wafugaji waliokumbwa na ukame,Disaster/Health,
Members of the task force on mental health led by Prof. Lukoye Atwoli paid a courtesy call to Uasin Gishu county CEC Evelyine Rotich before conducting public hearings at Uasin Gishu town Hall. The Taskforce also visited mental health patients at MTRH @syengomutisya @360mental,Wanachama wa jopo kazi kuhusu afya ya akili wakiongozwa na Prof. Lukoye Atwoli walimtembelea CEC wa kaunti ya Uasin Gishu Eveline Rotich kabla ya kuendesha vikao vya umma katika Ukumbi wa mji wa Uasin Gishu. Kikosi Kazi pia kilitembelea wagonjwa wa afya ya akili katika MTRH @syengomutisya @360mental,Public Health,
Special Presidential Envoy for Climate John Kerry Announces $4 Million to Address Climate Mobility in Kenya,Mjumbe Maalumu wa Rais wa Hali ya Hewa John Kerry Atangaza Dola Milioni 4 Kushughulikia Uhamaji wa Hali ya Hewa nchini Kenya,Disaster/Health,
Worsening drought in Kenya leads to increase in school dropouts,Ukame unaozidi kuwa mbaya nchini Kenya unasababisha ongezeko la wanafunzi wanaoacha shule,Disaster/Health,
"NAIROBI, Kenya— Kenya is entering a decisive moment in its response to forced displacement.","NAIROBI, Kenya- Kenya inaingia katika wakati madhubuti katika kukabiliana na kulazimishwa kuhama makazi yao.",Disaster/Health,
"(c) develop and enhance partnerships with other academic institutions (national, regional and international) to pursue academic excellence;","(c) kuendeleza na kuimarisha ushirikiano na taasisi nyingine za kitaaluma (kitaifa, kikanda na kimataifa) ili kufuata ubora wa kitaaluma;",General,
Tharaka Nithi County: Drought Early Warning Bulletin for May 2024,Kaunti ya Tharaka Nithi: Taarifa ya Onyo la Mapema kuhusu Ukame kwa Mei 2024,Disaster/Health,
"Localisation of protection programming in Garissa & Turkana, Kenya (December 2023)","Ujanibishaji wa programu za ulinzi huko Garissa & Turkana, Kenya (Desemba 2023)",Disaster/Health,
Kajiado County: Drought Early Warning Bulletin for April 2024,Kaunti ya Kajiado: Taarifa ya Onyo la Mapema kuhusu Ukame la Aprili 2024,Disaster/Health,
Leveraging new opportunities Malaria vaccination visits are also creating new opportunities for healthcare workers to see children who might not otherwise come to health centers or hospitals—and screen them for any other missed vaccinations.,Kutumia fursa mpya Ziara za chanjo ya Malaria pia zinaunda fursa mpya kwa wahudumu wa afya kuwaona watoto ambao pengine wasije kwenye vituo vya afya au hospitali—na kuwapima ili kubaini chanjo nyingine zozote walizokosa.,Health,
Early detection of TB and prompt linkage to TB treatment and ART can prevent these deaths. TB screening should be offered routinely at HIV care services and routine HIV testing should be offered to all patients with presumptive and diagnosed TB. Individuals who are diagnosed with HIV and active TB should urgently start effective TB treatment (including for multidrug-resistant TB) and ART. TB preventive therapy should be offered to all people with HIV who do not have active TB.,Kugunduliwa mapema kwa TB na kuunganishwa kwa haraka kwa matibabu ya TB na ART kunaweza kuzuia vifo hivi. Uchunguzi wa TB unapaswa kutolewa mara kwa mara katika huduma za matunzo ya VVU na upimaji wa VVU wa kawaida utolewe kwa wagonjwa wote walio na TB ya kudhaniwa na kugunduliwa. Watu ambao wamegunduliwa kuwa na VVU na TB hai wanapaswa kuanza matibabu madhubuti ya TB (pamoja na TB sugu ya dawa nyingi) na ART. Tiba ya kuzuia TB inapaswa kutolewa kwa watu wote wenye VVU ambao hawana TB hai.,General,
Turkana and Marsabit counties were identified as being at high risk due to their shared border with Ethiopia.,Kaunti za Turkana na Marsabit zilitambuliwa kuwa katika hatari kubwa kutokana na mpaka wao wa pamoja na Ethiopia.,Disaster/Health,
The New Refugee Act in Kenya and What it Means for Refugees,Sheria Mpya ya Wakimbizi nchini Kenya na Maana yake kwa Wakimbizi,Disaster/Health,
"Kenya floods: Damaged schools mean over 15,000 children will be unable to return to learning next week","Mafuriko Kenya: Shule zilizoharibiwa zinamaanisha zaidi ya watoto 15,000 hawataweza kurudi kujifunza wiki ijayo",Disaster/Health,
Addressing immediate humanitarian needs while strengthening resilience is essential to help communities withstand future shocks.,"Chini ya Rufaa ya Dharura ya Shirikisho la Kimataifa la IFRC kwa Kenya: Dharura Changamano, KRCS inatoa mwitikio ulioratibiwa, wa sekta mbalimbali unaochanganya usaidizi wa chakula, maji salama, huduma za afya na lishe, pesa taslimu na usaidizi wa kujikimu kimaisha.",Disaster/Health,
Samburu County: Drought Early Warning Bulletin for June 2024,Kaunti ya Samburu: Taarifa ya Onyo la Mapema kuhusu Ukame Juni 2024,Disaster/Health,
Horn of Africa: 600K children affected by devastating floods as torrential rains threaten further havoc,Pembe ya Afrika: Watoto 600K walioathiriwa na mafuriko makubwa huku mvua kubwa ikinyesha kutishia maafa zaidi,Disaster/Health,
Tana River County: Drought Early Warning Bulletin for June 2022,Kaunti ya Tana River: Taarifa ya Onyo la Mapema kuhusu Ukame ya Juni 2022,Disaster/Health,
WHO and Kenya hand over theatre beds and cancer equipment to strengthen maternal and women's health services,WHO na Kenya zakabidhi vitanda vya maonyesho na vifaa vya saratani ili kuimarisha huduma za afya ya uzazi na wanawake,General,
Mandera County: Drought Early Warning Bulletin for May 2022,Kaunti ya Mandera: Taarifa ya Onyo la Mapema kuhusu Ukame la Mei 2022,Disaster/Health,
"Locally Led, Adaptive Cash Assistance for Disaster-Affected Communities Across Kenya","Usaidizi wa Pesa Unaoongozwa na Nchi, Unaobadilika kwa Jamii Zilizoathiriwa na Maafa Kote Kenya.",Disaster/Health,
Kenya - Garissa County - Dadaab - Hagadera Refugee Camp Infrastructure Map (29/08/2024),Kenya - Kaunti ya Garissa - Dadaab - Ramani ya Miundombinu ya Kambi ya Wakimbizi ya Hagadera (29/08/2024),Disaster/Health,
He has repeatedly visited aid agency offices seeking answers – but often can't even gain access to the guarded compounds.,Ametembelea mara kwa mara ofisi za mashirika ya misaada kutafuta majibu - lakini mara nyingi hawezi hata kupata misombo ya ulinzi.,Disaster/Health,
"Dadaab and Kakuma Refugee Camp in Kenya | Joint Market Monitoring Initiative (JMMI) Q3 (July - September, 2024)","Kambi ya Wakimbizi ya Dadaab na Kakuma nchini Kenya | Mpango wa Pamoja wa Ufuatiliaji wa Soko (JMMI) Q3 (Julai - Septemba, 2024)",Disaster/Health,
"H.E President Uhuru Kenyatta, in 2019, took up the role of Gavi Champion in support of the Gavi replenishment. This is due to his commitment to immunization & improving the lives of children, & his leadership in the global movement for Universal Health Coverage.","Rais Uhuru Kenyatta, mnamo 2019, alichukua jukumu la Bingwa wa Gavi kuunga mkono ujanibishaji wa Gavi. Hii ni kutokana na kujitolea kwake katika chanjo na kuboresha maisha ya watoto, na uongozi wake katika vuguvugu la kimataifa la Huduma ya Afya kwa Wote.",Public Health,
"Many households rely on basic measures such as fans, drinking more water and wearing lighter clothing.","Kaya nyingi hutegemea hatua za kimsingi kama vile feni, kunywa maji zaidi na kuvaa nguo nyepesi.",Disaster/Health,
Kenya: Vaccine Shortages Endanger Children's Lives in Remote and Humanitarian Settings,Kenya: Uhaba wa Chanjo Unahatarisha Maisha ya Watoto katika Mipangilio ya Mbali na ya Kibinadamu,Disaster/Health,
"On cash transfer, the ministry prepares cash payment schedules , cash is transferred to a subsidiary bank to beneficiary's schools account , school committee manages schools accounts ,there is a special account for schools' meals only, termly allocation per school is based on verified enrollment at the end of the term ,number of school days in the term, transfer value'; per child per day rate and minus :bank account balances and food carried over stock from the previous term. Once the funds credited at school account, procurement of food commodities goes through competitive tender process, following the guidelines as advise by the ministry.","Kwenye uhamisho wa pesa taslimu, wizara huandaa ratiba za malipo ya pesa taslimu , pesa taslimu huhamishiwa kwenye benki tanzu hadi akaunti ya shule za wanufaika , kamati ya shule hudhibiti akaunti za shule , kuna akaunti maalum ya milo ya shule pekee, mgao wa kila baada ya shule unatokana na uandikishaji uliothibitishwa mwishoni mwa muhula,idadi ya siku za uhamisho wa shule; kwa kila mtoto kiwango cha siku na toa :salio la akaunti ya benki na chakula kilichobebwa kutoka kwa muda uliopita. Pesa zinapowekwa kwenye akaunti ya shule, ununuzi wa bidhaa za chakula hupitia mchakato wa ushindani wa zabuni, kwa kufuata miongozo kama inavyoshauriwa na wizara.",General,
Nyeri (Kieni) County: Drought Early Warning Bulletin for October 2022,Kaunti ya Nyeri (Kieni): Taarifa ya Onyo la Mapema kuhusu Ukame Oktoba 2022,Disaster/Health,
"Severe drought continues to affect Kenya's Arid and Semi-Arid Lands (ASAL), leaving more than 2.12 million people facing acute food insecurity. Malnutrition rates are rising, particularly among children under five and pregnant and lactating women. Despite worsening conditions and increasing humanitarian needs, theKenya Red Cross Societyis providing life-saving assistance to the most affected counties.","Ukame mkali unaendelea kuathiri Ardhi Kame na Nusu Kame nchini Kenya (ASAL), na kuacha zaidi ya watu milioni 2.12 wakikabiliwa na uhaba mkubwa wa chakula. Viwango vya utapiamlo vinaongezeka, hasa miongoni mwa watoto chini ya miaka mitano na wanawake wajawazito na wanaonyonyesha. Licha ya hali mbaya na kuongezeka kwa mahitaji ya kibinadamu, Shirika la Msalaba Mwekundu la Kenya linatoa usaidizi wa kuokoa maisha kwa kaunti zilizoathiriwa zaidi.",General,
Embu (Mbeere) County: Drought Early Warning Bulletin for June 2022,Kaunti ya Embu (Mbeere): Taarifa ya Onyo la Mapema kuhusu Ukame ya Juni 2022,Disaster/Health,
Climate Information Services and Risk-Contingent Credit: Examining the CGIAR Initiative on Climate Resilience (ClimBeR) Influence and Intervention Impact,Huduma za Taarifa za Hali ya Hewa na Mikopo ya Hatari: Kuchunguza Mpango wa CGIAR juu ya Ustahimilivu wa Hali ya Hewa (ClimBeR) Ushawishi na Athari za Kuingilia,Disaster/Health,
Refugee-led business provides clean energy to camp residents,Biashara inayoongozwa na wakimbizi hutoa nishati safi kwa wakaazi wa kambi,Disaster/Health,
"PS Amb. (Prof) Julius Bitok during inaugural Ministry of Education Conference in Naivasha, 2025","PS Amb. (Prof) Julius Bitok wakati wa uzinduzi wa Kongamano la Wizara ya Elimu mjini Naivasha, 2025",General,
Kilifi County: Drought Early Warning Bulletin for August 2023,Kaunti ya Kilifi: Taarifa ya Onyo la Mapema kuhusu Ukame kwa Agosti 2023,Disaster/Health,
Meru (Meru-North) County: Drought Early Warning Bulletin for January 2024,Kaunti ya Meru (Meru-Kaskazini): Taarifa ya Onyo la Mapema kuhusu Ukame Januari 2024,Disaster/Health,
"Kenya, Africa | El Niño Floods 2023-24 Emergency Appeal MDRKE058 (Revision # 1)","Kenya, Afrika | Mafuriko ya El Niño 2023-24 Rufaa ya Dharura MDRKE058 (Marekebisho # 1)",Disaster/Health,
Lamu County: Drought Early Warning Bulletin for July 2022,Kaunti ya Lamu: Taarifa ya Onyo la Mapema kuhusu Ukame Julai 2022,Disaster/Health,
Garissa County: Drought Early Warning Bulletin for September 2024,Kaunti ya Garissa: Taarifa ya Onyo la Mapema kuhusu Ukame kwa Septemba 2024,Disaster/Health,
"The Kenya Cash Consortium's Locally Led Multi-Purpose Cash Response to Flood Affected Communities in Kenya: Baseline, February 2024","Mwitikio wa Pesa wa Malengo Mbalimbali wa Kenya Cash Consortium kwa Jamii Zilizoathiriwa na Mafuriko nchini Kenya: Msingi, Februari 2024",Disaster/Health,
Sante planetaire et experiences vecues des femmes handicapees face aux impacts du climat sur l'equite en sante au Kenya et en Ouganda (Janvier 2026),Sante planetaire et uzoefu vecues des femmes handicapees wanakabiliwa na athari aux du climat sur l'equite en sante au Kenya et en Ouganda (Janvier 2026),Disaster/Health,
"Kenya - Landslide and floods, update (Meteo Kenya, media) (ECHO Daily Flash of 7 November 2025)","Kenya - Maporomoko ya ardhi na mafuriko, sasisho (Meteo Kenya, vyombo vya habari) (ECHO Daily Flash ya 7 Novemba 2025)",Disaster/Health,
"WFP Kenya Country Brief, April 2025","Muhtasari wa Nchi wa WFP Kenya, Aprili 2025",Disaster/Health,
Baringo County: Drought Early Warning Bulletin for July 2023,Kaunti ya Baringo: Taarifa ya Onyo la Mapema kuhusu Ukame Julai 2023,Disaster/Health,
"Section 7(1) of the Public Procurement and Asset Disposal Act 2015, (The Act) states that the National Treasury established under section 11 of the Public Finance Management Act 2012 shall be responsible for Public Procurement and Asset Disposal Policy formulation.","Kifungu cha 7(1) cha Sheria ya Manunuzi ya Umma na Uondoaji Mali ya mwaka 2015, (Sheria) kinasema Hazina ya Taifa iliyoanzishwa chini ya kifungu cha 11 cha Sheria ya Usimamizi wa Fedha za Umma ya mwaka 2012 itawajibika kutunga Sera ya Ununuzi na Usambazaji wa Mali za Umma.",Governance,
WFP and Republic of Korea boost resilience and food security for vulnerable families in Kenya,WFP na Jamhuri ya Korea huongeza ustahimilivu na usalama wa chakula kwa familia zilizo hatarini nchini Kenya,Disaster/Health,
Global growth is projected at 3.2 percent in 2024 and 3.3 percent in 2025 from 3.3 percent in 2023.,Ukuaji wa kimataifa unakadiriwa kuwa asilimia 3.2 mwaka 2024 na asilimia 3.3 mwaka 2025 kutoka asilimia 3.3 mwaka 2023.,Disaster/Health,
Geographic prioritisation in Kenya and Uganda: a power analysis of donor transition,Uwekaji kipaumbele wa kijiografia nchini Kenya na Uganda: uchanganuzi wa nguvu wa mpito wa wafadhili,Disaster/Health,
"""While the clear priority is to prevent people from starving, we must simultaneously strengthen our health response to prevent disease and save lives.","""Wakati kipaumbele cha wazi ni kuzuia watu kutoka kwa njaa, lazima wakati huo huo tuimarishe mwitikio wetu wa kiafya ili kuzuia magonjwa na kuokoa maisha.",Health,
Wajir County: Drought Early Warning Bulletin for March 2023,Kaunti ya Wajir: Taarifa ya Onyo la Mapema kuhusu Ukame kwa Machi 2023,Disaster/Health,
The school meals have contributed immensely to address the challenges affecting access to quality education in Kenya. The homegrown school meals(HGMSP) have expanded to become one of the Kenyans key flagship projects that encourage children from food insecure households to attending school regularly. The program is therefore a major education investment that has contributed to enhanced access on primary school education.,Milo ya shule imechangia pakubwa kutatua changamoto zinazoathiri upatikanaji wa elimu bora nchini Kenya. Milo ya shule ya nyumbani(HGMSP) imepanuka na kuwa mojawapo ya miradi kuu ya Wakenya inayohimiza watoto kutoka kaya zisizo na chakula kuhudhuria shule mara kwa mara. Mpango huo kwa hiyo ni uwekezaji mkubwa wa elimu ambao umechangia kuimarisha upatikanaji wa elimu ya shule ya msingi.,General,
Kilifi County: Drought Early Warning Bulletin for October 2023,Kaunti ya Kilifi: Taarifa ya Onyo la Mapema kuhusu Ukame kwa Oktoba 2023,Disaster/Health,
Isiolo County: Drought Early Warning Bulletin for March 2023,Kaunti ya Isiolo: Taarifa ya Onyo la Mapema kuhusu Ukame kwa Machi 2023,Disaster/Health,
Isiolo County: Drought Early Warning Bulletin for July 2024,Kaunti ya Isiolo: Taarifa ya Onyo la Mapema kuhusu Ukame Julai 2024,Disaster/Health,
The Shirika Plan: Kenya's bold approach for refugee integration,Mpango wa Shiŕika: Mtazamo shupavu wa Kenya wa kuwaunganisha wakimbizi,Disaster/Health,
Turkana County: Drought Early Warning Bulletin for March 2024,Kaunti ya Turkana: Taarifa ya Onyo la Mapema kuhusu Ukame kwa Machi 2024,Disaster/Health,
World Health Organization (WHO) recommends that countries ship at least 5% of their COVID-19 samples to reference sequencing laboratory or continuously produce sequencing data if they have the capacity.,Shirika la Afya Ulimwenguni (WHO) linapendekeza kwamba nchi zisafirishe angalau 5% ya sampuli zao za COVID-19 kwenye maabara ya upangaji wa marejeleo au ziendelee kutoa data ya mfuatano ikiwa zina uwezo.,Health,
"Learn how Thailand's ""Merit Maker"" DrowningPrevention strategy brought down drowning deaths in children under 15 by 67% since 2006. WorldDrowningPreventionDay",Jifunze jinsi Mbinu ya Thailand ya 'Merit Maker' ya Kuzuia Kuzama Majini ilivyopunguza vifo vya watoto chini ya miaka 15 kwa 67% tangu mwaka 2006.,Health,
Samburu County: Drought Early Warning Bulletin for October 2024,Kaunti ya Samburu: Taarifa ya Onyo la Mapema kuhusu Ukame kwa Oktoba 2024,Disaster/Health,
"The RTS,S/AS01 (RTS,S) malaria vaccine is the first vaccine recommended to prevent malaria in children.","Chanjo ya malaria ya RTS,S/AS01 (RTS,S) ni chanjo ya kwanza inayopendekezwa kuzuia malaria kwa watoto.",Health,
Turkana County: Drought Early Warning Bulletin for January 2024,Kaunti ya Turkana: Taarifa ya Onyo la Mapema kuhusu Ukame kwa Januari 2024,Disaster/Health,
Hospital care for critical illness in low-resource settings: lessons learned during the COVID-19 pandemic,Utunzaji wa hospitali kwa ugonjwa mbaya katika mipangilio ya rasilimali ya chini: masomo yaliyopatikana wakati wa janga la COVID-19,Disaster/Health,
Chronic heat's cumulative and sustained effects contribute to a significant total burden on health and society.,Madhara sugu na ya kudumu ya joto huchangia mzigo mkubwa kwa afya na jamii.,Health,
Secretary-General welcomes peaceful conduct of general elections in Kenya,Katibu Mkuu akaribisha uchaguzi mkuu wa amani nchini Kenya,Disaster/Health,
Baringo County: Drought Early Warning Bulletin for April 2024,Kaunti ya Baringo: Taarifa ya Onyo la Mapema kuhusu Ukame la Aprili 2024,Disaster/Health,
Mandera County: Drought Early Warning Bulletin for August 2024,Kaunti ya Mandera: Taarifa ya Onyo la Mapema kuhusu Ukame kwa Agosti 2024,Disaster/Health,
"Malaria can be prevented by use of mosquito nets, spraying of households with insecticide, screening windows to prevent mosquito entry, preventive medicine for pregnant women where applicable & environmental measures. #WorldMalariaDayKe #ZeroMalariaStartsWithMe #KomeshaCorona","Malaria inaweza kuzuilika kwa kutumia vyandarua, kunyunyizia kaya dawa za kuua wadudu, kuchuja madirisha ili kuzuia mbu wasiingie, dawa za kinga kwa wajawazito pale inapobidi na hatua za kimazingira. #SikuYaMalaria Duniani #ZeroMalariaInaanzaNami #KomeshaCorona",Public Health,
COVID-19 posters printed by USAID/MSP have been delivered to various counties to enhance awareness to prevent the spread of the virus #KomeshaCorona update.,Mabango ya COVID-19 yaliyochapishwa na USAID/MSP yamewasilishwa katika kaunti mbalimbali ili kuongeza uhamasishaji wa kuzuia kuenea kwa virusi vya #KomeshaCorona sasisho.,Public Health,
Laikipia County: Drought Early Warning Bulletin for March 2022,Kaunti ya Laikipia: Taarifa ya Onyo la Mapema kuhusu Ukame kwa Machi 2022,Disaster/Health,
"The Program objectives are to reduce regional disparities in learning outcomes, improve the retention of girls in upper primary education, and strengthen systems for delivering equitable education outcomes.","Malengo ya Programu ni kupunguza tofauti za kikanda katika matokeo ya kujifunza, kuboresha uhifadhi wa wasichana katika elimu ya msingi ya juu, na kuimarisha mifumo ya kutoa matokeo ya elimu sawa.",General,
Inside Kenya's Seed Control Battle: Why Smallholder Farmers Want to Share Indigenous Seeds,Ndani ya Vita vya Kudhibiti Mbegu nchini Kenya: Kwa Nini Wakulima Wadogo Wanataka Kushiriki Mbegu za Kienyeji,Disaster/Health,
"Kenya Food Security Outlook Update: Food insecurity in pastoral areas to worsen amid forecast below-average short rains, August 2025","Mtazamo wa Usalama wa Chakula Kenya: Uhaba wa chakula katika maeneo ya wafugaji unazidi kuwa mbaya huku kukiwa na utabiri wa mvua fupi za chini ya wastani, Agosti 2025",Disaster/Health,
"The 32-year-old mother of five from Gatwekera in Kibera sub-county, Nairobi County, returned home to find everything submerged, including her children's vaccination records.","Mama wa watoto watano mwenye umri wa miaka 32 kutoka Gatwekera katika kaunti ndogo ya Kibera, Kaunti ya Nairobi, alirejea nyumbani na kupata kila kitu kimezama, ikiwa ni pamoja na rekodi za chanjo za watoto wake.",Health,
Participatory planning in Kenya's drylands: The Ward Development Planning model,Upangaji shirikishi katika nchi kavu za Kenya: Muundo wa Mipango ya Maendeleo ya Kata,Disaster/Health,
Africa records over 200 000 COVID-19 cases11 June 2020,Afrika inarekodi zaidi ya kesi 200 000 za COVID-1911 Juni 2020,General,
Government publishes market price index for smallholder farmers.,Serikali huchapisha faharisi ya bei ya soko kwa wakulima wadogo.,Agriculture,
"Samburu County, Kenya - In Lolmolong village, in Samburu County in northern Kenya, Neshoo Leaungokiok laboured through the night, far from the nearest health facility.With no transport available and a six-hour journey on…","Kaunti ya Samburu, Kenya - Katika kijiji cha Lolmolong, katika Kaunti ya Samburu kaskazini mwa Kenya, Neshoo Leaungokiok alifanya kazi usiku kucha, mbali na kituo cha afya cha karibu. Bila usafiri wowote na safari ya saa sita ...",General,
Kenya Summary Report: Rapid gender and needs analysis in Kwale (November 2022),Ripoti ya Muhtasari wa Kenya: Uchambuzi wa haraka wa jinsia na mahitaji huko Kwale (Novemba 2022),Disaster/Health,
Embu (Mbeere) County: Drought Early Warning Bulletin for January 2024,Kaunti ya Embu (Mbeere): Taarifa ya Onyo la Mapema kuhusu Ukame la Januari 2024,Disaster/Health,
Sauti Trade Insights COVID-19 Bulletin Q1/Q2 2022 (July 2022),Sauti Trade Insights COVID-19 Bulletin Q1/Q2 2022 (Julai 2022),Disaster/Health,
"During self-quarantine, you are advised to stay in a separate room, disinfect surfaces & clothing, avoid sharing household items, including utensils, towels and bedding, don't receive visitors. If you need call MOH emergency teams on: 719 or 0729471414 l/0732353535 for help","Wakati wa kujiweka karantini, unashauriwa kukaa katika chumba tofauti, kuua nyuso na nguo, kuepuka kushiriki vitu vya nyumbani, ikiwa ni pamoja na vyombo, taulo na matandiko, usipokee wageni. Ukihitaji piga simu timu za dharura za MOH kwa: 719 au 0729471414 l/0732353535 kwa usaidizi",Public Health,
"Almost halfway through the project, Acted Kenya continues to deliver tailored financial literacy training to women's Self-Help Groups, each comprising about 30 to –40 members.","Takriban katikati ya mradi huu, Acted Kenya inaendelea kutoa mafunzo ya ujuzi wa kifedha kwa Vikundi vya Wanawake vya Kujisaidia, kila moja likijumuisha wanachama 30 hadi -40.",Disaster/Health,
"1.Early Childhood, Primary, Secondary, and Teacher Training Education Policy Management","1.Usimamizi wa Sera ya Elimu ya Utotoni, Msingi, Sekondari na Mafunzo ya Ualimu",General,
Brief: El Niño floods worsen humanitarian needs in Kenya (March 2024),Kwa kifupi: Mafuriko ya El Niño yanazidisha mahitaji ya kibinadamu nchini Kenya (Machi 2024),Disaster/Health,
"PART V — PREVENTION OF MONEY LAUNDERING, TERRORISM FINANCING AND PROLIFERATION FINANCING BY VIRTUAL ASSET SERVICE PROVIDER 33— Powers of relevant regulatory authority for AML/CFT/CPF purposes. 34— Penalties for violations relating to money laundering, terrorism financing.","SEHEMU YA V - KUZUIA UKATILI WA FEDHA, Ufadhili wa UGAIDI NA UFADHILI WA UENEZAJI KWA MTOA HUDUMA AINA YA MALI 33— Mamlaka ya mamlaka husika ya udhibiti kwa madhumuni ya AML/CFT/CPF. 34- Adhabu kwa ukiukaji unaohusiana na utakatishaji fedha, ufadhili wa ugaidi.",Disaster/Health,
"Over the years, the KCC has developed tools, systems and mechanisms to provide targeted and timely multi-sectoral responses based on needs prioritisation and continuous market monitoring, enabling the consortium to offer assistance to over 500,000 individuals.","Kwa miaka mingi, KCC imeunda zana, mifumo na mbinu za kutoa majibu yaliyolengwa na kwa wakati mwafaka ya sekta mbalimbali kulingana na kipaumbele cha mahitaji na ufuatiliaji endelevu wa soko, kuwezesha muungano huo kutoa usaidizi kwa zaidi ya watu 500,000.",Disaster/Health,
Isiolo County: Drought Early Warning Bulletin for September 2022,Kaunti ya Isiolo: Taarifa ya Onyo la Mapema kuhusu Ukame kwa Septemba 2022,Disaster/Health,
#KomeshaCorona Take responsibility to protect yourself and others.,#KomeshaCorona Chukua jukumu la kujilinda wewe na wengine.,Public Health,
"Legislation to ensure equity and fairness in taxation, provide tax amnesty where justified and rationalize tax expenditures that erode revenue that would otherwise be used for implementation of projects that improve the welfare of all Kenyans; and 4.","Sheria za kuhakikisha usawa na usawa katika utozaji ushuru, kutoa msamaha wa ushuru pale inapohalalishwa na kusawazisha matumizi ya ushuru ambayo yanapunguza mapato ambayo yangetumiwa kutekeleza miradi inayoboresha ustawi wa Wakenya wote; na 4.",Governance,
Kenya — Flow Monitoring Dashboard Round 4 (July-October 2025),Kenya - Dashibodi ya Ufuatiliaji wa Flow Raundi ya 4 (Julai-Oktoba 2025),Disaster/Health,
"He says the income is too little to cover food, basic needs, and the fees for five of his children who were attending Koranic school costing $35 a month.","Anasema kipato ni kidogo sana kuweza kugharamia chakula, mahitaji ya kimsingi, na ada kwa watoto wake watano waliokuwa wakisoma shule ya Kurani inayogharimu dola 35 kwa mwezi.",Education,
"By analyzing access to essential services, livelihoods, and social cohesion, the SMI identifies gaps in recovery efforts and informs targeted interventions.","Kwa kuchanganua ufikiaji wa huduma muhimu, riziki, na uwiano wa kijamii, SMI inatambua mapungufu katika juhudi za kurejesha na kuarifu afua zinazolengwa.",Disaster/Health,
CS Julius Ogamba signs Education MOU with his Denmark counterpart Christina Egelund,Waziri Julius Ogamba atia saini MOU ya Elimu na mwenzake wa Denmark Christina Egelund,General,
Kenya: Epidemic - 04-2024 - Cholera Outbreak #2 (2024-05-29),Kenya: Janga - 04-2024 - Mlipuko wa Kipindupindu #2 (2024-05-29),Disaster/Health,
Donors must urgently send funds as humanitarian situation deteriorates in Kenya,Wafadhili lazima watume fedha haraka huku hali ya kibinadamu inazidi kuzorota nchini Kenya,Disaster/Health,
"100 Christian, Muslim and Hindu religious leaders join the fight against new HIV infections, teenage pregnancies, and gender-based violence","Viongozi 100 wa dini za Kikristo, Kiislamu na Kihindu washiriki katika mapambano dhidi ya maambukizi mapya ya VVU, mimba za utotoni na ukatili wa kijinsia.",Disaster/Health,
Kenya - Garissa County - Dadaab - Dagahaley Refugee Camp - Administration Offices and Community Facilities Infrastructure - as of May 2022,Kenya - Kaunti ya Garissa - Dadaab - Kambi ya Wakimbizi ya Dagahaley - Ofisi za Utawala na Miundombinu ya Vifaa vya Jamii - hadi Mei 2022,Disaster/Health,
"WHO, UNICEF urge safe school reopening in Africa20 August 2020","WHO, UNICEF wahimiza shule zifunguliwe kwa usalama barani Afrika20 Agosti 2020",General,
Kenya: Funds to help with teacher shortage at refugee camp,Kenya: Fedha za kusaidia uhaba wa walimu katika kambi ya wakimbizi,Disaster/Health,
ILO Brief - Constructing pathways: Enhancing employment and inclusion of host communities and urban refugees in Kenya's construction sector (August 2025),Muhtasari wa ILO - Kuunda njia: Kuimarisha ajira na kujumuisha jamii zinazowakaribisha na wakimbizi wa mijini katika sekta ya ujenzi nchini Kenya (Agosti 2025),Disaster/Health,
"Kenya Refugee Response Under Strain: Funding Cuts, Differentiated Assistance, and the Rising Social Cohesion Crisis (August 2025)","Mwitikio wa Wakimbizi wa Kenya Chini ya Dhiki: Kupunguzwa kwa Ufadhili, Usaidizi Tofauti, na Kuongezeka kwa Mgogoro wa Uwiano wa Kijamii (Agosti 2025)",Disaster/Health,
The Act provides a legal foundation for disaster governance in Kenya.,Sheria inatoa msingi wa kisheria wa udhibiti wa majanga nchini Kenya.,Disaster/Health,
"In Kenya, the project is implemented within 9 communities in West Pokot and Turkana Counties, building on the progress created with women's groups supported under an earlier agriculture and livelihoods project, THRIVE.","Nchini Kenya, mradi huu unatekelezwa ndani ya jamii 9 katika Kaunti za Pokot Magharibi na Turkana, kwa kuzingatia maendeleo yaliyoundwa na vikundi vya wanawake vilivyoungwa mkono chini ya mradi wa awali wa kilimo na maisha, THRIVE.",Disaster/Health,
GIEWS Country Brief: Kenya 12-June-2023,GIEWS Muhtasari wa Nchi: Kenya 12-Juni-2023,Disaster/Health,
Baringo County: Drought Early Warning Bulletin for March 2024,Kaunti ya Baringo: Taarifa ya Onyo la Mapema kuhusu Ukame kwa Machi 2024,Disaster/Health,
MSF: Test and treat approach: How communities lead in malaria treatment,MSF: Mbinu ya kupima na kutibu: Jinsi jamii zinavyoongoza katika matibabu ya malaria,Health,
"WFP Kenya Country Brief, November 2024","Muhtasari wa Nchi wa WFP Kenya, Novemba 2024",Disaster/Health,
Inclusive public participation and equitable resource allocation in Kenya: Lessons from Isiolo and Makueni,Ushirikishwaji wa umma na mgao sawa wa rasilimali nchini Kenya: Masomo kutoka Isiolo na Makueni.,Disaster/Health,
"The call centre that we are launching today, will act as a medium between National Nurses Association of Kenya (NNAK) leadership, & their members countrywide; Dr. Mercy Mwangangi, CAS Health.","Kituo cha simu tunachozindua leo, kitafanya kazi kama chombo kati ya uongozi wa Chama cha Kitaifa cha Wauguzi Kenya (NNAK), na wanachama wao kote nchini; Dkt. Mercy Mwangangi, CAS Afya.",Public Health,
Lamu County: Drought Early Warning Bulletin for March 2022,Kaunti ya Lamu: Taarifa ya Onyo la Mapema kuhusu Ukame kwa Machi 2022,Disaster/Health,
Kenya launches 'Early Warnings for All' initiative to enhance disaster preparedness,Kenya inazindua mpango wa 'Tahadhari za Mapema kwa Wote' ili kuimarisha kujitayarisha kwa majanga,Disaster/Health,
"Over the past week, KUCCPS has conducted career sensitisation forums in Bungoma County, in collaboration with Bungoma County Directorate of Education. The activities were held across six sub-counties of Tongaren, Bungoma North, Bungoma East, Mt. Elgon, Kopsiro, and Cheptais,","Katika wiki iliyopita, KUCCPS imeendesha mikutano ya ushauri wa taaluma katika Kaunti ya Bungoma ikishirikiana na Kurugenzi ya Elimu ya Kaunti.",Education,
"WFP Kenya Country Brief, April 2022","Muhtasari wa Nchi wa WFP Kenya, Aprili 2022",Disaster/Health,
Media Advisory - UNDP Kenya in collaboration with the National Treasury and Planning will host the launch of the Global Human Development Report 2023/2024 - Breaking the Gridlock: Reimagining Cooperation in a Polarized World,Ushauri wa Vyombo vya Habari - UNDP Kenya kwa ushirikiano na Hazina ya Kitaifa na Mipango itakuwa mwenyeji wa uzinduzi wa Ripoti ya Maendeleo ya Binadamu Duniani 2023/2024 - Breaking the Gridlock: Reimagining Cooperation in a Polarized World,Disaster/Health,
Isiolo County: Drought Early Warning Bulletin for August 2023,Kaunti ya Isiolo: Taarifa ya Onyo la Mapema kuhusu Ukame kwa Agosti 2023,Disaster/Health,
"Climate shocks, including recurring droughts and floods, are intensifying existing vulnerabilities and eroding household resilience.","Matukio ya hali ya hewa, ikiwa ni pamoja na ukame na mafuriko ya mara kwa mara, yanazidisha udhaifu uliopo na kumomonyoa ustahimilivu wa kaya.",Disaster/Health,
Isiolo County: Drought Early Warning Bulletin for February 2023,Kaunti ya Isiolo: Taarifa ya Onyo la Mapema kuhusu Ukame kwa Februari 2023,Disaster/Health,
Parents and Communities whose aspirations will be met through greater information and enhanced voice in school management for improving quality of education,Wazazi na Jamii ambao matarajio yao yatatimizwa kupitia taarifa zaidi na sauti iliyoimarishwa katika usimamizi wa shule ili kuboresha ubora wa elimu.,General,
REPORT CORRUPTION IN THE PLACEMENT OF GRADE 10 LEARNERS IN SENIOR SCHOOL,RIPOTI RUSHWA KATIKA UWEKEZAJI WA WANAFUNZI WA DARASA LA 10 KATIKA SHULE YA WAKUU,General,
Kenya Crisis Response Plan 2024,Mpango wa Kukabiliana na Mgogoro wa Kenya 2024,Disaster/Health,
Taita Taveta County: Drought Early Warning Bulletin for February 2023,Kaunti ya Taita Taveta: Taarifa ya Onyo la Mapema kuhusu Ukame kwa Februari 2023,Disaster/Health,
Kitui County: Drought Early Warning Bulletin for June 2023,Kaunti ya Kitui: Taarifa ya Onyo la Mapema kuhusu Ukame kwa Juni 2023,Disaster/Health,
Narok County: Drought Early Warning Bulletin for October 2024,Kaunti ya Narok: Taarifa ya Onyo la Mapema kuhusu Ukame kwa Oktoba 2024,Disaster/Health,
"In 2026, the KCC, with support from the European Commission (DG ECHO), is implementing an action focused on providing Multipurpose Cash Assistance (MPCA) to crisis–affected communities across Kenya.","Mnamo 2026, KCC, kwa usaidizi wa Tume ya Ulaya (DG ECHO), inatekeleza hatua inayolenga kutoa Msaada wa Pesa Madhumuni (MPCA) kwa jamii zilizoathiriwa na shida kote nchini Kenya.",Disaster/Health,
Adoption of electronic medical records for chronic disease care in Kenyan refugee camps,Kupitishwa kwa rekodi za matibabu za kielektroniki za utunzaji wa magonjwa sugu katika kambi za wakimbizi za Kenya,Disaster/Health,
Taita Taveta County: Drought Early Warning Bulletin for April 2023,Kaunti ya Taita Taveta: Taarifa ya Onyo la Mapema kuhusu Ukame Aprili 2023,Disaster/Health,
"Mobility Matters: The Benefits of Pastoralist Mobility for Nutrition in Marsabit and Isiolo Counties, Kenya","Mambo ya Uhamaji: Manufaa ya Wafugaji Kuhama kwa Lishe katika Kaunti za Marsabit na Isiolo, Kenya.",Disaster/Health,
Wajir County: Drought Early Warning Bulletin for March 2024,Kaunti ya Wajir: Taarifa ya Onyo la Mapema kuhusu Ukame kwa Machi 2024,Disaster/Health,
"Field updates fromMandera countyillustrate this integrated approach: after mass livestock deaths were recorded inRhamu(Chabii Barr), KRCS rapidly delivered28,000 litresof safe water alongside medical outreach for vulnerable households.","Taarifa za uga kutoka kaunti ya Mandera zinaonyesha mbinu hii iliyounganishwa: baada ya vifo vingi vya mifugo kurekodiwa katika Rhamu(Chabii Barr), KRCS iliwasilisha kwa haraka lita 28,000 za maji salama pamoja na huduma za matibabu kwa kaya zilizo hatarini.",Health,
Beware of emails pretending to be from banks asking for account verification.,Jihadhari na barua pepe zinazojifanya kuwa zinatoka benki zinazoomba uthibitishaji wa akaunti.,Security,
"Through humanitarian diplomacy, engagement, and operational support, our efforts remained focused on protecting dignity, strengthening respect for International Humanitarian Law, and responding to the evolving needs of people affected by conflict and violence across the region.","Kupitia diplomasia ya kibinadamu, ushirikishwaji, na usaidizi wa kiutendaji, juhudi zetu zilibaki zikilenga katika kulinda utu, kuimarisha heshima kwa Sheria ya Kimataifa ya Kibinadamu, na kujibu mahitaji yanayoendelea ya watu walioathiriwa na migogoro na vurugu katika eneo lote.",Security,
Lessons from refugee inclusion in the National Hospital Insurance Fund (NHIF) - 05 April 2022,Masomo kutokana na kujumuishwa kwa wakimbizi katika Mfuko wa Kitaifa wa Bima ya Hospitali (NHIF) - 05 Aprili 2022,Disaster/Health,
"Today, we are celebrating our partnership with @gavi , the global vaccine alliance, founded in the year 2000, to bring together public & private sectors globally to improve access to new vaccines for children in developing countries. #KomeshaCorona update.","Leo, tunasherehekea ushirikiano wetu na @gavi , muungano wa kimataifa wa chanjo, ulioanzishwa mwaka wa 2000, ili kuleta pamoja sekta za umma na za kibinafsi duniani kote ili kuboresha upatikanaji wa chanjo mpya kwa watoto katika nchi zinazoendelea. #KomeshaCorona sasisho.",Public Health,
Kenya - Turkana County -Turkana Central Subcounty Infrastructure Map (29/08/2024),Kenya - Kaunti ya Turkana -Ramani ya Miundombinu ya Kaunti Ndogo ya Turkana (29/08/2024),Disaster/Health,
Tana River County: Drought Early Warning Bulletin for March 2023,Kaunti ya Tana River: Taarifa ya Onyo la Mapema kuhusu Ukame kwa Machi 2023,Disaster/Health,
Wajir County: Drought Early Warning Bulletin for June 2022,Kaunti ya Wajir: Taarifa ya Onyo la Mapema kuhusu Ukame kwa Juni 2022,Disaster/Health,
"In far-flung counties like Samburu, Wajir, Lamu and others where distance from a health facility or other essential services was a great barrier, enabled health teams were pleasantly surprised by the readiness for vaccination.","Katika kaunti za mbali kama Samburu, Wajir, Lamu na zingine ambapo umbali kutoka kwa kituo cha afya au huduma zingine muhimu ulikuwa kizuizi kikubwa, timu za afya zilizowezeshwa zilishangazwa sana na utayari wa chanjo.",Health,
National Drought Early Warning Bulletin (November 2023),Taarifa ya Tahadhari ya Mapema ya Kitaifa (Novemba 2023),Disaster/Health,
"Recent reductions in humanitarian assistance, including food ration cuts and differentiated assistance approaches based on household vulnerability status, are likely to have significant implications for food consumption, indebtedness, coping strategies, social cohesion, and overall household well-being.","Kupungua kwa hivi majuzi kwa usaidizi wa kibinadamu, ikiwa ni pamoja na kupunguzwa kwa mgao wa chakula na mbinu tofauti za usaidizi kulingana na hali ya hatari ya kaya, kuna uwezekano wa kuwa na athari kubwa kwa matumizi ya chakula, madeni, mikakati ya kukabiliana, uwiano wa kijamii, na ustawi wa kaya kwa ujumla.",Disaster/Health,
#KomeshaCorona disease from spreading - clean and disinfects surfaces and objects around you to prevent #COVID19 @RedCrossKe @Amref_Kenya @KenyaGovernors @SpokespersonGoK @PSofKenya @KenyaMedics_KMA @KNH_hospital @CDCKenya @UNICEFKenya @ppbkenya @PDUDelivery @Kmtc_official,Ugonjwa wa #KomeshaCorona usisambae - safisha na kuua nyuso na vitu vilivyo karibu nawe ili kuzuia #COVID19 @RedCrossKe @Amref_Kenya @KenyaGovernors @SpokespersonGoK @PSofKenya @KenyaMedics_KMA @KNH_hospital @CDCCa @UNICEFKenya @ppbkenya @PDUDeliveryoff @PUDeliveryoff @,Public Health,
Facilitating intra- and inter-community dialogue in Mandera to cease hostilities,Kuwezesha mazungumzo ya ndani na baina ya jamii huko Mandera ili kukomesha uhasama,Disaster/Health,
Baringo County: Drought Early Warning Bulletin for May 2024,Kaunti ya Baringo: Taarifa ya Onyo la Mapema kuhusu Ukame la Mei 2024,Disaster/Health,
More than 10 countries in Africa report COVID-19 cases12 March 2020,Zaidi ya nchi 10 barani Afrika zimeripoti kesi za COVID-1912 Machi 2020,General,
"WFP Kenya Country Brief, March 2025","Muhtasari wa Nchi wa WFP wa Kenya, Machi 2025",Disaster/Health,
Meru (Meru-North) County: Drought Early Warning Bulletin for April 2024,Kaunti ya Meru (Meru-Kaskazini): Taarifa ya Onyo la Mapema kuhusu Ukame Aprili 2024,Disaster/Health,
"Smartphone adoption among traders in Kenya and Uganda, March 2022","Kupitishwa kwa simu mahiri miongoni mwa wafanyabiashara nchini Kenya na Uganda, Machi 2022",Disaster/Health,
Kenya: Drought - County Boundaries (14 Apr 2023),Kenya: Ukame - Mipaka ya Kaunti (14 Apr 2023),Disaster/Health,
"OPENING REMARKS BY MINISTER FOR EDUCATION DR. J.G. KIANO, EGH, PHD, DURING THE SECOND CONFERENCE ON TEACHER EDUCATION IN 6TH MAY, 1968","HOTUBA YA UFUNGUZI WA WAZIRI WA ELIMU DKT. J.G. KIANO, EGH, PHD, WAKATI WA MKUTANO WA PILI WA ELIMU YA UALIMU TAREHE 6 MEI, 1968.",General,
Kenya - Garissa County - Dadaab - Ifo & Ifo 2 Refugee Camps Infrastructure Map (29/08/2024),Kenya - Kaunti ya Garissa - Dadaab - Ifo & Ifo 2 Ramani ya Miundombinu ya Kambi za Wakimbizi (29/08/2024),Disaster/Health,
The three centers in Kenya are among24 Africa Centers of Excellence (ACE) funded up to US$6 million over the project period. The objective of the ACE II project is to strengthen selected Eastern and Southern Africa higher education institutions to deliver quality postgraduate education and build collaborative research capacity in the regional priority areas.,Vituo hivyo vitatu nchini Kenya ni miongoni mwa Vituo 24 vya Ubora wa Afrika (ACE) vilivyofadhiliwa hadi Dola za Marekani milioni 6 katika kipindi cha mradi. Madhumuni ya mradi wa ACE II ni kuimarisha taasisi za elimu ya juu zilizochaguliwa za Mashariki na Kusini mwa Afrika ili kutoa elimu bora ya uzamili na kujenga uwezo wa shirikishi wa utafiti katika maeneo ya kipaumbele ya kikanda.,General,
"These numbers show that it is only a matter of time before all the counties record a COVID-19 case. Let us not panic but rather strictly adhere to the containment measures, to prevent widespread infections within the counties. #KomeshaCorona update.","Nambari hizi zinaonyesha kuwa ni suala la muda tu kabla ya kaunti zote kurekodi kisa cha COVID-19. Wacha tusiwe na hofu bali tufuate kabisa hatua za kuzuia, ili kuzuia maambukizo yaliyoenea katika kaunti. #KomeshaCorona sasisho.",Public Health,
Child protection in emergencies: Operational guidelines for child protection practitioners in Kenya 2023,Ulinzi wa mtoto katika dharura: Miongozo ya uendeshaji kwa wahudumu wa ulinzi wa watoto nchini Kenya 2023,Disaster/Health,
Kenya Multi-sector Needs Assessment (MSNA): Refugee Households | June 2025,Tathmini ya Mahitaji ya Sekta Mbalimbali ya Kenya (MSNA): Kaya za Wakimbizi | Juni 2025,Disaster/Health,
Garissa County: Drought Early Warning Bulletin for March 2024,Kaunti ya Garissa: Taarifa ya Onyo la Mapema kuhusu Ukame kwa Machi 2024,Disaster/Health,
"Countries such as Botswana have achieved positive results by strengthening community structures that help to mobilize citizens, identify health problems at an early stage, and strengthen the link between communities and the health system. Consequently, the National Workshop on Health Communication can go beyond a one-off initiative; it can be scaled up and represent a significant shift in the way we think about public health in Angola, moving away from viewing communication merely as a means of dissemination and transforming it into a tool for participation, prevention, and building trust.","Nchi kama vile Botswana zimepata matokeo chanya kwa kuimarisha miundo ya jumuiya inayosaidia kuhamasisha wananchi, kutambua matatizo ya afya katika hatua za awali, na kuimarisha uhusiano kati ya jamii na mfumo wa afya. Kwa hivyo, Warsha ya Kitaifa ya Mawasiliano ya Afya inaweza kwenda zaidi ya mpango wa mara moja; inaweza kukuzwa na kuwakilisha mabadiliko makubwa katika namna tunavyofikiri kuhusu afya ya umma nchini Angola, tukiacha kutazama mawasiliano kama njia ya kueneza tu na kuyageuza kuwa chombo cha ushiriki, kuzuia, na kujenga uaminifu.",General,
Kwale County: Drought Early Warning Bulletin for June 2023,Kaunti ya Kwale: Taarifa ya Onyo la Mapema kuhusu Ukame kwa Juni 2023,Disaster/Health,
West Pokot: Drought Early Warning Bulletin for May 2022,Pokot Magharibi: Taarifa ya Onyo la Mapema kuhusu Ukame kwa Mei 2022,Disaster/Health,
National Drought Early Warning Bulletin (April 2023),Taarifa ya Tahadhari ya Mapema ya Kitaifa (Aprili 2023),Disaster/Health,
Survivors demand justice for digital gender-based violence,Walionusurika wanadai haki kwa unyanyasaji wa kijinsia wa kidijitali,Disaster/Health,
"A Desperate Need for Water for Refugees in Turkana, Kenya","Uhitaji Mkubwa wa Maji kwa Wakimbizi huko Turkana, Kenya",Disaster/Health,
Kenya Inter-Agency Rapid Assessment (KIRA): Wajir County Floods Assessment Report 28th March – 2nd April 2023,Tathmini ya Haraka ya Mashirika ya Kenya (KIRA): Ripoti ya Tathmini ya Mafuriko ya Kaunti ya Wajir Machi 28 - 2 Aprili 2023,Disaster/Health,
Kenya: Registered refugees and asylum-seekers (as of 31 March 2022),Kenya: Wakimbizi waliosajiliwa na wanaotafuta hifadhi (kuanzia tarehe 31 Machi 2022),Disaster/Health,
"It should be noted that about a quarter of all the HPV-positive women were not triaged, and therefore an effective fail-safe mechanism to track and trace such women is necessary.","Ikumbukwe kwamba takriban robo ya wanawake wote walio na HPV hawakufanyiwa vipimo, na kwa hivyo utaratibu madhubuti wa kushindwa kuwafuatilia na kuwafuatilia wanawake kama hao ni muhimu.",Health,
"Africa CDC Epidemic Intelligence Weekly Report, 03 February 2025","Ripoti ya Kila Wiki ya Ujasusi wa Mlipuko wa Afrika CDC, 03 Februari 2025",Disaster/Health,
ACAPS Briefing note - Kenya: Flooding in eastern and northern counties (16 November 2023),Ujumbe mfupi wa ACPS - Kenya: Mafuriko katika kaunti za mashariki na kaskazini (16 Novemba 2023),Disaster/Health,
Recover learning! Join remedial classes after floods.,Pata nafuu ya kujifunza! Jiunge na madarasa ya tiba baada ya mafuriko.,Education,
Crisis response reveals governance differences in Kenya,Mwitikio wa migogoro unaonyesha tofauti za utawala nchini Kenya,Disaster/Health,
"Every member is expected to abide by the tenets of the membership policy, which provide a framework for fostering a strong sense of community and high standards of conduct. By enrolling as a member of the Kenya Red Cross, you will not only be joining a reputable organisation, but you will also be part of a team that is dedicated to bringing positive change to the lives of those in need.","Kila mwanachama anatarajiwa kutii kanuni za sera ya uanachama, ambayo hutoa mfumo wa kukuza hisia kali za jumuiya na viwango vya juu vya maadili. Kwa kujiandikisha kama mwanachama wa Msalaba Mwekundu wa Kenya, hautakuwa tu unajiunga na shirika linaloheshimika, lakini pia utakuwa sehemu ya timu ambayo imejitolea kuleta mabadiliko chanya kwa maisha ya wale wanaohitaji.",General,
West Pokot: Drought Early Warning Bulletin for March 2023,Pokot Magharibi: Taarifa ya Onyo la Mapema kuhusu Ukame kwa Machi 2023,Disaster/Health,
A contextual analysis of Kenya's food system and policy environment,Uchambuzi wa muktadha wa mfumo wa chakula wa Kenya na mazingira ya sera,Disaster/Health,
"The Kenya National Drought Management Authority (NDMA) classified both counties among the hardest-hit regions in Kenya, with severe food and water shortages exacerbating the crisis.","Mamlaka ya Kitaifa ya Kukabiliana na Ukame nchini (NDMA) iliainisha kaunti zote mbili miongoni mwa mikoa iliyoathirika zaidi nchini Kenya, huku uhaba mkubwa wa chakula na maji ukizidisha mgogoro huo.",Disaster/Health,
I appeal to those in quarantined facilities to keep physical distance. #KomeshaCorona,Ninatoa wito kwa wale walio katika vituo vilivyowekwa karantini kuweka umbali wa kimwili. #KomeshaCorona,Public Health,
"COVID-19 halting crucial mental health services in Africa, WHO survey08 October 2020","COVID-19 inasimamisha huduma muhimu za afya ya akili barani Afrika, utafiti wa WHO08 Oktoba 2020",General,
"REMARKS BY CABINET SECRETARY, HON. EZEKIEL MACHOGU, CABINET SECRETARY FOR EDUCATION ON THE STATUS OF THE IMPLEMENTATION OF THE RECOMMENDATIONS OF THE PRESIDENTIAL WORKING PARTY ON EDUCATION REFORMS","MAONI YA KATIBU WA BARAZA LA MAWAZIRI, MHE. EZEKIEL MACHOGU, KATIBU WA BARAZA LA MAWAZIRI ELIMU JUU YA HALI YA UTEKELEZAJI WA MAPENDEKEZO YA CHAMA KAZI CHA RAIS KUHUSU MABADILIKO YA ELIMU.",General,
Kenya: Registered refugees and asylum-seekers (as of 28 February 2025),Kenya: Wakimbizi waliosajiliwa na wanaotafuta hifadhi (tangu 28 Februari 2025),Disaster/Health,
"Coupled with a reduction in the use of emergency coping strategies, these trends suggest that the assistance helped ease immediate financial pressures and reduce reliance on negative coping.","Sambamba na kupunguzwa kwa utumiaji wa mikakati ya kukabiliana na hali ya dharura, mienendo hii inapendekeza kwamba usaidizi ulisaidia kupunguza shinikizo la haraka la kifedha na kupunguza utegemezi wa kukabiliana na hali mbaya.",Disaster/Health,
Kenya: Heavy Rains and Flooding Update - Flash Update #2 (19 April 2024),Kenya: Mvua Kubwa na Taarifa ya Mafuriko - Sasisho la Flash #2 (19 Aprili 2024),Disaster/Health,
"The youth are our center of the fight against this disease. It is a journey that requires the youth to take responsibility, Observe and be part of the solution to fight CoVid 19 and ensure physical distance is being observed... #KomeshaCorona","Vijana ndio kitovu chetu cha mapambano dhidi ya ugonjwa huu. Ni safari inayohitaji vijana kuwajibika, Kuzingatia na kuwa sehemu ya suluhisho la kupambana na Covid 19 na kuhakikisha umbali wa mwili unazingatiwa... #KomeshaCorona",Public Health,
Kenya and Uganda: Impact of Climate Hazards on Livelihoods and Access to Services Among Refugees and Host Communities (November 2025),Kenya na Uganda: Athari za Hatari za Hali ya Hewa kwa Maisha na Upatikanaji wa Huduma Miongoni mwa Wakimbizi na Jumuiya zinazowapokea (Novemba 2025),Disaster/Health,
Closing the Climate Information Gap,Kuziba Pengo la Taarifa za Hali ya Hewa,Disaster/Health,
Kenya FY 2025 Country Roadmap,Ramani ya Nchi ya Kenya FY 2025,Disaster/Health,
"I Choose Life-Africa's Jielimishe Girls' Education Challenge (GEC) Project is targeting to improve life chances of 10,123 marginalised girls and 6,890 boys from communities in Laikipia, Meru and Mombasa Counties. The five (5) year project, funded by the UK Government through the Department for International Development (DfID) will run from April 2017 to March 2022.","Mradi wa I Choose Life-Africa's Jielimishe Girls' Education Challenge (GEC) unalenga kuboresha nafasi za maisha za wasichana 10,123 waliotengwa na wavulana 6,890 kutoka kwa jamii katika Kaunti za Laikipia, Meru na Mombasa. Mradi huo wa miaka mitano (5), unaofadhiliwa na Serikali ya Uingereza kupitia Idara ya Maendeleo ya Kimataifa (DfID) utaanza Aprili 2017 hadi Machi 2022.",General,
United Nations and partners call for $472.6 million to respond in 2023 as the drought in Kenya deepens,Umoja wa Mataifa na washirika watoa wito wa dola milioni 472.6 kujibu mwaka wa 2023 huku ukame ukizidi kuongezeka nchini Kenya.,Disaster/Health,
Mandera County: Drought Early Warning Bulletin for May 2023,Kaunti ya Mandera: Taarifa ya Onyo la Mapema kuhusu Ukame la Mei 2023,Disaster/Health,
India to send US$ 1 million flood relief assistance to Kenya,India kutuma msaada wa dola za Marekani milioni 1 wa misaada ya mafuriko nchini Kenya,Disaster/Health,
"This Mwananchi Guide therefore, seeks to disseminate information on the Budget for the FY 2024/25 to all segments of the society.","Mwongozo huu wa Mwananchi kwa hiyo, unalenga kusambaza taarifa za Bajeti ya Mwaka wa Fedha wa 2024/2025 kwa makundi yote ya jamii.",Governance,
"I am grateful to have delivered safely and to have a healthy baby,"" says Leaungokiok, cradling her daughter.","Ninashukuru kujifungua salama na kupata mtoto mwenye afya njema,"" anasema Leaungokiok, akimkumbatia bintiye.",Health,
"The Hanaano programme is part of Ireland's contribution to the Global Action Plan (GAP) on Child Wasting, a collaborative initiative aimed at addressing and reducing child wasting globally.","Mpango wa Hanaano ni sehemu ya mchango wa Ireland katika Mpango wa Utekelezaji wa Kimataifa (GAP) kuhusu Upotevu wa Mtoto, mpango shirikishi unaolenga kushughulikia na kupunguza upotevu wa watoto duniani kote.",Disaster/Health,
Nyeri (Kieni) County: Drought Early Warning Bulletin for March 2022,Kaunti ya Nyeri (Kieni): Taarifa ya Onyo la Mapema kuhusu Ukame Machi 2022,Disaster/Health,
Kenya: Registered refugees and asylum-seekers (as of 31 January 2025),Kenya: Wakimbizi waliosajiliwa na wanaotafuta hifadhi (kuanzia tarehe 31 Januari 2025),Disaster/Health,
Kenya Drought Response Dashboard (May 2022),Dashibodi ya Kukabiliana na Ukame Kenya (Mei 2022),Disaster/Health,
Marsabit County: Drought Early Warning Bulletin for April 2024,Kaunti ya Marsabit: Taarifa ya Onyo la Mapema kuhusu Ukame kwa Aprili 2024,Disaster/Health,
"Kenya, WHO launch bold initiative to transform Africa's health emergency response","Kenya, WHO yazindua mpango wa kijasiri wa kubadilisha majibu ya dharura ya kiafya barani Afrika",Disaster/Health,
Rapport sur les tendances infodémiques de l'AIRA du 3 au 10 Octobre 2023 (Rapport hebdomadaire n°92),Rapport sur les tendances infodémiques de l'AIRA du 3 au 10 Oktoba 2023 (Rapport hebdomadaire n°92),Disaster/Health,
"The Emergency Hub will also oversee a variety of sub-regional activities in Eastern Africa, including maintaining stockpiles of medical and logistical supplies and stationing WHO staff to ensure quick deployment during emergencies.","Kituo cha Dharura pia kitasimamia shughuli mbalimbali za kanda ndogo katika Afrika Mashariki, ikiwa ni pamoja na kutunza akiba ya vifaa vya matibabu na vifaa na kuweka vituo vya wafanyakazi wa WHO ili kuhakikisha kupelekwa kwa haraka wakati wa dharura.",Health,
Kenya: Heavy Rains and Flooding Update - Flash Update #1 (11 April 2024),Kenya: Mvua Kubwa na Taarifa ya Mafuriko - Sasisho la Flash #1 (11 Aprili 2024),Disaster/Health,
UNICEF Kenya Humanitarian Situation Report No. 8 - End-of-Year 2023,Ripoti ya Hali ya Kibinadamu ya UNICEF Kenya Nambari 8 - Mwisho wa Mwaka 2023,Disaster/Health,
"Kenya, Africa | Complex Emergency - Operational Update #1 (MDRKE068)","Kenya, Afrika | Dharura Changamano - Sasisho la Uendeshaji #1 (MDRKE068)",Disaster/Health,
Provide increased training opportunities for the increasing school leavers and other trainees to increase employability;Provide continuous upgrading of skills and knowledge at the pace and ability of the trainees;,Kuongeza fursa za mafunzo kwa wanaoongezeka wanaomaliza shule na washiriki wengine waliofunzwa ili kuongeza uwezo wa kuajiriwa; Kutoa uboreshaji endelevu wa ujuzi na maarifa kwa kasi na uwezo wa wafunzwa;,General,
"By contrast, in drought-affected northeastern areas, prices decreased more sharply reflecting the substantial deterioration of animal body condition.","Kinyume chake, katika maeneo ya kaskazini-mashariki yaliyoathiriwa na ukame, bei ilipungua kwa kasi zaidi ikionyesha kuzorota kwa hali ya mwili wa wanyama.",Disaster/Health,
Wajir County: Drought Early Warning Bulletin for February 2024,Kaunti ya Wajir: Taarifa ya Onyo la Mapema kuhusu Ukame kwa Februari 2024,Disaster/Health,
"Nawiri Briefing Paper: Livelihoods Change, Drought, and Malnutrition in Illeret, Northern Kenya","Karatasi Muhtasari ya Nawiri: Maisha Yabadilika, Ukame, na Utapiamlo huko Illeret, Kaskazini mwa Kenya.",Disaster/Health,
"Kenya, Djibouti & Tanzania: Facts & Figures January - December 2022","Kenya, Djibouti na Tanzania: Ukweli na Takwimu Januari - Desemba 2022",Disaster/Health,
Kenya: Cholera Outbreak - DREF Final Report (MDRKE054),Kenya: Mlipuko wa Kipindupindu - Ripoti ya Mwisho ya DREF (MDRKE054),Disaster/Health,
"Educational challenges in refugee camps in Turkana County, Kenya: a brief literature review","Changamoto za elimu katika kambi za wakimbizi katika Kaunti ya Turkana, Kenya: mapitio mafupi ya fasihi",Disaster/Health,
Health Cabinet Secretary Mutahi Kagwe today met with Kenya High Commissioner to United Republic of Tanzania Ambassador Dan Kasungu who paid him a courtesy call at his Afya house office @DanMKazungu,Katibu wa Baraza la Mawaziri wa Afya Mutahi Kagwe leo amekutana na Kamishna Mkuu wa Kenya katika Jamhuri ya Muungano wa Tanzania Balozi Dan Kasungu ambaye alimtembelea katika ofisi yake ya Afya house @DanMKazungu,Public Health,
"Climate change and education in Turkana, Kenya","Mabadiliko ya hali ya hewa na elimu huko Turkana, Kenya",Disaster/Health,
Taita Taveta County: Drought Early Warning Bulletin for September 2024,Kaunti ya Taita Taveta: Taarifa ya Onyo la Mapema kuhusu Ukame kwa Septemba 2024,Disaster/Health,
"Brazzaville – Mohamed arrives at Moungali Health Centre in northern Brazzaville carrying his ten-day-old son, Petito, in his arms. On this particular morning, he is the one bringing his child for vaccination. ""His mother…","Brazzaville – Mohamed anawasili katika Kituo cha Afya cha Moungali kaskazini mwa Brazzaville akiwa amembeba mtoto wake wa kiume wa siku kumi, Petito, mikononi mwake. Asubuhi hii, yeye ndiye anayeleta mtoto wake kwa chanjo. ""Mama yake…",General,
"To date,5,400 householdshave received emergency cash transfers under the drought portfolio.","Kati ya 2020 na 2024, kaunti za Wajir na Mandera zilikabiliwa na ongezeko la watu waliohama kutokana na ukame wa muda mrefu na mafuriko yaliyofuata.",Disaster/Health,
The Salvation Army responds to major drought in Kenya,Jeshi la Wokovu lakabiliana na ukame mkubwa nchini Kenya,Disaster/Health,
"Employers are encouraged to advise, their staff & general public accessing their workplaces, to adhere to the laid down containment measures of hand washing, keeping social & physical distance, observing cough etiquette, avoiding face touching, & proper use of face mask.","Waajiri wanahimizwa kushauri, wafanyakazi wao na umma kwa ujumla kufikia maeneo yao ya kazi, kuzingatia hatua zilizowekwa za kuzuia mikono, kuweka umbali wa kijamii na kimwili, kuzingatia adabu za kikohozi, kuepuka kugusa uso, na matumizi sahihi ya barakoa.",Public Health,
"""Let's close the care gap and ensure every birth is safe and supported."" Dr.","""Hebu tuzibe pengo la utunzaji na kuhakikisha kila kuzaliwa ni salama na kuungwa mkono."" Dk.",Health,
Marsabit County: Drought Early Warning Bulletin for October 2022,Kaunti ya Marsabit: Taarifa ya Onyo la Mapema kuhusu Ukame kwa Oktoba 2022,Disaster/Health,
Wajir County: Drought Early Warning Bulletin for December 2023,Kaunti ya Wajir: Taarifa ya Onyo la Mapema kuhusu Ukame kwa Desemba 2023,Disaster/Health,
West Pokot: Drought Early Warning Bulletin for July 2022,Pokot Magharibi: Taarifa ya Onyo la Mapema kuhusu Ukame kwa Julai 2022,Disaster/Health,
Anticipatory Early Action: Considering Responsive Community Targeted Mental Health Intervention to Complex Climate Change Impacts,Hatua ya Mapema ya Kutarajia: Kuzingatia Uingiliaji wa Jamii Yenye Mwitikio Unaolengwa wa Afya ya Akili ili Kuchanganya Athari za Mabadiliko ya Tabianchi.,Disaster/Health,
UNHCR Kenya: 2024 Funding Update (as of 29 February 2024),UNHCR Kenya: Taarifa ya Ufadhili ya 2024 (kuanzia tarehe 29 Februari 2024),Disaster/Health,
How climate information services (CIS) can help pastoralists in the Horn of Africa (June 2024),Jinsi huduma za taarifa za hali ya hewa (CIS) zinaweza kuwasaidia wafugaji katika Pembe ya Afrika (Juni 2024),Disaster/Health,
Turkana County: Drought Early Warning Bulletin for October 2024,Kaunti ya Turkana: Taarifa ya Onyo la Mapema kuhusu Ukame kwa Oktoba 2024,Disaster/Health,
Communities help drive progress against Ebola in the Democratic Republic of the Congo,Jamii zinasaidia kuendeleza maendeleo dhidi ya Ebola katika Jamhuri ya Kidemokrasia ya Kongo,General,
Scaling up coronavirus outbreak readiness in Ethiopia21 February 2020,Kuongeza utayari wa kuzuka kwa coronavirus nchini Ethiopia21 Februari 2020,General,
"Kenya Key Message Update: A delayed start to the March-to-May long rains expected to further intensify food insecurity, March 2022","Sasisho la Ujumbe Muhimu wa Kenya: Kuchelewa kuanza kwa mvua kubwa ya Machi hadi Mei inayotarajiwa kuzidisha uhaba wa chakula, Machi 2022.",Disaster/Health,
Marsabit County: Drought Early Warning Bulletin for September 2023,Kaunti ya Marsabit: Taarifa ya Onyo la Mapema kuhusu Ukame kwa Septemba 2023,Disaster/Health,
"Kenya Price Bulletin, November 2022","Taarifa ya Bei ya Kenya, Novemba 2022",Disaster/Health,
"Farmers in Kenya fight food insecurity by making their own, low-cost animal feeds | IFRC",Wakulima nchini Kenya wanapambana na uhaba wa chakula kwa kutengeneza vyakula vyao vya bei nafuu vya mifugo | IFRC,Disaster/Health,
"The Kenya Cash Consortium's Locally Led Alert-Based Cash Assistance to Disaster Affected Households in Dadaab Refugee camp: Baseline, May, 2024","Usaidizi wa Pesa wa Tahadhari Uliowekwa Ndani ya Kenya Cash Consortium kwa Kaya Zilizoathiriwa na Maafa katika kambi ya Wakimbizi ya Dadaab: Msingi, Mei, 2024.",Disaster/Health,
"Abshiro Adan Ibrahim, 50, applied for citizenship and became a Kenyan citizen in 2025 after living in the Dadaab refugee camps for 32 years.","Abshiro Adan Ibrahim, 50, aliomba uraia na kuwa raia wa Kenya mnamo 2025 baada ya kuishi katika kambi za wakimbizi za Dadaab kwa miaka 32.",Governance,
Learning lessons from the pilots: overcoming knowledge gaps around the malaria vaccine schedule in support of vaccine uptake,Mafunzo kutoka kwa wajaribio: kuondokana na mapungufu ya ujuzi karibu na ratiba ya chanjo ya malaria ili kuunga mkono uchukuaji wa chanjo.,Disaster/Health,
Baringo County: Drought Early Warning Bulletin for August 2023,Kaunti ya Baringo: Taarifa ya Onyo la Mapema kuhusu Ukame kwa Agosti 2023,Disaster/Health,
"SPEECH BY THE CABINET SECRETARY MINISTRY OF EDUCATION JULIUS MIGOS OGAMBA, E.B.S DURING THE 96TH KENYA MUSIC FESTIVAL GALA PERFORMANCE AT MOI GIRLS -ELDORET ON 13TH AUGUST 2024","HOTUBA YA KATIBU WA BARAZA LA MAWAZIRI WIZARA YA ELIMU JULIUS MIGOS OGAMBA, E.B.S WAKATI WA TAMASHA LA 96 LA MUZIKI WA KENYA GALA PERFORMANCE MOI GIRLS -ELDORET TAREHE 13 AUGUST 2024",General,
"Infants, older persons, and people living with chronic illnesses or disabilities face heightened risks, compounded by limited access to affordable clean water.","Watoto wachanga, wazee, na watu wanaoishi na magonjwa sugu au ulemavu wanakabiliwa na hatari kubwa, ikichangiwa na upatikanaji mdogo wa maji safi kwa bei nafuu.",Health,
Lamu County: Drought Early Warning Bulletin for December 2023,Kaunti ya Lamu: Taarifa ya Onyo la Mapema kuhusu Ukame kwa Desemba 2023,Disaster/Health,
"Kenya - Key Message Update: Exceptionally poor short rains are worsening the severity of food insecurity, November 2025","Kenya - Taarifa Muhimu ya Ujumbe: Mvua fupi duni za kipekee zinazidisha uhaba wa chakula, Novemba 2025",Disaster/Health,
The initiative aims to ensure that one billion Africans are better protected from health emergencies by the end of 2025.,Mpango huo unalenga kuhakikisha kuwa Waafrika bilioni moja wanalindwa vyema dhidi ya dharura za kiafya ifikapo mwisho wa 2025.,Health,
"This builds on early action and interventions supported by IFRC'sDisaster Response Emergency Fund, which was activated as conditions deteriorated from late 2024 into 2025 and enabled rapid, targeted scale-up of the crisis response.","Mtazamo huu unajumuisha mwitikio wa dharura, hatua za mapema, na kujenga uthabiti kupitia uingiliaji kati unaoongozwa na jamii, wa sekta mbalimbali unaolenga mahitaji ya ndani.",Disaster/Health,
Kenya: Flood-hit refugees in Dadaab in urgent need of aid,Kenya: Wakimbizi waliokumbwa na mafuriko huko Dadaab wanaohitaji msaada wa dharura,Disaster/Health,
"Everybody must make an effort to wear a face mask in public places #KomeshaCorona media briefing by CS Health, Mutahi Kagwe.","Kila mtu lazima ajitahidi kuvaa barakoa katika maeneo ya umma mkutano wa wanahabari wa #KomeshaCorona na Waziri wa Afya, Mutahi Kagwe.",Public Health,
WFP Kenya Country Brief May 2026,Muhtasari wa Nchi wa WFP wa Kenya Mei 2026,Disaster/Health,
Africa Zero Hunger: The empowering journey of Mtakuja's women farmers,Africa Zero Hunger: Safari ya kuwawezesha wanawake wakulima wa Mtakuja,Disaster/Health,
Briefed on KRCS activities in the region of registration,Imefafanuliwa kuhusu shughuli za KRCS katika eneo la usajili,General,
The Pharmacy and Poisons Board is working alongside programme partners to ensure that vaccines produced locally meet the regulatory standards required to reach patients safely.,Bodi ya Famasia na Sumu inafanya kazi pamoja na washirika wa mpango ili kuhakikisha kuwa chanjo zinazozalishwa nchini zinakidhi viwango vya udhibiti vinavyohitajika ili kuwafikia wagonjwa kwa usalama.,Health,
"Post-exposure prophylaxis (PEP) is the use of ARV drugs within 72 hours of exposure to HIV to prevent infection. PEP includes counselling, first-aid care, HIV testing, and administration of a 28-day course of ARV drugs with follow-up care. WHO recommends PEP use for both occupational and non-occupational exposures and for adults and children.","Kinga ya baada ya kuambukizwa (PEP) ni matumizi ya dawa za ARV ndani ya saa 72 baada ya kuambukizwa VVU ili kuzuia maambukizi. PEP inajumuisha ushauri nasaha, huduma ya huduma ya kwanza, upimaji wa VVU, na usimamizi wa kozi ya siku 28 ya dawa za ARV pamoja na huduma ya ufuatiliaji. WHO inapendekeza matumizi ya PEP kwa mfiduo wa kikazi na usio wa kazini na kwa watu wazima na watoto.",General,
The Young Girls at the Forefront of Climate Action in Kenya's Pastoralist Community,Wasichana Wadogo Wako Mstari Wa Mbele Katika Hatua Ya Hali Ya Hewa Katika Jumuiya Ya Wafugaji Ya Kenya,Disaster/Health,
@DrMercyHealth . Kenya & South Africa are the 2 countries in Africa who are frontiers & are looking at different vaccine trials. We have collaborations with the University of Oxford & other partners in terms of ensuring that when this vaccine is found Kenya does have a stake.,@DrMercyHealth . Kenya na Afrika Kusini ni nchi 2 barani Afrika ambazo ziko mipakani na zinaangalia majaribio tofauti ya chanjo. Tuna ushirikiano na Chuo Kikuu cha Oxford na washirika wengine katika suala la kuhakikisha kuwa chanjo hii inapopatikana Kenya inakuwa na hisa.,Public Health,
Taita Taveta County: Drought Early Warning Bulletin for March 2024,Kaunti ya Taita Taveta: Taarifa ya Onyo la Mapema kuhusu Ukame Machi 2024,Disaster/Health,
Makueni County: Drought Early Warning Bulletin for September 2024,Kaunti ya Makueni: Taarifa ya Onyo la Mapema kuhusu Ukame kwa Septemba 2024,Disaster/Health,
"In more severe cases, infection can cause pneumonia or breathing difficulties. More rarely, the disease can be fatal. Help protect yourself and loved ones from #CoronaVirus. . #CoronaVirusKenya @SpokespersonGoK @PDUDelivery @WHOKenya @UNICEFKenya @WHO @CDCKenya @KNH_hospital","Katika hali mbaya zaidi, maambukizi yanaweza kusababisha pneumonia au matatizo ya kupumua. Mara chache zaidi, ugonjwa huo unaweza kuwa mbaya. Saidia kujikinga wewe na wapendwa wako dhidi ya #CoronaVirus. . #CoronaVirusKenya @SpokespersonGoK @PDUDelivery @WHOKenya @UNICEFKenya @WHO @CDCKenya @KNH_hospital",Public Health,
West Pokot: Drought Early Warning Bulletin for June 2024,Pokot Magharibi: Taarifa ya Onyo la Mapema kuhusu Ukame kwa Juni 2024,Disaster/Health,
Taita Taveta County: Drought Early Warning Bulletin for January 2024,Kaunti ya Taita Taveta: Taarifa ya Onyo la Mapema kuhusu Ukame la Januari 2024,Disaster/Health,
Kenya - Garissa County - Balambala Subcounty Infrastructure Map (29/08/2024),Kenya - Kaunti ya Garissa - Ramani ya Miundomsingi ya Kaunti Ndogo ya Balambala (29/08/2024),Disaster/Health,
"USAID/BHA Kenya Assistance Overview, April 2024","Muhtasari wa Usaidizi wa USAID/BHA Kenya, Aprili 2024",Disaster/Health,
CPJ calls on Kenyan authorities to respect press freedom amid ongoing protests,CPJ inatoa wito kwa mamlaka za Kenya kuheshimu uhuru wa vyombo vya habari huku kukiwa na maandamano yanayoendelea,Disaster/Health,
ACLED Regional Overview Africa: September 2024,Muhtasari wa Kikanda wa ACLED Afrika: Septemba 2024,Disaster/Health,
The Bill & Melinda Gates Foundation and European Investment Bank Launch Pilot in Africa to Improve Women Entrepreneurs' Access to Capital,Wakfu wa Bill & Melinda Gates na Benki ya Uwekezaji ya Ulaya Wazindua Majaribio barani Afrika ili Kuboresha Upatikanaji wa Wajasiriamali Wanawake kwa Mitaji.,Disaster/Health,
Taita Taveta County: Drought Early Warning Bulletin for March 2023,Kaunti ya Taita Taveta: Taarifa ya Onyo la Mapema kuhusu Ukame Machi 2023,Disaster/Health,
Lamu County: Drought Early Warning Bulletin for May 2023,Kaunti ya Lamu: Taarifa ya Onyo la Mapema kuhusu Ukame kwa Mei 2023,Disaster/Health,
Mapping of climate security adaptations at community level in the Horn of Africa,Kuchora ramani ya marekebisho ya usalama wa hali ya hewa katika ngazi ya jamii katika Pembe ya Afrika,Disaster/Health,
Turkana County: Drought Early Warning Bulletin for June 2024,Kaunti ya Turkana: Taarifa ya Onyo la Mapema kuhusu Ukame kwa Juni 2024,Disaster/Health,
Baringo County: Drought Early Warning Bulletin for July 2024,Kaunti ya Baringo: Taarifa ya Onyo la Mapema kuhusu Ukame Julai 2024,Disaster/Health,
Kilifi County: Drought Early Warning Bulletin for September 2024,Kaunti ya Kilifi: Taarifa ya Onyo la Mapema kuhusu Ukame kwa Septemba 2024,Disaster/Health,
Here's what you can do to help prevent the spread of #COVID19 at home or work @CDCKenya @WHOKenya @UNICEFKenya @EduMinKenya @SpokespersonGoK @KenyaRedCross @Amref_Kenya @PDUDelivery,Hivi ndivyo unavyoweza kufanya ili kuzuia kuenea kwa #COVID19 nyumbani au kazini @CDCKenya @WHOKenya @UNICEFKenya @EduMinKenya @SpokespersonGoK @KenyaRedCross @Amref_Kenya @PDUDelivery,Public Health,
"""Global guidance helps ensure that school food policies are informed by evidence and responsive to the nutritional needs of children at different stages of development."" Kenya is currently providing free school meals to approximately 2.6 million children, with a national target to reach 10 million children by 2030, according to the Ministry of Education.",Wizara ya Elimu na KUCCPS wanaalika maombi ya nafasi za masomo na kutoa ushauri wa taaluma kwa wanafunzi.,Health,
The WHO acting Representative to Kenya isDr Neema Rusibamayila Kimambo.,Kaimu Mwakilishi wa WHO nchini Kenya ni Dk Neema Rusibamayila Kimambo.,General,
"You can avoid going to hospital or contracting COVID-19 if you follow instructions and use the face mask, wash your hands and maintain social distancing. 90% of the responsibility is with you; @HassanAliJoho","Unaweza kuepuka kwenda hospitalini au kuambukizwa COVID-19 ukifuata maagizo na kutumia barakoa, kunawa mikono na kudumisha umbali wa kijamii. 90% ya jukumu liko kwako; @HassanAliJoho",Public Health,
Isiolo County: Drought Early Warning Bulletin for June 2023,Kaunti ya Isiolo: Taarifa ya Onyo la Mapema kuhusu Ukame Juni 2023,Disaster/Health,
"Molecular Biology and Biotechnology (Industrial, Plant, Animal options)","Biolojia ya Masi na Bayoteknolojia (Chaguo za Viwanda, Mimea, Wanyama)",General,
President's Malaria Initiative: Kenya Malaria Operational Plan FY 2023,Mpango wa Rais wa Malaria: Mpango wa Uendeshaji wa Malaria wa Kenya FY 2023,Disaster/Health,
What works for generating demand for HIV testing services,Kinachofanya kazi katika kuzalisha mahitaji ya huduma za kupima VVU,General,
Kenya: Hundreds of lives saved as an innovative bead necklace helps diagnose pneumonia among children,Kenya: Mamia ya maisha yaliyookolewa kwa kutumia shanga za kibunifu husaidia kutambua nimonia miongoni mwa watoto,Disaster/Health,
Turkana County: Drought Early Warning Bulletin for March 2022,Kaunti ya Turkana: Taarifa ya Onyo la Mapema kuhusu Ukame kwa Machi 2022,Disaster/Health,
Health CS Mutahi Kagwe held discussions with Ukraine Ambassador to Kenya H.E Andriy Pravedynk who paid a courtesy call on him at his Afya House office.,Waziri wa Afya Mutahi Kagwe alifanya mazungumzo na Balozi wa Ukraine nchini Kenya H.E Andriy Pravedynk ambaye alimtembelea katika ofisi yake ya Afya House.,Public Health,
"Transformative water and sanitation project brings lasting benefits to Siaya County, Kenya","Mradi wa mageuzi wa maji na usafi wa mazingira huleta manufaa ya kudumu katika Kaunti ya Siaya, Kenya",Disaster/Health,
Cyberbullying hotline 0800721524 – report harmful posts anonymously NOW!,Simu ya dharura ya unyanyasaji mtandaoni 0800721524 ...,Education,
Kenya Registered refugees and asylum-seekers | October 2025,Kenya Wakimbizi waliosajiliwa na wanaotafuta hifadhi | Oktoba 2025,Disaster/Health,
Masks are a simple barrier to help prevent your respiratory droplets from reaching others. Studies show that masks reduce the spray of droplets when worn over the nose and mouth. #KomeshaCorona #WearAMask x.com/ExplainerKE/st …,Masks ni kizuizi rahisi kusaidia kuzuia matone yako ya kupumua kuwafikia wengine. Uchunguzi unaonyesha kuwa masks hupunguza dawa ya matone wakati huvaliwa juu ya pua na mdomo. #KomeshaCorona #WearAMask x.com/ExplainerKE/st …,Public Health,
"Following the detection of poliovirus in environmental samples in Lusaka earlier this year, the polio campaign started to ensure repeated doses of the polio vaccine were administered, which is the only way to fully protect children against the disease and interrupt potential poliovirus transmission. This final round aims to consolidate these gains by providing a final extra dose of vaccine to children under five who have received doses in the previous rounds, and to reach any children at risk that may have missed previous doses.","Kufuatia kugunduliwa kwa virusi vya polio katika sampuli za kimazingira mjini Lusaka mapema mwaka huu, kampeni ya polio ilianza ili kuhakikisha kwamba kipimo cha mara kwa mara cha chanjo ya polio kinatolewa, ambayo ndiyo njia pekee ya kuwalinda watoto kikamilifu dhidi ya ugonjwa huo na kukatiza uwezekano wa maambukizi ya virusi vya polio. Awamu hii ya mwisho inalenga kujumuisha mafanikio haya kwa kutoa dozi ya mwisho ya ziada ya chanjo kwa watoto walio na umri wa chini ya miaka mitano ambao wamepata dozi katika awamu zilizopita, na kuwafikia watoto wowote walio katika hatari ambao wanaweza kuwa wamekosa dozi za awali.",General,
"Dr. Clement Peter Lasuba, WHO Representative in Zambia, emphasized that outbreak response requires persistence beyond initial success. ""Each round builds on the previous one, increasing immunity and reducing the risk of transmission. WHO continues to work closely with the Government and partners to ensure that vaccination reaches every eligible child without exception,"" he highlighted.","Dk. Clement Peter Lasuba, Mwakilishi wa WHO nchini Zambia, alisisitiza kuwa kukabiliana na milipuko inahitaji kuendelea zaidi ya mafanikio ya awali. ""Kila awamu inajengwa juu ya ile ya awali, na kuongeza kinga na kupunguza hatari ya maambukizi. WHO inaendelea kufanya kazi kwa karibu na Serikali na washirika ili kuhakikisha kuwa chanjo inamfikia kila mtoto anayestahili bila ubaguzi,"" alisisitiza.",General,
Kitui County: Drought Early Warning Bulletin for May 2024,Kaunti ya Kitui: Taarifa ya Onyo la Mapema kuhusu Ukame kwa Mei 2024,Disaster/Health,
Institute for Capacity Development for Teachers in Africa,Taasisi ya Kukuza Uwezo wa Walimu Barani Afrika,General,
National Drought Early Warning Bulletin (June 2023),Taarifa ya Tahadhari ya Mapema ya Kitaifa (Juni 2023),Disaster/Health,
"Supporting pastoralist adaptation to climate change in Kenya: Beyond a ""one-size-fits all"" approach","Kusaidia kukabiliana na wafugaji kukabiliana na mabadiliko ya hali ya hewa nchini Kenya: Zaidi ya mbinu ya ""ukubwa mmoja inafaa wote"".",Disaster/Health,
Rwanda steps up progress towards elimination of cervical cancer,Rwanda yapiga hatua kuelekea kutokomeza saratani ya shingo ya kizazi,General,
The Provision of COVID-19 vaccines to the Republic of Kenya through the COVAX facility,Utoaji wa chanjo za COVID-19 kwa Jamhuri ya Kenya kupitia kituo cha COVAX,Disaster/Health,
"Children are bearing the brunt:complementary evidencepoints to worsening nutrition outcomes, and suggest sustained nutritional stress rather than short‑term shocks alone.","Watoto wanabeba mzigo huu:ushahidi wa nyongeza wa matokeo mabaya ya lishe, na kupendekeza dhiki endelevu ya lishe badala ya mishtuko ya muda mfupi pekee.",Health,
COVID-19 cases in Africa on a sustained plateau15 July 2022,Kesi za COVID-19 barani Afrika kwenye uwanda endelevu15 Julai 2022,General,
Taita Taveta County: Drought Early Warning Bulletin for March 2022,Kaunti ya Taita Taveta: Taarifa ya Onyo la Mapema kuhusu Ukame Machi 2022,Disaster/Health,
Kenya: Registered refugees and asylum-seekers (as of 30 April 2024),Kenya: Wakimbizi waliosajiliwa na wanaotafuta hifadhi (kuanzia tarehe 30 Aprili 2024),Disaster/Health,
"About usAbout WHO in the African region »About UsContact usGovernanceLeadershipOrganizational structureProgrammes and clustersRegional Director for AfricaAccountability »Financial reportsGeneral Programme of WorkBuilding a Healthier Africa, Together: A manifesto for transformation","Kuhusu sisiKuhusu WHO katika kanda ya Afrika »Kuhusu SisiWasiliana nasiUongozi wa UtawalaMuundo wa shirikaProgramu na makundi Mkurugenzi wa Kanda ya AfrikaUwajibikaji »Ripoti za kifedha Mpango Mkuu wa Kazi Kujenga Afrika yenye Afya Bora, Pamoja: Ilani ya mageuzi",General,
"WHO recommends the implementation of adolescent-friendly health services in HIV services to ensure engagement and improved outcomes. Involving and engaging in their own care across the treatment cascade and through the cycle of planning, implementing, monitoring and evaluating programs is key. Peer-driven, adolescent-friendly services, integrated with other services including psychosocial interventions, are effective ways to improve health outcomes for adolescents.","WHO inapendekeza utekelezaji wa huduma za afya rafiki kwa vijana katika huduma za VVU ili kuhakikisha ushiriki na matokeo bora. Kuhusisha na kujishughulisha katika utunzaji wao wenyewe katika msururu wa matibabu na kupitia mzunguko wa kupanga, kutekeleza, kufuatilia na kutathmini programu ni muhimu. Huduma zinazoendeshwa na rika, zinazofaa kwa vijana, zilizounganishwa na huduma zingine ikijumuisha afua za kisaikolojia, ni njia mwafaka za kuboresha matokeo ya afya kwa vijana.",General,
"To support countries in strengthening AMR surveillance and preparing data submissions to GLASS, the WHO Regional Office for Africa, in collaboration with the WHO Headquarters GLASS team, continues to provide technical guidance, capacity-building and opportunities for peer learning.","Ili kusaidia nchi katika kuimarisha ufuatiliaji wa AMR na kuandaa mawasilisho ya data kwa GLASS, Ofisi ya WHO Kanda ya Afrika, kwa ushirikiano na timu ya GLASS ya Makao Makuu ya WHO, inaendelea kutoa mwongozo wa kiufundi, kujenga uwezo na fursa za kujifunza rika.",Education,
Noncommunicable diseases increase risk of dying from COVID-19 in Africa10 September 2020,Magonjwa yasiyo ya kuambukiza huongeza hatari ya kufa kutokana na COVID-19 barani Afrika10 Septemba 2020,General,
Kilifi County: Drought Early Warning Bulletin for November 2023,Kaunti ya Kilifi: Taarifa ya Onyo la Mapema kuhusu Ukame kwa Novemba 2023,Disaster/Health,
"The shocks include d: COVID-19 pandemic and its ensuing effects , conflict in Eastern Europe and Middle East that led to global supply chain disruptions and the adverse effects of climate change from the prolonged drought in 2 021 to the floods in the first half of 2024.","Mishtuko hiyo ni pamoja na d: Janga la COVID-19 na athari zake zilizofuata, migogoro katika Ulaya Mashariki na Mashariki ya Kati ambayo ilisababisha usumbufu wa usambazaji wa kimataifa na athari mbaya za mabadiliko ya hali ya hewa kutoka kwa ukame wa muda mrefu mnamo 2021 hadi mafuriko katika nusu ya kwanza ya 2024.",Disaster/Health,
Isiolo County: Drought Early Warning Bulletin for April 2024,Kaunti ya Isiolo: Taarifa ya Onyo la Mapema kuhusu Ukame la Aprili 2024,Disaster/Health,
"This Local Manufacturing Strategy is structured to position Kenya's healthcare as an investment for social impact, equity, economic growth, commercial traction, and sustainability.","Mkakati huu wa Uzalishaji wa Ndani umeundwa ili kuweka huduma ya afya ya Kenya kama kitega uchumi cha athari za kijamii, usawa, ukuaji wa uchumi, kuvutia kibiashara na uendelevu.",Health,
Building Strong Systems to Improve Health and Nutrition in Kenya,Kujenga Mifumo Imara ya Kuboresha Afya na Lishe nchini Kenya,Disaster/Health,
"WHO, WFP and AU deliver critical supplies as COVID-19 accelerates in West and Central Africa15 April 2020","WHO, WFP na AU zinatoa vifaa muhimu kadri COVID-19 inavyoongezeka katika Afrika Magharibi na Kati15 Aprili 2020",General,
WFP Kenya Country Brief September 2025,Muhtasari wa Nchi wa WFP Kenya Septemba 2025,Disaster/Health,
Kwale County: Drought Early Warning Bulletin for May 2022,Kaunti ya Kwale: Taarifa ya Onyo la Mapema kuhusu Ukame kwa Mei 2022,Disaster/Health,
Laikipia County: Drought Early Warning Bulletin for July 2023,Kaunti ya Laikipia: Taarifa ya Onyo la Mapema kuhusu Ukame Julai 2023,Disaster/Health,
Kenya Food Security Outlook Update August 2022,Mtazamo wa Usalama wa Chakula nchini Kenya Agosti 2022,Disaster/Health,
"Kenya Economic Update, June 2024 (Edition No. 29): Fostering Trade for Robust Growth and Dynamic Job Creation","Taarifa ya Kiuchumi ya Kenya, Juni 2024 (Toleo Na. 29): Kukuza Biashara kwa Ukuaji Imara na Uundaji wa Ajira kwa Nguvu.",Disaster/Health,
WFP welcomes US$37 million from US government to support refugees in Kenya and moves to prioritise food assistance for the most vulnerable,WFP inakaribisha dola za Marekani milioni 37 kutoka kwa serikali ya Marekani kusaidia wakimbizi nchini Kenya na kuchukua hatua ya kutanguliza msaada wa chakula kwa walio hatarini zaidi.,Disaster/Health,
CFK Africa Witnesses Devastating Effects in Kenya from End of U.S. Agency for International Development Support,CFK Africa Yashuhudia Athari Mbaya Nchini Kenya Kutoka Mwisho wa Shirika la Marekani la Usaidizi wa Maendeleo ya Kimataifa,Disaster/Health,
Solar Powered Freezer Improving Immunization Coverage in Hard-to-Reach Rural Villages,Friji Inayotumia Sola Inaboresha Huduma ya Chanjo katika Vijiji Vigumu Kufikika Vijijini,Disaster/Health,
Kwale County: Drought Early Warning Bulletin for January 2024,Kaunti ya Kwale: Taarifa ya Onyo la Mapema kuhusu Ukame kwa Januari 2024,Disaster/Health,
"The cost of inaction: The cost of not realizing the HIV and sexual and reproductive health and rights of young people in Kenya, Rwanda and Uganda","Gharama ya kutochukua hatua: Gharama ya kutotambua VVU na afya ya ngono na uzazi na haki za vijana nchini Kenya, Rwanda na Uganda.",Disaster/Health,
No visits to secondary schools during third term as per circular.,Hakuna ziara katika shule za upili wakati wa muhula wa tatu kulingana na waraka.,Education,
"Kenya Quarterly Update, (April - June 2023)","Sasisho la Robo la Kenya, (Aprili - Juni 2023)",Disaster/Health,
Historic Danish public-private partnership with WFP expands home-grown school meals in East Africa,Ushirikiano wa kihistoria wa Denmark kati ya sekta ya umma na ya kibinafsi na WFP unapanua milo ya shule ya nyumbani katika Afrika Mashariki,Disaster/Health,
Impact of COVID-19 on women workers in the urban informal economy in Uganda and Kenya,Athari za COVID-19 kwa wafanyakazi wanawake katika uchumi usio rasmi wa mijini nchini Uganda na Kenya,Disaster/Health,
"Do's to prevent COVID-19. Wash hands frequently. Avoid touching your eyes, nose & mouth. Cover your cough or sneeze Wear mask when outside. Stay home stay safe. Social distancing Clean & disinfect objects & surfaces to #KomeshaCorona","Mambo ya kufanya ili kuzuia COVID-19. Nawa mikono mara kwa mara. Epuka kugusa macho, pua na mdomo wako. Funika kikohozi chako au chafya Vaa barakoa ukiwa nje. Kaa nyumbani ukae salama. Umbali wa kijamii Safisha na kuua vijidudu na nyuso kwenye #KomeshaCorona",Public Health,
UPCOMING LAUNCH OF THE FY 2027/28 AND MEDIUM-TERM BUDGET PREPARATION PROCESS THE NATIONAL TREASURY The National Treasury is pleased to announce the official launch of the FY 2027/28 and Medium-Term Budget preparation process.,UZINDUZI UJAO WA MCHAKATO WA MAANDALIZI YA BAJETI YA MWAKA 2027/28 NA WA MUDA WA KATI HAZINA YA TAIFA Hazina ya Taifa inafuraha kutangaza uzinduzi rasmi wa mchakato wa maandalizi ya Bajeti ya Mwaka wa 2027/2028 na Muda wa Kati.,Governance,
Camillian Emergency Response and Early Recovery Assistance to Flood-affected Population in Kenya,Jibu la Dharura la Camillian na Usaidizi wa Kupona Mapema kwa Idadi ya Watu walioathiriwa na Mafuriko nchini Kenya,Disaster/Health,
"EBOLA BUNDIBUGYO VIRUS DISEASE OUTBREAK Democratic Republic of the Congo | Uganda Weekly External Situation Report 08, Data as of 05 July 2026","MLIPUKO WA VIRUSI WA EBOLA BUNDIBUGYO Jamhuri ya Kidemokrasia ya Kongo | Ripoti ya Hali ya Nje ya Uganda ya Kila Wiki 08, Data kufikia tarehe 05 Julai 2026",General,
"The Kenya's constitution 2010, Article 43 states that, ""the right of every child to be free from hunger and to have adequate food of acceptable quality including clean and safe water in adequate quantities and above all right to education"" gives us mandate to ensure that the child access adequate and safe food . Health and nutrition have significant impact on the overall educational achievements of school-age children. Ensuring that children are well fed, healthy and able to learn is essential to the effectiveness of an education system.","Katiba ya Kenya ya 2010, Kifungu cha 43 kinasema kwamba, ""haki ya kila mtoto kutokuwa na njaa na kuwa na chakula cha kutosha cha ubora unaokubalika ikiwa ni pamoja na maji safi na salama kwa wingi wa kutosha na zaidi ya yote haki ya kupata elimu"" inatupa mamlaka ya kuhakikisha kwamba mtoto anapata chakula cha kutosha na salama . Afya na lishe vina athari kubwa kwa mafanikio ya jumla ya elimu ya watoto wa umri wa kwenda shule. Kuhakikisha kwamba watoto wanalishwa vyema, wana afya njema na wanaweza kujifunza ni muhimu kwa ufanisi wa mfumo wa elimu.",General,
"Please note that it is mandatory that your bill(s) claim(s) are submitted in accordance with the prescribed formats as provided in forms F, G1, G2, G3, G4, G5, G6, G7, G8, G9, G10 and H, J1, J2 which can be downloaded from the National Treasury website: www.treasury.go.ke/reporting-templates/ .","Tafadhali kumbuka kuwa ni lazima dai/madai yako ya bili yanawasilishwa kwa mujibu wa fomati zilizowekwa kama zilivyotolewa katika fomu F, G1, G2, G3, G4, G5, G6, G7, G8, G9, G10 na H, J1, J2 ambazo zinaweza kupakuliwa kutoka kwa tovuti ya Hazina ya Kitaifa: www.treasury.go.ke.ke.",Governance,
"The Church in Kenya, in response to government advice, has put worship on hold to help prevent the spread of COVID-19. We urge you sisters & brothers to become a different sort of church & take everyday preventive steps to wash your hands frequently & stay home. #KomeshaCorona","Kanisa nchini Kenya, kwa kuitikia ushauri wa serikali, limesimamisha ibada ili kusaidia kuzuia kuenea kwa COVID-19. Tunawasihi nyinyi akina dada na ndugu kuwa aina tofauti ya kanisa na kuchukua hatua za kila siku za kuzuia kunawa mikono mara kwa mara na kukaa nyumbani. #KomeshaCorona",Public Health,
"Box 3000700100, Nairobi, Kenya Tel: +254202252299 Email: communications@treasury.go.ke www.treasury.go.ke BUDGET STATEMENT FY 2024/25 Theme: "" Sustaining Bottom - Up Economic Transformation Agenda, Fiscal Consolidation and Investing in Climate Change Mitigation and Adaptation for Improved Livelihoods"" 2 STATEMENT DELIVERED TO THE NATIONAL ASSEMBLY ON 13 TH JUNE 2024 BY PROF.","Box 3000700100, Nairobi, Kenya Simu: +254202252299 Barua pepe: communications@treasury.go.ke www.treasury.go.ke TAARIFA YA BAJETI FY 2024/25 Mandhari: "" Kudumisha Chini - Ajenda ya Mabadiliko ya Kiuchumi na Kuweka Ulinganifu katika Uwekezaji wa Fedha. kwa Uboreshaji wa Maisha"" TAARIFA 2 ILIYOTOLEWA KWA MKUTANO WA TAIFA TAREHE 13 TAREHE JUNE 2024 NA PROF.",Disaster/Health,
"""If you receive an email asking you to verify your bank account, dont click it's phishing. Report to the DCI Cybercrime Unit.""","""Ukipokea barua pepe inayokuomba uthibitishe akaunti yako ya benki, usibofye ni ulaghai. Ripoti kwa Kitengo cha Uhalifu wa Mtandaoni cha DCI.""",Security,
The Solutions and Mobility Index (SMI) for Wajir and Mandera aims to assess progress toward durable solutions for displaced populations (IDPs and IDP returnees).,Kielezo cha Suluhu na Uhamaji (SMI) cha Wajir na Mandera kinalenga kutathmini maendeleo kuelekea suluhu za kudumu kwa watu waliohamishwa makazi yao (IDPs na wanaorejea IDP).,Disaster/Health,
Landmark alliance launches in Africa to fight COVID-19 misinformation03 December 2020,Muungano wa kihistoria wazinduliwa barani Afrika ili kupambana na taarifa potofu za COVID-1903 Desemba 2020,General,
Marsabit County: Drought Early Warning Bulletin for March 2022,Kaunti ya Marsabit: Taarifa ya Onyo la Mapema kuhusu Ukame kwa Machi 2022,Disaster/Health,
AIRA Infodemic Trends Report - 21-28 November 2023 (Weekly Brief #98 of 2023),Ripoti ya Mitindo ya Taarifa ya AIRA - 21-28 Novemba 2023 (Muhtasari wa Kila Wiki #98 wa 2023),Disaster/Health,
"Stay home and wash your hands with soap and running water for at least 20 Seconds to #KomeshaCorona , Dr. Mercy Mwangangi, Chief Administration Secretary , Ministry of Health katika Janga la Corona @K24Tv now live .","Kaa nyumbani na unawe mikono kwa sabuni na maji yanayotiririka kwa angalau Sekunde 20 hadi #KomeshaCorona , Dk. Mercy Mwangangi, Katibu Mkuu Utawala, Wizara ya Afya katika Janga la Corona @K24Tv sasa moja kwa moja.",Public Health,
"One protracted Grade 2 emergency (Mpox, Clade 1b) and several other priority events are ongoing, including measles outbreaks in three counties, widespread flooding from the MAM long rains, and a severe food security and nutrition crisis in arid and semi-arid (ASAL) counties.","Moja ya dharura ya muda mrefu ya darasa la 2 (Mpox, Clade 1b) na matukio mengine kadhaa ya kipaumbele yanaendelea, ikiwa ni pamoja na milipuko ya surua katika kaunti tatu, mafuriko yaliyoenea kutokana na mvua ndefu za MAM, na shida kubwa ya usalama wa chakula na lishe katika kaunti kame na nusu kame (ASAL).",Disaster/Health,
Kenya Food Security Outlook Update December 2022,Mtazamo wa Usalama wa Chakula wa Kenya Usasishaji Desemba 2022,Disaster/Health,
What is Behind Kenya's Protest Movement?,Ni Nini Kilicho Nyuma ya Vuguvugu la Maandamano la Kenya?,Disaster/Health,
Wajir County: Drought Early Warning Bulletin for January 2023,Kaunti ya Wajir: Taarifa ya Onyo la Mapema kuhusu Ukame kwa Januari 2023,Disaster/Health,
"Kenyan Deputy President, development partners, meet in support of food security in Kenya","Naibu Rais wa Kenya, washirika wa maendeleo, wakutana kuunga mkono usalama wa chakula nchini Kenya",Disaster/Health,
"This transition will affect the National Government, County Governments, and their respective entities, ensuring greater transparency and accountability in financial reporting.","Mpito huu utaathiri Serikali ya Kitaifa, Serikali za Kaunti, na huluki zao, kuhakikisha uwazi na uwajibikaji zaidi katika kuripoti fedha.",Governance,
"WHO supports the appropriate integration of hepatitis and sexually transmitted infection prevention, testing and treatment and the inclusion of services which address sexual and reproductive health and mental health issues, which are also critical to acceptable and effective programming.","WHO inaunga mkono muunganisho ufaao wa homa ya ini na kuzuia maambukizi ya magonjwa ya zinaa, upimaji na matibabu na ushirikishwaji wa huduma zinazoshughulikia masuala ya afya ya ngono na uzazi na afya ya akili, ambayo pia ni muhimu kwa programu inayokubalika na yenye ufanisi.",General,
Kakuma - Disaster Risk Mitigation Strategy 2023,Kakuma - Mkakati wa Kupunguza Hatari za Maafa 2023,Disaster/Health,
Factsheet: The Kenya Cash Consortium Alert-Based Cash Assistance to Disaster Affected Communities in Mandera County - Baseline and Endline (February 2026),Karatasi ya Ukweli: Usaidizi wa Pesa wa Kenya Cash Consortium-Alert kwa Jamii Zilizoathiriwa na Maafa katika Kaunti ya Mandera - Msingi na Mwisho (Februari 2026),Disaster/Health,
Kenya Food Security Outlook February - September 2026: Slow recovery from historic poor short rains to sustain Crisis (IPC Phase 3) in pastoral areas,Mtazamo wa Usalama wa Chakula Kenya Februari - Septemba 2026: Ahueni ya polepole kutokana na mvua mbaya za kihistoria ili kuendeleza Mgogoro (IPC Awamu ya 3) katika maeneo ya wafugaji.,Disaster/Health,
"In the longer term, these group enterprises have the potential to increase household income, strengthen group cohesion, and contribute to greater economic resilience among participating women and their communities.","Kwa muda mrefu, biashara hizi za vikundi zina uwezo wa kuongeza mapato ya kaya, kuimarisha mshikamano wa vikundi, na kuchangia uthabiti mkubwa wa kiuchumi kati ya wanawake wanaoshiriki na jamii zao.",Disaster/Health,
#KomeshaCorona The best way to prevent illness is to avoid being exposed to this virus @WHOKenya @UNICEFKenya @CDCKenya @PDUDelivery @SpokespersonGoK @PSofKenya @prskkenya @KenyaMedics_KMA @KNH_hospital @KEMRI_Kenya @Kemsa_Kenya @UNAIDS @KenyaGovernors,#KomeshaCorona Njia bora ya kuzuia maradhi ni kuepuka kuambukizwa virusi hivi @WHOKenya @UNICEFKenya @CDCKenya @PDUDelivery @SpokespersonGoK @PSofKenya @prskkenya @KenyaMedics_KMA @KNH_hospital @KEMRI_Kenya @Kemsa_Kenya @UNAIDS @KenyaGovernors,Public Health,
National Drought Early Warning Bulletin (February 2024),Taarifa ya Tahadhari ya Mapema ya Kitaifa (Februari 2024),Disaster/Health,
"#KomeshaCorona Take steps to protect yourself by washing Your Hands. ~Wash your hands often with soap and running water for at least 20 seconds especially after you have been in a public place, or after blowing your nose, coughing, or sneezing. @WHOKenya @CDCKenya @PSofKenya","#KomeshaCorona Chukua hatua za kujilinda kwa kunawa Mikono. ~Nawa mikono mara kwa mara kwa sabuni na maji yanayotiririka kwa angalau sekunde 20 haswa baada ya kuwa mahali pa watu wengi, au baada ya kupuliza pua, kukohoa, au kupiga chafya. @WHOKenya @CDCCA @PSofKenya",Public Health,
"PS Ololtuaa was the Chief guest during a Thanksgiving ceremony held in Tenwek high school, attended by County education stakeholders.","PS Ololtuaa alikuwa mgeni Mkuu wakati wa hafla ya Shukrani iliyofanyika katika shule ya upili ya Tenwek, iliyohudhuriwa na washikadau wa elimu wa Kaunti.",General,
Narok County: Drought Early Warning Bulletin for September 2022,Kaunti ya Narok: Taarifa ya Onyo la Mapema kuhusu Ukame kwa Septemba 2022,Disaster/Health,
Status of mobility of livestock in Kenya and Ethiopia: Mapping of livestock routes and case studies on mobility blockages,Hali ya uhamaji wa mifugo nchini Kenya na Ethiopia: Ramani ya njia za mifugo na masomo ya kesi juu ya vizuizi vya uhamaji.,Disaster/Health,
Assessing partner alignment in support of the health information system in Kenya,Kutathmini upatanishi wa washirika katika kuunga mkono mfumo wa taarifa za afya nchini Kenya,Disaster/Health,
Kenya Situation Update | April 2023: Rise in Disorder as Opposition Stages Mass Demonstrations,Sasisho la Hali ya Kenya | Aprili 2023: Kuongezeka kwa Matatizo Huku Upinzani Unapofanya Maandamano Makubwa,Disaster/Health,
PS Prof. Julius Bitok Commissions Classrooms at Kwa Njenga Primary,PS Prof. Julius Bitok Atuma Vyumba vya Madarasa katika Msingi wa Kwa Njenga,General,
Kenya - Northern Kenya: Drought Severity and Population Exposure in Samburu County (28 Jan 2026),Kenya - Kaskazini mwa Kenya: Ukali wa Ukame na Mfichuo wa Idadi ya Watu katika Kaunti ya Samburu (28 Januari 2026),Disaster/Health,
Building harmony: Rozina Junior School's practical approach to peacebuilding,Kujenga maelewano: Mbinu ya vitendo ya Shule ya Rozina Junior katika ujenzi wa amani,Disaster/Health,
UNHCR Regional Youth Peacebuilding Programme: 2024 Programme Overview | East and Horn of Africa and the Great Lakes,Mpango wa Kujenga Amani kwa Vijana wa Mkoa wa UNHCR: Muhtasari wa Mpango wa 2024 | Mashariki na Pembe ya Afrika na Maziwa Makuu,Disaster/Health,
"HIV infection can be detected with great accuracy, using WHO prequalified tests within a validated approach. No single HIV test can provide an HIV-positive diagnosis. It is important that these tests be used in combination and in a specific order that has been validated and is based on HIV prevalence of the population being tested.","Maambukizi ya VVU yanaweza kugunduliwa kwa usahihi mkubwa, kwa kutumia vipimo vya WHO vilivyohitimu ndani ya mbinu iliyoidhinishwa. Hakuna kipimo kimoja cha VVU kinachoweza kutoa utambuzi wa kuwa na VVU. Ni muhimu kwamba vipimo hivi vitumike kwa pamoja na kwa utaratibu maalum ambao umethibitishwa na unaozingatia kiwango cha maambukizi ya VVU kwa watu wanaopimwa.",General,
Kenya Flood and Cholera Outbreak 2025 - DREF Final Report (MDRKE066),Mlipuko wa Mafuriko na Kipindupindu Kenya 2025 - Ripoti ya Mwisho ya DREF (MDRKE066),Disaster/Health,
"As we use the savings and loan money to educate our girls, the girls will learn a lot in school to support our community.","Tunapotumia pesa za akiba na mkopo kusomesha wasichana wetu, wasichana watajifunza mengi shuleni kusaidia jamii yetu.",Education,
"Kenya: 2024 MSNI Bulletin, December 2024","Kenya: 2024 MSNI Bulletin, Desemba 2024",Disaster/Health,
"CS Julius Ogamba, PS Prof Julius Bitok and DG Elyas Abdi during National Conversation on CBE April 24th 2025","Waziri Julius Ogamba, Naibu Waziri Prof Julius Bitok na DG Elyas Abdi wakati wa Mazungumzo ya Kitaifa mnamo CBE Aprili 24 2025",General,
"East Africa Seasonal Monitor: Mostly beneficial impacts of above average rainfall in East Africa (May 31, 2024)","Ufuatiliaji wa Msimu wa Afrika Mashariki: Athari nyingi za manufaa za mvua ya juu ya wastani katika Afrika Mashariki (Mei 31, 2024)",Disaster/Health,
Embu (Mbeere) County: Drought Early Warning Bulletin for October 2022,Kaunti ya Embu (Mbeere): Taarifa ya Onyo la Mapema kuhusu Ukame ya Oktoba 2022,Disaster/Health,
Wajir County: Drought Early Warning Bulletin for April 2023,Kaunti ya Wajir: Taarifa ya Onyo la Mapema kuhusu Ukame kwa Aprili 2023,Disaster/Health,
Kenya country strategic plan (2023 - 2027),Mpango mkakati wa nchi ya Kenya (2023 - 2027),Disaster/Health,
Taita Taveta County: Drought Early Warning Bulletin for July 2022,Kaunti ya Taita Taveta: Taarifa ya Onyo la Mapema kuhusu Ukame Julai 2022,Disaster/Health,
Makueni County: Drought Early Warning Bulletin for June 2022,Kaunti ya Makueni: Taarifa ya Onyo la Mapema kuhusu Ukame Juni 2022,Disaster/Health,
UNFPA and Philippines Government partner to address drought emergency's impact on sexual and reproductive health and GBV in Kenya,UNFPA na Serikali ya Ufilipino inashirikiana kushughulikia athari za dharura ya ukame kwa afya ya ngono na uzazi na GBV nchini Kenya.,Disaster/Health,
"SPEECH BY THE CABINET SECRETARY OF THE MINISTRY OF EDUCATION, HONOURABLE EZEKIEL MACHOGU, CBS, DURING THE OPENING OF THE 46THANNUAL NATIONAL KENYA SECONDARY SCHOOL HEADS ASSOCIATION CONFERENCE HELD ON 28THJUNE 2023, AT SHEIKH ZAYED HALL, MOMBASA","HOTUBA YA KATIBU WA BARAZA LA MAWAZIRI WA WIZARA YA ELIMU MHE EZEKIEL MACHOGU, CBS WAKATI WA UFUNGUZI WA KONGAMANO LA WAKUU WA SHULE YA SEKONDARI YA 46TAIFA YA KENYA ULIOFANYIKA TAREHE 28JUNI 2023, JIJINI MOMBAA SHEHE.",General,
Garissa County: Drought Early Warning Bulletin for November 2022,Kaunti ya Garissa: Taarifa ya Onyo la Mapema kuhusu Ukame ya Novemba 2022,Disaster/Health,
The Urban Pull on Rural Food Production Systems in East Africa: A Brief Literature Review,Mvutano wa Miji kwenye Mifumo ya Uzalishaji wa Chakula Vijijini Afrika Mashariki: Mapitio Mafupi ya Fasihi,Disaster/Health,
Head teachers and BoMs will receive guidance and support in school improvement planning and be empowered to implement plans to improve their school performance,Walimu wakuu na BoMs watapata miongozo na usaidizi katika kupanga uboreshaji wa shule na kuwezeshwa kutekeleza mipango ya kuboresha ufaulu wao wa shule.,General,
Garissa County: Drought Early Warning Bulletin for February 2023,Kaunti ya Garissa: Taarifa ya Onyo la Mapema kuhusu Ukame kwa Februari 2023,Disaster/Health,
Kenya - Garissa County - Dadaab - Dagahaley Refugee Camp - Water Infrastructure - as of May 2022,Kenya - Kaunti ya Garissa - Dadaab - Kambi ya Wakimbizi ya Dagahaley - Miundombinu ya Maji - kuanzia Mei 2022,Disaster/Health,
Impacts of U.S. pause of foreign assistance on global AIDS programmes in Kenya,Madhara ya kusitisha kwa Marekani usaidizi wa kigeni kwenye programu za kimataifa za UKIMWI nchini Kenya,Disaster/Health,
Kenya: The transformative journey to bring peace to Baragoi,Kenya: Safari ya kuleta amani Baragoi,Disaster/Health,
"We have cases in kitengele, Kumulu, tana River, ongata rongai among others. Let us continue practicing social distance to prevent the spread of Coronavirus in our communities. Stay encouraged and stay safe. #KomeshaCorona update.","Tuna kesi katika kitengele, Kumulu, tana River, ongata rongai miongoni mwa zingine. Tuendelee kufanya mazoezi ya umbali wa kijamii ili kuzuia kuenea kwa Coronavirus katika jamii zetu. Jipe moyo na ubaki salama. #KomeshaCorona sasisho.",Public Health,
Nyeri (Kieni) County: Drought Early Warning Bulletin for July 2024,Kaunti ya Nyeri (Kieni): Taarifa ya Onyo la Mapema kuhusu Ukame Julai 2024,Disaster/Health,
Disrupting harm in Kenya: Evidence on online child sexual exploitation and abuse,Kutatiza madhara nchini Kenya: Ushahidi kuhusu unyanyasaji na unyanyasaji wa kingono kwa watoto mtandaoni,Disaster/Health,
Join us on 10th September at 12pm EAT for a webinar on working together to prevent suicide. @MOHmentalhealth @irsan_omar @Dr_chitayi @ImmaculateKara2 @SML_kenya @chaolafemefatal @letsbonga @mainawrachel . link.... bit.ly/3gL7mTu #suicidepreventionke,Jiunge nasi tarehe 10 Septemba saa 12 jioni EAT kwa mtandao kuhusu kufanya kazi pamoja ili kuzuia kujiua. @MOHmentalhealth @irsan_omar @Dr_chitayi @ImmaculateKara2 @SML_kenya @chaolafemefatal @letsbonga @mainawrachel. kiungo.... bit.ly/3gL7mTu #suicidepreventionke,Public Health,
Kitui County: Drought Early Warning Bulletin for December 2023,Kaunti ya Kitui: Taarifa ya Onyo la Mapema kuhusu Ukame kwa Desemba 2023,Disaster/Health,
Presentation - Supporting refugee self-reliance through large cash transfers - May 2025,Wasilisho - Kusaidia kujitegemea kwa wakimbizi kupitia uhamisho mkubwa wa pesa - Mei 2025,Disaster/Health,
"Societal gaps continue to limit the full participation of women, and other marginalised groups, and they suffer greater hurdles to recover from crises, including exclusion from assistance, especially material assistance.","Mapengo ya kijamii yanaendelea kupunguza ushiriki kamili wa wanawake, na makundi mengine yaliyotengwa, na wanapata vikwazo vikubwa vya kujikwamua kutokana na matatizo, ikiwa ni pamoja na kutengwa na usaidizi, hasa msaada wa nyenzo.",Disaster/Health,
PS Ololtuaa's leadership is distinguished by institutional memory built from the classroom up an insider's understanding of how national policy translates into outcomes at the school level.,Uongozi wa PS Ololtuaa unatofautishwa na kumbukumbu ya kitaasisi iliyojengwa kutoka darasani hadi uelewa wa mtu wa ndani wa jinsi sera ya kitaifa inavyotafsiri katika matokeo katika kiwango cha shule.,General,
Here is what you need to know about how to wear a face mask properly. #KomeshaCorona,Hapa ndio unahitaji kujua kuhusu jinsi ya kuvaa mask ya uso vizuri. #KomeshaCorona,Public Health,
The Kenyan government has warned that 2.5 million citizens are at risk of severe hunger and water scarcity if the drought persists.,"Serikali na mashirika ya afya yaonya kuhusu hatari ya njaa na ukosefu wa maji, na kuhimiza usambazaji wa chakula na maji salama.",Health,
West Pokot County: Drought Early Warning Bulletin for September 2024,Kaunti ya Pokot Magharibi: Taarifa ya Onyo la Mapema kuhusu Ukame kwa Septemba 2024,Disaster/Health,
New WHO estimates: Up to 190 000 people could die of COVID-19 in Africa if not controlled07 May 2020,"Makadirio mapya ya WHO: Hadi watu 190,000 wanaweza kufa kwa COVID-19 barani Afrika ikiwa haitadhibitiwa07 Mei 2020",General,
"President Dr. William Ruto, Deputy President Prof. Kithure Kindiki, Education CS Julius Ogamba visit a school February 27th 2025","Rais Dkt. William Ruto, Naibu Rais Prof. Kithure Kindiki, Waziri wa Elimu Julius Ogamba watembelea shule Februari 27 2025",General,
Garissa County: Drought Early Warning Bulletin for May 2024,Kaunti ya Garissa: Taarifa ya Onyo la Mapema kuhusu Ukame kwa Mei 2024,Disaster/Health,
Empowering young people to prevent digital gender-based violence in Kenya's elections,Kuwawezesha vijana kuzuia unyanyasaji wa kijinsia wa kidijitali katika uchaguzi wa Kenya,Security,
Nyeri (Kieni) County: Drought Early Warning Bulletin for April 2023,Kaunti ya Nyeri (Kieni): Taarifa ya Onyo la Mapema kuhusu Ukame Aprili 2023,Disaster/Health,
"WFP Kenya Country Brief, February 2025","Muhtasari wa Nchi wa WFP Kenya, Februari 2025",Disaster/Health,
"Testing and diagnosis of HIV-exposed infants- has been a challenge because babies carry their biological mothers' antibodies and it can take months for these to disappear. For infants and children less than 18 months of age, serological testing is not sufficient to identify HIV infection: virologic testing must be provided (at 6 weeks of age, or at birth) to detect the presence of the virus in infants born to mothers living with HIV.","Upimaji na utambuzi wa watoto wachanga walio na VVU- imekuwa changamoto kwa sababu watoto hubeba kingamwili za mama zao wa kibaiolojia na inaweza kuchukua miezi kadhaa kutoweka. Kwa watoto wachanga na watoto chini ya umri wa miezi 18, uchunguzi wa serological haitoshi kutambua maambukizi ya VVU: upimaji wa virologic lazima utolewe (katika umri wa wiki 6, au wakati wa kuzaliwa) ili kuchunguza uwepo wa virusi kwa watoto wachanga waliozaliwa na mama wanaoishi na VVU.",General,
Kenya: Rapid Assessment — Mandera County (Data collected 15-17 August 2025),Kenya: Tathmini ya Haraka - Kaunti ya Mandera (Data iliyokusanywa 15-17 Agosti 2025),Disaster/Health,
Physical activity can help prevent diabetes and its complications. Have you and your family had at least 30 minutes of physical activity today?,"Shughuli za kimwili zinaweza kusaidia kuzuia ugonjwa wa kisukari na matatizo yake. Je, wewe na familia yako mmekuwa na angalau dakika 30 za mazoezi ya viungo leo?",Public Health,
"Kenya has not reported circulating variant poliovirus type 2 (cVDPV2) cases in the past 15 months, and continued surveillance and Kenya's strengthened laboratory capacity will help sustain this momentum and ensure no resurgence.","Kenya haijaripoti visa vya virusi vya polio aina ya 2 (cVDPV2) vinavyozunguka katika muda wa miezi 15 iliyopita, na ufuatiliaji unaoendelea na kuimarishwa kwa uwezo wa maabara nchini Kenya kutasaidia kuendeleza kasi hii na kuhakikisha hakuna kuzuka tena.",Health,
"Kenya - Severe weather and floods, update (Meteo Kenya, media) (ECHO Daily Flash of 25 March 2026)","Kenya - Hali ya hewa kali na mafuriko, sasisha (Meteo Kenya, vyombo vya habari) (ECHO Daily Flash ya 25 Machi 2026)",Disaster/Health,
"We have no time to visit the hospital to get the COVID-19 vaccination."" In a 10-day campaign targeting 11 of Kenya's 47 counties that had some of the lowest vaccination coverage, World Health Organization (WHO) along with the county governments, non-governmental organizations and other partners were determined that no one would be missed.","Hatuna muda wa kutembelea hospitali ili kupata chanjo ya COVID-19."" Katika kampeni ya siku 10 iliyolenga kaunti 11 kati ya 47 za Kenya ambazo zilikuwa na chanjo ya chini zaidi, Shirika la Afya Ulimwenguni (WHO) pamoja na serikali za kaunti, mashirika yasiyo ya kiserikali na washirika wengine waliazimia kuwa hakuna mtu ambaye angekosa.",Health,
Strengthening Women's Cancer Care Through Integrated Screening in Kenya,Kuimarisha Huduma ya Saratani kwa Wanawake Kupitia Uchunguzi Kamilishi nchini Kenya,General,
"Governance for the validation of elimination of mother to child transmission of HIV, syphilis and hepatitis B virus: an overview of validation structures and responsibilities at national, regional and global levels","Utawala wa uthibitisho wa kutokomeza maambukizi ya VVU kutoka kwa mama kwenda kwa mtoto, kaswende na homa ya ini B: muhtasari wa miundo na majukumu ya uthibitishaji katika ngazi ya kitaifa, kikanda na kimataifa.",General,
"The corona virus, as of today still has no cure, neither is there a vaccine. The only available means of defence against it is the containment measures; Mutahi Kagwe, CAS Health. #KomeshaCorona update.","Virusi vya corona, hadi leo bado havina tiba, wala hakuna chanjo. Njia pekee inayopatikana ya ulinzi dhidi yake ni hatua za kuzuia; Mutahi Kagwe, CAS Afya. #KomeshaCorona sasisho.",Public Health,
"KENYA INSTITUTE OF CURRICULUM DEVELOPMENT (AMENDMENT) BILL, 2024","MSWADA WA MSWADA WA MAENDELEO YA MITAALA (MArekebisho) ya TAASISI YA KENYA, 2024",General,
"She also supported the mother to initiate breastfeeding within the first hour, an essential step in protecting the newborn's health.","Pia alimsaidia mama kuanza kunyonyesha ndani ya saa ya kwanza, hatua muhimu katika kulinda afya ya mtoto mchanga.",Health,
"UNICEF Kenya Humanitarian Situation Report No. 1 (Level 3 Mpox), 31 July to 03 October 2024","Ripoti ya Hali ya Kibinadamu ya UNICEF Kenya No. 1 (Level 3 Mpox), 31 Julai hadi 03 Oktoba 2024",Disaster/Health,
An Analysis and Evaluation of Refugee-related Policies and Legislation - October 2022,Uchambuzi na Tathmini ya Sera na Sheria zinazohusiana na Wakimbizi - Oktoba 2022,Disaster/Health,
BETA focuses on interventions that reduce cost of living; increase employment; incentivize investment and production; achieve more equitable distribution of income; enhance social security ; expand tax base; and increase foreign exchange earnings.,BETA inazingatia afua zinazopunguza gharama ya maisha; kuongeza ajira; kuhamasisha uwekezaji na uzalishaji; kufikia mgawanyo sawa wa mapato; kuimarisha usalama wa kijamii; kupanua wigo wa ushuru; na kuongeza mapato ya fedha za kigeni.,Security,
#COVID19 Myth Vs Fact. Myth Regularly rinsing your nose with saline can help prevent infection with the #COVID19. Fact No. There is no evidence that regularly rinsing the nose with saline has protected people from infection with the #COVID19. #KomeshaCorona update.,Hadithi za #COVID19 Vs Ukweli. Hadithi Kuosha pua yako mara kwa mara kwa chumvi kunaweza kusaidia kuzuia maambukizi ya #COVID19. Ukweli Hapana. Hakuna ushahidi kwamba kuosha pua mara kwa mara kwa chumvi kumelinda watu dhidi ya kuambukizwa #COVID19. #KomeshaCorona sasisho.,Public Health,
Kenya: President must take responsibility for protests' gross human rights violations,Kenya: Rais lazima awajibike kwa ukiukaji mkubwa wa haki za binadamu,Disaster/Health,
Mobile health services in Kenya reduce the risk of stillbirths,Huduma za afya kwa njia ya simu nchini Kenya hupunguza hatari ya watoto kuzaliwa wakiwa wamekufa,Health,
"Kenya Food Security Outlook: Below-average short rains to worsen food security in coming months, October 2024 - May 2025","Mtazamo wa Usalama wa Chakula nchini Kenya: Mvua fupi za chini ya wastani zitazidisha usalama wa chakula katika miezi ijayo, Oktoba 2024 - Mei 2025",Disaster/Health,
Isiolo County: Drought Early Warning Bulletin for May 2024,Kaunti ya Isiolo: Taarifa ya Onyo la Mapema kuhusu Ukame la Mei 2024,Disaster/Health,
Embu (Mbeere) County: Drought Early Warning Bulletin for September 2022,Kaunti ya Embu (Mbeere): Taarifa ya Onyo la Mapema kuhusu Ukame kwa Septemba 2022,Disaster/Health,
World Vision Kenya Annual Report 2022,Ripoti ya Mwaka ya World Vision Kenya 2022,Disaster/Health,
"Kenya Price Bulletin, March 2024","Taarifa ya Bei ya Kenya, Machi 2024",Disaster/Health,
JRS - Economic Inclusion of Refugees and Host Communities in Kenya: A market analysis,JRS - Ujumuisho wa Kiuchumi wa Wakimbizi na Jumuiya Wakaribishaji nchini Kenya: Uchambuzi wa soko,Disaster/Health,
"Becoming a member of the Kenya Red Cross holds significant benefits that include the opportunity to participate in altruistic and humanitarian activities, as well as advancing the organisation's noble mandate. It is vital to note that payment of membership fee is a crucial step that must be undertaken to join this selfless community. The fee not only secures your membership credentials, but it also allows you to take an active role in the Kenya Red Cross activities.","Kuwa mwanachama wa Shirika la Msalaba Mwekundu la Kenya kuna manufaa makubwa ambayo yanajumuisha fursa ya kushiriki katika shughuli za kibinadamu na za kibinadamu, pamoja na kuendeleza jukumu kuu la shirika. Ni muhimu kutambua kwamba malipo ya ada ya uanachama ni hatua muhimu ambayo lazima ichukuliwe ili kujiunga na jumuiya hii isiyo na ubinafsi. Ada hii sio tu inalinda stakabadhi zako za uanachama, lakini pia inakuruhusu kuchukua jukumu kubwa katika shughuli za Msalaba Mwekundu wa Kenya.",General,
Kenya's Sustainable Supply Chain: Recycling Packaging from Damaged Stocks – A WFP Initiative,Msururu Endelevu wa Ugavi wa Kenya: Ufungaji Usafishaji Kutoka Hifadhi Zilizoharibika - Mpango wa WFP,Disaster/Health,
"Avoid shaking hands, avoid touching your face, eyes, nose & mouth. Practice social distancing; avoid close contact with people. Don't touch objects or surfaces that you don't need to protect yourself. #KomeshaCorona #CelebrateLife","Epuka kupeana mikono, epuka kugusa uso, macho, pua na mdomo wako. Fanya mazoezi ya umbali wa kijamii; epuka mawasiliano ya karibu na watu. Usiguse vitu au nyuso ambazo huhitaji kujilinda. #KomeshaCorona #SherehekeaMaisha",Public Health,
"Armed with the right skills and a portable ultrasound device, midwives in Kenya are on a mission to save lives","Wakiwa na ustadi ufaao na kifaa kinachobebeka cha ultrasound, wakunga nchini Kenya wako kwenye dhamira ya kuokoa maisha",Disaster/Health,
THE KENYA NATIONAL QUALIFICATIONS FRAMEWORK (AMENDMENT) BILL 2024,MSWADA WA MFUMO WA TAIFA WA KENYA (MABADILIKO) WA SIFA 2024,General,
"Box 30007-00100 NAIROBI, KENYA Tel: +254-20-2252-299 Fax: +254-20-341-082 The statement is available on: www.treasury.go.ke 3 I.","Box 30007-00100 NAIROBI, KENYA Simu: +254-20-2252-299 Faksi: +254-20-341-082 Taarifa hiyo inapatikana kwenye: www.treasury.go.ke 3 I.",Disaster/Health,
Policy brief on integrating and strengthening monitoring of differentiated ART service delivery,Muhtasari wa sera kuhusu kujumuisha na kuimarisha ufuatiliaji wa utoaji wa huduma tofauti za ART,General,
"This involved discussions through the NGO Refugee Group (NRG), OCHA-led sector coordination meetings, engagements with sector focal points, the NDMA, and relevant county government counterparts.","Hii ilihusisha majadiliano kupitia Kundi la Wakimbizi lisilo la Kiserikali (NRG), mikutano ya uratibu wa sekta inayoongozwa na OCHA, mashirikiano na maeneo muhimu ya kisekta, NDMA, na washirika husika wa serikali ya kaunti.",Governance,
The WHO recommendation to initiate ART for all people living with HIV will contribute significantly to reducing HIV transmission.,Mapendekezo ya WHO ya kuanzisha ART kwa watu wote wanaoishi na VVU yatachangia kwa kiasi kikubwa kupunguza maambukizi ya VVU.,General,
Samburu County: Drought Early Warning Bulletin for October 2022,Kaunti ya Samburu: Taarifa ya Onyo la Mapema kuhusu Ukame kwa Oktoba 2022,Disaster/Health,
WFP Kenya Country Brief October 2025,Muhtasari wa Nchi wa WFP Kenya Oktoba 2025,Disaster/Health,
DREF Operation Kenya Complex Emergency 2025,Operesheni ya DREF ya Dharura Changamano ya Kenya 2025,Disaster/Health,
Conflict-Sensitive Social Protection: Kenya Country Report 2022,Ulinzi wa Jamii Nyeti kwa Migogoro: Ripoti ya Nchi ya Kenya 2022,Disaster/Health,
Laikipia County: Drought Early Warning Bulletin for September 2023,Kaunti ya Laikipia: Taarifa ya Onyo la Mapema kuhusu Ukame kwa Septemba 2023,Disaster/Health,
Narok County: Drought Early Warning Bulletin for June 2022,Kaunti ya Narok: Taarifa ya Onyo la Mapema kuhusu Ukame kwa Juni 2022,Disaster/Health,
WASH in Kenya- 27 August 2025,WASH nchini Kenya- 27 Agosti 2025,Disaster/Health,
Kenya | Severe weather and flash floods - DG ECHO Daily Map | 10/03/2026,Kenya | Hali ya hewa kali na mafuriko - Ramani ya Kila Siku ya DG ECHO | 10/03/2026,Disaster/Health,
Tharaka Nithi County: Drought Early Warning Bulletin for April 2024,Kaunti ya Tharaka Nithi: Taarifa ya Onyo la Mapema kuhusu Ukame Aprili 2024,Disaster/Health,
You can imagine a family of eight losing their food support.,Unaweza kufikiria familia ya watu wanane ikipoteza msaada wao wa chakula.,Disaster/Health,
Laikipia County: Drought Early Warning Bulletin for October 2023,Kaunti ya Laikipia: Taarifa ya Onyo la Mapema kuhusu Ukame kwa Oktoba 2023,Disaster/Health,
"In a world increasingly affected by outbreaks, epidemics, extreme weather events, and other public health challenges, the question is no longer whether new crises will arise, but rather how well prepared we will be to tackle them. Preparedness for crises does not depend solely on hospitals, medicines, or the availability of healthcare professionals; it also depends on something less visible, yet equally crucial: the trust of communities.","Katika ulimwengu unaozidi kuathiriwa na milipuko, magonjwa ya milipuko, hali mbaya ya hewa, na changamoto zingine za afya ya umma, swali sio kama majanga mapya yatatokea, lakini ni jinsi tutakavyojitayarisha vyema kuyakabili. Kujitayarisha kwa mizozo hakutegemei hospitali, dawa, au upatikanaji wa wataalamu wa afya pekee; pia inategemea kitu kisichoonekana sana, lakini muhimu pia: uaminifu wa jamii.",General,
Kenya and Somalia WASH Response: UMR and Mr. Beast Water Access Project - Final Report,Kenya na Somalia WASH Response: UMR na Bw. Beast Water Access Project - Ripoti ya Mwisho,Disaster/Health,
Turkana County: Drought Early Warning Bulletin for October 2022,Kaunti ya Turkana: Taarifa ya Onyo la Mapema kuhusu Ukame kwa Oktoba 2022,Disaster/Health,
Get InvolvedBecome a VolunteerBecome a MemberCareersDonateTendersRegions and BranchesOneRC | Volunteer Opportunities,ShirikiKuwa MjitoleajiKuwa MwanachamaWafanyakaziChangiaTendersMikoa na MatawiOneRC | Fursa za Kujitolea,General,
Those in quarantine are advised to keep physical distance #KomeshaCorona update,Walio kwenye karantini wanashauriwa kuweka umbali wa kimwili #KomeshaCorona update,Public Health,
Refugees in Kenya at risk of worsening hunger as WFP faces critical funding shortfall,Wakimbizi nchini Kenya wako hatarini kukumbwa na njaa huku WFP ikikabiliwa na uhaba mkubwa wa fedha,Disaster/Health,
"Kenya - New influx of refugees (DG ECHO, UNHCR) (ECHO Daily Flash of 4 November 2022)","Kenya - Wingi mpya wa wakimbizi (DG ECHO, UNHCR) (ECHO Daily Flash ya 4 Novemba 2022)",Disaster/Health,
"Members pool savings to provide micro-loans, share skills and provide mutual social support, providing a vital vehicle for financial inclusion and poverty reduction in many communities.","Wanachama hukusanya akiba ili kutoa mikopo midogo midogo, ujuzi wa kubadilishana na kutoa usaidizi wa kijamii, kutoa chombo muhimu cha ushirikishwaji wa kifedha na kupunguza umaskini katika jamii nyingi.",Disaster/Health,
"Supportive Supervision at Loco Health Centre by the Nairobi County Health Team as part of the world Immunization week, to ensure Infection prevention control & immunisation guidelines are followed during COVID 19 Pandemic. #KomeshaCorona update","Usimamizi wa Usaidizi katika Kituo cha Afya cha Loco na Timu ya Afya ya Kaunti ya Nairobi kama sehemu ya wiki ya chanjo duniani, ili kuhakikisha udhibiti wa kuzuia Maambukizi na miongozo ya chanjo inafuatwa wakati wa Janga la COVID 19. #KomeshaCorona sasisho",Public Health,
[Kenya] Along the transit corridors: PWJ's intricate contribution to Kakuma and Kalobeyei Reception Centers,[Kenya] Kando ya njia za kupita: Mchango tata wa PWJ katika Vituo vya Mapokezi vya Kakuma na Kalobeyei,Disaster/Health,
Rwanda's experience highlights the importance of collaboration in building stronger surveillance systems.,Uzoefu wa Rwanda unaonyesha umuhimu wa ushirikiano katika kujenga mifumo imara ya ufuatiliaji.,Disaster/Health,
Malnutrition remains high as drought continues in Kenya,Utapiamlo umesalia kuwa juu huku ukame ukiendelea nchini Kenya,Disaster/Health,
Train on climate education 2023.,Mafunzo kuhusu elimu ya hali ya hewa 2023.,Education,
"It also positions the country as a leader in advancing innovative approaches to disaster risk management in Africa, ensuring that individuals and institutions are empowered to anticipate and respond to disasters before they occur.",Uchambuzi huo unatokana na taarifa inayopatikana kuanzia tarehe 30 Aprili 2026.,Disaster/Health,
Taita Taveta County: Drought Early Warning Bulletin for January 2023,Kaunti ya Taita Taveta: Taarifa ya Onyo la Mapema kuhusu Ukame la Januari 2023,Disaster/Health,
"Members of the public are advised against forwarding unsubstantiated information on social media platforms. For any inquiries related to COVID-19, please call the Ministry of Health on the following Hotlines: 0800721316, 0732353535, 0729471414. x.com/DanielN6184157 …","Wanachama wanashauriwa dhidi ya kusambaza habari zisizo na uthibitisho kwenye majukwaa ya mitandao ya kijamii. Kwa maswali yoyote yanayohusiana na COVID-19, tafadhali piga simu kwa Wizara ya Afya kwa nambari za simu zifuatazo: 0800721316, 0732353535, 0729471414. x.com/DanielN6184157 …",Public Health,
Can digital adherence technologies reduce inequity in tuberculosis treatment success? Evidence from a randomised controlled trial,"Je, teknolojia za ufuasi za kidijitali zinaweza kupunguza ukosefu wa usawa katika mafanikio ya matibabu ya kifua kikuu? Ushahidi kutoka kwa jaribio lililodhibitiwa nasibu",Health,
Tana River County: Drought Early Warning Bulletin for October 2022,Kaunti ya Tana River: Taarifa ya Onyo la Mapema kuhusu Ukame ya Oktoba 2022,Disaster/Health,
"For More information, call @MoH_DRMH for free on 0800 722 022 #WCD2020Ke #WCD2020 #Tujulishane","Kwa maelezo zaidi, piga @MoH_DRMH bila malipo kwa 0800 722 022 #WCD2020Ke #WCD2020 #Tujulishane",Public Health,
Microfinance for WASH in Kenya,Fedha ndogo za WASH nchini Kenya,Disaster/Health,
Kenya: Addressing sexual violence in communities displaced by conflict,Kenya: Kushughulikia unyanyasaji wa kijinsia katika jamii zilizohamishwa na migogoro,Disaster/Health,
"Kenya: IPC Acute Food Insecurity and Acute Malnutrition Analysis (July - December 2022) Published on September 28, 2022","Kenya: IPC Ukosefu wa Chakula Mkali na Uchanganuzi Mkali wa Utapiamlo (Julai - Desemba 2022) Ilichapishwa mnamo Septemba 28, 2022",Disaster/Health,
Kenya: Scholarships help vulnerable students complete secondary education,Kenya: Masomo huwasaidia wanafunzi walio katika mazingira magumu kumaliza elimu ya sekondari,Disaster/Health,
"""Key steps to #KomeshaCorona Wash your with and flowing water Sanitize our hands Observe physical distance Avoid public gatherings"" @GovernorKahiga @KenyaGovernors @County19Nyeri","""Hatua muhimu za #KomeshaCorona Osha maji yako na yanayotiririka Safisha mikono yetu Angalia umbali wa mwili Epuka mikusanyiko ya watu"" @GavanaKahiga @Magavana wa Kenya @County19Nyeri",Public Health,
"Kenya: MAM Floods Report, May 2024","Kenya: Ripoti ya Mafuriko ya MAM, Mei 2024",Disaster/Health,
"WFP Kenya Country Brief, February 2023","Muhtasari wa Nchi wa WFP Kenya, Februari 2023",Disaster/Health,
Baringo County: Drought Early Warning Bulletin for August 2024,Kaunti ya Baringo: Taarifa ya Onyo la Mapema kuhusu Ukame kwa Agosti 2024,Disaster/Health,
"Kenya Key Message Update: Record high food prices and a fifth consecutive below-average rainy season drive high levels of acute food insecurity, January 2023","Taarifa ya Ujumbe Muhimu nchini Kenya: Rekodi bei za juu za vyakula na msimu wa tano mfululizo wa mvua chini ya wastani husababisha viwango vya juu vya uhaba wa chakula, Januari 2023.",Disaster/Health,
Kenya at a glance – South-South and Triangular Cooperation Country Project (May 2023),Kenya kwa mtazamo - Mradi wa Nchi ya Ushirikiano wa Kusini-Kusini na Utatu (Mei 2023),Disaster/Health,
"World Health Organization supported this effort through technical guidance, coordination and the strengthening of regional networks, helping to ensure that clinical capacity continues to grow across countries and is sustained between outbreaks.","Shirika la Afya Ulimwenguni liliunga mkono juhudi hizi kupitia mwongozo wa kiufundi, uratibu na uimarishaji wa mitandao ya kikanda, kusaidia kuhakikisha kwamba uwezo wa kimatibabu unaendelea kukua katika nchi zote na unadumishwa kati ya milipuko.",Health,
"Kenya - Key Message Update: Crisis (IPC Phase 3) outcomes expanding as anomalous dry conditions intensify, January 2026","Kenya - Taarifa Muhimu ya Ujumbe: Matokeo ya Mgogoro (IPC Awamu ya 3) yanapanuka huku hali ya ukame isiyo ya kawaida inavyozidi, Januari 2026",Disaster/Health,
Somali refugees living in Dadaab without basic services,Wakimbizi wa Kisomali wanaoishi Dadaab bila huduma za kimsingi,Disaster/Health,
"19 July 2026 – LUSAKA, Zambia.The Government of the Republic of Zambia, through the Ministry of Health, in partnership with the World Health Organization (WHO), Rotary International, UNICEF and other partners of the Global Polio Eradication Initiative (GPEI), has launched the final round of the Sub-National Immunization Activities (SIA) polio campaign targeting about 3.9 million children under the age of five.","19 Julai 2026 – LUSAKA, Zambia.Serikali ya Jamhuri ya Zambia, kupitia Wizara ya Afya, kwa kushirikiana na Shirika la Afya Duniani (WHO), Rotary International, UNICEF na washirika wengine wa Mpango wa Kutokomeza Polio Duniani (GPEI), imezindua awamu ya mwisho ya Shughuli za Kitaifa za Chanjo ya Kitaifa (SIA) inayolenga watoto wapatao milioni 3 wenye umri wa chini ya miaka mitano.",General,
"COVID-19 Advice! Remember to cover your nose & mouth when coughing or sneezing with a cloth or in your flexed elbow & NOT your hands to prevent spread to others. Go to the doctor if you have a fever, cough or feel that it is difficult to breathe #coronavirusInkenya","Ushauri wa COVID-19! Kumbuka kufunika pua na mdomo wako unapokohoa au kupiga chafya kwa kitambaa au kwenye kiwiko cha mkono uliojikunja & SI mikono yako ili kuzuia kuenea kwa wengine. Nenda kwa daktari ikiwa una homa, kikohozi au unahisi kuwa ni vigumu kupumua #coronavirusInkenya",Public Health,
UNHCR Kenya: 2023 Funding Update (as of 28 March 2023),UNHCR Kenya: Taarifa ya Ufadhili ya 2023 (kuanzia tarehe 28 Machi 2023),Disaster/Health,
AIRA Infodemic Trends Report 3-10 October 2023 (Weekly brief #92),Ripoti ya Mitindo ya Habari ya AIRA 3-10 Oktoba 2023 (Muhtasari wa kila wiki #92),Disaster/Health,
"4. To mobilize resources for Research, Innovation and Infrastructure development.","4. Kukusanya rasilimali kwa ajili ya Utafiti, Ubunifu na maendeleo ya Miundombinu.",General,
Kenya: Drought Snapshot (February 2026),Kenya: Picha ya Ukame (Februari 2026),Disaster/Health,
National Drought Early Warning Bulletin (October 2022),Taarifa ya Tahadhari ya Mapema ya Kitaifa (Oktoba 2022),Disaster/Health,
"Muranga County has launched mass distribution of masks for motorbike riders. Stay safe and ensure you wear your face mask when visiting public places such as supermarkets, open air markets & public transport to reduce the chances of transmission of the virus #KomeshaCorona","Kaunti ya Muranga imezindua usambazaji mkubwa wa barakoa kwa waendesha pikipiki. Kaa salama na hakikisha unavaa barakoa unapotembelea maeneo ya umma kama vile maduka makubwa, soko la wazi na usafiri wa umma ili kupunguza uwezekano wa maambukizi ya virusi #KomeshaCorona",Public Health,
"Today, the US Ambassador to Kenya, HE Kyle Mccarter paid a courtesy call on CS Mutahi Kagwe at his Afya House office. The two discussed at length trade negotiations between the two countries, particularly on inviting American Businesses to set up in Kenya. @USAmbKenya","Leo, Balozi wa Marekani nchini Kenya, HE Kyle Mccarter alimtembelea CS Mutahi Kagwe katika ofisi yake ya Afya House. Wawili hao walijadili kwa kirefu mazungumzo ya kibiashara kati ya nchi hizo mbili, haswa juu ya kualika Biashara za Amerika kuanzisha Kenya. @USAmbKenya",Public Health,
Kenya: Drought - Baseline Population by County (18 Apr 2023),Kenya: Ukame - Idadi ya Msingi kulingana na Kaunti (18 Apr 2023),Disaster/Health,
Exploring the Nexus between Climate hazards and Conflict in Lamu County: Implications for Community Adaptation Action Plans,Kuchunguza Uhusiano kati ya Hatari za Hali ya Hewa na Migogoro katika Kaunti ya Lamu: Athari kwa Mipango ya Kitendo ya Kukabiliana na Jamii.,Disaster/Health,
Partnerships and training helped prevent election violence,Ushirikiano na mafunzo vilisaidia kuzuia ghasia za uchaguzi,Disaster/Health,
Kilifi County: Drought Early Warning Bulletin for September 2023,Kaunti ya Kilifi: Taarifa ya Onyo la Mapema kuhusu Ukame kwa Septemba 2023,Disaster/Health,
The main objective of TVET is to develop an effectively co-ordinated and harmonized TVET system that is capable of producing quality skilled human resource with the right attitudes and values required for growth and prosperity of the various sectors of the economy.,Lengo kuu la TVET ni kuandaa mfumo wa TVET ulioratibiwa na kuwianishwa ipasavyo wenye uwezo wa kuzalisha rasilimali watu wenye ujuzi na mitazamo na maadili sahihi yanayohitajika kwa ukuaji na ustawi wa sekta mbalimbali za uchumi.,General,
International Medical Corps Receives $6.3 Million Grant from Takeda to Improve Health Delivery in Kenya and Somalia,Kikosi cha Kimataifa cha Matibabu Chapokea Ruzuku ya $6.3 Milioni kutoka Takeda ili Kuboresha Utoaji wa Afya nchini Kenya na Somalia,Disaster/Health,
Garissa County: Drought Early Warning Bulletin for January 2023,Kaunti ya Garissa: Taarifa ya Onyo la Mapema kuhusu Ukame kwa Januari 2023,Disaster/Health,
"The country's progress has been supported by strong governance structures, standardized data collection tools, laboratory information systems, regular data quality reviews and multidisciplinary collaboration involving laboratory, data and informatics teams.","Maendeleo ya nchi yameungwa mkono na miundo thabiti ya utawala, zana sanifu za ukusanyaji wa takwimu, mifumo ya taarifa za maabara, ukaguzi wa mara kwa mara wa ubora wa data na ushirikiano wa fani mbalimbali unaohusisha timu za maabara, data na taarifa.",Disaster/Health,
UNICEF Kenya Humanitarian Situation Report No. 7 27 November 2023 (Reporting period 1 July - 30 September 2023),Ripoti ya Hali ya Kibinadamu ya UNICEF Kenya No. 7 27 Novemba 2023 (Kipindi cha kuripoti 1 Julai - 30 Septemba 2023),Disaster/Health,
Three months of COVID-19 in sub-Saharan Africa28 May 2020,Miezi mitatu ya COVID-19 katika Afrika Kusini mwa Jangwa la Sahara28 Mei 2020,General,
The ongoing conflict in the Middle East poses risks to the country's agricultural sector by disrupting trade flows and supply chains and increasing input costs.,Mzozo unaoendelea katika Mashariki ya Kati unaleta hatari kwa sekta ya kilimo nchini humo kwa kuvuruga mtiririko wa biashara na minyororo ya ugavi na kuongeza gharama za pembejeo.,Disaster/Health,
"The National Treasury and Economic Planning has prepared draft Government Investment Regulations, 2024 for consideration by stakeholders.","Hazina ya Kitaifa na Mipango ya Kiuchumi imetayarisha rasimu ya Kanuni za Uwekezaji za Serikali, 2024 kwa ajili ya kuzingatiwa na wadau.",Governance,
ACAPS Thematic Report - Kenya: Impact of drought: Turkana and Marsabit counties (07 December 2022),Ripoti ya Mada ya ACPS - Kenya: Athari za ukame: Kaunti za Turkana na Marsabit (07 Desemba 2022),Disaster/Health,
Kenya Health Products and Technologies Local Manufacturing Strategy 2026–2030,Bidhaa za Afya za Kenya na Teknolojia Mkakati wa Utengenezaji wa Ndani wa 2026–2030,General,
"Kenya Key Message Update: High fuel and food prices are limiting household purchasing power, May 2023","Sasisho la Ujumbe Muhimu wa Kenya: Bei ya juu ya mafuta na vyakula inapunguza uwezo wa kununua wa kaya, Mei 2023",Disaster/Health,
Help us to support families and communities affected by armed conflict or by natural disasters in conflict regions all over the world,Tusaidie kusaidia familia na jamii zilizoathiriwa na vita au majanga ya asili katika maeneo yenye migogoro duniani kote,General,
Fighting the Wave: How a Nation United to Fight the COVID-19 Pandemic,Kupambana na Wimbi: Jinsi Taifa Iliyoungana Kupambana na Janga la COVID-19,General,
"Kenya Price Bulletin, May 2024","Taarifa ya Bei ya Kenya, Mei 2024",Disaster/Health,
Kenya Drought Response Dashboard (January to December 2023),Dashibodi ya Kukabiliana na Ukame Kenya (Januari hadi Desemba 2023),Disaster/Health,
Embu (Mbeere) County: Drought Early Warning Bulletin for October 2023,Kaunti ya Embu (Mbeere): Taarifa ya Onyo la Mapema kuhusu Ukame kwa Oktoba 2023,Disaster/Health,
"AIRA Infodemic Trends Report — September 15–30, 2025 (No. 171)","Ripoti ya Mwenendo wa Taarifa za AIRA — Septemba 15–30, 2025 (Na. 171)",General,
Kenya: Security services must respect fundamental rights during nationwide protests,Kenya: Huduma za usalama lazima ziheshimu haki za kimsingi wakati wa maandamano ya kitaifa,Disaster/Health,
Kwale County: Drought Early Warning Bulletin for April 2024,Kaunti ya Kwale: Taarifa ya Onyo la Mapema kuhusu Ukame kwa Aprili 2024,Disaster/Health,
Taita Taveta County: Drought Early Warning Bulletin for June 2024,Kaunti ya Taita Taveta: Taarifa ya Onyo la Mapema kuhusu Ukame Juni 2024,Disaster/Health,
Wajir County: Drought Early Warning Bulletin for December 2022,Kaunti ya Wajir: Taarifa ya Onyo la Mapema kuhusu Ukame kwa Desemba 2022,Disaster/Health,
Climate Change Turns African Rivers into Epicentres of Conflict,Mabadiliko ya Tabianchi Yageuza Mito ya Kiafrika kuwa Vitovu vya Migogoro,Disaster/Health,
You can help prevent the spread of respiratory diseases like #COVID19 if you do the following. #StayHomeHero #KomeshaCorona,Unaweza kusaidia kuzuia kuenea kwa magonjwa ya kupumua kama #COVID19 ukifanya yafuatayo. #KaaNyumbaniShujaa #KomeshaCorona,Public Health,
Cash and voucher assistance are coordinate through the County Steering groups and aligned with the Kenya Cash Working group guidance to avoid duplication and maximize on the impact.,Usaidizi wa pesa taslimu na vocha huratibiwa kupitia vikundi vya Uendeshaji vya Kaunti na kuunganishwa na mwongozo wa kikundi cha Kenya Cash Working ili kuepuka kurudia na kuongeza athari.,Governance,
"Crops in these areas are harvested in July and August, and compared to westernunimodalhigh potential areas, agricultural systems are less input intensive.","Mazao katika maeneo haya huvunwa mnamo Julai na Agosti, na ikilinganishwa na maeneo yenye uwezekano wa westernunimodalhigh, mifumo ya kilimo haihitaji pembejeo nyingi.",Agriculture,
Makueni County: Drought Early Warning Bulletin for September 2022,Kaunti ya Makueni: Taarifa ya Onyo la Mapema kuhusu Ukame kwa Septemba 2022,Disaster/Health,
Tana River County: Drought Early Warning Bulletin for June 2024,Kaunti ya Tana River: Taarifa ya Onyo la Mapema kuhusu Ukame ya Juni 2024,Disaster/Health,
The Policy is underpinned on the Government's commitment to address the challenges that have faced the Kenyan tax system for a long time.,Sera hiyo inaungwa mkono na kujitolea kwa Serikali kushughulikia changamoto ambazo zimekabili mfumo wa ushuru wa Kenya kwa muda mrefu.,Governance,
AIRA Infodemic Trends Report - 1-8 January 2024 (Weekly Brief #101),Ripoti ya Mitindo ya Taarifa ya AIRA - 1-8 Januari 2024 (Muhtasari wa Kila Wiki #101),Disaster/Health,
"Adaptation in Adversity - The Impact of Drought on the Livelihood Adaptive Strategies of Refugee Youth with Physical Disabilities in Kakuma Refugee Camp, Working paper 4 - December 2024","Kukabiliana na Matatizo - Athari za Ukame kwa Mikakati Inayobadilika ya Riziki ya Vijana Wakimbizi Wenye Ulemavu wa Kimwili katika Kambi ya Wakimbizi ya Kakuma, Mada ya Kazi 4 - Desemba 2024",Disaster/Health,
Turkana County: Drought Early Warning Bulletin for March 2023,Kaunti ya Turkana: Taarifa ya Onyo la Mapema kuhusu Ukame kwa Machi 2023,Disaster/Health,
Any other interested persons or groups.,Watu wengine au vikundi vingine vinavyovutiwa.,Disaster/Health,
"This underscores the severity of recurrent climate shocks, particularly flooding along the Tana River Basin, which continues to uproot families, disrupt livelihoods and strain host communities.","Hii inasisitiza ukali wa majanga ya hali ya hewa yanayotokea mara kwa mara, hasa mafuriko kwenye Bonde la Mto Tana, ambayo yanaendelea kung'oa familia, kutatiza maisha na kuzorotesha jamii zinazowapokea.",Disaster/Health,
"Statement by Ms. Alice Wairimu Nderitu, Special Adviser on the Prevention of Genocide, on the launch of Kenya National Action Plan against Hate Speech, 15 June 2022","Kauli ya Bi Alice Wairimu Nderitu, Mshauri Maalum kuhusu Kuzuia Mauaji ya Kimbari, kuhusu uzinduzi wa Mpango wa Kitaifa wa Kenya dhidi ya Matamshi ya Chuki, 15 Juni 2022.",Disaster/Health,
"(f) deliver outreach, and create an impact, to society by delivering excellent teaching and producing high quality applied research.","(f) kutoa ufikiaji, na kuleta athari, kwa jamii kwa kutoa ufundishaji bora na kutoa utafiti wa hali ya juu uliotumika.",General,
Turkana County: Drought Early Warning Bulletin for December 2022,Kaunti ya Turkana: Taarifa ya Onyo la Mapema kuhusu Ukame kwa Desemba 2022,Disaster/Health,
"The Principal Secretary for Basic Education, John Ololtuaa, engaged Heads of Schools and County Education officials in Bomet County on key priorities in the education sector.","Katibu Mkuu wa Elimu ya Msingi, John Ololtuaa, alizungumza na Wakuu wa Shule na maafisa wa Elimu wa Kaunti katika Kaunti ya Bomet kuhusu vipaumbele muhimu katika sekta ya elimu.",General,
"Regulation 3 of the principal Regulations is amended by deleting the words ""Arts and Social Development"" appearing immediately after the word ""Sports"" and substituting therefor the words ""and Arts"". 5.","Kanuni ya 3 ya Kanuni kuu inarekebishwa kwa kufuta maneno ""Sanaa na Maendeleo ya Jamii"" yanayoonekana mara baada ya neno ""Michezo"" na badala yake maneno ""na Sanaa"". 5.",Disaster/Health,
Tana River County: Drought Early Warning Bulletin for January 2024,Kaunti ya Tana River: Taarifa ya Onyo la Mapema kuhusu Ukame la Januari 2024,Disaster/Health,
Mandera County: Drought Early Warning Bulletin for July 2023,Kaunti ya Mandera: Taarifa ya Onyo la Mapema kuhusu Ukame Julai 2023,Disaster/Health,
Regional Bureau for Eastern Africa floods update #2 (30 June 2024),Ofisi ya Kanda ya Afrika Mashariki kuhusu mafuriko #2 (30 Juni 2024),Disaster/Health,
"REBUILD: COVID-19 Pandemic and Women in the Informal Economy in Kenya, Uganda and India","JENGA UPYA: Janga la COVID-19 na Wanawake katika Uchumi Usio Rasmi nchini Kenya, Uganda na India",Disaster/Health,
Embu (Mbeere) County: Drought Early Warning Bulletin for October 2024,Kaunti ya Embu (Mbeere): Taarifa ya Onyo la Mapema kuhusu Ukame kwa Oktoba 2024,Disaster/Health,
Angola has completed a strategic process to enhance the impact of vaccination,Angola imekamilisha mchakato wa kimkakati wa kuimarisha athari za chanjo,General,
"Early Action Protocol Activation: Kenya Drought (EAP №: EAP2022KE02, Operation №: MDRKE055)","Uanzishaji wa Itifaki ya Hatua ya Mapema: Ukame nchini Kenya (EAP №: EAP2022KE02, Operesheni №: MDRKE055)",Disaster/Health,
Protect yourself & others from getting sick. Washing your hands with soap & running water or using an alcohol-based sanitizer is the cheapest and best way to stop coronavirus transmission. Remember: Be safe by avoiding Kissing Hugging Shaking hands. #KomeshaCorona,Jilinde na wengine dhidi ya magonjwa. Kunawa mikono kwa sabuni na maji yanayotiririka au kutumia sanitizer yenye pombe ndio njia ya bei nafuu na bora zaidi ya kukomesha maambukizi ya virusi vya corona. Kumbuka: Kuwa salama kwa kuepuka Kubusu Kukumbatiana Kupeana mikono. #KomeshaCorona,Public Health,
"World Water Day: Salesian Missions highlights water projects that make clean, fresh water available in communities",Siku ya Maji Duniani: Misheni za Salesian zinaangazia miradi ya maji ambayo hufanya maji safi na safi kupatikana katika jamii,Disaster/Health,
"Box 30007 Nairobi-00100 , or email to ppd@treasury.go.ke with a copy to dppd4553@gmail.com to be received by 11th October, 2024.","Box 30007 Nairobi-00100 , au barua pepe kwa ppd@treasury.go.ke ikiwa na nakala kwa dppd4553@gmail.com itakayopokelewa kufikia tarehe 11 Oktoba, 2024.",Disaster/Health,
"This report explores the costs of inaction in not realising the HIV and SRHR needs of young people in Kenya, Rwanda and Uganda, focusing on costs related to: 1) adolescent pregnancies, 2) HIV acquisition and 3) gender-based violation.","Ripoti hii inachunguza gharama za kutochukua hatua katika kutotambua mahitaji ya VVU na SRHR ya vijana nchini Kenya, Rwanda na Uganda, ikizingatia gharama zinazohusiana na: 1) mimba za utotoni, 2) kupata VVU na 3) ukiukaji wa kijinsia.",Health,
Kenya – Mobility Tracking and Multi-sectoral Location Assessment in Samburu County Round 1 (February 2023),Kenya - Ufuatiliaji wa Uhamaji na Tathmini ya Mahali ya Sekta mbalimbali katika Kaunti ya Samburu Awamu ya 1 (Februari 2023),Disaster/Health,
"Yet this Emergency Appeal is only 9 per cent funded at a time when needs are rising, not receding.","Uwekezaji wa wafadhili kwa wakati unaofaa sasa unaweza kuzuia kuzorota zaidi, kulinda maisha, na kuokoa maisha kwa kupunguza gharama kubwa zaidi za ongezeko la dharura baadaye mwakani ikiwa hatua itachelewa.",Disaster/Health,
"Food prices also remain a persistent stressor, while excessive rainfall and flooding in 2024 disrupted livelihoods and damaged infrastructure, particularly affecting host communities reliant on agriculture and livestock.","Bei ya vyakula pia inasalia kuwa mkazo unaoendelea, wakati mvua nyingi na mafuriko katika 2024 yalitatiza maisha na miundombinu iliyoharibiwa, haswa kuathiri jamii zinazotegemea kilimo na mifugo.",Disaster/Health,
Kilifi County: Drought Early Warning Bulletin for February 2023,Kaunti ya Kilifi: Taarifa ya Onyo la Mapema kuhusu Ukame kwa Februari 2023,Disaster/Health,
Garissa County: Drought Early Warning Bulletin for September 2023,Kaunti ya Garissa: Taarifa ya Onyo la Mapema kuhusu Ukame kwa Septemba 2023,Disaster/Health,
"£15 million funding to strengthen health workforce in Kenya, Nigeria and Ghana","Pauni milioni 15 za ufadhili wa kuimarisha nguvu kazi ya afya nchini Kenya, Nigeria na Ghana",Disaster/Health,
Kenya | Hazard - Early Action Protocol Annual Report (May 2024) Operation №: MDRKE053,Kenya | Hazard - Ripoti ya Mwaka ya Itifaki ya Hatua ya Mapema (Mei 2024) Operesheni №: MDRKE053,Disaster/Health,
Baringo County: Drought Early Warning Bulletin for April 2023,Kaunti ya Baringo: Taarifa ya Onyo la Mapema kuhusu Ukame la Aprili 2023,Disaster/Health,
Garissa County: Drought Early Warning Bulletin for July 2022,Kaunti ya Garissa: Taarifa ya Onyo la Mapema kuhusu Ukame kwa Julai 2022,Disaster/Health,
"Impact of increasing fertilizer prices on maize production in Kenya, September 2022","Athari za kuongeza bei ya mbolea kwenye uzalishaji wa mahindi nchini Kenya, Septemba 2022",Disaster/Health,
Republic of Kenya: Precipitation Anomaly - Standardized Precipitation Index(SPI) for the period 2024-2025 (30 Jan 2026),Jamhuri ya Kenya: Hali Isiyo ya Mvua - Kielezo Sanifu cha Mvua (SPI) katika kipindi cha 2024-2025 (30 Januari 2026),Disaster/Health,
"The Government in collaboration with the African Union Commission continues to support the Regional Pan African University Institute of Basic Sciences, Technology and Innovation (PAUSTI) at Jomo Kenyatta University of Agriculture and Technology. The institute trains graduates from African Countries at Masters and PhD level in basic sciences and Engineering.","Serikali kwa kushirikiana na Tume ya Umoja wa Afrika inaendelea kuunga mkono Taasisi ya Kikanda ya Chuo Kikuu cha Pan African ya Sayansi ya Msingi, Teknolojia na Ubunifu (PAUSTI) katika Chuo Kikuu cha Kilimo na Teknolojia cha Jomo Kenyatta. Taasisi hiyo inatoa mafunzo kwa wahitimu kutoka Nchi za Afrika katika ngazi ya Shahada ya Uzamili na Uzamivu katika masomo ya msingi ya sayansi na Uhandisi.",General,
"Key findings: Wajir County - Mobility Tracking Round 2, 1 - 18 November 2023","Matokeo muhimu: Kaunti ya Wajir - Ufuatiliaji wa Uhamaji Awamu ya 2, 1 - 18 Novemba 2023",Disaster/Health,
Meru (Meru-North) County: Drought Early Warning Bulletin for March 2022,Kaunti ya Meru (Meru-Kaskazini): Taarifa ya Onyo la Mapema kuhusu Ukame Machi 2022,Disaster/Health,
Kenya - Garissa County - Dadaab - Dagahaley Refugee Camp - Education and Health Infrastructure - as of May 2022,Kenya - Kaunti ya Garissa - Dadaab - Kambi ya Wakimbizi ya Dagahaley - Miundombinu ya Elimu na Afya - hadi Mei 2022,Disaster/Health,
Girls in Kenya face violence as further drought expected,Wasichana nchini Kenya wanakabiliwa na ghasia kama ukame zaidi unavyotarajiwa,Disaster/Health,
"Kenya Price Bulletin, February 2023","Taarifa ya Bei ya Kenya, Februari 2023",Disaster/Health,
Summer Driving Tips: Seasonal changes bring opportunities to share vehicle safety information and remind drivers to drive safely and prepare for seasonal conditions on the road.,Dokezo za Uendeshaji Magari Msimu wa Joto: Mabadiliko ya msimu yanatoa fursa ya kushiriki taarifa za usalama wa gari na kuwakumbusha madereva kuendesha kwa usalama na kujiandaa na hali ya barabara.,Security,
Kwale County: Drought Early Warning Bulletin for January 2023,Kaunti ya Kwale: Taarifa ya Onyo la Mapema kuhusu Ukame kwa Januari 2023,Disaster/Health,
Baringo County: Drought Early Warning Bulletin for September 2024,Kaunti ya Baringo: Taarifa ya Onyo la Mapema kuhusu Ukame kwa Septemba 2024,Disaster/Health,
"To promote and integrate research, science, technology and innovation at all levels.","Kukuza na kuunganisha utafiti, sayansi, teknolojia na uvumbuzi katika ngazi zote.",General,
"Without deliberate investments in childcare, skills, and safe work opportunities, women risk exclusion from the gains of integration.","Bila uwekezaji wa kimakusudi katika malezi ya watoto, ujuzi, na fursa salama za kazi, wanawake wanahatarisha kutengwa kutoka kwa mafanikio ya ujumuishaji.",Disaster/Health,
"This work will ensure that future investments are evidence-based, economically sound, and aligned with national priorities.","Kazi hii itahakikisha kuwa uwekezaji wa siku zijazo ni wa msingi wa ushahidi, mzuri kiuchumi, na unaendana na vipaumbele vya kitaifa.",Disaster/Health,
Kenya: Humanitarian impact of heavy rains and flooding - Flash Update #1 (8 November 2023),Kenya: Athari za kibinadamu za mvua kubwa na mafuriko - Sasisho la Flash #1 (8 Novemba 2023),Disaster/Health,
"As incomes fall and food becomes less affordable, households increasingly resort to negative coping strategies, signaling eroding resilience.","Kadiri mapato yanavyopungua na chakula kinapokuwa chini ya bei nafuu, kaya zinazidi kutumia mikakati mibaya ya kukabiliana na hali hiyo, kuashiria kumomonyoka kwa ustahimilivu.",Disaster/Health,
"Studies also highlight the difficult choices households make to cope with extreme heat, with some families spending around one-sixth of their income on recurring cooling and water-related costs.","Tafiti pia zinaangazia chaguo ngumu ambazo kaya hufanya ili kukabiliana na joto kali, huku baadhi ya familia zikitumia karibu moja ya sita ya mapato yao kwa gharama za kupozea mara kwa mara na zinazohusiana na maji.",Disaster/Health,
Benin: Eric Loko's journey to quit tobacco use,Benin: Safari ya Eric Loko ya kuacha matumizi ya tumbaku,General,
GIEWS Country Brief: Kenya 16-September-2024,GIEWS Muhtasari wa Nchi: Kenya 16-Septemba-2024,Disaster/Health,
From Trauma to Triumph: Kenyan Women's Courageous Battle Against Female Genital Mutilation,Kutoka Kiwewe Hadi Ushindi: Vita vya Ujasiri vya Wanawake wa Kenya Dhidi ya Ukeketaji,Disaster/Health,
"Perceptions of land tenure security in pastoral areas in Marsabit, Kenya (June 2024)","Maoni ya usalama wa umiliki wa ardhi katika maeneo ya wafugaji huko Marsabit, Kenya (Juni 2024)",Disaster/Health,
State of the Climate Kenya 2022,Hali ya Hali ya Hewa Kenya 2022,Disaster/Health,
Gender Dynamics in Pastoralist Livelihood Systems in Africa,Mienendo ya Jinsia katika Mifumo ya Riziki ya Wafugaji Barani Afrika,Disaster/Health,
VULNERABLE AND MARGINALIZED GROUP PLAN FOR CHERANGANY IN WEST POKOT COUNTY,MPANGO WA KUNDI HALISI NA WALIO PEKEE KWA CHERANGANY KATIKA KAUNTI YA POKOT MAGHARIBI.,General,
Narok County: Drought Early Warning Bulletin for May 2024,Kaunti ya Narok: Taarifa ya Onyo la Mapema kuhusu Ukame kwa Mei 2024,Disaster/Health,
Our nurses have been at the front line in this fight against COVID-19 as the first point of call in our health facilities. They tremendously sacrifice every day despite the risk of contracting the virus to ensure those infected are taken care of; Dr. Aman. #KomeshaCorona update,Wauguzi wetu wamekuwa mstari wa mbele katika vita hivi dhidi ya COVID-19 kama hatua ya kwanza ya wito katika vituo vyetu vya afya. Wanajitolea sana kila siku licha ya hatari ya kuambukizwa virusi ili kuhakikisha walioambukizwa wanatunzwa; Dk Aman. #KomeshaCorona sasisho,Public Health,
We would like to call for calm & reassure citizens & everyone residing in Kenya that the country is *free from* novel #coronarvirus 2019 & stringent measures have been put in place to prevent its importation into the country @WHOKenya @KBCChannel1 @citizentvkenya @GhettoRadio895,Tunapenda kutoa wito wa utulivu na kuwahakikishia raia na kila mtu anayeishi nchini Kenya kwamba nchi hiyo haina* riwaya mpya ya #coronarvirus 2019 na hatua madhubuti zimewekwa kuzuia kuingizwa kwake nchini @WHOKenya @KBCChannel1 @citizentvkenya @GhettoRadio895,Public Health,
Kenya: the cost of inaction (May 2023),Kenya: gharama ya kutochukua hatua (Mei 2023),Disaster/Health,
Preventing HIV through safe voluntary medical male circumcision for adolescent boys and men in generalized HIV epidemics: recommendations and key considerations.,Kuzuia VVU kwa tohara salama ya kitabibu ya wanaume kwa wavulana na wanaume waliobalehe katika milipuko ya jumla ya VVU: mapendekezo na mambo muhimu ya kuzingatia.,General,
Strengthening genocide prevention through education in Africa: policy brief,Kuimarisha uzuiaji wa mauaji ya kimbari kupitia elimu barani Afrika: muhtasari wa sera,Disaster/Health,
Ethiopia launches rapid health emergency response to recent landslides,Ethiopia yazindua hatua za dharura za kiafya kwa maporomoko ya ardhi ya hivi majuzi,General,
Samburu County: Drought Early Warning Bulletin for May 2022,Kaunti ya Samburu: Taarifa ya Onyo la Mapema kuhusu Ukame kwa Mei 2022,Disaster/Health,
"Entry-Points for Peace-Positive Investments in Northern Kenya's Frontier Markets: An exploratory study of prospective peace-aligned investments in Elgeyo Marakwet, Mandera and Marsabit counties (July 2024)","Mambo ya Kuingia kwa Uwekezaji Wenye Amani-Chanya katika Masoko ya Mipaka ya Kaskazini mwa Kenya: Utafiti wa uchunguzi wa uwekezaji unaotarajiwa kutegemea amani katika kaunti za Elgeyo Marakwet, Mandera na Marsabit (Julai 2024)",Disaster/Health,
"Flooding and Displacement in Nairobi, Kenya - April 24 to May 15, 2024","Mafuriko na Uhamishaji katika Nairobi, Kenya - Aprili 24 hadi Mei 15, 2024",Disaster/Health,
A Lifeline for refugees: protecting the most vulnerable in Kenya,Njia ya maisha kwa wakimbizi: kuwalinda walio hatarini zaidi nchini Kenya,Disaster/Health,
Turkana County: Drought Early Warning Bulletin for February 2024,Kaunti ya Turkana: Taarifa ya Onyo la Mapema kuhusu Ukame kwa Februari 2024,Disaster/Health,
"3. To establish collaboration, partnerships and linkages in Science, Technology and Innovation.","3. Kuanzisha ushirikiano, ushirikiano na uhusiano katika Sayansi, Teknolojia na Ubunifu.",General,
"Low female labor participation in camps reflects the intersection of care responsibilities, limited mobility, and weak job availability; host‑community women in lagging regions face similar barriers.","Ushiriki mdogo wa kazi ya wanawake katika kambi huonyesha makutano ya majukumu ya utunzaji, uhamaji mdogo, na upatikanaji dhaifu wa kazi; wanawake wa jamii-wageni katika maeneo yaliyochelewa wanakabiliwa na vikwazo sawa.",Disaster/Health,
Kitui County: Drought Early Warning Bulletin for February 2024,Kaunti ya Kitui: Taarifa ya Onyo la Mapema kuhusu Ukame kwa Februari 2024,Disaster/Health,
Samburu County: Drought Early Warning Bulletin for April 2023,Kaunti ya Samburu: Taarifa ya Onyo la Mapema kuhusu Ukame kwa Aprili 2023,Disaster/Health,
AIRA Infodemic Trends Report 26 June - 9 July 2025,Ripoti ya Mitindo ya Habari ya AIRA 26 Juni - 9 Julai 2025,Disaster/Health,
"EHAGL Knowledge summary - Kenya, World Bank - UNHCR data and evidence collaboration (2016 - 2023)","Muhtasari wa Maarifa ya EHAGL - Kenya, Benki ya Dunia - UNHCR data na ushirikiano wa ushahidi (2016 - 2023)",Disaster/Health,
"Between intense droughts and sporadic floods, much of Kenya faces recurring or seemingly never-ending disasters.","Kati ya ukame mkali na mafuriko ya hapa na pale, sehemu kubwa ya Kenya inakabiliwa na majanga ya mara kwa mara au yanayoonekana kutoisha.",Disaster/Health,
"Kenya - Floods, update (Kenya Met Department, media) (ECHO Daily Flash of 29 November 2023)","Kenya - Mafuriko, sasisho (Idara ya Met ya Kenya, vyombo vya habari) (ECHO Daily Flash ya 29 Novemba 2023)",Disaster/Health,
VULNERABLE AND MARGINALIZED GROUP PLAN FOR ILKUNONO IN MARSABIT COUNTY,MPANGO WA KIKUNDI CHENYE HATARI NA WALIO PEKEE KWA ILKUNONO KATIKA KAUNTI YA MARSABIT.,General,
The Mwele Malecela Mentorship Programme – Cohort IV,Mpango wa Mwele Malecela Mentorship – Cohort IV,General,
Kenya DREF Application Anticipatory Actions - EVD Outbreak (MDRKE052),Vitendo vya Kutarajia Maombi ya Kenya DREF - Mlipuko wa EVD (MDRKE052),Disaster/Health,
"There is no cure for HIV infection. However, effective antiretroviral (ARV) drugs can control the virus and help prevent transmission so that people with HIV and those at substantial risk, can enjoy healthy, long and productive lives.","Hakuna tiba ya maambukizi ya VVU. Hata hivyo, dawa zinazofaa za kurefusha maisha (ARV) zinaweza kudhibiti virusi na kusaidia kuzuia maambukizi ili watu walio na VVU na wale walio katika hatari kubwa, waweze kufurahia maisha yenye afya, marefu na yenye tija.",General,
CountriesAll countries »ABCDEGKLMNRSTUZNews from countriesAccess to care for severe chronic diseases in Africa growing: new report21 Jul 2026|News ReleaseUganda safeguards essential health services during Ebola outbreak response21 Jul 2026|Feature StoryAccess to care for severe chronic diseases in Africa growing: new report21 Jul 2026|News ReleaseAngola has completed a strategic process to enhance the impact of vaccination20 Jul 2026|News ReleaseZambia Launches Final Round of Polio Vaccination Campaign Targeting 3.9 Million Children19 Jul 2026|News ReleaseSpotlightUgandaIn the frontlines of a safe and dignified Ebola outbreak response in Uganda01 Jul 2026|Feature Story,Nchi zote »ABCDEGKLMNRSTUZHabari kutoka nchiUpatikanaji wa kutunza magonjwa sugu barani Afrika unaoongezeka: ripoti mpya21 Jul 2026|Taarifa ya HabariUganda inalinda huduma muhimu za afya wakati wa kukabiliana na mlipuko wa Ebola21 Jul 2026|Hadithi ya KipengeleUpatikanaji wa kutunza magonjwa sugu barani Afrika kukua: ripoti mpya21 Jul 2026|Mchakato mpya wa 2 kukamilika kwa Angola athari za chanjo20 Jul 2026|Taarifa ya HabariZambia Yazindua Mzunguko wa Mwisho wa Kampeni ya Chanjo ya Polio Inayolenga Watoto Milioni 3.919 Jul 2026|Taarifa ya HabariSpotlightUgandaKatika mstari wa mbele wa kukabiliana na mlipuko wa Ebola nchini Uganda01 Jul 2026|,General,
Kenya: Climate-related flooding forces hundreds of thousands to flee,Kenya: Mafuriko yanayohusiana na hali ya hewa yanalazimisha mamia ya maelfu kukimbia,Disaster/Health,
"With the newer threat by Omicron and rising numbers of infections – 3,286 new confirmed COVID-19 cases as of December 30 - the need to sustain vaccination and preventive and protective measures by all, has become as urgent as ever.","Kukiwa na tishio jipya zaidi la Omicron na kuongezeka kwa idadi ya maambukizo - kesi 3,286 mpya zilizothibitishwa za COVID-19 kufikia Desemba 30 - hitaji la kudumisha chanjo na hatua za kinga na kinga na wote, imekuwa haraka kama zamani.",Health,
Wajir County: Drought Early Warning Bulletin for January 2024,Kaunti ya Wajir: Taarifa ya Onyo la Mapema kuhusu Ukame kwa Januari 2024,Disaster/Health,
Localizing Climate Adaptation Planning in Kenya's Refugee-Hosting Counties,Ujanibishaji wa Mpango wa Kukabiliana na Hali ya Hewa katika Kaunti za Kenya zinazohifadhi Wakimbizi,Disaster/Health,
"UNICEF Kenya Humanitarian Situation Report No. 6, 10 August 2023 (January to June 2023)","Ripoti ya Hali ya Kibinadamu ya UNICEF Kenya No. 6, 10 Agosti 2023 (Januari hadi Juni 2023)",Disaster/Health,
"Environmental Screening Report NEAT+, Dadaab, Kenya","Ripoti ya Uchunguzi wa Mazingira NEAT+, Dadaab, Kenya",Disaster/Health,
"40,000 teachers will benefit from new methodologies of early grade mathematics instruction through improved in-service training and regular pedagogical supervision and support","Walimu 40,000 watafaidika na mbinu mpya za mafundisho ya hisabati ya darasa la awali kupitia mafunzo bora ya kazini na usimamizi wa mara kwa mara wa ufundishaji na usaidizi.",General,
"Kenya Price Bulletin, January 2023","Taarifa ya Bei ya Kenya, Januari 2023",Disaster/Health,
"Kenya Economic Update, June 2023 (Edition #27)","Taarifa ya Kiuchumi ya Kenya, Juni 2023 (Toleo #27)",Disaster/Health,
Let us all take responsibility to prevent the spread of COVID-19. #Wash hands often. #stay home if possible. #cover your mouth & nose with flexed elbow or tissue when coughing or sneezing #Clean & disinfect frequently touched surfaces & objects. #KomeshaCorona,Sote tuchukue jukumu la kuzuia kuenea kwa COVID-19. #Nawa mikono mara kwa mara. #kaa nyumbani ikiwezekana. #funika mdomo na pua yako kwa kiwiko cha mkono au kitambaa unapokohoa au kupiga chafya #Safisha na kuua vijidudu kwenye sehemu na vitu vinavyoguswa mara kwa mara. #KomeshaCorona,Public Health,
Kenya Annual Country Report 2022 - Country Strategic Plan 2018 - 2023,Ripoti ya Mwaka ya Nchi ya Kenya 2022 - Mpango Mkakati wa Nchi 2018 - 2023,Disaster/Health,
"Kenya Red Cross Society is a humanitarian relief organization, created through an act of parliament CAP256 of the laws of Kenya","Shirika la Msalaba Mwekundu la Kenya ni shirika la misaada ya kibinadamu, lililoundwa kupitia sheria ya bunge CAP256 ya sheria za Kenya.",General,
Treatment of multidrug-resistant tuberculosis in Eswatini shows encouraging results,Matibabu ya kifua kikuu kinachostahimili dawa nyingi nchini Eswatini yanaonyesha matokeo ya kutia moyo,General,
"To all prospective medical students, your time is now! The application for Kenya Medical Training College (KMTC) September 2026 intake is officially OPEN through the KUCCPS students portal! This is your chance to start your journey into a career in healthcare. Don't wait, log","📢 Kwa wanafunzi wote wanaotarajia kusomea udaktari na afya, wakati wenu ni sasa! Maombi ya Chuo cha Mafunzo ya Matibabu cha Kenya (KMTC) mchujo wa Septemba 2026 yamefunguliwa rasmi kupitia Tovuti ya KUCCPS!",Education,
"Their role is also to convey health messages on the need to continue other malaria prevention measures, such as sleeping under bednets (ITNs), and benefits of other routine vaccines for children.","Jukumu lao pia ni kuwasilisha ujumbe wa afya juu ya haja ya kuendelea na hatua nyingine za kuzuia malaria, kama vile kulala chini ya vyandarua (ITNs), na manufaa ya chanjo nyingine za kawaida kwa watoto.",Health,
Southern Africa faces uptick in COVID-19 cases13 May 2022,Nchi za Kusini mwa Afrika zinakabiliwa na ongezeko la kesi za COVID-1913 Mei 2022,General,
TERMS OF REFERENCE (TOR) SOCIAL SAFEGUARDS TECHNICAL ASSISTANCE FOR SECONDARY EDUCATION QUALITY IMPROVEMENT PROJECT,MASHARTI YA REJEA (TOR) WALINZI WA KIJAMII USAIDIZI WA KITAALUMA KWA MRADI WA KUBORESHA UBORA WA ELIMU YA SEKONDARI.,General,
Kilifi County: Drought Early Warning Bulletin for January 2024,Kaunti ya Kilifi: Taarifa ya Onyo la Mapema kuhusu Ukame kwa Januari 2024,Disaster/Health,
"WHO recommends that infants born to mothers living with HIV are tested for HIV, at birth, six weeks, during breastfeeding, and when breastfeeding ends given continued risk of transmission during this period. Older children, especially offspring and siblings of persons infected with HIV, should also be tested.","WHO inapendekeza kwamba watoto wanaozaliwa na mama wanaoishi na VVU kupimwa VVU, wakati wa kuzaliwa, wiki sita, wakati wa kunyonyesha, na wakati kunyonyesha kumalizika kutokana na hatari ya kuambukizwa katika kipindi hiki. Watoto wakubwa, hasa watoto na ndugu wa watu walioambukizwa VVU, wanapaswa pia kupimwa.",General,
Human Appeal issues red alert for aid to Horn of Africa - Catastrophic famine conditions leading to one death every 48 seconds in Somalia and Kenya,Rufaa ya Kibinadamu yatoa tahadhari nyekundu ya msaada kwa Pembe ya Afrika - Hali mbaya ya njaa na kusababisha kifo cha mtu mmoja kila baada ya sekunde 48 nchini Somalia na Kenya,Disaster/Health,
"Kenya - Key Message Update: Recent improvements in food security set to cushion poor households over the lean period, July 2024","Kenya - Taarifa ya Ujumbe Muhimu: Maboresho ya hivi majuzi katika usalama wa chakula yamewekwa ili kusaidia kaya masikini katika kipindi kigumu, Julai 2024.",Disaster/Health,
"Luigi D'Acquino, Chief of Health for UNICEF Kenya, also underscored his organization's commitment to the cause: ""UNICEF stands with WHO and the Ministry of Health to ensure every child's right to life is upheld.","Luigi D'Acquino, Mkuu wa Afya wa UNICEF Kenya, pia alisisitiza dhamira ya shirika lake katika suala hili: ""UNICEF inasimama na WHO na Wizara ya Afya kuhakikisha haki ya kila mtoto ya kuishi inazingatiwa.",Health,
"Over the project duration of five years, collectively these ACEs are expected to enroll more than 3,500 graduate students in the regional development priority areas, out of which more than 700 will be PhD students and more than 1,000 will be female students, publish almost 1,500 journal articles, launch more than 300 research collaborations with private sector and other institutions, and generate almost US$30 million in external revenue.","Katika muda wa mradi wa miaka mitano, ACE hizi kwa pamoja zinatarajiwa kuandikisha zaidi ya wanafunzi 3,500 waliohitimu katika maeneo ya kipaumbele ya maendeleo ya kanda, kati yao zaidi ya 700 watakuwa wanafunzi wa PhD na zaidi ya 1,000 watakuwa wanafunzi wa kike, kuchapisha karibu nakala 1,500 za majarida, kuzindua zaidi ya ushirikiano wa utafiti 300 na taasisi za nje za Amerika na karibu dola milioni 30 za mapato ya nje.",General,
Garissa County: Drought Early Warning Bulletin for June 2024,Kaunti ya Garissa: Taarifa ya Onyo la Mapema kuhusu Ukame kwa Juni 2024,Disaster/Health,
Eastern Africa: Heavy rains and flooding Flash Update #3 (21 May 2024),Afrika Mashariki: Mvua kubwa na mafuriko Sasisho la Flash #3 (21 Mei 2024),Disaster/Health,
Kenya | Hunger Crisis 2021-2022 - Appeal No: MDRKE049 - Operational Strategy (18 July 2021 to 31 July 2023),Kenya | Mgogoro wa Njaa 2021-2022 - Nambari ya Rufaa: MDRKE049 - Mkakati wa Uendeshaji (18 Julai 2021 hadi 31 Julai 2023),Disaster/Health,
Turkana County: Drought Early Warning Bulletin for April 2024,Kaunti ya Turkana: Taarifa ya Onyo la Mapema kuhusu Ukame Aprili 2024,Disaster/Health,
VULNERABLE AND MARGINALIZED GROUP PLAN FOR WAATHA COMMUNITY IN KILIFI COUNTY,MPANGO WA KUNDI HALISI NA WALIO PEKEO KWA JUMUIYA YA WAATHA KATIKA KAUNTI YA KILIFI,General,
Kitui County: Drought Early Warning Bulletin for July 2023,Kaunti ya Kitui: Taarifa ya Onyo la Mapema kuhusu Ukame Julai 2023,Disaster/Health,
VIDEO:The School Improvement Programme (Kenya) Documentary on Financial Management,VIDEO:Mpango wa Kuboresha Shule (Kenya) Hati kuhusu Usimamizi wa Fedha,General,
"In a context marked by increasingly complex health challenges, investing in listening to communities and bringing citizens closer to the decisions that affect their health is no longer an option but has become a necessity. Hospitals treat illnesses; however, it is informed, engaged, and prepared communities that help to prevent, tackle, and overcome them.","Katika muktadha unaoonekana na changamoto nyingi za kiafya, kuwekeza katika kusikiliza jamii na kuwaleta raia karibu na maamuzi yanayoathiri afya zao sio chaguo tena lakini imekuwa jambo la lazima. Hospitali hutibu magonjwa; hata hivyo, inafahamishwa, inashirikishwa, na kutayarisha jumuiya zinazosaidia kuzizuia, kuzikabili na kuzishinda.",General,
Forecasts for pastoralists: Increasing demand for weather forecasts to support adaptation in Northern Kenya,Utabiri wa wafugaji: Kuongezeka kwa mahitaji ya utabiri wa hali ya hewa kusaidia kukabiliana na hali Kaskazini mwa Kenya.,Disaster/Health,
"Dr. Rashid. @KEMRI_Kenya is also involved in the development of COVID-19 diagnostic products & clinical trials , testing the safety & efficiency of potential therapeutic drugs & vaccine candidates for the pandemic.","Dk Rashid. @KEMRI_Kenya pia inahusika katika uundaji wa bidhaa za uchunguzi wa COVID-19 na majaribio ya kimatibabu, kupima usalama na ufanisi wa dawa zinazoweza kutibiwa na waombaji chanjo ya janga hili.",Public Health,
"In 2021, WHO released the Consolidated guidelines on HIV prevention, testing, treatment, service delivery and monitoring: Recommendations for a public health approach. These consolidated guidelines on preventing and treating HIV infection bring together a series of recommendations to promote the highest quality, person- centered delivery of care for people living with HIV and affected by HIV","Mnamo mwaka wa 2021, WHO ilitoa miongozo ya Consolidated juu ya kuzuia VVU, kupima, matibabu, utoaji wa huduma na ufuatiliaji: Mapendekezo ya mbinu ya afya ya umma. Miongozo hii iliyounganishwa juu ya kuzuia na kutibu maambukizi ya VVU inaleta pamoja mfululizo wa mapendekezo ili kukuza ubora wa juu zaidi, utoaji wa huduma kwa watu wanaoishi na VVU na walioathirika na VVU.",General,
An Analysis on Cyclic Variations that Indicate a Catastrophic Famine Event in East Africa in 2028-2035,Uchambuzi wa Tofauti za Baiskeli ambazo Zinaonyesha Tukio la Janga la Njaa katika Afrika Mashariki mnamo 2028-2035,Disaster/Health,
The Kenyan government shows commitment to promote the effective participation of women across all sectors.,Serikali ya Kenya inaonyesha kujitolea kukuza ushiriki wa wanawake katika sekta zote.,Governance,
ENGAGEMENT WITH STUDENTS AND OTHER STAKEHOLDERS ON THE NEW FUNDING MODEL FOR HIGHER EDUCATION,USHIRIKIANO NA WANAFUNZI NA WADAU WENGINE JUU YA MFANO MPYA WA FEDHA KWA ELIMU YA JUU.,General,
Enable two-factor authentication (2FA) for all bank and social media accounts.,Wezesha uthibitishaji wa vipengele viwili (2FA) kwa akaunti zote za benki na mitandao ya kijamii.,Security,
Tana River County: Drought Early Warning Bulletin for June 2023,Kaunti ya Tana River: Taarifa ya Onyo la Mapema kuhusu Ukame ya Juni 2023,Disaster/Health,
"HIV testing should be voluntary – a person has the right to refuse to be tested. Mandatory or coerced testing by a health care provider, authority, or by a partner or family member is not acceptable as it undermines good public health practice and infringes on human rights.","Upimaji wa VVU unapaswa kuwa wa hiari - mtu ana haki ya kukataa kupimwa. Upimaji wa lazima au wa kulazimishwa na mtoa huduma wa afya, mamlaka, au na mshirika au mwanafamilia haukubaliki kwa kuwa unadhoofisha utendaji mzuri wa afya ya umma na kukiuka haki za binadamu.",General,
"In 2024, the March–April–May floods affected around 410,000 people, claimed 315 lives, and caused damage amounting to 187 billion Kenyan Shillings¹.","Mnamo 2024, mafuriko ya Machi-Aprili-Mei yaliathiri takriban watu 410,000, na kupoteza maisha ya 315, na kusababisha uharibifu wa Shilingi bilioni 187 za Kenya¹.",Disaster/Health,
"Alongside these trainings, the SHG members are participating in business development sessions designed to help them identify viable livelihood opportunities and strengthen their capacity to manage collective enterprises.","Kando na mafunzo haya, wanachama wa SHG wanashiriki katika vikao vya maendeleo ya biashara vilivyoundwa ili kuwasaidia kutambua fursa zinazowezekana za maisha na kuimarisha uwezo wao wa kusimamia biashara za pamoja.",Disaster/Health,
"Kenya Food Security Outlook: Below-average short rains, high temperatures to drive Crisis (IPC Phase 3) into May, October 2025 - May 2026","Mtazamo wa Usalama wa Chakula nchini Kenya: Mvua fupi za chini ya wastani, viwango vya juu vya joto kusababisha Mgogoro (IPC Awamu ya 3) hadi Mei, Oktoba 2025 - Mei 2026",Disaster/Health,
"Nairobi - The World Health Organization (WHO) and Aga Khan University-Kenya (AKU) today launched a new partnership to accelerate the fight against breast and cervical cancer, the two leading cancers claiming women's live…","Nairobi - Shirika la Afya Duniani (WHO) na Chuo Kikuu cha Aga Khan-Kenya (AKU) leo wamezindua ushirikiano mpya ili kuharakisha vita dhidi ya saratani ya matiti na mlango wa kizazi, saratani mbili zinazoongoza zinazodai wanawake kuishi ...",General,
Meru (Meru-North) County: Drought Early Warning Bulletin for November 2023,Kaunti ya Meru (Meru-Kaskazini): Taarifa ya Onyo la Mapema kuhusu Ukame ya Novemba 2023,Disaster/Health,
Kenya Situation Update | December 2023: Examining Local Community Peace Agreements as Alternative Routes to Peace,Sasisho la Hali ya Kenya | Desemba 2023: Kukagua Makubaliano ya Amani ya Jumuiya ya Maeneo Kama Njia Mbadala za Amani,Disaster/Health,
Kenya: Deaths during protests deeply concerning,Kenya: Vifo wakati wa maandamano yanayohusu sana,Disaster/Health,
KNEC opens KCSE 2025 registration extension – pay late fee before Nov 30!,"KNEC yafungua nyongeza ya usajili wa KCSE 2025 — ' — "" kulipa ada ya kuchelewa kabla ya Novemba 30!",Education,
"The transition was supported by strong leadership from the Ministry of Health and the Rwanda Biomedical Centre, close collaboration among participating hospitals, the use of standardized tools such as BacLink and WHONET, and technical support from WHO Headquarters and the WHO Regional Office for Africa.","Mpito huo uliungwa mkono na uongozi dhabiti kutoka Wizara ya Afya na Kituo cha Matibabu cha Rwanda, ushirikiano wa karibu kati ya hospitali zinazoshiriki, matumizi ya zana sanifu kama vile BacLink na WHONET, na usaidizi wa kiufundi kutoka Makao Makuu ya WHO na Ofisi ya Kanda ya WHO ya Afrika.",Health,
"Institutionalisation of the alternative justice system in Mandera County, Kenya","Kuanzishwa kwa mfumo wa haki mbadala katika Kaunti ya Mandera, Kenya",Disaster/Health,
"The Kenya Cash Consortium locally-led and adaptive alert-based cash assistance to disaster-affected communities in Tana River County: Baseline (September, 2024)","Muungano wa Kenya Cash Consortium unaoongozwa na wenyeji na usaidizi wa arifa unaobadilika kulingana na arifa kwa jamii zilizoathiriwa na maafa katika Kaunti ya Tana River: Msingi (Septemba, 2024)",Disaster/Health,
Republic of Korea rice donation provides critical boost to WFP's emergency response for refugees in Kenya,Mchango wa mchele wa Jamhuri ya Korea unatoa msukumo muhimu kwa mwitikio wa dharura wa WFP kwa wakimbizi nchini Kenya,Disaster/Health,
Waste Management & Reverse Logistics of Used Packaging in Kenya (WFP),Udhibiti wa Taka na Urekebishaji wa Ufungaji Uliotumika nchini Kenya (WFP),Disaster/Health,
@MOH_Kenya is collaborating with counties to set up isolation centres countrywide to handle coronavirus cases. If you need help call 719. #KomeshaCorona @K24Tv live show,@MOH_Kenya inashirikiana na kaunti kuweka vituo vya kutengwa nchini kote kushughulikia visa vya coronavirus. Ukihitaji msaada piga 719. #KomeshaCorona @K24Tv live show,Public Health,
"Prolonged dry spells between 2020 and 2023 affected crop yields, caused livestock deaths and heightened food insecurity, forcing many households relying on traditional livelihoods to resort to distress migration.","Mnamo majira ya kuchipua 2024, kaunti ilikuwa miongoni mwa nchi zilizoathiriwa zaidi na mafuriko yaliyosababishwa na El Niño, ambayo yalizamisha vijiji vizima, kuharibu vifaa, kuharibu mashamba na kuwahamisha maelfu ya watu katika mchakato huo.",Agriculture,
"ASAL Humanitarian Network MPCT New Beneficiaries Baseline Assessment, Turkana County (January 2022)","Mtandao wa Kibinadamu wa ASAL MPCT Tathmini ya Msingi ya Walengwa Wapya, Kaunti ya Turkana (Januari 2022)",Disaster/Health,
Ksh 402.7 billion Investing in Critical Infrastructure Ksh 656.6 billion Enhancing Access to Quality Education Outcomes.,Ksh 402.7 bilioni Kuwekeza katika Miundombinu Muhimu Ksh 656.6 bilioni Kuimarisha Ufikiaji wa Matokeo Bora ya Elimu.,Education,
Taita Taveta County: Drought Early Warning Bulletin for February 2024,Kaunti ya Taita Taveta: Taarifa ya Onyo la Mapema kuhusu Ukame kwa Februari 2024,Disaster/Health,
"Through improvements to their surveillance systems, both countries are now generating more detailed information to guide treatment decisions, strengthen public health action and help protect the effectiveness of life-saving medicines.","Kupitia maboresho ya mifumo yao ya uchunguzi, nchi zote mbili sasa zinatoa maelezo ya kina zaidi ili kuongoza maamuzi ya matibabu, kuimarisha hatua za afya ya umma na kusaidia kulinda ufanisi wa dawa zinazookoa maisha.",Health,
Tharaka Nithi County: Drought Early Warning Bulletin for December 2023,Kaunti ya Tharaka Nithi: Taarifa ya Onyo la Mapema kuhusu Ukame Desemba 2023,Disaster/Health,
Meru (Meru-North) County: Drought Early Warning Bulletin for March 2023,Kaunti ya Meru (Meru-Kaskazini): Taarifa ya Onyo la Mapema kuhusu Ukame Machi 2023,Disaster/Health,
Looming health catastrophe in Kenya's Dadaab refugee camps,Maafa ya kiafya yanayokaribia katika kambi za wakimbizi za Dadaab nchini Kenya,Disaster/Health,
"Understanding Child Acute Malnutrition in Isiolo and Marsabit Counties, Kenya | USAID Nawiri Longitudinal Study Learning Brief 4","Kuelewa Utapiamlo Mkali wa Mtoto katika Kaunti za Isiolo na Marsabit, Kenya | Muhtasari wa Somo la Longitudinal la USAID Nawiri 4",Disaster/Health,
The Kenya Cash Consortium Alert-Based Cash Assistance to Disaster-Affected Communities in Garissa and Marsabit Counties: Baseline (August 2025),Msaada wa Tahadhari ya Kenya Cash Consortium kwa Jamii Zilizoathiriwa na Maafa katika Kaunti za Garissa na Marsabit: Msingi (Agosti 2025),Disaster/Health,
"The State Department receives scholarship offers from friendly countries on an annual basis. These scholarships which are given through bilateral agreements, are aimed at building a competent workforce to meet the National development goals. These scholarships are also meant to assist bright needy students as well as build capacity in areas where the country needs specialized skills. The Ministry of Education's Directorate of Higher Education is Mandated to process the scholarships.","Idara ya Jimbo hupokea ofa za masomo kutoka kwa nchi rafiki kila mwaka. Ufadhili wa masomo haya ambayo hutolewa kupitia makubaliano ya nchi mbili, unalenga kujenga nguvu kazi yenye uwezo ili kufikia malengo ya maendeleo ya Taifa. Usomi huu pia unakusudiwa kusaidia wanafunzi wenye uhitaji mkali na pia kujenga uwezo katika maeneo ambayo nchi inahitaji ujuzi maalum. Kurugenzi ya Elimu ya Juu ya Wizara ya Elimu imepewa jukumu la kushughulikia ufadhili wa masomo.",General,
The most Important measure for epidemic prevention is to adjust social etiquette and lifestyle to reduce the chance of infection e.g. wearing a face mask should be part of normal lifestyle. #KomeshaCorona,Hatua Muhimu zaidi ya kuzuia janga ni kurekebisha adabu za kijamii na mtindo wa maisha ili kupunguza uwezekano wa kuambukizwa k.m. kuvaa barakoa inapaswa kuwa sehemu ya maisha ya kawaida. #KomeshaCorona,Public Health,
"Against this backdrop, the MSNA seeks to generate comprehensive household-level evidence on the severity, distribution, and drivers of humanitarian needs across food security, nutrition, health, WASH, livelihoods, shelter, education, and protection sectors in Mandera, Wajir, Marsabit, Turkana, and Garissa counties, including refugee camps and settlements.","Tathmini itawasaidia wahusika wa masuala ya kibinadamu, serikali za kaunti, na washirika wa maendeleo katika kutambua tofauti za kisekta na kijiografia, kuelewa tofauti kati ya wakimbizi na jamii zinazowapokea, na kufahamisha ulengaji kulingana na ushahidi, ugawaji wa rasilimali, na upangaji wa mwitikio wa sekta mbalimbali ndani ya mazingira ya Kenya yanayoendelea ya kibinadamu.",Health,
"Those of us who have recovered from COVID-19, please be our ambassadors to the rest of the country. Pass a message of hope, while also instilling a sense of caution to the rest of the country. Wash hands. Sanitize. Keep social distance. Stay at home. #KomeshaCorona","Wale ambao tumepona COVID-19, tafadhali tuwe mabalozi wetu kote nchini. Pitisha ujumbe wa matumaini, huku pia ukisisitiza hali ya tahadhari kwa nchi nzima. Osha mikono. Safisha. Weka umbali wa kijamii. Kaa nyumbani. #KomeshaCorona",Public Health,
Kitui County: Drought Early Warning Bulletin for April 2023,Kaunti ya Kitui: Taarifa ya Onyo la Mapema kuhusu Ukame Aprili 2023,Disaster/Health,
"Supportive care—rehydration with oral or intravenous fluids—and treatment of specific symptoms improves survival. A range of potential treatments including blood products, immune therapies and drug therapies are currently being evaluated.","Utunzaji wa kuunga mkono—kurudisha maji mwilini kwa vimiminika vya kumeza au kwa mishipa—na matibabu ya dalili mahususi huboresha maisha. Matibabu mbalimbali yanayoweza kujumuisha bidhaa za damu, matibabu ya kinga na matibabu ya madawa ya kulevya kwa sasa yanatathminiwa.",General,
This further highlights the need for regional API supply-chain collaboration across Africa and calls for a dedicated strategy to strengthen the largely under-prioritized diagnostics and medical devices sector.,Hii inaangazia zaidi hitaji la ushirikiano wa kikanda wa ugavi wa API kote barani Afrika na kutoa wito wa mkakati mahususi wa kuimarisha sekta ya uchunguzi na vifaa vya matibabu ambayo haijapewa kipaumbele kwa kiasi kikubwa.,Health,
"Formulation and implementation of policies, strategies and programmes for research management and development;","Uundaji na utekelezaji wa sera, mikakati na programu za usimamizi na maendeleo ya utafiti;",General,
Kenya: Polio outbreak - DREF Final Report (MDRKE062),Kenya: Mlipuko wa Polio - Ripoti ya Mwisho ya DREF (MDRKE062),Disaster/Health,
Kajiado County: Drought Early Warning Bulletin for February 2023,Kaunti ya Kajiado: Taarifa ya Onyo la Mapema kuhusu Ukame kwa Februari 2023,Disaster/Health,
"ASAL Humanitarian Network MPCT New Beneficiaries Baseline Assessment, Mandera County (January 2022)","Mtandao wa Kibinadamu wa ASAL MPCT Tathmini ya Msingi ya Walengwa Wapya, Kaunti ya Mandera (Januari 2022)",Disaster/Health,
Kitui County: Drought Early Warning Bulletin for August 2023,Kaunti ya Kitui: Taarifa ya Onyo la Mapema kuhusu Ukame kwa Agosti 2023,Disaster/Health,
Enhancing reproductive health services through on-site mentorship in Kenya,Kuimarisha huduma za afya ya uzazi kupitia ushauri wa tovuti nchini Kenya,Disaster/Health,
From Waste Pickers to Suppliers: a Community-Based Recycling Project to Create Value in Kenya.,Kutoka kwa Wachota Taka hadi Wasambazaji: Mradi wa Urejelezaji wa Msingi wa Jumuiya ili Kuunda Thamani nchini Kenya.,Disaster/Health,
Meru (Meru-North) County: Drought Early Warning Bulletin for January 2023,Kaunti ya Meru (Meru-Kaskazini): Taarifa ya Onyo la Mapema kuhusu Ukame Januari 2023,Disaster/Health,
Kenya Statistics Infographics | December 2025,Kenya Takwimu Infographics | Desemba 2025,Disaster/Health,
Counselling for women and their partners to reduce transmission risk and ensure appropriate treatment.,Ushauri kwa wanawake na wenzi wao ili kupunguza hatari ya maambukizi na kuhakikisha matibabu mwafaka.,General,
"Ministry of Health officials will start random screening of members of the public in some targeted areas from Saturday March 21st, 2020 in a effort to prevent the spread of COVID-19. #COVID19 @WHOKenya @UNFPAKen @UNICEF @WHOKenya @SpokespersonGoK","Maafisa wa Wizara ya Afya wataanza ukaguzi wa nasibu wa umma katika baadhi ya maeneo yaliyolengwa kuanzia Jumamosi Machi 21, 2020 katika juhudi za kuzuia kuenea kwa COVID-19. #COVID19 @WHOKenya @UNFPAKen @UNICEF @WHOKenya @SpokespersonGoK",Public Health,
Kenya Sanitation Enabling Environment Project,Mradi wa Mazingira Wezesha Usafi wa Kenya,Disaster/Health,
National Drought Early Warning Bulletin (March 2023),Taarifa ya Tahadhari ya Mapema ya Kitaifa (Machi 2023),Disaster/Health,
"UNICEF Kenya Humanitarian Situation Report No. 5, 7 July 2023 (Reporting Period 1 to 31 May 2023)","Ripoti ya Hali ya Kibinadamu ya UNICEF Kenya No. 5, 7 Julai 2023 (Kipindi cha Kuripoti 1 hadi 31 Mei 2023)",Disaster/Health,
Tharaka Nithi County: Drought Early Warning Bulletin for January 2024,Kaunti ya Tharaka Nithi: Taarifa ya Onyo la Mapema kuhusu Ukame kwa Januari 2024,Disaster/Health,
IFRC launches Zero Hunger Campaign to drive durable food security across Africa,IFRC yazindua Kampeni ya Sifuri ya Njaa ili kuendesha usalama wa chakula unaodumu kote barani Afrika,Disaster/Health,
Isiolo County: Drought Early Warning Bulletin for July 2023,Kaunti ya Isiolo: Taarifa ya Onyo la Mapema kuhusu Ukame Julai 2023,Disaster/Health,
Kenya - Northern Kenya: Drought Severity and Population Exposure in Isiolo County (28 Jan 2026),Kenya - Kaskazini mwa Kenya: Ukali wa Ukame na Mfichuo wa Idadi ya Watu katika Kaunti ya Isiolo (28 Januari 2026),Disaster/Health,
VULNERABLE AND MARGINALIZED GROUP PLAN FOR ABASUBA IN HOMABAY COUNTY,MPANGO WA KUNDI HALISI NA WALIO PEKEO KWA ABASUBA KATIKA KAUNTI YA HOMABAY,General,
Marsabit County: Drought Early Warning Bulletin for December 2023,Kaunti ya Marsabit: Taarifa ya Onyo la Mapema kuhusu Ukame kwa Desemba 2023,Disaster/Health,
This could include use of digital methods like SMS for sharing health information and for reminding parents to complete the vaccination schedule.,Hii inaweza kujumuisha matumizi ya mbinu za kidijitali kama vile SMS kwa kushiriki maelezo ya afya na kuwakumbusha wazazi kukamilisha ratiba ya chanjo.,Health,
"Despite this responsibility, they frequently have less control and more insecure access to resources; influenced by various interconnected cultural, ecological, economic, political and gendered aspects.","Licha ya jukumu hili, mara nyingi wana udhibiti mdogo na ufikiaji usio salama wa rasilimali; kuathiriwa na nyanja mbalimbali zilizounganishwa za kitamaduni, ikolojia, kiuchumi, kisiasa na kijinsia.",Disaster/Health,
"Since enrolling in GLASS in 2022 and submitting its first AMR data in 2023, the country has worked closely with hospitals, national institutions and technical partners to strengthen data collection and reporting.","Tangu kujiandikisha katika GLASS mwaka wa 2022 na kuwasilisha data yake ya kwanza ya AMR mnamo 2023, nchi imefanya kazi kwa karibu na hospitali, taasisi za kitaifa na washirika wa kiufundi ili kuimarisha ukusanyaji na kuripoti data.",Health,
UNDP Unveils Digital Public Infrastructure Portfolio and Signs MOU to Drive Inclusive Digital Transformation,UNDP Yafichua Mkoba wa Miundombinu ya Umma ya Kidijitali na Kutia sahihi MOU ili Kuendesha Ubadilishaji Jumuishi wa Dijitali,Disaster/Health,
Understanding and managing conflicts in the arid and semi-arid areas of Kenya: the case of Samburu County,Kuelewa na kudhibiti migogoro katika maeneo kame na nusu kame nchini Kenya: kesi ya Kaunti ya Samburu,Disaster/Health,
Kenya Key Message Update May 2024: Varied rainfall impacts in pastoral and cropping areas as long rains come to an end,Taarifa ya Ujumbe Muhimu wa Kenya Mei 2024: Athari mbalimbali za mvua katika maeneo ya ufugaji na upandaji mazao huku mvua ndefu inapoisha.,Disaster/Health,
"Protecting one from being infected is the most effective way of curtailing the spread of the virus. The protective measures we have been advocating include, hand washing, wearing of face masks in public places, maintaining social & physical distance, & avoiding public gatherings.","Kumlinda mtu kutokana na kuambukizwa ndiyo njia bora zaidi ya kuzuia kuenea kwa virusi. Hatua za ulinzi ambazo tumekuwa tukitetea ni pamoja na, kunawa mikono, kuvaa barakoa katika maeneo ya umma, kudumisha umbali wa kijamii na kimwili, na kuepuka mikusanyiko ya watu.",Public Health,
Turkana County: Drought Early Warning Bulletin for February 2023,Kaunti ya Turkana: Taarifa ya Onyo la Mapema kuhusu Ukame kwa Februari 2023,Disaster/Health,
"UNICEF Kenya Humanitarian Situation Report No. 3, 11 April 2023 (Reporting Period 1 to 31 March 2023)","Ripoti ya Hali ya Kibinadamu ya UNICEF Kenya No. 3, 11 Aprili 2023 (Kipindi cha Kuripoti 1 hadi 31 Machi 2023)",Disaster/Health,
Wajir County: Drought Early Warning Bulletin for October 2022,Kaunti ya Wajir: Taarifa ya Onyo la Mapema kuhusu Ukame kwa Oktoba 2022,Disaster/Health,
COVID-19 is spreading very first in our community. Today we have 22 new cases. Let us quarantine ourselves and stay home to protect each other; CS Mutahi. #KomeshaCorona update,COVID-19 inaenea kwanza kabisa katika jamii yetu. Leo tuna kesi 22 mpya. Tujiweke karantini na tukae nyumbani kulindana; CS Mutahi. #KomeshaCorona sasisho,Public Health,
The United States Provides More Than $126 million in Food Assistance in Kenya as Relentless Drought Drives Crisis Levels of Hunger,Marekani Yatoa Msaada wa Zaidi ya $126 milioni katika Msaada wa Chakula nchini Kenya huku Ukame Usiokoma Ukichochea Viwango vya Njaa,Disaster/Health,
Operational Update: Preparing for Cyclone Hidaya in Kenya as Medical Aid Departs for 13 Countries This Week,Sasisho la Utendaji: Kujitayarisha kwa Kimbunga Hidaya nchini Kenya huku Msaada wa Kimatibabu Ukiondoka kwa Nchi 13 Wiki Hii,Disaster/Health,
"In response, through SFERA, the Government of Belgium contributed USD 500 000 to FAO to implement a project, entitled ""Safeguarding livelihoods and increasing immediate food access for vulnerable rural households affected by forecasted drought through anticipatory action"".","Katika kukabiliana na hali hiyo, kupitia SFERA, Serikali ya Ubelgiji ilichangia USD 500 000 kwa FAO kutekeleza mradi, unaoitwa ""Kulinda riziki na kuongeza upatikanaji wa chakula mara moja kwa kaya za vijijini zilizo hatarini zilizoathiriwa na ukame uliotabiriwa kupitia hatua za kutarajia"".",Disaster/Health,
Tips to Protect your Salon from Covid-19; Provide hand sanitiser at the salon door outline your appointment policies at the door Wash your hands often with an alcohol-based hand sanitizer Keep social distance Use face masks both you & your client #KomeshaCorona,Vidokezo vya Kulinda Saluni yako dhidi ya Covid-19; Toa dawa ya kusafisha mikono kwenye mlango wa saluni onyesha sera zako za miadi mlangoni Nawa mikono yako mara kwa mara kwa kisafisha mikono chenye pombe. Weka umbali wa kijamii Tumia barakoa za uso wewe na mteja wako #KomeshaCorona,Public Health,
Kenya - Garissa County - Dadaab - Hagader Refugee Camp Infrastructure Map (29/08/2024),Kenya - Kaunti ya Garissa - Dadaab - Ramani ya Miundombinu ya Kambi ya Wakimbizi ya Hagader (29/08/2024),Disaster/Health,
"#COVID19 Myth Vs Fact. Myth A vaccine to cure COVID-19 is available. Fact Curently, there is no vaccine for COVID-19. Scientists have already began working on one, but developing a vaccine that is safe & effective in human beings will take many months. #KomeshaCorona","Hadithi za #COVID19 Vs Ukweli. Hadithi A chanjo ya kuponya COVID-19 inapatikana. Ukweli Kwa sasa, hakuna chanjo ya COVID-19. Wanasayansi tayari wameanza kufanyia kazi moja, lakini kutengeneza chanjo ambayo ni salama na yenye ufanisi kwa binadamu itachukua miezi mingi. #KomeshaCorona",Public Health,
Turkana County: Drought Early Warning Bulletin for December 2023,Kaunti ya Turkana: Taarifa ya Onyo la Mapema kuhusu Ukame kwa Desemba 2023,Disaster/Health,
Mandera County: Drought Early Warning Bulletin for November 2023,Kaunti ya Mandera: Taarifa ya Onyo la Mapema kuhusu Ukame ya Novemba 2023,Disaster/Health,
Fewer COVID-19 cases among women in Africa: WHO analysis04 March 2021,Kesi chache za COVID-19 kati ya wanawake barani Afrika: uchambuzi wa WHO04 Machi 2021,General,
West Pokot: Drought Early Warning Bulletin for April 2024,Pokot Magharibi: Taarifa ya Onyo la Mapema kuhusu Ukame kwa Aprili 2024,Disaster/Health,
"""Our future is bright"": Women farmers in Kenya weather the drought","""Mustakabali wetu ni mzuri"": Wanawake wakulima nchini Kenya wanakabiliana na ukame",Disaster/Health,
Narok County: Drought Early Warning Bulletin for March 2023,Kaunti ya Narok: Taarifa ya Onyo la Mapema kuhusu Ukame kwa Machi 2023,Disaster/Health,
Baringo County: Drought Early Warning Bulletin for November 2023,Kaunti ya Baringo: Taarifa ya Onyo la Mapema kuhusu Ukame ya Novemba 2023,Disaster/Health,
Kenya | Floods - 6 Month Operation Update (MDRKE058) (31/10/2024),Kenya | Mafuriko - Usasishaji wa Uendeshaji wa Miezi 6 (MDRKE058) (31/10/2024),Disaster/Health,
Turkana County: Drought Early Warning Bulletin for May 2024,Kaunti ya Turkana: Taarifa ya Onyo la Mapema kuhusu Ukame kwa Mei 2024,Disaster/Health,
CS Hon. Julius Ogambo and PS higher education and PS TVET lead bilateral talks with the British high commission led by Desmond Neil.,CS Mhe. Julius Ogambo na PS elimu ya juu na PS TVET wanaongoza mazungumzo ya nchi mbili na tume kuu ya Uingereza inayoongozwa na Desmond Neil.,General,
Unchecked Injustice: Kenya's Suppression of the 2023 Protests [EN/SW],Ukosefu wa Haki Usiodhibitiwa: Ukandamizaji wa Kenya wa Maandamano ya 2023 [EN/SW],Disaster/Health,
ACAPS Briefing note - Kenya: Heavy rainfall and floods (14 May 2024),Ujumbe mfupi wa ACPS - Kenya: Mvua kubwa na mafuriko (14 Mei 2024),Disaster/Health,
Garissa County: Drought Early Warning Bulletin for April 2024,Kaunti ya Garissa: Taarifa ya Onyo la Mapema kuhusu Ukame kwa Aprili 2024,Disaster/Health,
Kitui County: Drought Early Warning Bulletin for May 2023,Kaunti ya Kitui: Taarifa ya Onyo la Mapema kuhusu Ukame kwa Mei 2023,Disaster/Health,
"Without urgent additional funding, KRCS and partners will be forced to limit coverage, shorten assistance cycles, and leave high‑risk communities without lifesaving food, water, nutrition, and health support.","Uwekezaji wa wafadhili kwa wakati unaofaa sasa unaweza kuzuia kuzorota zaidi, kulinda maisha, na kuokoa maisha kwa kupunguza gharama kubwa zaidi za ongezeko la dharura baadaye mwakani ikiwa hatua itachelewa.",Health,
UNHCR Kenya: 2023 Funding Update (as of 28 February 2023),UNHCR Kenya: Taarifa ya Ufadhili ya 2023 (kuanzia tarehe 28 Februari 2023),Disaster/Health,
"Heat also places increasing strain on energy systems by affecting transmission infrastructure and cooling capacity at the same time that electricity demand rises, increasing the risk of power outages.","Joto pia huweka mkazo unaoongezeka kwenye mifumo ya nishati kwa kuathiri miundombinu ya usambazaji na uwezo wa kupoeza wakati huo huo mahitaji ya umeme yanaongezeka, na kuongeza hatari ya kukatika kwa umeme.",Disaster/Health,
ProgrammesTVETBasic EducationHigher Education & ResearchSECONDARY EDUCATION QUALITY IMPROVEMENT PROJECT(SEQIP)Secondary Education Equity and Quality Improvement Programme(SEEQIP),VipindiTVETElimu Msingi Elimu ya Juu na UtafitiMRADI WA KUBORESHA UBORA WA ELIMU YA SEKONDARI(SEQIP)Mpango wa Kuboresha Usawa na Ubora wa Elimu ya Sekondari(SEEQIP),General,
Kilifi County: Drought Early Warning Bulletin for September 2022,Kaunti ya Kilifi: Taarifa ya Onyo la Mapema kuhusu Ukame kwa Septemba 2022,Disaster/Health,
Kilifi County: Drought Early Warning Bulletin for August 2024,Kaunti ya Kilifi: Taarifa ya Onyo la Mapema kuhusu Ukame kwa Agosti 2024,Disaster/Health,
Tharaka Nithi County: Drought Early Warning Bulletin for June 2024,Kaunti ya Tharaka Nithi: Taarifa ya Onyo la Mapema kuhusu Ukame Juni 2024,Disaster/Health,
"In in kind program, this involves procuring Food commodities from central place then transported to the Sub-Counties before the Sub-County Director of Education (SCDE) distributes the food commodities to schools. This covers 10 Arid Counties. The Counties include; (Baringo (Tiaty, Marigat, Baringo North, Mogotio East and East Pokot), Garissa, Isiolo, Mandera, Marsabit, Samburu, Tana River, Turkana, Wajir, West Pokot (North Pokot).","Katika mpango wa aina yake, hii inahusisha ununuzi wa bidhaa za Chakula kutoka sehemu kuu kisha kusafirishwa hadi Kaunti Ndogo kabla ya Mkurugenzi wa Elimu wa Kaunti Ndogo (SCDE) kusambaza bidhaa za chakula shuleni. Hii inashughulikia Kaunti 10 Kame. Kaunti hizo ni pamoja na; (Baringo (Tiaty, Marigat, Baringo North, Mogotio East and East Pokot), Garissa, Isiolo, Mandera, Marsabit, Samburu, Tana River, Turkana, Wajir, West Pokot (Pokot Kaskazini).",General,
"Kujipanga bulletin - Improving access to family planning services in Kenya, April 2022 - Edition 8","Taarifa ya Kujipanga - Kuboresha ufikiaji wa huduma za upangaji uzazi nchini Kenya, Aprili 2022 - Toleo la 8",Disaster/Health,
The Kenya Injectable Free Regimens policy speaks to the rollout of a regimen for treatment of MDR-TB that is devoid of injections in line with the WHO's call to eliminate injectables from the MDR-TB treatment regimen to improve treatment outcomes. @WHOKenya @NTLDKenya,Sera ya Kenya Sindano Bure Regimens inazungumzia kuanzishwa kwa regimen ya matibabu ya MDR-TB ambayo haina sindano kulingana na wito wa WHO wa kuondoa sindano kutoka kwa regimen ya matibabu ya MDR-TB ili kuboresha matokeo ya matibabu. @WHOKenya @NTLDKenya,Public Health,
Baringo County: Drought Early Warning Bulletin for October 2024,Kaunti ya Baringo: Taarifa ya Onyo la Mapema kuhusu Ukame ya Oktoba 2024,Disaster/Health,
Laikipia County: Drought Early Warning Bulletin for February 2023,Kaunti ya Laikipia: Taarifa ya Onyo la Mapema kuhusu Ukame kwa Februari 2023,Disaster/Health,
Tackling the underlying drivers of vulnerability and supporting livelihoods can help communities strengthen their resilience and improve the effectiveness of heat adaptation and management efforts.,Kukabiliana na vichochezi vya msingi vya kuathirika na kutegemeza riziki kunaweza kusaidia jamii kuimarisha uthabiti wao na kuboresha ufanisi wa kukabiliana na joto na juhudi za usimamizi.,Disaster/Health,
COVID-19 pandemic expands reach in Africa9 April 2020,Janga la COVID-19 laongezeka kufikia Afrika9 Aprili 2020,General,
"Enabling Resilient, Equitable and Sustainable Food Systems: A synthesis of the Cultivate Africa's Future (CultiAF) partnership, 2013-2023","Kuwezesha Mifumo ya Chakula Inayostahimili, Sawa na Endelevu: Mchanganyiko wa ushirikiano wa Kulima Afrika ya Baadaye (CultiAF), 2013-2023",Disaster/Health,
Knowledge Attitude & Practice (KAP) Survey of WASH Services Project in Dadaab Refugee Camps (29/03/2021),Mtazamo wa Maarifa na Mazoezi (KAP) ya Mradi wa Huduma za WASH katika Kambi za Wakimbizi za Dadaab (29/03/2021),Disaster/Health,
Kenya: Drought Response - Operational Presence (As of November 2022),Kenya: Mwitikio wa Ukame - Uwepo wa Kiutendaji (Kuanzia Novemba 2022),Disaster/Health,
Kenya - Garissa County - Dadaab - Hagadera Refugee Camp - Water Infrastructure - as of May 2022,Kenya - Kaunti ya Garissa - Dadaab - Kambi ya Wakimbizi ya Hagadera - Miundombinu ya Maji - kuanzia Mei 2022,Disaster/Health,
Through the Strengthening Early Warning Systems 1 A Conditional Generative Adversarial Network (CGAN) for climate forecasting is an advanced type of artificial intelligence that helps predict weather patterns by learning from past climate data.,Kupitia Mifumo ya Kuimarisha Tahadhari ya Mapema 1 Mtandao wa Masharti ya Kuzalisha Masharti (CGAN) kwa utabiri wa hali ya hewa ni aina ya hali ya juu ya akili ya bandia ambayo husaidia kutabiri mifumo ya hali ya hewa kwa kujifunza kutoka kwa data ya zamani ya hali ya hewa.,Disaster/Health,
Kenya Registered refugees and asylum-seekers | September 2025,Kenya Wakimbizi waliosajiliwa na wanaotafuta hifadhi | Septemba 2025,Disaster/Health,
Nyeri (Kieni) County: Drought Early Warning Bulletin for April 2022,Kaunti ya Nyeri (Kieni): Taarifa ya Onyo la Mapema kuhusu Ukame Aprili 2022,Disaster/Health,
"Battling Drought, Malnutrition and the Desperation for Safe, Clean Water","Kupambana na Ukame, Utapiamlo na Kukata Tamaa kwa Maji Safi na Salama",Disaster/Health,
Dadaab and Kakuma Refugee Camp in Kenya | Joint Market Monitoring Initiative (JMMI) Q1 (January - March 2025),Kambi ya Wakimbizi ya Dadaab na Kakuma nchini Kenya | Mpango wa Pamoja wa Ufuatiliaji wa Soko (JMMI) Q1 (Januari - Machi 2025),Disaster/Health,
"Kenya Price Bulletin, June 2023","Taarifa ya Bei ya Kenya, Juni 2023",Disaster/Health,
Mandera County: Drought Early Warning Bulletin for December 2023,Kaunti ya Mandera: Taarifa ya Onyo la Mapema kuhusu Ukame la Desemba 2023,Disaster/Health,
The Mediation Experiences of NCIC and Interpeace in Mandera County and the North Rift Region (May 2023),Matukio ya Upatanishi ya NCIC na Maingiliano katika Kaunti ya Mandera na Mkoa wa Kaskazini mwa Ufa (Mei 2023),Disaster/Health,
"UNICEF Kenya Humanitarian Situation Report No. 7, January - December 2022","Ripoti ya Hali ya Kibinadamu ya UNICEF Kenya Nambari 7, Januari - Desemba 2022",Disaster/Health,
January is #CervicalHealthAwareness Month as Kenya joins the call to eradicate cervical cancer. In Kenya cervical cancer is a leading cause of morbidity & mortality with 9 women dying of cervical cancer every day yet it is a completely preventable cancer. Get screened. Regularly.,Januari ni Mwezi wa #Mwezi wa Uhamasishaji wa Afya ya Kizazi huku Kenya ikijiunga na mwito wa kutokomeza saratani ya mlango wa kizazi. Nchini Kenya saratani ya shingo ya kizazi ndiyo inayoongoza kwa magonjwa na vifo huku wanawake 9 wakifariki kila siku kwa saratani ya shingo ya kizazi ilhali ni saratani inayoweza kuzuilika kabisa. Kaguliwa. Mara kwa mara.,Public Health,
"Enhancing the climate, peace, and security nexus in Northern and Northeastern Kenya","Kuimarisha uhusiano wa hali ya hewa, amani na usalama Kaskazini na Kaskazini Mashariki mwa Kenya",Disaster/Health,
"Article 227 of the Constitution of Kenya requires that when a state organ or any other public entity contracts for goods or services, it shall do so in accordance with a system that is fair equitable transparent, competitive and cost effective.","Kifungu cha 227 cha Katiba ya Kenya kinataka kwamba wakati chombo cha serikali au shirika lingine lolote la umma likiweka kandarasi za bidhaa au huduma, litafanya hivyo kwa mujibu wa mfumo ambao ni wa usawa wa uwazi, wenye ushindani na wa gharama nafuu.",Disaster/Health,
"Kenya Price Bulletin, July 2022","Taarifa ya Bei ya Kenya, Julai 2022",Disaster/Health,
Guidelines on the public health response to pretreatment HIV drug resistance,Miongozo juu ya mwitikio wa afya ya umma kwa upinzani wa dawa za VVU kabla ya matibabu,General,
How Ebola is helping the Democratic Republic of the Congo prepare for coronavirus disease20 February 2020,Jinsi Ebola inavyosaidia Jamhuri ya Kidemokrasia ya Kongo kujiandaa kwa ugonjwa wa coronavirus20 Februari 2020,General,
Humanitarian crisis deepens as flooding escalates in ASAL Kenya: AHN Call for Collective and Urgent Action,Mgogoro wa kibinadamu unazidi kuongezeka huku mafuriko yakiongezeka katika ASAL Kenya: AHN Yataka Hatua za Pamoja na za Haraka,Disaster/Health,
"Key imperatives include strengthening private sector-led Pharmaceutical Value Chain Level 3 manufacturing (final dosage/fill-finish), where a few manufacturers account for most local production, through enhanced government–private sector collaboration to align commercial sustainability with national socio-economic goals.","Masharti muhimu ni pamoja na kuimarisha kiwango cha 3 cha Mnyororo wa Thamani wa Dawa unaoongozwa na sekta binafsi (kipimo cha mwisho/kumaliza kumaliza), ambapo wazalishaji wachache wanachangia uzalishaji mwingi wa ndani, kupitia ushirikiano ulioimarishwa wa serikali na sekta binafsi ili kuoanisha uendelevu wa kibiashara na malengo ya kitaifa ya kijamii na kiuchumi.",Governance,
Why land rights are important for climate action,Kwa nini haki za ardhi ni muhimu kwa hatua za hali ya hewa,Disaster/Health,
"This Acceleration Plan serves asboth atechnical blueprint and adelivery contract, anchored in WHO guidance,EWENE scorecard priorities, and Kenya's healthpolicy framework.","Mpango huu wa Kuongeza Kasi unatumika kama mwongozo wa kiufundi na mkataba wa uwasilishaji, unaozingatia mwongozo wa WHO, vipaumbele vya kadi za alama za EWENE, na mfumo wa sera ya afya ya Kenya.",Health,
What began in 2017 with two model surveillance sites has expanded into a nationwide network of 32 surveillance sites across 27 counties and multiple One Health sectors.,Kilichoanza mwaka wa 2017 na tovuti mbili za mfano za uchunguzi kimepanuka na kuwa mtandao wa kitaifa wa tovuti 32 za uchunguzi katika kaunti 27 na sekta nyingi za Afya Moja.,Health,
Laikipia County: Drought Early Warning Bulletin for June 2024,Kaunti ya Laikipia: Taarifa ya Onyo la Mapema kuhusu Ukame kwa Juni 2024,Disaster/Health,
Baringo County: Drought Early Warning Bulletin for June 2023,Kaunti ya Baringo: Taarifa ya Onyo la Mapema kuhusu Ukame ya Juni 2023,Disaster/Health,
Horn of Africa drought means hunger and malnutrition for people at a clinic in Kenya,Ukame wa Pembe ya Afrika unamaanisha njaa na utapiamlo kwa watu katika kliniki moja nchini Kenya,Disaster/Health,
"Kenya, Garissa and Turkana Counties: Addressing water and sanitation challenges for schools and health facilities (November 2024)","Kaunti za Kenya, Garissa na Turkana: Kushughulikia changamoto za maji na usafi wa mazingira kwa shule na vituo vya afya (Novemba 2024)",Disaster/Health,
Strengthening clinical care for high-consequence infectious diseases in East Africa,Kuimarisha utunzaji wa kimatibabu kwa magonjwa ya kuambukiza yenye matokeo ya juu katika Afrika Mashariki,General,
Taita Taveta County: Drought Early Warning Bulletin for May 2024,Kaunti ya Taita Taveta: Taarifa ya Onyo la Mapema kuhusu Ukame la Mei 2024,Disaster/Health,
Kenya: Climate Change Country Profile (November 2023),Kenya: Wasifu wa Nchi kuhusu Mabadiliko ya Tabianchi (Novemba 2023),Disaster/Health,
Kenya | Recent floods and landslides - DG ECHO Daily Map | 07/05/2026,Kenya | Mafuriko ya hivi majuzi na maporomoko ya ardhi - Ramani ya Kila Siku ya DG ECHO | 07/05/2026,Disaster/Health,
AidEx Nairobi 2024 conference and exhibition opens on June 12,Kongamano na maonyesho ya AidEx Nairobi 2024 yatafunguliwa Juni 12,Disaster/Health,
"HIV infection can be detected with great accuracy, using WHO-prequalified tests with a validated approach. No single HIV test can provide an HIV-positive diagnosis. It is important that these tests be used in combination and in a specific order as in the approved national algorithm.","Maambukizi ya VVU yanaweza kugunduliwa kwa usahihi mkubwa, kwa kutumia vipimo vya WHO-prequalified na mbinu iliyoidhinishwa. Hakuna kipimo kimoja cha VVU kinachoweza kutoa utambuzi wa kuwa na VVU. Ni muhimu kwamba majaribio haya yatumike kwa kuchanganya na kwa mpangilio maalum kama ilivyo katika algoriti ya kitaifa iliyoidhinishwa.",General,
Rapport sur les tendances infodémiques de l'AIRA du 27 Mai - 3 Juin 2024 (Rapport hebdomadaire n°122),Rapport sur les tendances infodémiques de l'AIRA du 27 Mai - 3 Juni 2024 (Rapport hebdomadaire n°122),Disaster/Health,
Laikipia County: Drought Early Warning Bulletin for May 2023,Kaunti ya Laikipia: Taarifa ya Onyo la Mapema kuhusu Ukame la Mei 2023,Disaster/Health,
The Kenya Cash Consortium Alert-Based Cash Assistance to Disaster-Affected Communities in Garissa and Turkana Counties: Endline (May 2025),Msaada wa Tahadhari ya Kenya Cash Consortium kwa Jamii Zilizoathiriwa na Maafa katika Kaunti za Garissa na Turkana: Endline (Mei 2025),Disaster/Health,
Tana River County: Drought Early Warning Bulletin for February 2023,Kaunti ya Tana River: Taarifa ya Onyo la Mapema kuhusu Ukame la Februari 2023,Disaster/Health,
"The integration of interventions has led to the triple elimination initiative, which not only promotes person-centered care, but also reduces incidence, morbidity and mortality. The initiative also strengthens disease monitoring using strategic information for response planning.","Kuunganishwa kwa uingiliaji kati kumesababisha mpango wa kuondoa mara tatu, ambayo sio tu kukuza huduma ya mtu binafsi, lakini pia hupunguza matukio, magonjwa na vifo. Mpango huo pia unaimarisha ufuatiliaji wa magonjwa kwa kutumia taarifa za kimkakati kwa ajili ya kupanga majibu.",General,
"Over three million people are still facing Crisis or Emergency levels of hunger, malnutrition rates remain critically high among children and pregnant and lactating women, and fragile livelihoods have not recovered.","Zaidi ya watu milioni tatu bado wanakabiliwa na Mgogoro au viwango vya Dharura vya njaa, viwango vya utapiamlo vimesalia kuwa juu sana miongoni mwa watoto na wanawake wajawazito na wanaonyonyesha, na maisha duni hayajapona.",Disaster/Health,
"WFP Kenya Country Brief, June 2024","Muhtasari wa Nchi wa WFP wa Kenya, Juni 2024",Disaster/Health,
"A growing urban heat crisis is placing residents of informal settlements at particular risk in countries such as Kenya, the United Republic of Tanzania and Zimbabwe.","Mgogoro unaoongezeka wa joto mijini unawaweka wakazi wa makazi yasiyo rasmi katika hatari fulani katika nchi kama vile Kenya, Jamhuri ya Muungano wa Tanzania na Zimbabwe.",Disaster/Health,
National Drought Early Warning Bulletin (May 2023),Taarifa ya Tahadhari ya Mapema ya Kitaifa (Mei 2023),Disaster/Health,
Kenya Annual Country Report 2023 - Country Strategic Plan 2023 - 2027,Ripoti ya Mwaka ya Nchi ya Kenya 2023 - Mpango Mkakati wa Nchi 2023 - 2027,Disaster/Health,
"receiving unsafe injections, blood transfusions, tissue transplantation, medical procedures that involve unsterile cutting or piercing; and/or","kupokea sindano zisizo salama, kuongezewa damu, kupandikiza tishu, taratibu za matibabu zinazohusisha kukata au kutoboa bila kuzaa; na/au",General,
"However, excessively high rainfall amounts may also raise the risk of waterlogging and localized crop stress, potentially affecting early crop development in poorly drained areas.","Hata hivyo, kiasi cha mvua nyingi kupita kiasi kinaweza pia kuongeza hatari ya kujaa maji na mkazo wa mimea iliyojanibishwa, ambayo inaweza kuathiri maendeleo ya mapema ya mazao katika maeneo yenye unyevu hafifu.",Disaster/Health,
VULNERABLE AND MARGINALIZED GROUP PLAN FOR WAAYU COMMUNITY IN MARSABIT,MPANGO WA VIKUNDI VILIVYO DHIBITI NA WALIO PEKEO KWA JUMUIYA YA WAAYU HUKO MARSABIT.,General,
"In line with the pronouncement by the President of the importance of wearing face masks, it is critical that every Kenyan wears a face mask whilst in public spaces. #KomeshaCorona update","Sambamba na matamshi ya Rais ya umuhimu wa kuvaa vinyago, ni muhimu kwamba kila Mkenya avae barakoa akiwa katika maeneo ya umma. #KomeshaCorona sasisho",Public Health,
"The assessment will support humanitarian actors, county governments, and development partners in identifying sectoral and geographic disparities, understanding differences between refugee and host community populations, and informing evidence-based targeting, resource allocation, and multisectoral response planning within Kenya's evolving humanitarian landscape.","Tathmini itawasaidia wahusika wa masuala ya kibinadamu, serikali za kaunti, na washirika wa maendeleo katika kutambua tofauti za kisekta na kijiografia, kuelewa tofauti kati ya wakimbizi na jamii zinazowapokea, na kufahamisha ulengaji kulingana na ushahidi, ugawaji wa rasilimali, na upangaji wa mwitikio wa sekta mbalimbali ndani ya mazingira ya Kenya yanayoendelea ya kibinadamu.",Governance,
Weekly Bulletin on Outbreaks and other Emergencies: Week 22: 27 May - 2 June 2024 (Data as reported by: 17:00; 2 June 2024),Taarifa ya Kila Wiki kuhusu Milipuko na Dharura Nyingine: Wiki 22: 27 Mei - 2 Juni 2024 (Data kama ilivyoripotiwa na: 17:00; 2 Juni 2024),Disaster/Health,
"WHO AFRO prevents, detects and responds to health emergencies in the African region","WHO AFRO inazuia, kugundua na kujibu dharura za kiafya katika eneo la Afrika",General,
Curbing impacts of drought in the Eastern African Subregion,Kupunguza athari za ukame katika Ukanda wa Afrika Mashariki,Disaster/Health,
The central objective of the strategy is to enhance the financial capacity of national and county governments to effectively manage disaster risks along the disaster risk management (DRM) continuum.,Lengo kuu la mkakati huo ni kuimarisha uwezo wa kifedha wa serikali za kitaifa na kaunti ili kudhibiti ipasavyo hatari za maafa katika mwendelezo wa usimamizi wa hatari za maafa (DRM).,Governance,
"Continuity of Essential Maternal, Newborn & Child Health Services during COVID-19: Perspectives from Clients & Frontline Health Workers in Kenya, Malawi and Mozambique - June - August 2021","Mwendelezo wa Huduma Muhimu za Afya ya Mama, Mtoto mchanga na Mtoto wakati wa COVID-19: Mtazamo kutoka kwa Wateja na Wahudumu wa Afya wa Mstari wa mbele nchini Kenya, Malawi na Msumbiji - Juni - Agosti 2021",Disaster/Health,
"Kenya - Key Message Update: Drought recovery from previous above-average seasons cushions households during the lean season, September 2024","Kenya - Taarifa Muhimu ya Ujumbe: Ahueni ya ukame kutoka kwa misimu ya hapo juu ya wastani huzuia kaya wakati wa msimu wa baridi, Septemba 2024",Disaster/Health,
Equatorial Guinea inaugurates its first public oxygen plant,Guinea ya Ikweta yazindua kiwanda chake cha kwanza cha oksijeni cha umma,General,
Kenya 2022 Drought Response in Review,Mwitikio wa Ukame wa Kenya 2022 Katika Uhakiki,Disaster/Health,
"This innovation empowers national meteorological services to produce accurate, timely forecasts using only a personal computer—eliminating the need for costly supercomputers and unlocking new potential for anticipatory action in climate-vulnerable regions.","Ubunifu huu huwezesha huduma za kitaifa za hali ya hewa kutoa utabiri sahihi, kwa wakati ufaao kwa kutumia kompyuta ya kibinafsi pekee—kuondoa hitaji la kompyuta kubwa za gharama kubwa na kufungua uwezekano mpya wa hatua za kutazamia katika maeneo yenye mazingira magumu ya hali ya hewa.",Disaster/Health,
Coronavirus #COVID19 Self- quarantine rule. Things you can do to protect yourself & your community #covid19kenya #StayHomeSaveLives @KNH_hospital @WHOKenya @UNICEFKenya @KenyaRedCross @KEMRI_Kenya @MTRHofficial @SpokespersonGoK @CDCKenya @WorldBankKenya @PDUDelivery @Amref_Kenya,Coronavirus #COVID19 Kanuni ya kujiweka karantini. Mambo unayoweza kufanya ili kujilinda wewe na jamii yako #covid19kenya #StayHomeSaveLives @KNH_hospital @WHOKenya @UNICEFKenya @KenyaRedCross @KEMRI_Kenya @MTRHofficial @SpokespersonGoK @CDCKenya @WorldBankKenya @PDUDelivery @Amref_Kenya,Public Health,
"Keeping Girls in the Picture Campaign: Stories and lessons from Kwale County, Kenya","Kuwaweka Wasichana Katika Kampeni ya Picha: Hadithi na masomo kutoka Kaunti ya Kwale, Kenya",Governance,
UNFPA hands over Kes 500 Million worth of contraceptives and reproductive health supplies to the Ministry of Health,UNFPA yakabidhi msaada wa dawa za uzazi wa mpango na afya ya uzazi zenye thamani ya Kes Milioni 500 kwa Wizara ya Afya,Disaster/Health,
"The WHO, in collaboration with Ministries of Health across 18 African countries, is implementing a sexual and reproductive health initiative aiming to strengthen access to person-centered, rights-based sexual and reproductive health care through resilient primary health care systems. In Kenya, WHO is working alongside the Ministry of Health to support six priority counties including Kajiado, Samburu, Laikipia, Siaya, Marsabit, and Tana River, delivering services such as family planning, post-abortion care, obstetric emergency care, and support for gender-based violence survivors.","WHO, kwa kushirikiana na Wizara za Afya katika nchi 18 za Afrika, inatekeleza mpango wa afya ya uzazi na ujinsia unaolenga kuimarisha upatikanaji wa huduma za afya ya ngono na uzazi zinazozingatia haki za binadamu kupitia mifumo thabiti ya afya ya msingi. Nchini Kenya, WHO inafanya kazi pamoja na Wizara ya Afya kusaidia kaunti sita za kipaumbele ikiwa ni pamoja na Kajiado, Samburu, Laikipia, Siaya, Marsabit, na Tana River, kutoa huduma kama vile kupanga uzazi, utunzaji baada ya kutoa mimba, huduma za dharura za uzazi, na usaidizi kwa waathiriwa wa unyanyasaji wa kijinsia.",General,
WHO and key health partners join forces to fight COVID-19 in Africa05 March 2020,WHO na washirika wakuu wa afya wanaungana kupigana na COVID-19 barani Afrika05 Machi 2020,General,
AIDS-free framework to accelerate paediatric and adolescent HIV treatment,Mfumo usio na UKIMWI ili kuharakisha matibabu ya VVU kwa watoto na vijana,General,
"Others think, the health information should have been left to religious leaders who are better trusted.","Wengine wanafikiri, taarifa za afya zilipaswa kuachiwa viongozi wa kidini ambao wanaaminika zaidi.",Health,
Kenya: Floods - DREF Operation (MDRKE056),Kenya: Mafuriko - Operesheni ya DREF (MDRKE056),Disaster/Health,
Samburu County: Drought Early Warning Bulletin for February 2023,Kaunti ya Samburu: Taarifa ya Onyo la Mapema kuhusu Ukame kwa Februari 2023,Disaster/Health,
West Pokot: Drought Early Warning Bulletin for July 2023,Pokot Magharibi: Taarifa ya Onyo la Mapema kuhusu Ukame kwa Julai 2023,Disaster/Health,
"Kenya – Mobility Tracking Turkana, Garissa, Marsabit and Isiolo Round #3 (May 2024)","Kenya - Ufuatiliaji wa Uhamaji Turkana, Garissa, Marsabit na Isiolo Awamu ya #3 (Mei 2024)",Disaster/Health,
"Contraceptive stocks dwindle in Kenya, affecting most vulnerable women","Hifadhi ya uzazi wa mpango inapungua nchini Kenya, na kuathiri wanawake walio hatarini zaidi",Disaster/Health,
Ensure that every client entering the establishment wears a face mask. All food handlers wear face masks. Provision for social and physical distancing. All restaurant workers must be tested. #KomeshaCorona update.,Hakikisha kuwa kila mteja anayeingia kwenye biashara amevaa kinyago. Wahudumu wote wa chakula huvaa vinyago vya uso. Utoaji wa umbali wa kijamii na kimwili. Wafanyikazi wote wa mikahawa lazima wajaribiwe. #KomeshaCorona sasisho.,Public Health,
Mandera County: Drought Early Warning Bulletin for March 2023,Kaunti ya Mandera: Taarifa ya Onyo la Mapema kuhusu Ukame kwa Machi 2023,Disaster/Health,
Navigating Cultural and Traditional Barriers in Qualitative Data Collection,Kuelekeza Vizuizi vya Kitamaduni na Kijadi katika Ukusanyaji wa Data Bora,Disaster/Health,
Lamu County: Drought Early Warning Bulletin for September 2023,Kaunti ya Lamu: Taarifa ya Onyo la Mapema kuhusu Ukame kwa Septemba 2023,Disaster/Health,
Kenya: Belgium's contribution through the Special Fund for Emergency and Resilience Activities (SFERA),Kenya: Mchango wa Ubelgiji kupitia Mfuko Maalum wa Shughuli za Dharura na Ustahimilivu (SFERA),Disaster/Health,
"WHAT is the state of acute malnutrition in Marsabit and Isiolo Counties, and WHO is at risk?","JE, hali ya utapiamlo ikoje katika Kaunti za Marsabit na Isiolo, na WHO iko hatarini?",Disaster/Health,
Refugees' Access to Work Permits and Business Licences in Kenya,Upatikanaji wa Wakimbizi wa Vibali vya Kazi na Leseni za Biashara nchini Kenya,Disaster/Health,
"SPEECH BY THE CABINET SECRETARY, MINISTRY OF EDUCATION, HON. EZEKIEL MACHOGU, CBS, DURING THE CLOSING OF THE UNIVERSITY LEADERSHIP TRAINING WORKSHOP AT SAROVA WHITESANDS HOTEL, MOMBASA, 14TH 0CTOBER, 2023","HOTUBA YA KATIBU WA BARAZA LA MAWAZIRI, WIZARA YA ELIMU, MHE. EZEKIEL MACHOGU, CBS, WAKATI WA KUFUNGA WARSHA YA MAFUNZO YA UONGOZI WA CHUO KIKUU KATIKA HOTEL YA SAROVA WHITESANDS, MOMBASA, TAREHE 14 TAREHE 0KTOBA, 2023.",General,
Samburu County: Drought Early Warning Bulletin for August 2024,Kaunti ya Samburu: Taarifa ya Onyo la Mapema kuhusu Ukame kwa Agosti 2024,Disaster/Health,
Kajiado County: Drought Early Warning Bulletin for October 2024,Kaunti ya Kajiado: Taarifa ya Onyo la Mapema kuhusu Ukame ya Oktoba 2024,Disaster/Health,
WFP Kenya Country Brief July 2025,Muhtasari wa Nchi wa WFP wa Kenya Julai 2025,Disaster/Health,
Cash transfers: restoring flood affected communities' livelihoods,Uhamisho wa pesa: kurejesha maisha ya jamii zilizoathiriwa na mafuriko,Disaster/Health,
Kilifi County: Drought Early Warning Bulletin for March 2022,Kaunti ya Kilifi: Taarifa ya Onyo la Mapema kuhusu Ukame kwa Machi 2022,Disaster/Health,
"Abshiro had hoped that acquiring citizenship would help her find work to support her family, as the aid they received was not enough.","Abshiro alikuwa na matumaini kwamba kupata uraia kungemsaidia kupata kazi ya kukimu familia yake, kwani msaada waliopokea haukutosha.",Governance,
"UNICEF Kenya Humanitarian Situation Report No. 1, 20 March 2023 (Reporting Period1 to 31 January 2023)","Ripoti ya Hali ya Kibinadamu ya UNICEF Kenya No. 1, 20 Machi 2023 (Kipindi cha Kuripoti1 hadi 31 Januari 2023)",Disaster/Health,
No violence! Report student issues to school management.,Hakuna vurugu! Ripoti masuala ya wanafunzi kwa usimamizi wa shule.,Education,
Kenya – Mobility Tracking and Multi-sectoral Location Assessment in Garissa County Round #2 (May 2023),Kenya - Ufuatiliaji wa Uhamaji na Tathmini ya Mahali ya Sekta mbalimbali katika Kaunti ya Garissa Awamu ya #2 (Mei 2023),Disaster/Health,
Circularity in Dadaab - Rapid Assessment (June 2023),Mzunguko katika Dadaab - Tathmini ya Haraka (Juni 2023),Disaster/Health,
Narok County: Drought Early Warning Bulletin for April 2023,Kaunti ya Narok: Taarifa ya Onyo la Mapema kuhusu Ukame kwa Aprili 2023,Disaster/Health,
Kenya Situation Update | August 2023: Government Operation Brings Calm to North Rift Region,Sasisho la Hali ya Kenya | Agosti 2023: Operesheni ya Serikali Yaleta Utulivu katika Mkoa wa Kaskazini mwa Ufa,Disaster/Health,
National Drought Early Warning Bulletin (December 2023),Taarifa ya Tahadhari ya Mapema ya Kitaifa (Desemba 2023),Disaster/Health,
"During the December campaign, WHO provided technical and financial support in the 11 counties to help accelerate the coverage of COVID-19 vaccine through strategic risk communication, community engagement and vaccination outreach teams.","Wakati wa kampeni ya Desemba, WHO ilitoa usaidizi wa kiufundi na kifedha katika kaunti 11 ili kusaidia kuharakisha utoaji wa chanjo ya COVID-19 kupitia mawasiliano ya kimkakati ya hatari, ushiriki wa jamii na timu za kufikia chanjo.",Health,
"Just like your annual doctor's visit, your mind deserves a check-up too","Kama vile ziara yako ya kila mwaka ya daktari, akili yako pia inastahili kuchunguzwa",Health,
"SPEECH BY HON. EZEKIEL MACHOGU, CBS, CABINET SECRETARY, MINISTRY OF EDUCATION, DURING THE RELEASE OF THE 2023/2024 UNIVERSITIES AND COLLEGES STUDENT PLACEMENT RESULTS AND LAUNCH OF APPLICATION PORTAL FOR LOANS AND SCHOLARSHIPS AT THE KENYA SCHOOL OF GOVERNMENT, KABETE, ON JULY 31, 2023","HOTUBA YA MHE. EZEKIEL MACHOGU, CBS, KATIBU WA BARAZA LA MAWAZIRI, WIZARA YA ELIMU, WAKATI WA KUTOLEWA KWA MATOKEO YA UFAAJI WA VYUO VIKUU NA VYUO VYA 2023/2024 NA UZINDUZI WA MTANDAO WA MAOMBI YA MIKOPO NA USOMO WA MIKOPO, SHULE YA 3 KAJUBENYA, KEON 2023",General,
Flash floods in Northern Kenya cause displacement and damaged infrastructure,Mafuriko ya ghafla Kaskazini mwa Kenya yasababisha watu kuhama na kuharibu miundombinu,Disaster/Health,
"CrisisInSight Weekly Picks, 09 November 2022","Chaguo za Kila Wiki za CrisisInSight, 09 Novemba 2022",Disaster/Health,
Kenya: Worsening climate shocks exacerbate food shortages,Kenya: Majanga ya hali ya hewa yanazidisha uhaba wa chakula,Disaster/Health,
"According to data provided by the National Agency for Campaign Against Drug Abuse (NACADA), about 50 per cent of the youth in Embu County, use the stimulant abandoning and breaking all social distance rules, put in place to contain the spread of Covid-19.","Kulingana na data iliyotolewa na Shirika la Kitaifa la Kampeni Dhidi ya Matumizi Mabaya ya Dawa za Kulevya (NACADA), takriban asilimia 50 ya vijana katika Kaunti ya Embu, wanatumia kichocheo cha kutelekeza na kuvunja sheria zote za umbali wa kijamii, zilizowekwa ili kudhibiti kuenea kwa Covid-19.",Public Health,
Samburu County: Drought Early Warning Bulletin for March 2023,Kaunti ya Samburu: Taarifa ya Onyo la Mapema kuhusu Ukame kwa Machi 2023,Disaster/Health,
Makueni County: Drought Early Warning Bulletin for July 2022,Kaunti ya Makueni: Taarifa ya Onyo la Mapema kuhusu Ukame Julai 2022,Disaster/Health,
Climate-Smart Agriculture and Urban/Peri-Urban Agriculture in the Great Lakes Region: A Brief Literature Review,Hali ya Hewa-Smart Kilimo na Kilimo Mijini/Peri-Mijini katika Ukanda wa Maziwa Makuu: Mapitio Mafupi ya Fasihi,Disaster/Health,
Resettlement in Dadaab enables hundreds of refugee families to access services after years,Makazi mapya katika Dadaab huwezesha mamia ya familia za wakimbizi kupata huduma baada ya miaka mingi,Disaster/Health,
WASH-related Needs Assessment in Schools and Health Facilities in Garissa County-Kenya - July 2024 | Garissa Host and Refugee Community,Tathmini ya Mahitaji Yanayohusiana na WASH katika Shule na Vifaa vya Afya katika Kaunti ya Garissa-Kenya - Julai 2024 | Mwenyeji wa Garissa na Jumuiya ya Wakimbizi,Disaster/Health,
Protecting girls from cervical cancer in The Gambia,Kuwakinga wasichana dhidi ya saratani ya shingo ya kizazi nchini Gambia,General,
National Drought Early Warning Bulletin (April 2024),Taarifa ya Tahadhari ya Mapema ya Kitaifa (Aprili 2024),Disaster/Health,
Kenya Airways and IOM Unite to Combat Trafficking and Promote Regular Pathways,Kenya Airways na IOM Zaungana Kupambana na Usafirishaji Haramu na Kukuza Njia za Kawaida,Disaster/Health,
Flood Resilience Alliance - Impact Brief: Kenya,Muungano wa Kustahimili Mafuriko - Muhtasari wa Athari: Kenya,Disaster/Health,
Bringing water to rural Kenya,Kuleta maji vijijini Kenya,Disaster/Health,
Provide first aid kits 2020.,Toa vifaa vya huduma ya kwanza 2020.,Education,
"Cross border Household Multisector Survey Kenya and Somalia (June, 2025)","Utafiti wa Sekta Mbalimbali wa Kaya mpakani Kenya na Somalia (Juni, 2025)",Disaster/Health,
Strengthening Quality of Healthcare in Refugee Camps: Tracking the ISO 15189:2022 Accreditation Journey of Ammusait General Level 4 Hospital Laboratory in Kakuma,Kuimarisha Ubora wa Huduma ya Afya katika Kambi za Wakimbizi: Kufuatilia Safari ya Ithibati ya ISO 15189:2022 ya Maabara ya Hospitali ya Ammusait General Level 4 huko Kakuma.,Disaster/Health,
Pre-crisis Market Mapping and Analysis Report for Busia County,Ripoti ya Ramani ya Soko na Uchambuzi wa kabla ya mgogoro wa Kaunti ya Busia,Governance,
"As global aid budgets shrink, refugees and host communities are increasingly competing in the same thin markets and relying on the same under‑resourced schools, clinics, roads, and water systems, raising the stakes for local livelihoods.","Kadiri bajeti za misaada ya kimataifa zinavyopungua, wakimbizi na jumuiya zinazowapokea wanazidi kushindana katika masoko nyembamba sawa na kutegemea shule zisizo na rasilimali, zahanati, barabara na mifumo ya maji, hivyo basi kuinua hali ya maisha ya wenyeji.",Health,
Kenya | Riverine floods - Early Action Protocol Activation (10 November2023) Operation №: MDRKE053,Kenya | Mafuriko ya Mto - Uanzishaji wa Itifaki ya Hatua ya Mapema (10 Novemba2023) Operesheni №: MDRKE053,Disaster/Health,
National Drought Early Warning Bulletin (July 2024),Taarifa ya Tahadhari ya Mapema ya Kitaifa (Julai 2024),Disaster/Health,
"Kenya, Africa | Floods 2023 Operation Update (MDRKE058) (26/04/2024)","Kenya, Afrika | Sasisho la Operesheni ya Mafuriko 2023 (MDRKE058) (26/04/2024)",Disaster/Health,
CADIS and Tzu Chi Deliver Relief to Flood-Hit Communities in Kenya,CADIS na Tzu Chi Zawasilisha Msaada kwa Jamii Zilizokumbwa na Mafuriko nchini Kenya,Disaster/Health,
Kenyan Court Delays Justice for Survivors of Post-Election Sexual Violence,Mahakama ya Kenya Yachelewesha Haki kwa Waathiriwa wa Unyanyasaji wa Kijinsia Baada ya Uchaguzi,Disaster/Health,
Kenya: Baringo Social Unrest - DREF Final Report (MDRKE059),Kenya: Machafuko ya Kijamii ya Baringo - Ripoti ya Mwisho ya DREF (MDRKE059),Disaster/Health,
"Flooding Displaces More than 200,000 in Kenya, Fueling Hunger","Mafuriko Yawahamisha Zaidi ya 200,000 nchini Kenya, Na Kuchochea Njaa",Disaster/Health,
Kenya steps up national cholera preparedness and response,Kenya yaongeza utayarishaji na mwitikio wa kipindupindu kitaifa,Disaster/Health,
"WHO continues to work in this area, supporting countries to improve and better monitor interventions towards ending the AIDS epidemic as a public health threat by 2030.","WHO inaendelea kufanya kazi katika eneo hili, kusaidia nchi kuboresha na kufuatilia vyema afua za kumaliza janga la UKIMWI kama tishio la afya ya umma ifikapo 2030.",General,
Kwale County: Drought Early Warning Bulletin for June 2022,Kaunti ya Kwale: Taarifa ya Onyo la Mapema kuhusu Ukame kwa Juni 2022,Disaster/Health,
Taita Taveta County: Drought Early Warning Bulletin for December 2023,Kaunti ya Taita Taveta: Taarifa ya Onyo la Mapema kuhusu Ukame la Desemba 2023,Disaster/Health,
"Overall, the results point to a sharp refugee labor market shock alongside limited absorptive capacity in host labor markets.","Kwa ujumla, matokeo yanaonyesha mshtuko mkali wa soko la ajira la wakimbizi sambamba na uwezo mdogo wa kufyonza katika soko la ajira mwenyeji.",Disaster/Health,
"This Acceleration Plan focuses on women and newborns who already reach health facilities, where the potential for rapid and measurable impact is greatest.","Mpango huu wa Kuongeza Kasi unalenga wanawake na watoto wachanga ambao tayari wanafika kwenye vituo vya afya, ambapo uwezekano wa athari za haraka na zinazoweza kupimika ni kubwa zaidi.",Health,
"In Model 2(b), services delivered by public primary healthcare entities and civil society organizations s are reimbursed (e.g. in the Philippines and Thailand).","Katika Mfano wa 2(b), huduma zinazotolewa na mashirika ya afya ya msingi ya umma na mashirika ya kiraia hulipwa (k.m. Ufilipino na Thailand).",Health,
"Individuals or Firms are hereby invited to make submissions on the dates scheduled against the National Government (Ministry/State Department/Constitutional Commission/Independent Office and State Corporation, (excluding any bill(s)/ claim(s) from County Governments), which owes the Pending Bill in the prescribed format.","Watu binafsi au Mashirika yanaalikwa kuwasilisha mawasilisho katika tarehe zilizoratibiwa dhidi ya Serikali ya Kitaifa (Wizara/Idara ya Jimbo/Tume ya Kikatiba/Afisi Huru na Shirika la Serikali, (bila kujumuisha bili/madai) yoyote kutoka kwa Serikali za Kaunti), ambayo inadaiwa Mswada Unaosubiri katika muundo uliowekwa.",Governance,
"Kenya - Floods, update (Kenya Government, media, Kenya Met Department, NOAA-CPC) (ECHO Daily Flash of 18 March 2026)","Kenya - Mafuriko, sasisho (Serikali ya Kenya, vyombo vya habari, Kenya Met Department, NOAA-CPC) (ECHO Daily Flash ya 18 Machi 2026)",Disaster/Health,
Please fill in your details below to receive our weekly outbreaks and other health emergencies bulletin,Tafadhali jaza maelezo yako hapa chini ili kupokea taarifa zetu za kila wiki za milipuko na dharura nyingine za afya,General,
"Here's a popular misconception we need to talk about. Inflatables don't keep children safe in the water. Inflatable armbands, neck floaties, and other inflatable toys tend to give a false sense of security. They can slip off, deflate, disrupt balance, and are not designed to prevent drowning. The real protection is constant, active adult supervision, always within arm's reach https://bit.ly/4yEIAgY DrowningPrevention WorldDrowningPreventionDay : Getty Images","Huu hapa ni ufahamu potofu unaofaa kuzungumziwa: Vifaa vya kupuliza hewa havimlindi mtoto majini. Vitambaa vya mikononi na vinyago vya kuogelea vinatoa usalama wa uongo. Vinaweza kuvuka, kupoteza upepo, na havijatengenezwa kuzuia kuzama. Ulinzi wa kweli ni usimamizi wa karibu wa mtu mzima wakati wote.",Health,
West Pokot: Drought Early Warning Bulletin for January 2023,Pokot Magharibi: Taarifa ya Onyo la Mapema kuhusu Ukame kwa Januari 2023,Disaster/Health,
Kenya: Acute Malnutrition Situation October 2024 - February 2025 and Projection for March - June 2025 (ASAL) Published on 21 March 2025,Kenya: Hali mbaya ya Utapiamlo Oktoba 2024 - Februari 2025 na Makadirio ya Machi - Juni 2025 (ASAL) Limechapishwa tarehe 21 Machi 2025,Disaster/Health,
Laikipia County: Drought Early Warning Bulletin for September 2022,Kaunti ya Laikipia: Taarifa ya Onyo la Mapema kuhusu Ukame kwa Septemba 2022,Disaster/Health,
"Nevertheless, follow up was initiated, samples collected and tested for Bundibugyo virus disease (BVD) with results turning negative.","Hata hivyo, ufuatiliaji ulianzishwa, sampuli zilikusanywa na kupimwa kwa ugonjwa wa virusi vya Bundibugyo (BVD) na matokeo yakabadilika kuwa hasi.",Health,
UNICEF Kenya Flash Update No.1 (Rains) 1 April - 3 May 2024,UNICEF Kenya Flash Update No.1 (Mvua) 1 Aprili - 3 Mei 2024,Disaster/Health,
"Research Terms of Reference: Actor, service and infrastructure mapping in Dadaab refugee camps, KEN2202, Kenya, January 2021, V1","Masharti ya Marejeleo ya Utafiti: Muigizaji, huduma na ramani ya miundombinu katika kambi za wakimbizi za Dadaab, KEN2202, Kenya, Januari 2021, V1.",Disaster/Health,
"Slovakia and UNESCO Partnership: Access to clean, affordable Water in Turkana",Ushirikiano wa Slovakia na UNESCO: Upatikanaji wa Maji safi na ya bei nafuu Turkana,Disaster/Health,
"Under the Kenya Digital Economy Acceleration Project (KDEAP), 10,382 laptops and 10,382 interactive smart boards are being distributed to Junior Schools in all 47 counties, with 11 schools benefiting in Nyandarua Sub-County. This follows training for over 62,000 teachers nationwide on ICT integration.","Chini ya Mradi wa Kuongeza Kasi ya Uchumi wa Kidijitali wa Kenya (KDEAP), kompyuta mpakato 10,382 na bodi mahiri 10,382 zinasambazwa kwa Shule za Vijana katika kaunti zote 47, huku shule 11 zikinufaika katika Kaunti Ndogo ya Nyandarua. Hii inafuatia mafunzo kwa zaidi ya walimu 62,000 nchini kote kuhusu ushirikiano wa ICT.",General,
"AMR is making infections harder to treat, increasing the risk of disease spread, severe illness and death, while placing growing pressure on health systems worldwide.","AMR inafanya maambukizo kuwa magumu kutibu, na kuongeza hatari ya kuenea kwa magonjwa, ugonjwa mbaya na kifo, huku ikiweka shinikizo kubwa kwenye mifumo ya afya ulimwenguni.",Health,
Toward a Shared Future: Advancing Refugee Integration in Kenya,Kuelekea Mustakabali wa Pamoja: Kuendeleza Muunganisho wa Wakimbizi nchini Kenya,Disaster/Health,
"OMS em ÁfricaAbout WHO in the African region »About UsContact usGovernanceLeadershipOrganizational structureProgrammes and clustersRegional Director for AfricaAccountability »Financial reportsGeneral Programme of WorkConstruir uma África mais saudável, juntos: Um Manifesto para a Transformação","OMS em AfrikaKuhusu WHO katika eneo la Afrika »Kuhusu SisiWasiliana nasiUongozi wa UongoziMuundo wa shirikaProgramu na makundi Mkurugenzi wa Kanda ya AfrikaUwajibikaji »Ripoti za kifedhaMpango Mkuu wa KaziKujenga Afrika mais saudável, juntos: Um Manifesto para a Transformação",General,
"Mbauro Comprehensive School Wundanyi, Taita Taveta CountyRead More","Shule ya Kina ya Mbauro Wundanyi, Kaunti ya Taita TavetaSoma Zaidi",General,
Tharaka Nithi County: Drought Early Warning Bulletin for May 2023,Kaunti ya Tharaka Nithi: Taarifa ya Onyo la Mapema kuhusu Ukame kwa Mei 2023,Disaster/Health,
"The Board of the Wildlife Conservation Trust Fund and the National Treasury have now finalized the draft Public Finance Management (Wildlife Conservation Trust Fund) Regulations, 2024.",Bodi ya Mfuko wa Hifadhi ya Wanyamapori na Hazina ya Kitaifa sasa imekamilisha rasimu ya Kanuni za Usimamizi wa Fedha za Umma (Wildlife Conservation Trust Fund) za mwaka 2024.,Governance,
Kwale County: Drought Early Warning Bulletin for October 2023,Kaunti ya Kwale: Taarifa ya Onyo la Mapema kuhusu Ukame kwa Oktoba 2023,Disaster/Health,
Meru (Meru-North) County: Drought Early Warning Bulletin for December 2022,Kaunti ya Meru (Meru-Kaskazini): Taarifa ya Onyo la Mapema kuhusu Ukame Desemba 2022,Disaster/Health,
"Kenya: FAJ Strongly Condemns Assaults on Kenyan Journalists, Calls for Immediate Action","Kenya: FAJ Yalaani Vikali Mashambulio dhidi ya Waandishi wa Habari wa Kenya, Yataka Hatua za Haraka",Disaster/Health,
"WFP Kenya Country Brief, December 2024","Muhtasari wa Nchi wa WFP Kenya, Desemba 2024",Disaster/Health,
"Should a health emergency arise, the same platform can be rapidly redirected to produce a response, shortening the time it takes for effective countermeasures to reach affected populations.","Iwapo dharura ya kiafya itatokea, jukwaa sawa linaweza kuelekezwa kwingine kwa haraka ili kutoa jibu, na kufupisha muda unaochukua kwa hatua madhubuti za kukabiliana na hali hiyo kufikia watu walioathirika.",Health,
PS TVET DR. ESTHER MUORIA WELCOMING THE PRIME CABINET SECRETARY HON. DR MUSALIA MUDAVADI TO TVET@100 CELEBRATIONS HELD AT KABETE NATIONAL POLYTECHNIC,PS TVET DR. ESTHER MUORIA AKIMKARIBISHA KATIBU MKUU WA BARAZA LA MAWAZIRI MHE. DK MUSALIA MUDAVADI KWENDA SHEREHE ZA TVET@100 ZILIZOFANYIKA KABETE NATIONAL POLYTECHNIC.,General,
Mandera County: Drought Early Warning Bulletin for October 2024,Kaunti ya Mandera: Taarifa ya Onyo la Mapema kuhusu Ukame ya Oktoba 2024,Disaster/Health,
"In the fragile and climate-affected context of the Mandera Triangle — where the borders of Kenya, Ethiopia, and Somalia meet — breastfeeding is a vital lifeline for infants and mothers.","Katika mazingira dhaifu na yaliyoathiriwa na hali ya hewa ya Pembetatu ya Mandera - ambapo mipaka ya Kenya, Ethiopia, na Somalia inakutana - kunyonyesha ni njia muhimu ya maisha kwa watoto wachanga na akina mama.",Health,
More than 20 African countries can now test for coronavirus disease20 February 2020,Zaidi ya nchi 20 za Afrika sasa zinaweza kupima ugonjwa wa coronavirus20 Februari 2020,General,
IGAD Secretariat's statement on the ongoing heavy rains and subsequent floods across the region particularly in Kenya,Taarifa ya Sekretarieti ya IGAD kuhusu mvua kubwa zinazoendelea kunyesha na mafuriko katika eneo zima hasa nchini Kenya.,Disaster/Health,
Health and violence risks multiply for women and girls in Kenya as worst drought in 40 years takes hold,Hatari za kiafya na unyanyasaji zinaongezeka kwa wanawake na wasichana nchini Kenya huku ukame mbaya zaidi kuwahi kutokea katika kipindi cha miaka 40,Disaster/Health,
Sarah's journey: empowering women through high iron beans,Safari ya Sarah: kuwawezesha wanawake kupitia maharagwe mengi ya chuma,Disaster/Health,
"Kenya - Floods (Kenya Met, media) (ECHO Daily Flash of 28 April 2023)","Kenya - Mafuriko (Kenya Met, media) (ECHO Daily Flash ya 28 Aprili 2023)",Disaster/Health,
Narok County: Drought Early Warning Bulletin for July 2022,Kaunti ya Narok: Taarifa ya Onyo la Mapema kuhusu Ukame Julai 2022,Disaster/Health,
"Effective surveillance is essential for understanding where resistance is occurring, how it is evolving and what actions are needed to respond.","Ufuatiliaji unaofaa ni muhimu ili kuelewa ni wapi upinzani unatokea, jinsi unavyoendelea na ni hatua gani zinahitajika ili kujibu.",Disaster/Health,
"As we contain #COVID19, we remind you that Mosquitoes are not under quarantine or lockdown; they are still spreading Malaria. You need to protect yourself from mosquitos & be on lookout for symptoms like fever, headache, joint pains, nausea &vomiting. #KomeshaCorona","Kwa kuwa tuna #COVID19, tunakukumbusha kuwa Mbu hawako chini ya karantini au kufungwa; bado wanaeneza Malaria. Unahitaji kujikinga na mbu na kuwa mwangalifu kwa dalili kama vile homa, maumivu ya kichwa, maumivu ya viungo, kichefuchefu na kutapika. #KomeshaCorona",Public Health,
Climate Risk Perception and Adoption of Sustainable Agricultural Practices: Insights from Kenya's Central Highlands (December 2025),Mtazamo wa Hatari ya Hali ya Hewa na Kupitishwa kwa Mbinu Endelevu za Kilimo: Maarifa kutoka Nyanda za Juu za Kenya (Desemba 2025),Disaster/Health,
Rebuilding Kenya Stronger: Here's What's Needed to Rebound After Catastrophic Floods,Kuijenga Kenya Imara Zaidi: Hiki ndicho Kinachohitajika ili Kurudi Baada ya Mafuriko,Disaster/Health,
Kenya: WASH-related Needs Assessment in Schools and Health Facilities in Turkana County - July 2024 | Turkana Host and Refugee Community,Kenya: Tathmini Ya Mahitaji Yanayohusiana na WASH katika Shule na Vifaa vya Afya katika Kaunti ya Turkana - Julai 2024 | Mwenyeji wa Turkana na Jumuiya ya Wakimbizi,Disaster/Health,
"ASAL Humanitarian Network MPCT New Beneficiaries Endline Assessment, Mandera County, March 2022","Tathmini ya Mwisho ya Mtandao wa Kibinadamu wa ASAL MPCT Wafaidika Wapya, Kaunti ya Mandera, Machi 2022",Disaster/Health,
Embu (Mbeere) County: Drought Early Warning Bulletin for November 2022,Kaunti ya Embu (Mbeere): Taarifa ya Onyo la Mapema kuhusu Ukame ya Novemba 2022,Disaster/Health,
"Kenya Food Security Alert: As an already historic four-season drought drives widespread need, a fifth poor season is now forecast, 10 May 2022","Tahadhari ya Usalama wa Chakula Kenya: Kama ukame ambao tayari ni wa kihistoria wa misimu minne unachochea mahitaji makubwa, msimu wa tano duni sasa unatabiriwa, 10 Mei 2022.",Disaster/Health,
The Power of Science for Health: Malawi's Milestones Transforming Lives,Nguvu ya Sayansi kwa Afya: Milestones ya Malawi Kubadilisha Maisha,General,
Kenya — Trans Nzoia Flood Damages Assessment (April 2026),Kenya - Tathmini ya Uharibifu wa Mafuriko ya Trans Nzoia (Aprili 2026),Disaster/Health,
"""Tobacco growing farmers must be given the necessary support to switch to alternative crops that have the potential to improve their health and livelihoods as well as reduce the supply of tobacco,"" says Dr.","""Wakulima wanaolima tumbaku ni lazima wapewe msaada unaohitajika ili kubadili mazao mbadala yenye uwezo wa kuboresha afya na maisha yao pamoja na kupunguza upatikanaji wa tumbaku,"" anasema Dk.",Health,
"Kenya Food Security Outlook, June 2023 - January 2024","Mtazamo wa Usalama wa Chakula nchini Kenya, Juni 2023 - Januari 2024",Disaster/Health,
Social distance is an essential way to slow down the spread of COVID-19. And it is important that you follow the social distancing recommendations in your community whether your're in one of the high-risk groups or not. #KomeshaCorona campaign,Umbali wa kijamii ni njia muhimu ya kupunguza kasi ya kuenea kwa COVID-19. Na ni muhimu kufuata mapendekezo ya umbali wa kijamii katika jamii yako iwe uko katika moja ya vikundi vilivyo hatarini au la. Kampeni ya #KomeshaCorona,Public Health,
"Kenya - Floods, update (Kenya Red Cross, UN OCHA, International Charter, media, Kenya Meteorological Department) (ECHO Daily Flash of 2 May 2024)","Kenya - Mafuriko, sasisho (Kenya Red Cross, UN OCHA, Hati ya Kimataifa, vyombo vya habari, Idara ya Hali ya Hewa ya Kenya) (ECHO Daily Flash ya 2 Mei 2024)",Disaster/Health,
* Coronavirus (COVID-19) Situation reports are now included in The WHO Africa outbreaks and emergencies bulletin.,* Ripoti za Hali ya Virusi vya Korona (COVID-19) sasa zimejumuishwa katika Taarifa za milipuko na dharura za WHO Afrika.,General,
West Pokot: Drought Early Warning Bulletin for June 2023,Pokot Magharibi: Taarifa ya Onyo la Mapema kuhusu Ukame kwa Juni 2023,Disaster/Health,
"Research in settlements such as Mathare in Nairobi and Kombo in Dar es Salaam shows that indoor temperatures are often higher than outdoor conditions, leading to chronic heat stress.","Utafiti katika makazi kama vile Mathare huko Nairobi na Kombo jijini Dar es Salaam unaonyesha kuwa halijoto ya ndani ya nyumba mara nyingi ni ya juu kuliko hali ya nje, na kusababisha msongo wa joto sugu.",Disaster/Health,
The Social and Economic Impact of COVID-19 Policy Responses on Women Working in the Informal Urban Economy in Kenya,Athari za Kijamii na Kiuchumi za Majibu ya Sera ya COVID-19 kwa Wanawake Wanaofanya Kazi katika Uchumi Usio Rasmi wa Mijini nchini Kenya.,Disaster/Health,
National Drought Early Warning Bulletin (November 2022),Taarifa ya Tahadhari ya Mapema ya Kitaifa (Novemba 2022),Disaster/Health,
"Please share your comments with the National Treasury by close of business 23rd September, 2024 through the email address: brop@treasury.go.ke.","Tafadhali shiriki maoni yako na Hazina ya Kitaifa kufikia mwisho wa biashara tarehe 23 Septemba, 2024 kupitia barua pepe: brop@treasury.go.ke.",Governance,
"In order to effectively undertake its mandate, the State Department also comprises 38 Public Universities, 4 University Constituent Colleges and two (2) specialized degree awarding Public Universities, eight (8) Semi-Autonomous Government Agencies (SAGAs), which are charged with various responsibilities as presented in table 1.","Ili kutekeleza majukumu yake ipasavyo, Idara ya Serikali pia inajumuisha Vyuo Vikuu 38 vya Umma, Vyuo Vikuu Vikuu 4 na Vyuo Vikuu vya Umma viwili (2) vinavyotunuku Vyuo Vikuu vya Umma, Wakala nane (8) za Serikali zinazojiendesha Semi-Autonomous (SAGAs), ambazo zina majukumu mbalimbali kama yalivyowasilishwa kwenye jedwali namba 1.",General,
Meru (Meru-North) County: Drought Early Warning Bulletin for October 2023,Kaunti ya Meru (Meru-Kaskazini): Taarifa ya Onyo la Mapema kuhusu Ukame Oktoba 2023,Disaster/Health,
Africa marks a year of COVID-19 vaccine delivery25 February 2022,Afrika inaadhimisha mwaka wa utoaji wa chanjo ya COVID-1925 Februari 2022,General,
Embu (Mbeere) County: Drought Early Warning Bulletin for May 2023,Kaunti ya Embu (Mbeere): Taarifa ya Onyo la Mapema kuhusu Ukame ya Mei 2023,Disaster/Health,
Inspiring a Change: JRS students advocate for gender equality,Kuhamasisha Mabadiliko: Wanafunzi wa JRS wanatetea usawa wa kijinsia,Disaster/Health,
"There are many things we can do to prevent the spread of COVID-19. This includes washing our hands, coughing into our elbows, avoiding touching our faces, staying home if we're feeling sick &!social distancing #KomeshaCorona @WHOKenya @PSofKenya @SpokespersonGoK @KenyaGovernors","Kuna mambo mengi tunayoweza kufanya ili kuzuia kuenea kwa COVID-19. Hii ni pamoja na kunawa mikono, kukohoa kwenye viwiko vya mkono, kuepuka kugusa nyuso zetu, kukaa nyumbani ikiwa tunajisikia wagonjwa &!kutengwa kijamii #KomeshaCorona @WHOKenya @PSofKenya @SpokespersonGoK @KenyaGovernors",Public Health,
Weekly Bulletin on Outbreaks and other Emergencies: Week 24: 10 - 16 June 2024 (Data as reported by: 17:00; 16 June 2024),Taarifa ya Kila Wiki kuhusu Milipuko na Dharura Nyingine: Wiki 24: 10 - 16 Juni 2024 (Data kama ilivyoripotiwa na: 17:00; 16 Juni 2024),Disaster/Health,
Wajir County: Drought Early Warning Bulletin for March 2022,Kaunti ya Wajir: Taarifa ya Onyo la Mapema kuhusu Ukame kwa Machi 2022,Disaster/Health,
Kenya: ICC to encourage domestic accountability efforts despite conclusion of investigation,Kenya: ICC kuhimiza juhudi za uwajibikaji wa ndani licha ya kukamilika kwa uchunguzi,Disaster/Health,
VULNERABLE AND MARGINALIZED GROUP PLAN FOR MUNYOYOYA IN TANA RIVER COUNTY,MPANGO WA KUNDI HALISI NA WALIO PEKEE KWA MUNYOYOYA KATIKA KAUNTI YA TANA RIVER.,General,
Kenya: Registered refugees and asylum-seekers (as of 31 October 2022),Kenya: Wakimbizi waliosajiliwa na wanaotafuta hifadhi (kuanzia tarehe 31 Oktoba 2022),Disaster/Health,
A ground breaking opportunity to increase access for registration of community groups in Dadaab,Fursa muhimu ya kuongeza ufikiaji wa usajili wa vikundi vya jamii huko Dadaab,Disaster/Health,
"Over the past three years, there has been an incremental reduction in services, food rations and cash support affecting the refugee population in Dadaab.","Katika kipindi cha miaka mitatu iliyopita, kumekuwa na punguzo la ongezeko la huduma, mgao wa chakula na usaidizi wa fedha unaoathiri idadi ya wakimbizi huko Dadaab.",Disaster/Health,
"How to avoid spreading #COVID19 DO Stay at least 2 metres away from anyone Wash your hands often with soap & running water Cover your mouth & nose when you cough Wear face mask Don't Do not touch your eyes, nose or mouth if your hands are not clean. #KomeshaCorona","Jinsi ya kuepuka kueneza #COVID19 JE Kaa angalau mita 2 kutoka kwa mtu yeyote Osha mikono yako mara kwa mara kwa sabuni na maji yanayotiririka Funika mdomo na pua unapokohoa Vaa barakoa Usiguse macho, pua au mdomo wako ikiwa mikono yako si safi. #KomeshaCorona",Public Health,
"In times of crisis, communities in need of support require assistance that is versatile to suit their needs and support recovery.","Wakati wa shida, jamii zinazohitaji usaidizi zinahitaji usaidizi ambao unaweza kukidhi mahitaji yao na kusaidia ahueni.",Disaster/Health,
"THE TECHNICAL AND VOCATIONAL EDUCATION AND TRAINING BILL, 2024","MSWADA WA ELIMU NA MAFUNZO YA UFUNDI NA UFUNDI, 2024",General,
We glad that majority of Kenyans have responded to our call to come forward for testing. This is commendable & we continue to appeal to all Kenyans to come out and get tested. #KomeshaCorona update.,Tunafurahi kwamba Wakenya wengi wameitikia wito wetu wa kujitokeza kupima. Hili ni jambo la kupongezwa na tunaendelea kutoa wito kwa Wakenya wote kujitokeza kupima. #KomeshaCorona sasisho.,Public Health,
This is due to the enhanced trade links between Kampala and different major cities in Kenya and the high-volume cross-border movement.,Hii ni kutokana na kuimarishwa kwa uhusiano wa kibiashara kati ya Kampala na miji mikuu tofauti nchini Kenya na harakati za juu za kuvuka mpaka.,Disaster/Health,
Girls and young women bear the brunt of El Niño rains in Kenya,Wasichana na wanawake vijana wanabeba mzigo mkubwa wa mvua za El Niño nchini Kenya,Disaster/Health,
Kilifi County: Drought Early Warning Bulletin for January 2023,Kaunti ya Kilifi: Taarifa ya Onyo la Mapema kuhusu Ukame kwa Januari 2023,Disaster/Health,
"In a visit to vaccination sites in February by the WHO Director of Immunization, Vaccines and Biologicals Dr Kate O'Brien, she said: ""I note that this vaccine has generated a lot of enthusiasm and excitement in communities, and the high demand for it is bringing caregivers and children to the clinics where children can also catch up on other vaccines and child interventions for protection.","Katika ziara yake katika maeneo ya chanjo mwezi Februari na Mkurugenzi wa Chanjo, Chanjo na Biolojia wa WHO, Dk Kate O'Brien, alisema: ""Ninatambua kuwa chanjo hii imeleta shauku na msisimko mkubwa katika jamii, na mahitaji yake makubwa yanaleta walezi na watoto kwenye kliniki ambapo watoto wanaweza pia kupata chanjo nyingine kwa ajili ya ulinzi na watoto.",Health,
Ambulance service delivers lifesaving care to Malian refugees in Mauritania,Huduma ya gari la wagonjwa inatoa huduma ya kuokoa maisha kwa wakimbizi wa Mali nchini Mauritania,General,
West Pokot: Drought Early Warning Bulletin for March 2022,Pokot Magharibi: Taarifa ya Onyo la Mapema kuhusu Ukame kwa Machi 2022,Disaster/Health,
Taita Taveta County: Drought Early Warning Bulletin for June 2022,Kaunti ya Taita Taveta: Taarifa ya Onyo la Mapema kuhusu Ukame Juni 2022,Disaster/Health,
(d) develop and enhance partnerships with industry and the private sector to generate greater impact;,(d) kuendeleza na kuimarisha ushirikiano na viwanda na sekta binafsi ili kuleta athari kubwa;,General,
Online harassment risks pushing Kenyan women out of politics,Unyanyasaji mtandaoni unahatarisha kuwasukuma wanawake wa Kenya kutoka kwenye siasa,Disaster/Health,
Wajir County: Drought Early Warning Bulletin for October 2024,Kaunti ya Wajir: Taarifa ya Onyo la Mapema kuhusu Ukame kwa Oktoba 2024,Disaster/Health,
"The Kenya Cash Consortium's Locally Led Multi-Purpose Cash Response to Flood-Affected Refugees in Dadaab: Endline, March, 2024","Mwitikio wa Pesa wa Malengo Mbalimbali wa Kenya Cash Consortium kwa Wakimbizi Walioathiriwa na Mafuriko huko Dadaab: Endline, Machi, 2024",Disaster/Health,
Women enhance their tech skills in Kakuma refugee camp,Wanawake huongeza ujuzi wao wa teknolojia katika kambi ya wakimbizi ya Kakuma,Disaster/Health,
"East Africa Regional Maize Supply and Market Outlook, November 2022","Ugavi wa Mahindi wa Kanda ya Afrika Mashariki na Mtazamo wa Soko, Novemba 2022",Disaster/Health,
VIDEO: Sensitization of Kisumu and Siaya Education Stakeholders,VIDEO: Uhamasishaji wa Wadau wa Elimu Kisumu na Siaya,General,
"InTurkanaandBaringo counties, KRCS supported 20 schools with fortified porridge as part of a school‑based safety net that reached about6,120 childrenfor one term together with their parents, coordinated through the County Steering Group to avoid duplication.","Katika kaunti za Turkana na Baringo, KRCS ilisaidia shule 20 kwa uji ulioimarishwa kama sehemu ya mtandao wa usalama shuleni ambao ulifikia watoto wapatao 6,120 kwa muhula mmoja pamoja na wazazi wao, ulioratibiwa kupitia Kikundi cha Uendeshaji cha Kaunti ili kuepuka kurudiwa.",Security,
ServicesForm One SelectionScholarshipsNEMISTVET MISCertificate VerificationTVET TRACERDUAL TVETRecruitment Application,Huduma za Uteuzi wa Kidato cha KwanzaScholarshipsNEMISTVET Uthibitishaji wa Cheti POTOFUTVET TRACERDUAL TVETRecruitment Application,General,
Lamu County: Drought Early Warning Bulletin for August 2024,Kaunti ya Lamu: Taarifa ya Onyo la Mapema kuhusu Ukame kwa Agosti 2024,Disaster/Health,
Zimbabwe strengthens health workforce to advance universal health coverage,Zimbabwe inaimarisha nguvu kazi ya afya ili kuendeleza huduma ya afya kwa wote,General,
The Probable Climate Scenarios of 2023 and 2024 in Kenya. (A period of failed rainfall seasons and elevated off-seasonal rainfall),Matukio Yanayowezekana ya Hali ya Hewa ya 2023 na 2024 nchini Kenya. (Kipindi cha misimu ya mvua iliyoshindikana na kuongezeka kwa mvua zisizo za msimu),Disaster/Health,
Marsabit County: Drought Early Warning Bulletin for August 2023,Kaunti ya Marsabit: Taarifa ya Onyo la Mapema kuhusu Ukame kwa Agosti 2023,Disaster/Health,
Urgent Investment Needed in Climate Adaptation in Northern Kenya,Uwekezaji wa Haraka Unaohitajika katika Kukabiliana na Hali ya Hewa Kaskazini mwa Kenya,Disaster/Health,
MOZAMBIQUE STRENGTHENS NATIONAL DIALOGUE TO INVEST IN THE HEALTHCARE WORKFORCE,MSUMBIJI YAIMARISHA MAZUNGUMZO YA KITAIFA ILI KUWEKEZA KATIKA NGUVU KAZI YA HUDUMA YA AFYA.,General,
"Another, Omar, heard the announcement for vaccination at prayer at the Swalihini Mosque, Mombasa and made up his mind to go for it.","Mwingine, Omar, alisikia tangazo la chanjo katika swala katika Msikiti wa Swalihini, Mombasa na akaamua kwenda kulipokea.",Health,
Isiolo County: Drought Early Warning Bulletin for June 2024,Kaunti ya Isiolo: Taarifa ya Onyo la Mapema kuhusu Ukame Juni 2024,Disaster/Health,
"Research Terms of Reference: Exploring Climate Resilient Livelihoods Among Refugees and Host Communities in Kenya and Uganda, REG2502 (January 2025, V1.0)","Masharti ya Marejeleo ya Utafiti: Kuchunguza Maisha Yanayostahimili Hali ya Hewa Miongoni mwa Wakimbizi na Jumuiya Wenyeji Nchini Kenya na Uganda, REG2502 (Januari 2025, V1.0)",Disaster/Health,
Kajiado County: Drought Early Warning Bulletin for July 2022,Kaunti ya Kajiado: Taarifa ya Onyo la Mapema kuhusu Ukame Julai 2022,Disaster/Health,
Garissa County: Drought Early Warning Bulletin for April 2023,Kaunti ya Garissa: Taarifa ya Onyo la Mapema kuhusu Ukame kwa Aprili 2023,Disaster/Health,
"Acting immediately, Lucy administered lifesaving medicine to control the bleeding.","Kuchukua hatua mara moja, Lucy alitoa dawa ya kuokoa maisha ili kudhibiti damu.",Disaster/Health,
Joint statement urging immediate halt to Ogiek evictions in Kenya's Mau Forest: protecting indigenous rights and biodiversity,Taarifa ya pamoja inayohimiza kusitishwa mara moja kwa kufukuzwa kwa Ogiek katika Msitu wa Mau nchini Kenya: kulinda haki za asili na viumbe hai.,Disaster/Health,
"Kenya Food Security Outlook, October 2023 - May 2024","Mtazamo wa Usalama wa Chakula nchini Kenya, Oktoba 2023 - Mei 2024",Disaster/Health,
Kilifi County: Drought Early Warning Bulletin for October 2024,Kaunti ya Kilifi: Taarifa ya Onyo la Mapema kuhusu Ukame kwa Oktoba 2024,Disaster/Health,
Turkana County: Drought Early Warning Bulletin for July 2022,Kaunti ya Turkana: Taarifa ya Onyo la Mapema kuhusu Ukame Julai 2022,Disaster/Health,
"SPEECH BY THE PRINCIPAL SECRETARY, STATE DEPARTMENT FOR BASIC EDUCATION, DR BELIO KIPSANG, CBS, DURING THE CLOSING CEREMONY OF THE 4TH AFRICAN CURRICULUM ASSOCIATION CONFERENCE ON 26TH JULY, 2023 AT THE KENYA INSTITUTE OF CURRICULUM DEVELOPMENT, NAIROBI","HOTUBA YA KATIBU MKUU IDARA YA ELIMU YA MSINGI DKT BELIO KIPSANG CBS WAKATI WA KUFUNGA KONGAMANO LA 4 LA CHAMA CHA MITAALA AFRIKA TAREHE 26 JULAI, 2023 KATIKA KIWANGO CHA DEWALA CHA KENYA, KENYA.",General,
Strong Women Strong World (SWSW): Beyond Access Learning Initiative,Wanawake Wenye Nguvu Ulimwenguni (SWSW): Beyond Access Learning Initiative,Education,
Makueni County: Drought Early Warning Bulletin for December 2023,Kaunti ya Makueni: Taarifa ya Onyo la Mapema kuhusu Ukame la Desemba 2023,Disaster/Health,
Coordination of admission of students to public universities in liaison with Kenya Universities and Colleges Central Placement Service.,Uratibu wa udahili wa wanafunzi katika vyuo vikuu vya umma kwa ushirikiano na Vyuo Vikuu vya Kenya na Vyuo Vikuu vya Huduma ya Upangaji.,General,
"His career began in 1993 as an assistant teacher, rising through the ranks to Principal of Ennosaen Secondary School, District Education Officer (Suba, Mbita, and Bomet), County Director of Education (Bomet and Kajiado), and Regional Director of Education overseeing the Eastern, Nairobi, Rift Valley, and Central regions. He also served with the Transition Authority as County Transition Coordinator for Narok County during Kenya's shift to devolved government.","Kazi yake ilianza mwaka wa 1993 kama mwalimu msaidizi, akipanda ngazi hadi kuwa Mkuu wa Shule ya Sekondari ya Ennosaen, Afisa Elimu wa Wilaya (Suba, Mbita, na Bomet), Mkurugenzi wa Elimu wa Kaunti (Bomet na Kajiado), na Mkurugenzi wa Elimu wa Kanda anayesimamia mikoa ya Mashariki, Nairobi, Bonde la Ufa na Kati. Pia alihudumu na Mamlaka ya Mpito kama Mratibu wa Mpito wa Kaunti katika Kaunti ya Narok wakati wa mabadiliko ya Kenya hadi serikali ya ugatuzi.",General,
CONSULTANCY SERVICES FOR A STUDY TO ESTABLISH THE PREVALENCE AND FACTORS PROPAGATING GENDER- BASED AND STUDENTS' VIOLENCE IN SCHOOLS UNDER THE SECONDARY EDUCATION QUALITY IMPROVEMENT PROJECT,HUDUMA ZA USHAURI KWA MASOMO ILI KUANZISHA UTENDAJI NA MAMBO YANAYENEZA UKATILI WA KIJINSIA- MSINGI NA WANAFUNZI SHULENI CHINI YA MRADI WA KUBORESHA UBORA WA ELIMU YA SEKONDARI.,General,
"Kenya Population Movement, DREF Operation No: MDRKE064 Final Report","Kenya Population Movement, DREF Operesheni No: MDRKE064 Ripoti ya Mwisho",Disaster/Health,
"Kenya, Africa | Floods 2023 Revised Emergency Appeal - Revised Operational Strategy (MDRKE058)","Kenya, Afrika | Rufaa ya Dharura ya 2023 Iliyorekebishwa - Mkakati wa Utendaji Uliorekebishwa (MDRKE058)",Disaster/Health,
El Niño in Kenya: How can humanitarian aid cope with climate change?,El Niño nchini Kenya: Misaada ya kibinadamu inawezaje kukabiliana na mabadiliko ya hali ya hewa?,Disaster/Health,
"""I pray we get rain by the mercy of God."" - Crisis in Kenya: Children on the brink of catastrophe","""Naomba tupate mvua kwa rehema za Mungu."" - Mgogoro nchini Kenya: Watoto katika ukingo wa janga",Disaster/Health,
What Is Therapeutic Milk? Treating Severe Child Malnutrition,Maziwa ya Tiba ni nini? Kutibu Utapiamlo Mkali wa Mtoto,Disaster/Health,
"UNICEF Kenya Humanitarian Situation Report No. 2, 19 March 2023 (Reporting Period 1 to 28 February 2023)","Ripoti ya Hali ya Kibinadamu ya UNICEF Kenya No. 2, 19 Machi 2023 (Kipindi cha Kuripoti 1 hadi 28 Februari 2023)",Disaster/Health,
"EU allocates €500,000 in emergency funding to Kenya, following devastating floods","EU inatenga €500,000 katika ufadhili wa dharura kwa Kenya, kufuatia mafuriko makubwa",Disaster/Health,
"SPEECH BY EDUCATION CABINET SECRETARY HON. DR. EZEKIEL MACHOGU, EGH, DURING THE FLAG-OFF OF THE 2024 ELIMU SHOLARSHIPS ON 19TH JANUARY, 2024 AT THE BOMAS OF KENYA","HOTUBA YA KATIBU WA BARAZA LA MAWAZIRI ELIMU MHE. DR. EZEKIEL MACHOGU, EGH, WAKATI WA KUZIMU KWA BENDERA YA 2024 ELIMU SHOLARSHIPS TAREHE 19 JANUARI, 2024 KWENYE BOMAS YA KENYA.",General,
"the availability of quality-assured HIV genotyping laboratory services producing comparable and reliable results at the national, regional and global level.","upatikanaji wa huduma za maabara za uchapaji genotype za VVU zilizohakikishwa na zinazozalisha matokeo yanayolingana na ya kuaminika katika ngazi ya kitaifa, kikanda na kimataifa.",General,
"He said while he had nothing against vaccination, he had not found time to visit the nearest health facility.","Alisema ingawa hakuwa na chochote dhidi ya chanjo, hajapata muda wa kutembelea kituo cha afya kilicho karibu naye.",Health,
Isiolo County: Drought Early Warning Bulletin for October 2023,Kaunti ya Isiolo: Taarifa ya Onyo la Mapema kuhusu Ukame kwa Oktoba 2023,Disaster/Health,
Amnesty International Kenya condemns the continued use of unlawful force against protestors,Amnesty International Kenya inalaani kuendelea kutumia nguvu kinyume cha sheria dhidi ya waandamanaji,Disaster/Health,
Kenya country brief: Innovative Pedagogies Project,Muhtasari wa nchi ya Kenya: Mradi wa Ubunifu wa Ufundishaji,Disaster/Health,
"Kenya Price Bulletin, February 2024","Taarifa ya Bei ya Kenya, Februari 2024",Disaster/Health,
Kenya Situation Update: Kenya battles threats from communal militias and al-Shabaab | November 2024,Taarifa ya Hali ya Kenya: Kenya inapambana na vitisho kutoka kwa wanamgambo wa jumuiya na al-Shabaab | Novemba 2024,Disaster/Health,
Commemoration of these important days is key in that it reinforces the need to pay attention to immunization and prevention of disease.,Kuadhimisha siku hizi muhimu ni muhimu kwa kuwa inaimarisha haja ya kuzingatia chanjo na kuzuia magonjwa.,Health,
"""I would like to congratulate the Government of Kenya for this step toward increasing access to the first malaria vaccine, as part of a package of WHO-recommended measures to strengthen malaria control.","""Ningependa kupongeza Serikali ya Kenya kwa hatua hii ya kuongeza upatikanaji wa chanjo ya kwanza ya malaria, ikiwa ni sehemu ya hatua zilizopendekezwa na WHO za kuimarisha udhibiti wa malaria.",Health,
"As drought tightens its grip on northern Kenya, a new IPC report confirms the crisis is getting significantly worse","Wakati ukame unavyozidi kushika kasi kaskazini mwa Kenya, ripoti mpya ya IPC inathibitisha kuwa mzozo unazidi kuwa mbaya zaidi.",Disaster/Health,
Kenya: Floods Threaten Marginalized People [EN/SW],Kenya: Mafuriko Yatishia Watu Waliotengwa [EN/SW],Disaster/Health,
"Education CS Julius Ogamba flanked by (left to right) Dr. Esther Mworia, PS Technical and Vocational Education Training (TVET), Dr. Beatrice Inyangala, PS Higher Education and Prof. (Amb.) Julius Bitok, PS Basic Education.","Waziri wa Elimu Julius Ogamba akiambatana na (kushoto kwenda kulia) Dkt. Esther Mworia, PS Mafunzo ya Ufundi na Ufundi (TVET), Dkt. Beatrice Inyangala, PS Elimu ya Juu na Prof. (Amb.) Julius Bitok, PS Basic Education.",General,
Kenya: Humanitarian Snapshot (As of May 2026),Kenya: Picha ya Kibinadamu (Kuanzia Mei 2026),Disaster/Health,
"Kenya - Floods (UN OCHA, Kenya Met) (ECHO Daily Flash of 09 November 2023)","Kenya - Mafuriko (UN OCHA, Kenya Met) (ECHO Daily Flash ya 09 Novemba 2023)",Disaster/Health,
"CoronaVirus prevention advice! Wash hands frequently with soap and water. Avoid close contact with anyone with a fever or cough. Seek medical care early if you have cough, fever or difficulty breathing. #COVID19 #CoronaVirusKenya","Ushauri wa kujikinga na Virusi vya Corona! Nawa mikono mara kwa mara kwa sabuni na maji. Epuka kuwasiliana kwa karibu na mtu yeyote aliye na homa au kikohozi. Tafuta matibabu mapema ikiwa una kikohozi, homa au kupumua kwa shida. #COVID19 #CoronaVirusKenya",Public Health,
"IRC Re:BUILD - Policy Brief: The Impact of Cash Grants and Cash + Mentorship on Kenyan and Refugee Business Owners in Nairobi, Kenya - June 2025","IRC Re:BUILD - Policy Brief: Athari za Ruzuku za Fedha Taslimu na Fedha + Ushauri kwa Wamiliki wa Biashara wa Kenya na Wakimbizi huko Nairobi, Kenya - Juni 2025",Disaster/Health,
Kenya Turkana County - General Reference Map (09/11/2023),Kenya Kaunti ya Turkana - Ramani ya Marejeleo ya Jumla (09/11/2023),Disaster/Health,
"""I was tested for coronvirus and the results are negative. Let's stay home and keep distance to protect ourselves and our families,"" CS Mutahi Kagwe #KomeshaCorona update","""Nilipimwa virusi vya corona na matokeo yake ni hasi. Tukae nyumbani na tuweke umbali ili kujilinda sisi wenyewe na familia zetu,"" CS Mutahi Kagwe #KomeshaCorona sasisho",Public Health,
Floods in Kenya raise the risk of waterborne diseases,Mafuriko nchini Kenya huongeza hatari ya magonjwa yatokanayo na maji,Disaster/Health,
Kenya: Disease Outbreak Situation Report as of 28th Oct 2022 - EPI Week 42 2022,Kenya: Ripoti ya Hali ya Mlipuko wa Magonjwa kufikia tarehe 28 Okt 2022 - Wiki ya EPI 42 2022,Disaster/Health,
Kenya's leadership in disaster risk reduction comes at a time when the country faces increasing climate-related challenges.,Uongozi wa Kenya katika kupunguza hatari ya majanga unakuja wakati nchi hiyo inakabiliwa na changamoto zinazoongezeka zinazohusiana na hali ya hewa.,Disaster/Health,
Supporting a human rights economy in Kenya,Kusaidia uchumi wa haki za binadamu nchini Kenya,Disaster/Health,
Meru (Meru-North) County: Drought Early Warning Bulletin for December 2023,Kaunti ya Meru (Meru-Kaskazini): Taarifa ya Onyo la Mapema kuhusu Ukame Desemba 2023,Disaster/Health,
"Kenya - Key Message Update: Long rains ease conditions but Crisis (IPC Phase 3) to persist in pastoral areas, May - September 2026","Kenya - Taarifa ya Ujumbe Muhimu: Mvua ndefu zapunguza hali lakini Mgogoro (IPC Awamu ya 3) kuendelea katika maeneo ya wafugaji, Mei - Septemba 2026",Disaster/Health,
Lamu County: Drought Early Warning Bulletin for March 2023,Kaunti ya Lamu: Taarifa ya Onyo la Mapema kuhusu Ukame kwa Machi 2023,Disaster/Health,
"Uganda, Kenya - Floods (DG ECHO, Uganda Red Cross Society, Floodlist, media, UNMA, Kenya Met Department) (ECHO Daily Flash of 02 May 2023)","Uganda, Kenya - Mafuriko (DG ECHO, Chama cha Msalaba Mwekundu Uganda, Orodha ya Mafuriko, vyombo vya habari, UNMA, Kenya Met Department) (ECHO Daily Flash ya 02 Mei 2023)",Disaster/Health,
"Kenya - Key Message Update: Above average terms of trade cushioning households into the lean season, August 2024","Kenya - Sasisho la Ujumbe Muhimu: Juu ya masharti ya wastani ya biashara ya kusaidia kaya katika msimu wa uhaba, Agosti 2024",Disaster/Health,
Kwale County: Drought Early Warning Bulletin for August 2023,Kaunti ya Kwale: Taarifa ya Onyo la Mapema kuhusu Ukame kwa Agosti 2023,Disaster/Health,
Tharaka Nithi County: Drought Early Warning Bulletin for August 2024,Kaunti ya Tharaka Nithi: Taarifa ya Onyo la Mapema kuhusu Ukame kwa Agosti 2024,Disaster/Health,
"Enablers for success include strong political leadership, targeted investments in high- burden counties,integration of digital health solutions, gender- responsive programming, and sustained community engagement.","Viwezeshaji vya mafanikio ni pamoja na uongozi dhabiti wa kisiasa, uwekezaji unaolengwa katika kaunti zenye mzigo mkubwa, muunganisho wa suluhu za afya za kidijitali, programu zinazozingatia jinsia, na ushirikiano endelevu wa jamii.",Health,
"I would like to emphasize the importance of Immunization & its linkage to Universal Health Coverage. I am appealing to mothers to ensure children are immunized, even as we grapple with the COVID-19 Pandemic; CS Mutahi Kagwe. #KomeshaCorona update.","Ningependa kusisitiza umuhimu wa Chanjo na uhusiano wake na Huduma ya Afya kwa Wote. Ninatoa wito kwa akina mama kuhakikisha watoto wanapata chanjo, hata tunapopambana na Gonjwa la COVID-19; CS Mutahi Kagwe. #KomeshaCorona sasisho.",Public Health,
Context Assessment: Increasing Security Challenges in Kenya,Tathmini ya Muktadha: Kuongeza Changamoto za Usalama nchini Kenya,Disaster/Health,
Kwale County: Drought Early Warning Bulletin for December 2023,Kaunti ya Kwale: Taarifa ya Onyo la Mapema kuhusu Ukame kwa Desemba 2023,Disaster/Health,
Mandera County: Drought Early Warning Bulletin for March 2022,Kaunti ya Mandera: Taarifa ya Onyo la Mapema kuhusu Ukame kwa Machi 2022,Disaster/Health,
"Long-term exposure can lead to persistent heat stress and exhaustion, worsen cardiovascular and respiratory conditions, increase mental health challenges and contribute to the development of chronic kidney disease.","Mfiduo wa muda mrefu unaweza kusababisha mfadhaiko wa joto na uchovu unaoendelea, hali mbaya ya moyo na mishipa na kupumua, kuongeza changamoto za afya ya akili na kuchangia ukuaji wa ugonjwa sugu wa figo.",Health,
Weekly Bulletin on Outbreaks and other Emergencies: Week 23: 3 - 9 June 2024 (Data as reported by: 17:00; 9 June 2024),Taarifa ya Kila Wiki kuhusu Milipuko na Dharura Nyingine: Wiki 23: 3 - 9 Juni 2024 (Data kama ilivyoripotiwa na: 17:00; 9 Juni 2024),Disaster/Health,
Humanitarian Action for Children 2024 - Kenya,Hatua za Kibinadamu kwa Watoto 2024 - Kenya,Disaster/Health,
Kenya Annual Country Report 2024 - Country Strategic Plan 2023 - 2027,Ripoti ya Mwaka ya Nchi ya Kenya 2024 - Mpango Mkakati wa Nchi 2023 - 2027,Disaster/Health,
Mandera County: Drought Early Warning Bulletin for September 2024,Kaunti ya Mandera: Taarifa ya Onyo la Mapema kuhusu Ukame kwa Septemba 2024,Disaster/Health,
"Combination prevention programmes are rights-based, evidence-informed, and community-owned programmes that use a mix of biomedical, behavioural, and structural interventions, prioritized to meet the HIV prevention needs of individuals and communities, to have the greatest sustained impact on reducing new infections.","Mipango ya kuzuia mchanganyiko ni ya haki, yenye taarifa za ushahidi, na programu zinazomilikiwa na jamii zinazotumia mchanganyiko wa afua za kimatibabu, kitabia, na za kimuundo, zinazopewa kipaumbele ili kukidhi mahitaji ya kuzuia VVU kwa watu binafsi na jamii, ili kuwa na athari kubwa zaidi endelevu katika kupunguza maambukizi mapya.",General,
"The five key populations defined by WHO and UN partners deserve particular and specific attention. In the African Region, these populations face structural barriers to services that compound their risk exposure – barriers such as laws that criminalize their behaviour, stigma, discrimination and violence.","Idadi tano kuu zinazofafanuliwa na WHO na washirika wa UN zinastahili kuzingatiwa mahususi. Katika Kanda ya Kiafrika, watu hawa wanakabiliwa na vikwazo vya kimuundo vya huduma ambavyo vinaongeza uwezekano wao wa kukabiliwa na hatari - vikwazo kama vile sheria zinazoharamisha tabia zao, unyanyapaa, ubaguzi na unyanyasaji.",General,
Expanded Special Project for Elimination of Neglected Tropical Disease,Mradi Maalum Uliopanuliwa wa Kutokomeza Ugonjwa wa Kitropiki Uliopuuzwa,General,
"While the policy framework is in place, implementation gaps, especially around mobility and work permits, continue to limit labor market access.","Wakati mfumo wa sera upo, mapengo ya utekelezaji, hasa kuhusu uhamaji na vibali vya kufanya kazi, yanaendelea kupunguza upatikanaji wa soko la ajira.",Governance,
"In total, KRCS reports42,058 children under five provided with nutrition servicesto date under this drought response.","Kwa jumla, KRCS inaripoti watoto 42,058 walio chini ya miaka mitano waliopewa huduma za lishe hadi sasa chini ya mwitikio huu wa ukame.",Health,
"Observe social distance, wash your hands, wear face masks and stay home if possible, to stop the virus from spreading. We are boosting capacity to monitor porous borders; Dr. Rashid Aman. #KomeshaCorona update","Angalia umbali wa kijamii, osha mikono yako, vaa vinyago na ukae nyumbani ikiwezekana, ili kuzuia virusi kuenea. Tunaongeza uwezo wa kufuatilia mipaka ya vinyweleo; Dk Rashid Aman. #KomeshaCorona sasisho",Public Health,
Kenya: Baringo Social Unrest - DREF Operation (MDRKE059),Kenya: Machafuko ya Kijamii ya Baringo - Operesheni ya DREF (MDRKE059),Disaster/Health,
"Let us heed the wise counsel by His Excellency the President to; wash our hands regularly, wear a face mask, maintain social distance #KomeshaCorona","Tuzingatie ushauri wa busara wa Mheshimiwa Rais; kunawa mikono mara kwa mara, kuvaa barakoa, kudumisha umbali wa kijamii #KomeshaCorona",Public Health,
Wajir County: Drought Early Warning Bulletin for September 2024,Kaunti ya Wajir: Taarifa ya Onyo la Mapema kuhusu Ukame kwa Septemba 2024,Disaster/Health,
"Kenya - Floods, update (DG ECHO, UN OCHA) (ECHO Daily Flash of 30 April 2024)","Kenya - Mafuriko, sasisho (DG ECHO, UN OCHA) (ECHO Daily Flash ya 30 Aprili 2024)",Disaster/Health,
"Kenya - Food insecurity and malnutrition (DG ECHO, IPC) (ECHO Daily Flash of 28 March 2025)","Kenya - Uhaba wa chakula na utapiamlo (DG ECHO, IPC) (ECHO Daily Flash ya 28 Machi 2025)",Disaster/Health,
Access to care for severe chronic diseases in Africa growing: new report,Upatikanaji wa matunzo ya magonjwa sugu kali barani Afrika kukua: ripoti mpya,General,
Meru (Meru-North) County: Drought Early Warning Bulletin for June 2022,Kaunti ya Meru (Meru-Kaskazini): Taarifa ya Onyo la Mapema kuhusu Ukame Juni 2022,Disaster/Health,
Kwale County: Drought Early Warning Bulletin for July 2023,Kaunti ya Kwale: Taarifa ya Onyo la Mapema kuhusu Ukame Julai 2023,Disaster/Health,
Kenya bolsters polio and measles surveillance with cutting-edge KEMRI laboratory,Kenya yaimarisha uchunguzi wa polio na surua kwa kutumia maabara ya kisasa ya KEMRI,Disaster/Health,
Kenya Analytical Program on Forced Displacement (KAP-FD),Mpango wa Uchambuzi wa Kenya juu ya Uhamisho wa Kulazimishwa (KAP-FD),Disaster/Health,
"The Chief Administrative Secretary, Dr. Mercy Mwangangi paid a courtesy call to the Amb. Flora Karugu Kenya High Commissioner in Zambia & deliberated on outcomes of the 69th ECSA-HC & issues of regional collaboration on improving Adolescent & Young People's Health @KenyainZambia","Katibu Mkuu wa Utawala, Dkt. Mercy Mwangangi alitembelea Amb. Flora Karugu Kamishna Mkuu wa Kenya nchini Zambia na kujadiliana kuhusu matokeo ya Mkutano wa 69 wa ECSA-HC na masuala ya ushirikiano wa kikanda kuhusu kuboresha Afya ya Vijana na Vijana @KenyainZambia",Public Health,
"Kenya, Africa | Floods 2023 Operational Strategy (MDRKE058)","Kenya, Afrika | Mkakati wa Uendeshaji wa Mafuriko 2023 (MDRKE058)",Disaster/Health,
"Factsheet: The Kenya Cash Consortium locally-led and adaptive alert-based cash assistance to disaster-affected communities in Tana River County: Endline, November, 2024","Karatasi ya ukweli: Usaidizi wa pesa taslimu unaoongozwa na Kenya Cash Consortium unaoongozwa na wenyeji na unaobadilika kulingana na arifa kwa jamii zilizoathiriwa na maafa katika Kaunti ya Tana River: Endline, Novemba, 2024",Disaster/Health,
Tana River County: Drought Early Warning Bulletin for August 2024,Kaunti ya Tana River: Taarifa ya Onyo la Mapema kuhusu Ukame kwa Agosti 2024,Disaster/Health,
How does washing hands help prevent the spread of COVID-19? A - Soap rinses the virus off B - Soap destroys the virus C - Soap mutates the virus D - All of the above #KomeshaCorona,"Je, kunawa mikono kunasaidia vipi kuzuia kuenea kwa COVID-19? A - Sabuni husafisha virusi B - Sabuni huharibu virusi C - Sabuni hubadilisha virusi D - Yote haya hapo juu #KomeshaCorona",Public Health,
Kenya: Acute Malnutrition Situation April - July 2024 and Projection for August - October 2024 (ASAL) Published on 5 September 2024,Kenya: Hali ya Utapiamlo Mkali Aprili - Julai 2024 na Makadirio ya Agosti - Oktoba 2024 (ASAL) Limechapishwa tarehe 5 Septemba 2024,Disaster/Health,
"It is cross-cutting in nature, designed to be multi-hazard and multi-sector, and encompasses gender equality and social inclusion.","UNDRR pia iliunga mkono Hazina ya Kitaifa katika kuandaa mfumo wa kupunguza hatari ya maafa na mfumo wa kuweka alama za bajeti ya kukabiliana na mabadiliko ya tabianchi (DCBT), ambao ulisaidia Kenya kuimarisha uwezo wake wa kufuatilia na kutenga rasilimali kwa ajili ya kustahimili.",Disaster/Health,
"""Climate Change Is Controlling Everything, Let Them Compensate Us"": Stories Of Loss And Damage In Kenya","""Mabadiliko ya Hali ya Hewa Yanadhibiti Kila Kitu, Waache Watulipe Fidia"": Hadithi za Hasara na Uharibifu nchini Kenya",Disaster/Health,
"Kenya: Re:BUiLD Cost effectiveness brief | Wave 1 Research, 2023","Kenya: Re:JENGA Muhtasari wa ufanisi wa gharama | Utafiti wa Wave 1, 2023",Disaster/Health,
Only bill(s)/claim (s) submitted in the prescribed formats will be accepted.,Mswada/dai (ma) pekee iliyowasilishwa katika muundo uliowekwa ndio utakaokubaliwa.,Disaster/Health,
Africa faces steepest COVID-19 surge yet24 June 2021,"Afrika inakabiliwa na ongezeko kubwa la COVID-19 hadi kufikia Juni 24, 2021",General,
Laikipia County: Drought Early Warning Bulletin for February 2024,Kaunti ya Laikipia: Taarifa ya Onyo la Mapema kuhusu Ukame kwa Februari 2024,Disaster/Health,
Kwale County: Drought Early Warning Bulletin for July 2024,Kaunti ya Kwale: Taarifa ya Onyo la Mapema kuhusu Ukame Julai 2024,Disaster/Health,
"Horn of Africa - Floods (DG ECHO, UN OCHA, NOAA) (ECHO Daily Flash of 21 November 2023)","Pembe ya Afrika - Mafuriko (DG ECHO, UN OCHA, NOAA) (ECHO Daily Flash ya 21 Novemba 2023)",Disaster/Health,
Samburu County: Drought Early Warning Bulletin for May 2024,Kaunti ya Samburu: Taarifa ya Onyo la Mapema kuhusu Ukame kwa Mei 2024,Disaster/Health,
Mandera County: Drought Early Warning Bulletin for July 2022,Kaunti ya Mandera: Taarifa ya Onyo la Mapema kuhusu Ukame Julai 2022,Disaster/Health,
Kenya: Registered refugees and asylum-seekers (as of 31 December 2022),Kenya: Wakimbizi waliosajiliwa na wanaotafuta hifadhi (tangu 31 Desemba 2022),Disaster/Health,
"a) About six million learners in primary education (school grants, girl's education interventions, school infrastructure development and school meals), including about 221,529 children in refugee hosting counties.","a) Takriban wanafunzi milioni sita katika elimu ya msingi (ruzuku za shule, afua za elimu ya wasichana, ukuzaji wa miundombinu ya shule na chakula shuleni), ikijumuisha takriban watoto 221,529 katika kaunti zinazohifadhi wakimbizi.",General,
ACAPS Thematic Report - Kenya: Impact of drought on the arid and semi-arid regions (29 March 2022),Ripoti ya Mada ya ACPS - Kenya: Athari za ukame kwenye maeneo kame na nusu kame (29 Machi 2022),Disaster/Health,
"""It is not enough to send them messages, it must be accompanied with a lot of hard work like driving many kilometres on a bad roads to get people vaccinated."" Engaging local communities to support the COVID-19 response and accept the vaccine has been a core part of how the government, with WHO inputs, has worked to protect the country.","""Haitoshi kuwatumia ujumbe, lazima iambatane na kazi ngumu kama vile kuendesha kilomita nyingi kwenye barabara mbovu ili kupata watu chanjo."" Kushirikisha jumuiya za wenyeji kuunga mkono mwitikio wa COVID-19 na kukubali chanjo imekuwa sehemu ya msingi ya jinsi serikali, ikiwa na pembejeo za WHO, imefanya kazi kulinda nchi.",Health,
Isiolo County: Drought Early Warning Bulletin for January 2023,Kaunti ya Isiolo: Taarifa ya Onyo la Mapema kuhusu Ukame la Januari 2023,Disaster/Health,
@MOH_Kenya CAS Dr Rashid Aman flags off the National Cervical Cancer Awareness walk in Makueni County. 34% of girls have received HPV vaccine in county & target is 100% by March #StopCervicalCancer @WHOKenya @Cancerinkenya @Women4Cancer @KancoKE @BeyondZeroKenya @MaryNyangasi,@MOH_Kenya CAS Dkt Rashid Aman akipeperusha bendera ya matembezi ya Kitaifa ya Kuelimisha Saratani ya Shingo ya Kizazi katika Kaunti ya Makueni. Asilimia 34 ya wasichana wamepokea chanjo ya HPV katika kaunti na lengo ni 100% kufikia Machi #StopCervicalCancer @WHOKenya @Cancerinkenya @Women4Cancer @KancoKE @BeyondZeroKenya @MaryNyangasi,Public Health,
What We DoDisaster ManagementWater Sanitation & HygieneLivelihoodsRefugee OperationsTracingHealthPublic Health in EmergenciesNational Society DevelopmentYouth DevelopmentSpecial ProgrammesGlobal fund,Tunachofanya Udhibiti wa Maafa Usafi wa Maji na UsafiRizikiOperesheni za WakimbiziKufuatiliaAfya ya Umma katika Dharura Maendeleo ya Jamii ya Maendeleo ya VijanaProgramu Maalumu za Mfuko wa kimataifa,General,
"Since 2019, the KCC has been continuously providing timely, life-saving cash assistance to communities across Kenya.","Tangu 2019, KCC imekuwa ikitoa usaidizi wa pesa kwa wakati unaofaa kwa jamii kote nchini Kenya.",Disaster/Health,
"""When girls succeed, entire communities change"": A rural shelter in Kenya giving girls hope beyond female genital mutilation","""Wasichana wanapofaulu, jamii nzima hubadilika"": Makazi ya mashambani nchini Kenya yanayowapa wasichana matumaini zaidi ya ukeketaji",Disaster/Health,
"Kenya | Joint Market Monitoring Initiative (JMMI) Market Overview, Q1 (January - March, 2024)","Kenya | Muhtasari wa Soko wa Mpango wa Pamoja wa Ufuatiliaji wa Soko (JMMI), Q1 (Januari - Machi, 2024)",Disaster/Health,
WFP and Republic of Korea boost food security and resilience for vulnerable families in Kenya,WFP na Jamhuri ya Korea yaongeza usalama wa chakula na ustahimilivu kwa familia zilizo hatarini nchini Kenya,Disaster/Health,
"Through the project, FAO aims to deliver unconditional cash transfers and enhance access to animal health services for vulnerable households in Garissa, Isiolo, Samburu and Tana River counties.","Kupitia mradi huo, FAO inalenga kuwasilisha uhamisho wa pesa bila masharti na kuimarisha upatikanaji wa huduma za afya ya wanyama kwa kaya zilizo hatarini katika kaunti za Garissa, Isiolo, Samburu na Tana River.",Health,
Kenya broadens sexual and reproductive health services for hard-to-reach communities,Kenya inapanua huduma za afya ya ngono na uzazi kwa jamii ambazo ni ngumu kuzifikia,General,
"To encourage community-wide ownership and create an enabling environment for women's economic empowerment, young men and male relatives of SHG members participate in complementary livelihood skills training alongside the women's groups.","Ili kuhimiza umiliki wa jamii nzima na kuweka mazingira wezeshi kwa uwezeshaji wa wanawake kiuchumi, vijana wa kiume na wa kiume wa wanachama wa SHG hushiriki katika mafunzo ya stadi za kujikimu kimaisha pamoja na vikundi vya wanawake.",Disaster/Health,
"The newly appointed Cabinet Secretary for Education Mr Julius Migosi Agambo meets the Principal Secretary for the State Department of Basic Education, Dr. Belio Kipsang, and his counterpart in the State Department of Technical, Vocational Education and Training, Dr. Esther Mouria in his office at Jogoo House.","Katibu Mkuu mpya wa Baraza la Mawaziri wa Elimu Bw Julius Migosi Agambo anakutana na Katibu Mkuu wa Idara ya Elimu ya Msingi, Dkt. Belio Kipsang, na mwenzake katika Idara ya Kitaifa ya Elimu ya Ufundi, Ufundi na Mafunzo, Dkt. Esther Mouria katika afisi yake katika Jogoo House.",General,
"It is envisaged that at the end of the project the centers will have developed sufficient capacity to become sustainable regional hubs for training and research in their specialized fields, capable of leading efforts to address priority development challenges and improve lives in the region.","Inatarajiwa kuwa mwisho wa mradi vituo vitakuwa vimejenga uwezo wa kutosha wa kuwa vitovu endelevu vya mafunzo na utafiti katika fani zao maalum, zenye uwezo wa kuongoza juhudi za kutatua changamoto za kipaumbele za maendeleo na kuboresha maisha katika kanda.",General,
Narok County: Drought Early Warning Bulletin for January 2023,Kaunti ya Narok: Taarifa ya Onyo la Mapema kuhusu Ukame kwa Januari 2023,Disaster/Health,
Nyeri (Kieni) County: Drought Early Warning Bulletin for May 2024,Kaunti ya Nyeri (Kieni): Taarifa ya Onyo la Mapema kuhusu Ukame la Mei 2024,Disaster/Health,
"Satellite detected water extent in Dadaab Town, Dadaab County, Garissa Province, Kenya as of 21 & 26 November 2023 - Imagery Analysis: 21 to 26/11/2023 | Published 28/11/2023 V1","Satelaiti imetambua kiwango cha maji katika Mji wa Dadaab, Kaunti ya Dadaab, Mkoa wa Garissa, Kenya kuanzia tarehe 21 & 26 Novemba 2023 - Uchambuzi wa Picha: 21 hadi 26/11/2023 | Ilichapishwa 28/11/2023 V1",Disaster/Health,
A mother decides to vaccinate her child because she trusts the system. A citizen goes to a health center because they believe they will be treated. A community follows recommendations during an outbreak because it trusts those who issue them.,Mama anaamua kumchanja mtoto wake kwa sababu anaamini mfumo huo. Mwananchi akienda kwenye kituo cha afya kwa sababu anaamini atatibiwa. Jumuiya hufuata mapendekezo wakati wa mlipuko kwa sababu inawaamini wanaoyatoa.,General,
"It was precisely this insight that emerged from the recent National Workshop on Health Communication, organized by the Ministry of Health. More than just a technical meeting, the initiative placed at the heart of the debate an issue often overlooked: a health system's ability to protect people also depends on its capacity to communicate with them.","Ni ufahamu huu hasa uliojitokeza katika Warsha ya hivi majuzi ya Kitaifa kuhusu Mawasiliano ya Afya, iliyoandaliwa na Wizara ya Afya. Zaidi ya mkutano wa kiufundi tu, mpango uliowekwa msingi wa mjadala suala ambalo mara nyingi hupuuzwa: uwezo wa mfumo wa afya kulinda watu pia unategemea uwezo wake wa kuwasiliana nao.",General,
"What should I do if I have symptoms? If you have a fever, coughing and shortness of breath, call 719. Contacting us first helps us protect you and others. Visit health.go.ke to learn more about the symptoms of COVID-19. #KomeshaCorona","Nifanye nini ikiwa nina dalili? Ikiwa una homa, kikohozi na upungufu wa kupumua, piga 719. Kuwasiliana nasi kwanza hutusaidia kukulinda wewe na wengine. Tembelea health.go.ke ili kujifunza zaidi kuhusu dalili za COVID-19. #KomeshaCorona",Public Health,
"Kenya Food Security Outlook June 2024 - January 2025: Despite flooding, above-average long rains support ongoing drought recovery","Mtazamo wa Usalama wa Chakula nchini Kenya Juni 2024 - Januari 2025: Licha ya mafuriko, mvua ndefu zaidi ya wastani zinaweza kusaidia kukabiliana na ukame",Disaster/Health,
"WHO recommends assessing whether antiretroviral therapy (ART) programmes are delivering services at the quality required, to minimize the emergence of HIV drug resistance. This assessment is achieved with a set of standard quality-of-care indicators known as ""early warning indicators"" of HIV drug resistance.","WHO inapendekeza kutathmini kama programu za tiba ya kurefusha maisha (ART) zinatoa huduma katika ubora unaohitajika, ili kupunguza kuibuka kwa ukinzani wa dawa za VVU. Tathmini hii inafikiwa kwa seti ya viashirio vya kawaida vya ubora wa huduma vinavyojulikana kama ""viashiria vya tahadhari ya mapema"" vya ukinzani wa dawa za VVU.",General,
"If your are at higher risk of severe #COVID19 and you experience symptoms of fever, cough, fatigue and or difficulty breathing: Seek medical care immediately. If you need emergency help, call 719. #KomeshaCorona update.","Iwapo uko katika hatari kubwa ya kupata #COVID19 kali na unapata dalili za homa, kikohozi, uchovu na kupumua kwa shida: Tafuta matibabu mara moja. Ukihitaji usaidizi wa dharura, piga 719. Sasisho la #KomeshaCorona.",Public Health,
"WHO recommends pre-exposure prophylaxis (PrEP) as an additional prevention option for HIV-negative individuals at substantial risk of HIV infection, as part of combination prevention approaches. HIV drug resistance was rarely reported among PrEP users diagnosed with HIV in randomized controlled trials or open-label studies.","WHO inapendekeza pre-exposure prophylaxis (PrEP) kama njia ya ziada ya kuzuia kwa watu wasio na VVU walio katika hatari kubwa ya kuambukizwa VVU, kama sehemu ya mbinu za uzuiaji mchanganyiko. Upinzani wa dawa za VVU haukuripotiwa mara chache miongoni mwa watumiaji wa PrEP waliogunduliwa na VVU katika majaribio yaliyodhibitiwa bila mpangilio au masomo ya lebo wazi.",General,
"We shall not tire in reminding you, to strictly adhere to the containment measures, of washing our hands with soap and running water, maintaining social and physical distance, wearing face masks in public places at all times and avoiding all forms of gatherings. #KomeshaCorona","Hatutachoka kukukumbusha, kuzingatia madhubuti hatua za kuzuia, kuosha mikono yetu kwa sabuni na maji yanayotiririka, kudumisha umbali wa kijamii na kimwili, kuvaa vinyago vya uso katika maeneo ya umma kila wakati na kuepuka aina zote za mikusanyiko. #KomeshaCorona",Public Health,
"To recognize the wonderful work of Nurses around the country, we call upon our stakeholders to invest & support the nursing profession. We also appreciate all partners we have come out to support healthcare workers in various ways. #KomeshaCorona updates.","Ili kutambua kazi nzuri ya Wauguzi kote nchini, tunatoa wito kwa wadau wetu kuwekeza na kuunga mkono taaluma ya uuguzi. Pia tunawashukuru washirika wote ambao tumejitokeza kusaidia wahudumu wa afya kwa njia mbalimbali. #KomeshaCorona sasisho.",Public Health,
A small clinic becomes the frontline: how Sota is learning to fight Ebola while still treating everyday illness,Kliniki ndogo inakuwa mstari wa mbele: jinsi Sota anajifunza kupambana na Ebola huku akiendelea kutibu magonjwa ya kila siku,General,
"From stronger savings practices to the development of group businesses, women in Turkana and West Pokot are gaining the skills, resources and confidence to improve their economic opportunities through the SHE-GROW Africa project, laying the foundation for more resilient households and communities.","Kuanzia mazoea madhubuti ya kuweka akiba hadi maendeleo ya biashara za vikundi, wanawake huko Turkana na Pokot Magharibi wanapata ujuzi, rasilimali na imani ya kuboresha fursa zao za kiuchumi kupitia mradi wa SHE-GROW Afrika, kuweka msingi kwa kaya na jumuiya zinazostahimili zaidi.",Disaster/Health,
Kenya Flash Appeal at a glance (Oct 21 - Dec 22),Rufaa ya Kenya Flash kwa muhtasari (Okt 21 - Des 22),Disaster/Health,
Pre-crisis Market Mapping and Analysis Report for the Counties of West Pokot and Kitui (Sept - Oct 2021),Ripoti ya Ramani ya Masoko na Uchambuzi wa kabla ya mgogoro kwa Kaunti za Pokot Magharibi na Kitui (Sep - Okt 2021),Disaster/Health,
MSF tackles three simultaneous disease outbreaks in Kenya,MSF inakabiliana na milipuko mitatu ya magonjwa kwa wakati mmoja nchini Kenya,Disaster/Health,
All the cases are stable. They are in isolation to prevent infections. #KomeshaCorona update.,Kesi zote ziko thabiti. Wanajitenga ili kuzuia maambukizo. #KomeshaCorona sasisho.,Public Health,
The African region reinforces preparedness for coronavirus disease13 February 2020,Kanda ya Afrika inaimarisha utayari wa ugonjwa wa coronavirus13 Februari 2020,General,
Floods in Kenya underscore urgent need for anticipatory action in disaster situations,Mafuriko nchini Kenya yanasisitiza haja ya haraka ya hatua za kutarajia katika hali za maafa,Disaster/Health,
IOM Monthly Programmatic Highlights Kenya | April 2024,Muhimu wa Kiprogramu wa Kila Mwezi wa IOM Kenya | Aprili 2024,Disaster/Health,
Multi-sectoral cash transfer as a tool for empowerment and assistance to flood-affected communities in Mandera County,Uhamisho wa pesa wa sekta nyingi kama zana ya kuwezesha na usaidizi kwa jamii zilizoathiriwa na mafuriko katika Kaunti ya Mandera,Disaster/Health,
One thousand six hundred and ninety-three (1693) International scholarships have been granted to the Government of Kenya through the Ministry of Education since 2018.,Ufadhili wa masomo elfu moja mia sita na tisini na tatu (1693) wa Kimataifa umetolewa kwa Serikali ya Kenya kupitia Wizara ya Elimu tangu 2018.,General,
IGAD Promotes Country-level Actions in Nutrition Surveillance,IGAD Inakuza Vitendo vya Kiwango cha Nchi katika Ufuatiliaji wa Lishe,Disaster/Health,
"Kenya | Joint Market Monitoring Initiative (JMMI) Market Overview, Q2 (April - June, 2024)","Kenya | Muhtasari wa Soko wa Mpango wa Pamoja wa Ufuatiliaji wa Soko (JMMI), Q2 (Aprili - Juni, 2024)",Disaster/Health,
"In this context, the Kenya Cash Consortium (KCC) plays a critical role in supporting crisis-affected communities to meet their most urgent needs, as they define and prioritise them, in a flexible, dignified manner.","Katika muktadha huu, Muungano wa Fedha wa Kenya (KCC) una jukumu muhimu katika kusaidia jamii zilizoathiriwa na mgogoro ili kukidhi mahitaji yao ya dharura, huku wakiyafafanua na kuyapa kipaumbele, kwa njia inayoweza kunyumbulika na yenye heshima.",Disaster/Health,
"The Kenya Cash Consortium's Locally Led Multi-Purpose Cash Response to Flood-Affected Refugees in Kenya: Endline - Garissa, Mandera, Tana River and Wajir Counties, March, 2024","Mwitikio wa Pesa wa Malengo Mbalimbali wa Kenya Cash Consortium kwa Wakimbizi Walioathiriwa na Mafuriko nchini Kenya: Endline - Kaunti za Garissa, Mandera, Tana River na Wajir, Machi, 2024",Disaster/Health,
National Drought Early Warning Bulletin (February 2023),Taarifa ya Tahadhari ya Mapema ya Kitaifa (Februari 2023),Disaster/Health,
Baringo County: Drought Early Warning Bulletin for June 2022,Kaunti ya Baringo: Taarifa ya Onyo la Mapema kuhusu Ukame ya Juni 2022,Disaster/Health,
Marsabit County: Drought Early Warning Bulletin for July 2023,Kaunti ya Marsabit: Taarifa ya Onyo la Mapema kuhusu Ukame Julai 2023,Disaster/Health,
"Kenya: 2025 MSNI Bulletin, November 2025","Kenya: 2025 MSNI Bulletin, Novemba 2025",Disaster/Health,
500 schools get free counseling rooms – book session with your principal!,Shule 500 zinapata vyumba vya ushauri nasaha bila malipo na kuweka miadi na mkuu wa shule!,Education,
"Since Independence in 1963, the Government of Kenya has recognized the importance of education both as a basic right as well as a tool for achieving Social Economic development","Tangu Uhuru mwaka wa 1963, Serikali ya Kenya imetambua umuhimu wa elimu kama haki ya msingi na pia chombo cha kufikia maendeleo ya Kiuchumi ya Kijamii.",General,
Kenya Situation Update February 2024: Women and Lawyers Demonstrate Nationwide,Usasishaji wa Hali ya Kenya Februari 2024: Wanawake na Wanasheria Waandamana Nchini Kote,Disaster/Health,
ILO PROSPECTS in Kenya - at a glance,MATARAJIO YA ILO nchini Kenya - kwa haraka,Disaster/Health,
Rolling out COVID-19 vaccines in Rwanda8 April 2021,Kusambaza chanjo za COVID-19 nchini Rwanda8 Aprili 2021,General,
Mandera County: Drought Early Warning Bulletin for January 2024,Kaunti ya Mandera: Taarifa ya Onyo la Mapema kuhusu Ukame la Januari 2024,Disaster/Health,
"The effects of climatic and non-climatic factors on malaria mortality at different spatial scales in western Kenya, 2008-2019","Athari za hali ya hewa na zisizo za hali ya hewa juu ya vifo vya malaria katika viwango tofauti vya anga magharibi mwa Kenya, 2008-2019",Disaster/Health,
Kenya — Findings from WISE Assessment — Tana River County,Kenya - Matokeo kutoka Tathmini ya WISE - Kaunti ya Tana River,Disaster/Health,
Turkana County: Drought Early Warning Bulletin for June 2023,Kaunti ya Turkana: Taarifa ya Onyo la Mapema kuhusu Ukame kwa Juni 2023,Disaster/Health,
WHO experts worked with county health teams to coordinate operations at the grassroots so that local authorities took ownership of the efforts to boost COVID-19 vaccination.,Wataalamu wa WHO walifanya kazi na timu za afya za kaunti kuratibu shughuli mashinani ili mamlaka za mitaa zichukue umiliki wa juhudi za kuimarisha chanjo ya COVID-19.,Health,
"Kenya is facing a complex humanitarian crisis driven by recurrent drought, flooding, disease outbreaks, displacement, refugee inflows, climate shocks, and localized conflict, with the most severe impacts in the arid and semi-arid lands (ASALs).Flood-prone and refugee-hosting areas remain under sustained pressure.","Kenya inakabiliwa na janga kubwa la kibinadamu linalochochewa na ukame wa mara kwa mara, mafuriko, milipuko ya magonjwa, kufurushwa, kuingia kwa wakimbizi, majanga ya hali ya hewa, na migogoro ya kienyeji, yenye athari kubwa zaidi katika maeneo kame na nusu kame (ASALs).",Health,
Global and national policy decisions on antiretroviral therapy and HIV service delivery need to be informed by reliable national data on HIV drug resistance (HIVDR) prevalence and trends. HIV treatment and pre-exposure prophylaxis scale-up should be accompanied by measures to monitor the quality of antiretroviral drug delivery and surveillance of HIVDR.,Maamuzi ya kisera ya kimataifa na ya kitaifa kuhusu tiba ya kurefusha maisha na utoaji wa huduma za VVU yanahitaji kufahamishwa na data za kuaminika za kitaifa kuhusu maambukizi na mienendo ya ukinzani wa dawa za VVU (HIVDR). Matibabu ya VVU na kipimo cha pre-exposure prophylaxis lazima iambatane na hatua za kufuatilia ubora wa utoaji wa dawa za kurefusha maisha na ufuatiliaji wa VVUDR.,General,
"Climate change and health risks in Mukuru informal settlement in Nairobi, Kenya – knowledge, attitudes and practices among residents","Mabadiliko ya hali ya hewa na hatari za kiafya katika makazi yasiyo rasmi ya Mukuru huko Nairobi, Kenya - maarifa, mitazamo na mazoea miongoni mwa wakaazi.",Disaster/Health,
"Country Brief Kenya - Climate Change, Mobility, and Conflict Dynamics (April 2026)","Muhtasari wa Nchi Kenya - Mabadiliko ya Tabianchi, Uhamaji, na Mienendo ya Migogoro (Aprili 2026)",Disaster/Health,
"Actors, Services and Infrastructure Mapping: Dadaab refugee complex, Garissa County, Kenya (May 2022)","Waigizaji, Huduma na Ramani ya Miundombinu: tata ya wakimbizi ya Dadaab, Kaunti ya Garissa, Kenya (Mei 2022)",Disaster/Health,
Circulating vaccine-derived poliovirus type 2 (cVDPV2) - Kenya,Virusi vya polio vinavyotokana na chanjo ya aina 2 (cVDPV2) - Kenya,Disaster/Health,
Makueni County: Drought Early Warning Bulletin for May 2024,Kaunti ya Makueni: Taarifa ya Onyo la Mapema kuhusu Ukame la Mei 2024,Disaster/Health,
Kenya: Registered refugees and asylum-seekers (as of 31 July 2022),Kenya: Wakimbizi waliosajiliwa na wanaotafuta hifadhi (kuanzia tarehe 31 Julai 2022),Disaster/Health,
"Research Terms of Reference Information Needs Assessment, Kakuma refugee camps KEN 2102, Kenya (July 2022 V1)","Tathmini ya Mahitaji ya Masharti ya Utafiti, kambi za wakimbizi za Kakuma KEN 2102, Kenya (Julai 2022 V1)",Disaster/Health,
Empowering Refugees for the Digital Economy: Workforce Readiness for the Digital Economy Programme in Kenya,Kuwawezesha Wakimbizi kwa Uchumi wa Kidijitali: Utayari wa Wafanyakazi kwa Mpango wa Uchumi wa Kidijitali nchini Kenya.,Disaster/Health,
Weekly Bulletin on Outbreaks and Other Emergencies: Week 20: 12 -18 May 2025 (Data as reported by: 17:00; 18 May 2025),Taarifa ya Kila Wiki kuhusu Milipuko na Dharura Zingine: Wiki 20: 12 -18 Mei 2025 (Data kama ilivyoripotiwa na: 17:00; 18 Mei 2025),Disaster/Health,
"Global Prioritisation Exercise (GPE) for humanitarian research and innovation national consultation: Kenya, June 2024","Zoezi la Uwekaji Kipaumbele Ulimwenguni (GPE) kwa mashauriano ya kitaifa ya utafiti wa kibinadamu na uvumbuzi: Kenya, Juni 2024",Disaster/Health,
Management and development of the national innovation system;,Usimamizi na maendeleo ya mfumo wa uvumbuzi wa kitaifa;,General,
"Kenya Price Bulletin, August 2023","Taarifa ya Bei ya Kenya, Agosti 2023",Disaster/Health,
Provide internet in schools 2024.,Kutoa intaneti shuleni 2024.,Education,
Kitui County Health Promotion officers are doing a great job to educate the pubic in market places on the importance of social distance and handwashing. #KomeshaCorona,Maafisa wa Ukuzaji Afya wa Kaunti ya Kitui wanafanya kazi nzuri ya kuelimisha pubic katika maeneo ya soko kuhusu umuhimu wa umbali wa kijamii na unawaji mikono. #KomeshaCorona,Public Health,
"William Samoei Ruto , The President of the Republic of Kenya and Commander in Chief of the Defence Forces.","William Samoei Ruto, Rais wa Jamhuri ya Kenya na Mkuu wa Majeshi ya Ulinzi.",Disaster/Health,
Kenya - Garissa County - Dadaab - Dagahaley Refugee Camp - Financial Institutions and Markets Infrastructure - as of May 2022,Kenya - Kaunti ya Garissa - Dadaab - Kambi ya Wakimbizi ya Dagahaley - Taasisi za Kifedha na Miundombinu ya Masoko - kuanzia Mei 2022,Disaster/Health,
Addressing the human rights implications of climate change displacement including legal protection of people displaced across international borders,Kushughulikia athari za haki za binadamu za kuhama kwa mabadiliko ya hali ya hewa ikiwa ni pamoja na ulinzi wa kisheria wa watu waliohamishwa kuvuka mipaka ya kimataifa,Disaster/Health,
"PATH is currently reaching out to vulnerable Adolescent Girls & Young Women, in 51 wards covering the counties of Kisumu, HomaBay & Migori in partnership with @MOH_Kenya @PoliceKE to provide COVID-19 basic information on curfew, social distance, handwash #KomeshaCorona update","PATH kwa sasa inawafikia Wasichana na Vijana wa Kike walio katika mazingira magumu, katika wadi 51 zinazojumuisha kaunti za Kisumu, HomaBay na Migori kwa ushirikiano na @MOH_Kenya @PoliceKE kutoa taarifa za kimsingi kuhusu COVID-19 kuhusu amri ya kutotoka nje, umbali wa kijamii, unawaji mikono #KomeshaCorona sasisho.",Public Health,
Lamu County: Drought Early Warning Bulletin for July 2023,Kaunti ya Lamu: Taarifa ya Onyo la Mapema kuhusu Ukame Julai 2023,Disaster/Health,
Baringo County: Drought Early Warning Bulletin for December 2023,Kaunti ya Baringo: Taarifa ya Onyo la Mapema kuhusu Ukame la Desemba 2023,Disaster/Health,
"urge policy-makers to promote a ""health for all"" agenda for HIV and related health services, such as tuberculosis (TB), hepatitis and noncommunicable diseases.","kuwataka watunga sera kukuza ajenda ya ""afya kwa wote"" kwa VVU na huduma zinazohusiana na afya, kama vile kifua kikuu (TB), homa ya ini na magonjwa yasiyoambukiza.",General,
Nairobi floods 2024 during 'long' rain season,Mafuriko ya Nairobi 2024 wakati wa msimu wa mvua 'mrefu',Disaster/Health,
Embu (Mbeere) County: Drought Early Warning Bulletin for November 2023,Kaunti ya Embu (Mbeere): Taarifa ya Onyo la Mapema kuhusu Ukame ya Novemba 2023,Disaster/Health,
"We are focused on slowing the spread of the virus. Hand washing, social distancing, wearing of masks, coughing etiquette among others are some of the best practices to prevent the spread. Let us work together to #KomeshaCorona in x.com/kemboi_robbin/ …","Tunalenga kupunguza kasi ya kuenea kwa virusi. Kunawa mikono, kutengwa kwa jamii, kuvaa barakoa, adabu za kukohoa miongoni mwa zingine ni baadhi ya njia bora za kuzuia kuenea. Tushirikiane #KomeshaCorona katika x.com/kemboi_robbin/ …",Public Health,
WHO calls for equitable access to future COVID-19 vaccines in Africa9 July 2020,WHO inataka ufikiaji sawa wa chanjo za baadaye za COVID-19 barani Afrika9 Julai 2020,General,
West Pokot: Drought Early Warning Bulletin for September 2022,Pokot Magharibi: Taarifa ya Onyo la Mapema kuhusu Ukame kwa Septemba 2022,Disaster/Health,
"Restaurants must; ensure quality & safety of food, rinse &sanitize food contact surfaces, disinfect surfaces, floors & counters. Install adequate portable running water & accessible washing basins for hand washing purposes, at the entrance & exit points. #KomeshaCorona update","Migahawa lazima; hakikisha ubora na usalama wa chakula, suuza na usafishe sehemu zinazogusa chakula, kuua viini kwenye nyuso, sakafu na kaunta. Sakinisha maji ya bomba ya kutosha na beseni za kunawia zinazoweza kufikiwa kwa madhumuni ya kunawa mikono, kwenye lango la kuingilia na kutoka. #KomeshaCorona sasisho",Public Health,
Climate Resilient Indigenous Crops Underutilised even as Climate Change Threatens to Cripple Food Systems,Mazao ya Asili Yanayostahimili Hali ya Hewa Yanayotumika Vidogo Hata Kama Mabadiliko ya Tabianchi Yanahatarisha Mifumo ya Chakula Migumu.,Disaster/Health,
"Wearing a face mask correctly can help prevent the spread of #COVID19 to others. Take action to slow the spread of #COVID19 by wearing a face mask in public, correctly. #KomeshaCorona update.","Kuvaa barakoa kwa njia ipasavyo kunaweza kusaidia kuzuia kuenea kwa #COVID19 kwa wengine. Chukua hatua kupunguza kasi ya kuenea kwa #COVID19 kwa kuvaa barakoa hadharani, ipasavyo. #KomeshaCorona sasisho.",Public Health,
"In 2022, he was appointed Principal Secretary, State Department for Tourism, in the Ministry of Tourism and Wildlife, where he drove tourism promotion, policy formulation, and industry diversification. He now brings that cross-government experience to Basic Education, steering the implementation of Competency-Based Education (CBE) as the first cohort progresses through Senior School, while prioritizing school safety, inclusive education, teacher management, and stronger collaboration with sector partners and stakeholders.","Mnamo 2022, aliteuliwa kuwa Katibu Mkuu, Idara ya Jimbo la Utalii, katika Wizara ya Utalii na Wanyamapori, ambapo aliendesha ukuzaji wa utalii, uundaji wa sera, na mseto wa tasnia. Sasa analeta uzoefu huo wa serikali mbalimbali katika Elimu ya Msingi, inayosimamia utekelezaji wa Elimu Inayozingatia Umahiri (CBE) huku kundi la kwanza likiendelea kupitia Shule ya Upili, huku akiweka kipaumbele kwa usalama wa shule, elimu-jumuishi, usimamizi wa walimu, na ushirikiano mkubwa na washirika wa sekta na wadau.",General,
"What is the best way to wash hands; Wet your hands with clean running water Use soap & lather up for 20 seconds Make sure you get in between your fingers, on the back of hands & under nails & wrists Rinse & dry well with a clean towel. #KomeshaCorona","Ni ipi njia bora ya kuosha mikono; Lowesha mikono yako kwa maji safi yanayotiririka Tumia sabuni na upakae kwa muda wa sekunde 20 Hakikisha umeingia katikati ya vidole vyako, sehemu ya nyuma ya mikono na chini ya kucha na mikononi Suuza na kausha vizuri kwa taulo safi. #KomeshaCorona",Public Health,
"HIV-positive children should be started on antiretroviral drugs (ARV) immediately. Once treatment begins, children must take their medicine regularly to stay healthy into adolescence and adulthood. Failure to suppress the HIV virus remains a serious problem among children, aggravated by a lack of child-friendly formulations of the newest and most effective ARVs designed for adults.","Watoto walio na VVU wanapaswa kuanza kutumia dawa za kurefusha maisha (ARV) mara moja. Mara baada ya matibabu kuanza, watoto lazima wanywe dawa zao mara kwa mara ili kuwa na afya njema hadi ujana na utu uzima. Kushindwa kukandamiza virusi vya UKIMWI bado ni tatizo kubwa miongoni mwa watoto, likichochewa na ukosefu wa michanganyiko inayomfaa mtoto ya ARVs mpya na zenye ufanisi zaidi zilizoundwa kwa ajili ya watu wazima.",General,
UNICEF Kenya Flash Situation Report No. 6 (Drought): October 2022,Ripoti ya UNICEF Kenya Flash Situation No. 6 (Ukame): Oktoba 2022,Disaster/Health,
"Aiming to contribute to the creation of opportunities for women in Kenya, and women in similar contexts in Morocco and Cote d'Ivoire, Acted, with the support of The Coca-Cola Foundation (TCCF), launched the SHE-GROW Africa Project.","Ikilenga kuchangia katika uundaji wa fursa kwa wanawake nchini Kenya, na wanawake katika mazingira sawa nchini Morocco na Cote d'Ivoire, Acted, kwa usaidizi wa Wakfu wa Coca-Cola (TCCF), ilizindua Mradi wa SHE-GROW Afrika.",Disaster/Health,
Hope Amid Kenya's Malnutrition Crisis: One Child's Journey to Recovery,Matumaini Katikati ya Tatizo la Utapiamlo nchini Kenya: Safari ya Mtoto Mmoja hadi Kupona,Disaster/Health,
"Feasibility, acceptability and lessons learned from an infant feeding intervention trial among women living with HIV in western Kenya","Uwezekano, kukubalika na mafunzo tuliyojifunza kutoka kwa jaribio la kuingilia kati ulishaji wa watoto wachanga miongoni mwa wanawake wanaoishi na VVU magharibi mwa Kenya.",Disaster/Health,
Kenya - Northern Kenya: Drought Severity and Population Exposure in Mandera County (28 Jan 2026),Kenya - Kaskazini mwa Kenya: Ukali wa Ukame na Mfichuo wa Idadi ya Watu katika Kaunti ya Mandera (28 Januari 2026),Disaster/Health,
"C-PEACE works with refugees, host communities, governments and humanitarian agencies, including UNHCR and UN-Habitat, to co-design inclusive circular livelihood models that contribute to resilience and peacebuilding.","C-PEACE inafanya kazi na wakimbizi, jumuiya zinazowapokea, serikali na mashirika ya misaada ya kibinadamu, ikiwa ni pamoja na UNHCR na UN-Habitat, ili kuunda miundo ya maisha ya duara inayojumuisha ustahimilivu na kujenga amani.",Governance,
Kenya Secondary Education Equity and Quality Improvement Program,Mpango wa Usawa wa Elimu ya Sekondari na Uboreshaji wa Ubora wa Kenya,General,
Kenya — Report on Human Mobility in Garissa County (September 2022),Kenya - Ripoti ya Uhamaji wa Binadamu katika Kaunti ya Garissa (Septemba 2022),Disaster/Health,
The 24-Hour Risk City: A Framework for Thinking About Building Infrastructures of Climate Repair in Nairobi and Karachi,Jiji la Hatari la Saa 24: Mfumo wa Kufikiria Juu ya Kujenga Miundombinu ya Urekebishaji wa Hali ya Hewa Nairobi na Karachi.,Disaster/Health,
WHO Kenya Newsletter | Volume 20 - June 2026,Jarida la WHO la Kenya | Juzuu 20 - Juni 2026,Disaster/Health,
Eastern Africa: El Niño Floods Impact Snapshot (May 2024),Afrika Mashariki: Picha ya Athari ya Mafuriko ya El Niño (Mei 2024),Disaster/Health,
Laikipia County: Drought Early Warning Bulletin for April 2024,Kaunti ya Laikipia: Taarifa ya Onyo la Mapema kuhusu Ukame kwa Aprili 2024,Disaster/Health,
Assessing and enhancing sustainable voluntary medical male circumcision services for HIV prevention in East and Southern Africa: a landscape report of voluntary medical male circumcision priority countries,Kutathmini na kuimarisha huduma endelevu za kitabibu za tohara kwa wanaume kwa ajili ya kuzuia VVU katika Afrika Mashariki na Kusini mwa Afrika: ripoti ya mandhari ya nchi za kipaumbele za kitabibu za tohara ya wanaume.,General,
"State Perspectives on Early Warning, Anticipatory Action, Emergency Response, and Social Protection in Pastoral Areas: Desk Study 2 in the Diverse Perspectives on Humanitarian Action in the Pastoral Drylands Series","Mitazamo ya Serikali kuhusu Onyo la Mapema, Hatua ya Kutarajia, Mwitikio wa Dharura, na Ulinzi wa Kijamii katika Maeneo ya Kichungaji: Dawati Somo la 2 katika Mitazamo Mbalimbali ya Hatua za Kibinadamu katika Msururu wa Maeneo Kavu ya Kichungaji.",Disaster/Health,
Kenya – Mobility Tracking and Multi-sectoral Location Assessment in Marsabit County Round 1 (21 November – 1 December 2022),Kenya - Ufuatiliaji wa Uhamaji na Tathmini ya Mahali ya Sekta mbalimbali katika Kaunti ya Marsabit Awamu ya 1 (21 Novemba - 1 Desemba 2022),Disaster/Health,
"Floods Impact and Interventions, 2024, as of 17.04.2024","Athari na Afua za Mafuriko, 2024, kuanzia tarehe 17.04.2024",Disaster/Health,
Kenya | Floods and landslides - DG ECHO Daily Map | 30/04/2026,Kenya | Mafuriko na maporomoko ya ardhi - Ramani ya Kila Siku ya DG ECHO | 30/04/2026,Disaster/Health,
Samburu County: Drought Early Warning Bulletin for July 2024,Kaunti ya Samburu: Taarifa ya Onyo la Mapema kuhusu Ukame Julai 2024,Disaster/Health,
Narok County: Drought Early Warning Bulletin for July 2024,Kaunti ya Narok: Taarifa ya Onyo la Mapema kuhusu Ukame Julai 2024,Disaster/Health,
Stabilising the North Rift: Lessons learned from the peacebuilding experience of NCIC and Interpeace,Kuimarisha Ufa Kaskazini: Masomo tuliyojifunza kutoka kwa uzoefu wa kujenga amani wa NCIC na Interpeace.,Disaster/Health,
"Kenya, Rwanda strengthen their defences against antimicrobial resistance","Kenya, Rwanda kuimarisha ulinzi wao dhidi ya ukinzani wa antimicrobial",Disaster/Health,
"Ministry of Health Press Statement (Date of Release: 8th April, 2025)","Taarifa kwa Vyombo vya Habari ya Wizara ya Afya (Tarehe ya Kutolewa: Aprili 8, 2025)",Disaster/Health,
"The Ministry derives its mandate from the Constitution of Kenya, the Statutes on education, and the Executive Order No. 1 of 2020 (Revised) on the Organization of the Government of the Republic of Kenya.....","Wizara imepata mamlaka yake kutoka kwa Katiba ya Kenya, Sheria za Elimu, na Agizo la Utendaji Nambari 1 la 2020 (lililorekebishwa) kuhusu Shirika la Serikali ya Jamhuri ya Kenya.....",General,
"Reports, guidelines, and technical documents from WHO Africa","Ripoti, miongozo, na nyaraka za kiufundi kutoka WHO Afrika",General,
Taita Taveta County: Drought Early Warning Bulletin for July 2023,Kaunti ya Taita Taveta: Taarifa ya Onyo la Mapema kuhusu Ukame Julai 2023,Disaster/Health,
"Across many Kenyan communities, and within Africa at large, women hold the primary responsibility for managing essential family needs such as water, food, fuel and healthcare.","Katika jamii nyingi za Kenya, na ndani ya Afrika kwa ujumla, wanawake wana jukumu la msingi la kusimamia mahitaji muhimu ya familia kama vile maji, chakula, mafuta na huduma za afya.",Health,
Don't believe the myth that a vaccine for COVID-19 is available #KomeshaCorona,Usiamini imani potofu kwamba chanjo ya COVID-19 inapatikana #KomeshaCorona,Public Health,
Kenya - Garissa County - Garissa Subcounty Infrastructure Map (29/08/2024),Kenya - Kaunti ya Garissa - Ramani ya Miundomsingi ya Kaunti Ndogo ya Garissa (29/08/2024),Disaster/Health,
Samburu County: Drought Early Warning Bulletin for September 2022,Kaunti ya Samburu: Taarifa ya Onyo la Mapema kuhusu Ukame kwa Septemba 2022,Disaster/Health,
The Association for Microfinance Institutions in Kenya and Habitat for Humanity International partner to unlock affordable housing finance solutions in Kenya,Chama cha Taasisi Ndogo za Fedha nchini Kenya na Habitat for Humanity International hushirikiana kufungua masuluhisho ya ufadhili wa nyumba nafuu nchini Kenya.,Disaster/Health,
"Impacts of the Cost of Inaction on WFP Food Assistance in Kenya (2021 & 2022), April 2023","Madhara ya Gharama ya Kutochukua Hatua kwa Usaidizi wa Chakula wa WFP nchini Kenya (2021 & 2022), Aprili 2023",Disaster/Health,
"FAO Desert Locust campaign: East Africa upsurge suppressed, Kenya free from Desert Locust","Kampeni ya FAO ya Nzige Jangwa: Mashambulizi ya Afrika Mashariki yakandamizwa, Kenya bila ya Nzige wa Jangwa",Disaster/Health,
Tharaka Nithi County: Drought Early Warning Bulletin for April 2022,Kaunti ya Tharaka Nithi: Taarifa ya Onyo la Mapema kuhusu Ukame kwa Aprili 2022,Disaster/Health,
Narok County: Drought Early Warning Bulletin for December 2023,Kaunti ya Narok: Taarifa ya Onyo la Mapema kuhusu Ukame kwa Desemba 2023,Disaster/Health,
"Reaching the 2030 HIV incidence goals in high-burden settings, particularly in Eastern and Southern Africa, and then keeping HIV incidence at low levels, will require the right combination of effective prevention interventions at high coverage levels.","Kufikia malengo ya matukio ya VVU 2030 katika mazingira yenye mzigo mkubwa, hasa katika Mashariki na Kusini mwa Afrika, na kisha kuweka matukio ya VVU katika viwango vya chini, kutahitaji mchanganyiko sahihi wa afua madhubuti za kuzuia katika viwango vya juu vya chanjo.",General,
Baringo County: Drought Early Warning Bulletin for January 2024,Kaunti ya Baringo: Taarifa ya Onyo la Mapema kuhusu Ukame la Januari 2024,Disaster/Health,
Kenya Anticipatory Actions - EVD Outbreak (MDRKE052) - Operational Update (8 July 2023),Vitendo vya Kutarajia vya Kenya - Mlipuko wa EVD (MDRKE052) - Taarifa ya Uendeshaji (8 Julai 2023),Disaster/Health,
"Kenya since 1980, established the Kenya Expanded Programme for Immunization, KEPI, which set its pace to ensure all child diseases are prevented through immunization from birth.","Kenya tangu mwaka wa 1980, ilianzisha Mpango wa Kenya wa Kupanua Chanjo, KEPI, ambao uliweka kasi yake kuhakikisha magonjwa yote ya watoto yanazuiliwa kupitia chanjo tangu kuzaliwa.",Health,
In the frontlines of a safe and dignified Ebola outbreak response in Uganda,Katika mstari wa mbele wa majibu salama na yenye heshima ya mlipuko wa Ebola nchini Uganda,General,
Legislative and administrative reforms to improve social and economic well-being of all Kenyans taking into account the current debt situation and the need for a sustainable public debt position without putting more burden on Kenyans; 3.,Marekebisho ya sheria na utawala ili kuboresha ustawi wa kijamii na kiuchumi wa Wakenya wote kwa kuzingatia hali ya sasa ya madeni na hitaji la nafasi endelevu ya deni la umma bila kuweka mzigo zaidi kwa Wakenya; 3.,Governance,
Meru (Meru-North) County: Drought Early Warning Bulletin for April 2022,Kaunti ya Meru (Meru-Kaskazini): Taarifa ya Onyo la Mapema kuhusu Ukame Aprili 2022,Disaster/Health,
"Kenya Price Bulletin, September 2023","Taarifa ya Bei ya Kenya, Septemba 2023",Disaster/Health,
WHO urges African countries to scale up COVID-19 response26 March 2020,WHO yazitaka nchi za Afrika kuongeza mwitikio wa COVID-1926 Machi 2020,General,
"Timely donor investment now can prevent further deterioration, protect livelihoods, and save lives reducing the far higher costs of emergency escalation later in the year if action is delayed.","Uwekezaji wa wafadhili kwa wakati unaofaa sasa unaweza kuzuia kuzorota zaidi, kulinda maisha, na kuokoa maisha kwa kupunguza gharama kubwa zaidi za ongezeko la dharura baadaye mwakani ikiwa hatua itachelewa.",Disaster/Health,
"Kenya: With EU help, refugees facing hunger have a lifeline","Kenya: Kwa msaada wa EU, wakimbizi wanaokabiliwa na njaa wana njia ya kuokoa maisha",Disaster/Health,
Marsabit County: Drought Early Warning Bulletin for September 2022,Kaunti ya Marsabit: Taarifa ya Onyo la Mapema kuhusu Ukame kwa Septemba 2022,Disaster/Health,
Kenya: Drought - IPC Projected Acute Food Insecurity (March - June 2023) for the ASALs of Kenya (3 Jul 2023),Kenya: Ukame - IPC Inakadiriwa Uhaba Mkubwa wa Chakula (Machi - Juni 2023) kwa ASALs of Kenya (3 Jul 2023),Disaster/Health,
Study on the Use of ICT in Education and Remote Learning during Crises and the Required Investment in Digital Transformation for African Countries - Country Profile Report Kenya,Utafiti juu ya Matumizi ya ICT katika Elimu na Mafunzo ya Mbali wakati wa Migogoro na Uwekezaji Unaohitajika katika Mabadiliko ya Kidijitali kwa Nchi za Afrika - Ripoti ya Wasifu wa Nchi Kenya,Education,
There is a greater risk of contracting HIV through:,Kuna hatari kubwa ya kuambukizwa VVU kupitia:,General,
Invite to attend special events like Life Members Day,Alika kuhudhuria matukio maalum kama vile Siku ya Wanachama wa Maisha,General,
Tana River County: Drought Early Warning Bulletin for March 2022,Kaunti ya Tana River: Taarifa ya Onyo la Mapema kuhusu Ukame kwa Machi 2022,Disaster/Health,
"Refugees in Dadaab currently receive limited water, healthcare, and education services, but continuing food and cash assistance remain central to their survival.","Wakimbizi katika Dadaab kwa sasa wanapokea huduma chache za maji, afya, na elimu, lakini msaada wa chakula na pesa taslimu unaoendelea unasalia kuwa msingi wa maisha yao.",Health,
Funding a tuberculosis-free future: an investment case for screening and preventive treatment,Kufadhili mustakabali usio na kifua kikuu: kesi ya uwekezaji kwa uchunguzi na matibabu ya kinga,Disaster/Health,
4Mi Cities: Data Collection on Urban Mixed Migration – Nairobi City Report (July 2022),Miji ya 4Mi: Ukusanyaji wa Data kuhusu Uhamiaji Mchanganyiko wa Mijini - Ripoti ya Jiji la Nairobi (Julai 2022),Disaster/Health,
REPUBLIC OF KENYA THE NATIONAL TREASURY AND ECONOMIC PLANNING PRESS STATEMENT (FOR IMMEDIATE RELEASE) 3rd October 2024.,JAMHURI YA KENYA TAARIFA YA HAZINA YA KITAIFA NA MIPANGO YA UCHUMI (KWA TAARIFA YA HARAKA) tarehe 3 Oktoba 2024.,Governance,
Tharaka Nithi County: Drought Early Warning Bulletin for June 2022,Kaunti ya Tharaka Nithi: Taarifa ya Onyo la Mapema kuhusu Ukame Juni 2022,Disaster/Health,
Marsabit County: Drought Early Warning Bulletin for August 2024,Kaunti ya Marsabit: Taarifa ya Onyo la Mapema kuhusu Ukame kwa Agosti 2024,Disaster/Health,
WHO urges action against HIV drug resistance threat,WHO inahimiza hatua dhidi ya tishio la ukinzani wa dawa za VVU,General,
"Baseline Evaluation for the Kenya Resilient Arid Lands Partnership for Integrated Development Plus (RAPID+) Program, April 2022","Tathmini ya Msingi ya Mpango wa Kenya Resilient Arid Lands Partnership for Integrated Development Plus (RAPID+), Aprili 2022.",Disaster/Health,
Cash Programming Kenya Review 2018 - 2022,Mapitio ya Kuandaa Pesa Kenya 2018 - 2022,Disaster/Health,
"These clinics operate from off-road trucks fitted with a consultation room, patient beds, a small laboratory, and a pharmacy, designed to bring essential care directly to communities far from any permanent facility.","Kliniki hizi zinafanya kazi kutoka kwa malori ya nje ya barabara yaliyo na chumba cha mashauriano, vitanda vya wagonjwa, maabara ndogo, na duka la dawa, iliyoundwa kuleta huduma muhimu moja kwa moja kwa jamii zilizo mbali na kituo chochote cha kudumu.",Health,
Government of Kenya Must Avoid Repeat of History and Prevent Electoral Violence: PHR,Serikali ya Kenya Lazima Iepuke Kurudiwa kwa Historia na Kuzuia Ghasia za Uchaguzi: PHR,Security,
Mandera County: Drought Early Warning Bulletin for February 2023,Kaunti ya Mandera: Taarifa ya Onyo la Mapema kuhusu Ukame kwa Februari 2023,Disaster/Health,
Isiolo County: Drought Early Warning Bulletin for July 2022,Kaunti ya Isiolo: Taarifa ya Onyo la Mapema kuhusu Ukame Julai 2022,Disaster/Health,
Embu (Mbeere) County: Drought Early Warning Bulletin for July 2022,Kaunti ya Embu (Mbeere): Taarifa ya Onyo la Mapema kuhusu Ukame Julai 2022,Disaster/Health,
Flood impact analysis in Nairobi Kenya as of 1 May 2024 - Imagery Analysis: 01/05/2024 Published 06/05/2024 V1,Uchambuzi wa athari za mafuriko Nairobi Kenya kuanzia tarehe 1 Mei 2024 - Uchambuzi wa Picha: 01/05/2024 Ilichapishwa 06/05/2024 V1,Disaster/Health,
Guidelines on long-acting injectable cabotegravir for HIV prevention,Miongozo juu ya cabotegravir ya muda mrefu ya sindano kwa kuzuia VVU,General,
"Be careful about where you get information about COVID-19. Promises of a guaranteed cure to prevent COVID-19 are not accurate. As of now, there is no vaccine for COVID-19. Please continue to use MOH & WHO websites for information on how to help prevent COVID-19. #KomeshaCorona","Kuwa mwangalifu kuhusu mahali unapopata maelezo kuhusu COVID-19. Ahadi za tiba ya uhakika ya kuzuia COVID-19 si sahihi. Kufikia sasa, hakuna chanjo ya COVID-19. Tafadhali endelea kutumia tovuti za MOH & WHO kwa maelezo kuhusu jinsi ya kusaidia kuzuia COVID-19. #KomeshaCorona",Public Health,
WFP Kenya Country Brief December 2025,Muhtasari wa Nchi wa WFP Kenya Desemba 2025,Disaster/Health,
"Addressing the distinct and diverse needs of adolescents living with HIV to improve their HIV-related outcomes requires a comprehensive and integrated approach that leverages on global commitments and approaches to adolescent health, including the Global Strategy for Women, Children, and Adolescents' Health (2016–2030) and the Global Accelerated Action for the Health of Adolescents (AA-HA!).","Kushughulikia mahitaji tofauti na tofauti ya vijana wanaoishi na VVU ili kuboresha matokeo yao yanayohusiana na VVU kunahitaji mbinu ya kina na jumuishi ambayo inakuza ahadi na mbinu za kimataifa kwa afya ya vijana, ikiwa ni pamoja na Mkakati wa Kimataifa wa Afya ya Wanawake, Watoto, na Vijana (2016-2030) na Hatua ya Kimataifa ya Kuharakisha kwa Afya ya AAAHA!",General,
Floods in Kenya: Malteser International distributes food and cash,Mafuriko nchini Kenya: Malteser International inasambaza chakula na pesa taslimu,Disaster/Health,
Kajiado County: Drought Early Warning Bulletin for December 2023,Kaunti ya Kajiado: Taarifa ya Onyo la Mapema kuhusu Ukame la Desemba 2023,Disaster/Health,
Kenya - Northern Kenya: Drought Severity and Population Exposure in Wajir County (28 Jan 2026),Kenya - Kaskazini mwa Kenya: Ukali wa Ukame na Mfichuo wa Idadi ya Watu katika Kaunti ya Wajir (28 Januari 2026),Disaster/Health,
Mandera County: Drought Early Warning Bulletin for September 2023,Kaunti ya Mandera: Taarifa ya Onyo la Mapema kuhusu Ukame kwa Septemba 2023,Disaster/Health,
Kenya: Heavy Rains and Flooding Update - Flash Update #5 (10 May 2024),Kenya: Mvua Kubwa na Taarifa ya Mafuriko - Sasisho la Flash #5 (10 Mei 2024),Disaster/Health,
"EBOLA BUNDIBUGYO VIRUS DISEASE OUTBREAK Democratic Republic of the Congo | Uganda Weekly External Situation Report 06, Data as of 21 June 2026","MLIPUKO WA VIRUSI WA EBOLA BUNDIBUGYO Jamhuri ya Kidemokrasia ya Kongo | Ripoti ya Hali ya Nje ya Uganda ya Kila Wiki 06, Data kufikia tarehe 21 Juni 2026",General,
Turkana County: Drought Early Warning Bulletin for September 2024,Kaunti ya Turkana: Taarifa ya Onyo la Mapema kuhusu Ukame kwa Septemba 2024,Disaster/Health,
Kajiado County: Drought Early Warning Bulletin for July 2023,Kaunti ya Kajiado: Taarifa ya Onyo la Mapema kuhusu Ukame Julai 2023,Disaster/Health,
"WFP Kenya Country Brief, August 2023","Muhtasari wa Nchi wa WFP Kenya, Agosti 2023",Disaster/Health,
We are urging Kenyans to wear their face masks properly above the nose and below the mouth to prevent the entry/exit of the virus @Governorkuti #KomeshaCorona update,Tunawahimiza Wakenya kuvaa vinyago vyao vizuri juu ya pua na chini ya mdomo ili kuzuia kuingia/kutoka kwa virusi @Governorkuti #KomeshaCorona update,Public Health,
Africa Region | Mpox Appeal - Operations Update #5 (MDRS1003),Kanda ya Afrika | Rufaa ya Mpox - Sasisho la Uendeshaji #5 (MDRS1003),Disaster/Health,
World Malaria Day: preventing deaths among refugee children in Kenya,Siku ya Malaria Duniani: kuzuia vifo miongoni mwa watoto wakimbizi nchini Kenya,Disaster/Health,
Three Early Lessons from Kenya's Elections,Masomo Matatu ya Awali kutoka kwa Uchaguzi wa Kenya,Disaster/Health,
"To date, the KRCS national drought portfolio reports63,024 peoplehave been supported with safe water alongside hygiene promotion through provision of water treatment chemicals such as PUR and aqua tabs.","Taarifa za uga kutoka kaunti ya Mandera zinaonyesha mbinu hii iliyounganishwa: baada ya vifo vingi vya mifugo kurekodiwa katika Rhamu(Chabii Barr), KRCS iliwasilisha kwa haraka lita 28,000 za maji salama pamoja na huduma za matibabu kwa kaya zilizo hatarini.",Health,
Cash transfers helping communities cope with climate shocks,Uhamisho wa pesa unasaidia jamii kukabiliana na majanga ya hali ya hewa,Disaster/Health,
From Refugees to Citizens? Rethinking Refugee Education Dilemmas,Kutoka kwa Wakimbizi hadi Wananchi? Kutafakari upya Matatizo ya Elimu ya Wakimbizi,Disaster/Health,
Laikipia County: Drought Early Warning Bulletin for April 2023,Kaunti ya Laikipia: Taarifa ya Onyo la Mapema kuhusu Ukame la Aprili 2023,Disaster/Health,
"""Hunger Can Kill"": With Nearly 2 million Kenyans Facing Food Insecurity, Children Bear the Brunt of Malnutrition","""Njaa Inaweza Kuua"": Huku takriban Wakenya milioni 2 Wanakabiliwa na Uhaba wa Chakula, Watoto Wamebeba Ngumu ya Utapiamlo",Disaster/Health,
Kitui County: Drought Early Warning Bulletin for April 2024,Kaunti ya Kitui: Taarifa ya Onyo la Mapema kuhusu Ukame Aprili 2024,Disaster/Health,
Kenya: Desalinating salty water for Samburu communities,Kenya: Kusafisha maji ya chumvi kwa jamii za Samburu,Disaster/Health,
"Success will hinge on lowering barriers to work and mobility, crowding in private investment, and strengthening local ecosystems while maintaining targeted, shock‑responsive support to protect the most vulnerable during the transition.","Mafanikio yatategemea kupunguza vizuizi vya kufanya kazi na uhamaji, msongamano katika uwekezaji wa kibinafsi, na kuimarisha mifumo ikolojia ya ndani huku tukidumisha usaidizi unaolengwa, unaoitikia mshtuko ili kulinda walio hatarini zaidi wakati wa mpito.",Disaster/Health,
"Training modules for the men include basic marketing strategies tailored to local markets; effective price negotiation techniques; customer engagement and relationship building; and, ethical and inclusive business practices.","Moduli za mafunzo kwa wanaume ni pamoja na mikakati ya kimsingi ya uuzaji iliyoundwa na masoko ya ndani; mbinu bora za mazungumzo ya bei; ushiriki wa wateja na kujenga uhusiano; na, maadili na mazoea ya biashara jumuishi.",Disaster/Health,
"Kenya now faces both flood emergency and drought crisis, country braces for cholera risk","Kenya sasa inakabiliwa na dharura ya mafuriko na janga la ukame, nchi inajiandaa kwa hatari ya kipindupindu",Disaster/Health,
Namibia's infection prevention and control strategies regarded as good practice for health emergencies,Mikakati ya kuzuia na kudhibiti maambukizi ya Namibia inachukuliwa kuwa mazoea mazuri kwa dharura za kiafya,General,
Nyeri (Kieni) County: Drought Early Warning Bulletin for August 2024,Kaunti ya Nyeri (Kieni): Taarifa ya Onyo la Mapema kuhusu Ukame kwa Agosti 2024,Disaster/Health,
"EBOLA BUNDIBUGYO VIRUS DISEASE OUTBREAK Democratic Republic of the Congo | Uganda Weekly External Situation Report 09, Data as of 12 July 2026","MLIPUKO WA VIRUSI WA EBOLA BUNDIBUGYO Jamhuri ya Kidemokrasia ya Kongo | Ripoti ya Hali ya Nje ya Uganda ya Kila Wiki 09, Data kufikia tarehe 12 Julai 2026",General,
CBM Supports Inclusive Education for Child Refugees in Kenya,CBM Inasaidia Elimu Jumuishi kwa Wakimbizi Watoto nchini Kenya,Disaster/Health,
"UNICEF Kenya Humanitarian Situation Report No. 4, 3 June 2023 (Reporting Period 1 to 30 April 2023)","Ripoti ya Hali ya Kibinadamu ya UNICEF Kenya No. 4, 3 Juni 2023 (Kipindi cha Kuripoti 1 hadi 30 Aprili 2023)",Disaster/Health,
Building Evidence to Enhance the Welfare of Refugees and Host Communities in Kenya,Kujenga Ushahidi wa Kuimarisha Maslahi ya Wakimbizi na Jamii Wenyeji Nchini Kenya,Disaster/Health,
Garissa County: Drought Early Warning Bulletin for December 2023,Kaunti ya Garissa: Taarifa ya Onyo la Mapema kuhusu Ukame kwa Desemba 2023,Disaster/Health,
New IRC data: Horn of Africa drought leading to increasing violence against women and girls,Data mpya ya IRC: Ukame wa Pembe ya Afrika unaosababisha kuongezeka kwa ukatili dhidi ya wanawake na wasichana,Disaster/Health,
"If you have a fever, cough and difficulty breathing, seek medical attention and call 719 in advance. #StayHomeHero #WashHands #WearMasks #Komeshacorona","Ikiwa una homa, kikohozi na ugumu wa kupumua, tafuta matibabu na piga 719 mapema. #KaaNyumbaniShujaa #Nawa Mikono #VaaVinyago #Komeshacorona",Public Health,
"WFP Kenya Country Brief, June 2023","Muhtasari wa Nchi wa WFP Kenya, Juni 2023",Disaster/Health,
Kenya Key Message Update March 2024: Staple food prices are gradually declining but remain higher than the five-year average,Sasisho la Ujumbe Muhimu wa Kenya Machi 2024: Bei kuu za vyakula zinapungua polepole lakini zinaendelea kuwa juu kuliko wastani wa miaka mitano.,Disaster/Health,
"SMI indicators align with the Inter-Agency Standing Committee's (IASC) Framework for Durable Solutions and integrates data from IOM's Displacement Tracking Matrix (DTM) to ensure a comprehensive, evidence-based approach.","Viashiria vya SMI vinapatana na Mfumo wa Kamati ya Kudumu ya Wakala wa Kimataifa (IASC) kwa Suluhisho la Kudumu na kuunganisha data kutoka kwa Mfumo wa Ufuatiliaji wa Uhamisho wa IOM (DTM) ili kuhakikisha mbinu ya kina, inayotegemea ushahidi.",Disaster/Health,
"Kenya - Floods (Kenya Met Department, Media) (ECHO Daily Flash of 06 November 2023)","Kenya - Mafuriko (Kenya Met Department, Media) (ECHO Daily Flash ya 06 Novemba 2023)",Disaster/Health,
"The Principal Secretary, State Department for Basic Education, John Ololtuaa today led the launch of digital learning devices at ACK Ol'Kalou Comprehensive School, Nyandarua County — accompanied by his colleague, PS State Department for ICT and Digital Economy, Eng. John Tanui.","Katibu Mkuu, Idara ya Jimbo la Elimu ya Msingi, John Ololtuaa leo ameongoza uzinduzi wa vifaa vya kujifunzia vya kidijitali katika Shule ya Kidijitali ya ACK Ol'Kalou, Kaunti ya Nyandarua - akiandamana na mwenzake, Idara ya Jimbo la PS kwa ICT na Uchumi wa Dijitali, Eng. John Tanui.",General,
Tana River County: Drought Early Warning Bulletin for April 2022,Kaunti ya Tana River: Taarifa ya Onyo la Mapema kuhusu Ukame la Aprili 2022,Disaster/Health,
Kenya: Epidemic - 04-2024 - Cholera Outbreak (2024-05-22),Kenya: Janga - 04-2024 - Mlipuko wa Kipindupindu (2024-05-22),Disaster/Health,
National Drought Early Warning Bulletin (January 2024),Taarifa ya Tahadhari ya Mapema ya Kitaifa (Januari 2024),Disaster/Health,
Baringo County: Drought Early Warning Bulletin for September 2022,Kaunti ya Baringo: Taarifa ya Onyo la Mapema kuhusu Ukame kwa Septemba 2022,Disaster/Health,
"Kenya's Crisis Shows the Urgency of African Poverty, Corruption, Debt","Mgogoro wa Kenya Unaonyesha Udharura wa Umaskini wa Afrika, Ufisadi, Madeni",Disaster/Health,
"WHO has a zero tolerance policy for fraud, all forms of harassment (including sexual) and sexual exploitation and abuse. For more information or to report a complaint,click here.","WHO haina sera ya kutovumilia ulaghai, aina zote za unyanyasaji (ikiwa ni pamoja na ngono) na unyonyaji na unyanyasaji wa kingono. Kwa habari zaidi au kuripoti malalamiko, bofya hapa.",General,
Kenya: IPC Acute Food Insecurity and Acute Malnutrition Analysis (February - June 2024) Published on 26 March 2024,Kenya: IPC Ukosefu wa Chakula Mkali na Uchanganuzi Mkali wa Utapiamlo (Februari - Juni 2024) Limechapishwa tarehe 26 Machi 2024,Disaster/Health,
#KomeshaCorona use soap and running water to wash your hands to prevent coronavirus @SpokespersonGoK @PSofKenya @KNH_hospital @KEMRI_Kenya @MoICTKenya @KenyaRedCross @KenyaGovernors @UNAIDS @UNICEFKenya @WHOKenya @CDCKenya,#KomeshaCorona tumia sabuni na maji ya bomba kunawa mikono ili kujikinga na Virusi vya Corona @SpokespersonGoK @PSofKenya @KNH_hospital @KEMRI_Kenya @MoICTKenya @KenyaRedCross @KenyaGovernors @UNAIDS @UNICEFKenya @WHOKenya @CDCKenya,Public Health,
"Prompt and efficacious interventions to treat women who test positive, and to prevent transmission of the infection(s) to their children.","Hatua za haraka na zinazofaa za kutibu wanawake ambao wamepatikana na virusi, na kuzuia uambukizi wa (ma)ambukizo kwa watoto wao.",General,
"The Government Owned Enterprises Bill, 2024 2 PART V—PUBLIC SERVICE OBLIGATIONS 29— Public Service Obligations. 30—Proposals. 31— Implementation of Public Service Obligations.","The Government Owned Enterprises Bill, 2024 2 SEHEMU YA V—MAJUKUMU YA UTUMISHI WA UMMA 29— ​​Majukumu ya Utumishi wa Umma. 30-Mapendekezo. 31- Utekelezaji wa Majukumu ya Utumishi wa Umma.",Governance,
"WFP Kenya Country Brief, July 2024","Muhtasari wa Nchi wa WFP wa Kenya, Julai 2024",Disaster/Health,
Baringo County: Drought Early Warning Bulletin for May 2022,Kaunti ya Baringo: Taarifa ya Onyo la Mapema kuhusu Ukame la Mei 2022,Disaster/Health,
Kajiado County: Drought Early Warning Bulletin for May 2022,Kaunti ya Kajiado: Taarifa ya Onyo la Mapema kuhusu Ukame la Mei 2022,Disaster/Health,
Legislative measures to facilitate funding of County Governments in case the Division of Revenue Bill and the County Allocation of Revenue Bill are not enacted by 30th June so as to prevent cash crisis that could arise and affect delivery of services by County Governments; 2.,Hatua za kisheria za kuwezesha ufadhili wa Serikali za Kaunti iwapo Mswada wa Mswada wa Mgawanyo wa Mapato na Mswada wa Ugavi wa Mapato ya Kaunti hautapitishwa kufikia tarehe 30 Juni ili kuzuia shida ya pesa ambayo inaweza kuibuka na kuathiri utoaji wa huduma na Serikali za Kaunti; 2.,Governance,
West Pokot: Drought Early Warning Bulletin for June 2022,Pokot Magharibi: Taarifa ya Onyo la Mapema kuhusu Ukame kwa Juni 2022,Disaster/Health,
WHO urges countries not to let COVID-19 eclipse other health issues23 April 2020,WHO inazitaka nchi kutoruhusu COVID-19 kuzama masuala mengine ya afya23 Aprili 2020,General,
Tana River County: Drought Early Warning Bulletin for April 2023,Kaunti ya Tana River: Taarifa ya Onyo la Mapema kuhusu Ukame la Aprili 2023,Disaster/Health,
Include all! Provide ramps and resources for disabled students.,Jumuisha yote! Toa njia na rasilimali kwa wanafunzi walemavu.,Education,
"Peace came from the herders. Supporting peace amidst drought, food insecurity and conflict. Lessons from Marsabit County, Kenya","Amani ilitoka kwa wafugaji. Kusaidia amani wakati wa ukame, uhaba wa chakula na migogoro. Masomo kutoka Kaunti ya Marsabit, Kenya",Disaster/Health,
"Kenya - Floods (Kenya Meteorological Department, media) (ECHO Daily Flash of 27 March 2023)","Kenya - Mafuriko (Idara ya Hali ya Hewa ya Kenya, vyombo vya habari) (ECHO Daily Flash ya 27 Machi 2023)",Disaster/Health,
Pastoralism gets a reboot in drying Kenya,Ufugaji waanza upya katika kukausha Kenya,Disaster/Health,
CS MUTAHI KAGWE: We must take individual responsibility to #KomeshaCorona #Washhands #WearMasks #keepsocialdistance #sanitize,CS MUTAHI KAGWE: Lazima tuchukue jukumu la kibinafsi kwa #KomeshaCorona #Kunawa Mikono #VaaMasks #weka umbali wa kijamii #kusafisha,Public Health,
Strategy for Sweden's development cooperation with Kenya 2021–2025,Mkakati wa ushirikiano wa maendeleo wa Uswidi na Kenya 2021-2025,Disaster/Health,
Impacts of war on food prices and food security in potentially vulnerable countries,Madhara ya vita dhidi ya bei ya chakula na usalama wa chakula katika nchi zinazoweza kuwa hatarini,Disaster/Health,
These three counties also account for about 65 percent of the total number of people estimated in IPC Phase 4 (Emergency).,Kaunti hizi tatu pia zinachukua takriban asilimia 65 ya jumla ya idadi ya watu wanaokadiriwa katika IPC Awamu ya 4 (Dharura).,Disaster/Health,
Kenya: Registered refugees and asylum-seekers (as of 30 June 2022),Kenya: Wakimbizi waliosajiliwa na wanaotafuta hifadhi (kuanzia tarehe 30 Juni 2022),Disaster/Health,
Recognized as school club partner in specified areas,Inatambulika kama mshirika wa klabu ya shule katika maeneo maalum,General,
Women hold the Key to Success of Pastoralism in Africa,Wanawake wanashikilia Ufunguo wa Mafanikio ya Ufugaji Barani Afrika,Disaster/Health,
Embu (Mbeere) County: Drought Early Warning Bulletin for April 2023,Kaunti ya Embu (Mbeere): Taarifa ya Onyo la Mapema kuhusu Ukame kwa Aprili 2023,Disaster/Health,
"Impact Evaluation of Cash-Based Transfers and Gender in Kenya, July 2023","Tathmini ya Athari za Uhamisho na Jinsia Kulingana na Pesa nchini Kenya, Julai 2023",Disaster/Health,
IRC urges immediate action to address alarming rise in malnutrition cases threatening refugees in Kenyan Camps,IRC yataka hatua za haraka zichukuliwe kushughulikia ongezeko la kutisha la visa vya utapiamlo vinavyotishia wakimbizi katika kambi za Kenya.,Disaster/Health,
"In December, WHO Kenya joined the vaccination acceleration campaign in the field and through funding and technical support, collaborated with health colleagues in 11 counties to enhance the vaccine acceleration and preventive effort.","Mnamo Desemba, WHO Kenya ilijiunga na kampeni ya kuongeza kasi ya chanjo katika uwanja huo na kupitia ufadhili na usaidizi wa kiufundi, ilishirikiana na wenzao wa afya katika kaunti 11 ili kuongeza kasi ya chanjo na juhudi za kuzuia.",Health,
State of the Climate Kenya 2023,Hali ya Hali ya Hewa Kenya 2023,Disaster/Health,
"Kenya: IPC Acute Food Insecurity and Acute Malnutrition Analysis (March - June 2022) Published on June 10, 2022","Kenya: IPC Ukosefu wa Chakula Mkali na Uchambuzi Mkali wa Utapiamlo (Machi - Juni 2022) Limechapishwa mnamo Juni 10, 2022",Disaster/Health,
"Key Times to Wash Hands: Before, during, & after preparing food Before eating food Before & after caring for someone sick Before & after treating a wound After using the toilet After blowing your nose, coughing, or sneezing After changing diapers...#KomeshaCorona","Nyakati Muhimu za Kunawa Mikono: Kabla, wakati, na baada ya kuandaa chakula Kabla ya kula chakula Kabla na baada ya kumhudumia mgonjwa Kabla na baada ya kutibu jeraha Baada ya kutumia choo Baada ya kupuliza pua yako, kukohoa au kupiga chafya Baada ya kubadilisha nepi...#KomeshaCorona",Public Health,
Survivors' Experiences of Accessing Mental Health Services following Sexual and Gender-based Violence in Kenya,Uzoefu wa Waathirika wa Kupata Huduma za Afya ya Akili kufuatia Unyanyasaji wa Kijinsia na Kijinsia nchini Kenya,Disaster/Health,
* Ebola disease situation reports are now included in The WHO Africa outbreaks and emergencies bulletin.,* Ripoti za hali ya ugonjwa wa Ebola sasa zimejumuishwa katika taarifa ya milipuko na dharura ya WHO Afrika.,General,
Marsabit County: Drought Early Warning Bulletin for April 2023,Kaunti ya Marsabit: Taarifa ya Onyo la Mapema kuhusu Ukame kwa Aprili 2023,Disaster/Health,
Kenya: Anticipatory actions towards General Elections - DREF Operation - Final Report (MDRKE051),Kenya: Hatua za matarajio kuelekea Uchaguzi Mkuu - Operesheni ya DREF - Ripoti ya Mwisho (MDRKE051),Governance,
The geographical proximity of these entry points underscored the heightened risk of cross-border transmission driven by frequent social and economic interactions.,Ukaribu wa kijiografia wa sehemu hizi za kuingilia ulisisitiza hatari kubwa ya maambukizi ya kuvuka mipaka inayoendeshwa na mwingiliano wa mara kwa mara wa kijamii na kiuchumi.,Disaster/Health,
Midline findings for the Kenya Cash Consortium response to drought in Arid and Semi-Arid Lands (ASAL) counties of Kenya (June 2022),Matokeo ya katikati ya Mwitikio wa Kenya Cash Consortium kwa ukame katika Kaunti za Ardhi Kame na Nusu Kame (ASAL) za Kenya (Juni 2022),Disaster/Health,
GIEWS Country Brief: Kenya 15-July-2022,GIEWS Muhtasari wa Nchi: Kenya 15-Julai-2022,Disaster/Health,
Kenya — Displacement and Needs Assessment Key Findings — Tana River County (May - June 2025),Kenya - Uhamisho na Tathmini ya Mahitaji Matokeo Muhimu - Kaunti ya Tana River (Mei - Juni 2025),Disaster/Health,
Kenya: Livestock Market Systems Activity (LMS),Kenya: Shughuli ya Mifumo ya Soko la Mifugo (LMS),Disaster/Health,
"Adaptive Management in Refugee Programming: Lessons from Re:Build, June 2023","Usimamizi Inayobadilika katika Utayarishaji wa Wakimbizi: Masomo kutoka kwa Re:Build, Juni 2023",Disaster/Health,
Kenya: The commitment of women to foster lasting peace in Rhamu,Kenya: Kujitolea kwa wanawake kukuza amani ya kudumu huko Rhamu,Disaster/Health,
"In the last one year @MOH_Kenya has installed equipment & infrastructure in over 3,000 Health Facilities to support the new vaccine introduction. A Further, 1,000 Health facilities will be equipped in the next 1 year...Dr Rashid #STOPCervicalCancer @KenyaGovernors @UNICEFKenya","Katika mwaka mmoja uliopita @MOH_Kenya imeweka vifaa na miundombinu katika Vituo vya Afya zaidi ya 3,000 ili kusaidia utangulizi mpya wa chanjo. A Zaidi, vituo 1,000 vya Afya vitawekwa vifaa katika muda wa mwaka mmoja ujao...Dr Rashid #STOPCervicalCancer @KenyaGovernors @UNICEFKenya",Public Health,
"Do I enter a place of worship without keeping social distance? Do I have to attend an illegal gathering, even if I get Covi-19? #KomeshaCorona","Je, ninaingia mahali pa ibada bila kujiweka mbali na watu wengine? Je, ni lazima nihudhurie mkusanyiko usio halali, hata nikiambukizwa COVID-19? #KomeshaCorona",Public Health,
Marsabit County: Drought Early Warning Bulletin for May 2023,Kaunti ya Marsabit: Taarifa ya Onyo la Mapema kuhusu Ukame kwa Mei 2023,Disaster/Health,
West Pokot: Drought Early Warning Bulletin for December 2022,Pokot Magharibi: Taarifa ya Onyo la Mapema kuhusu Ukame kwa Desemba 2022,Disaster/Health,
Turkana County: Drought Early Warning Bulletin for April 2023,Kaunti ya Turkana: Taarifa ya Onyo la Mapema kuhusu Ukame Aprili 2023,Disaster/Health,
Kenya: Registered refugees and asylum-seekers (as of 31 May 2024),Kenya: Wakimbizi waliosajiliwa na wanaotafuta hifadhi (kuanzia tarehe 31 Mei 2024),Disaster/Health,
This provides a foundation for alternative policies to be costed to address these gaps and a true cost–benefit analysis to be conducted.,Hili linatoa msingi kwa sera mbadala kugharamiwa kushughulikia mapengo haya na uchanganuzi wa kweli wa gharama na manufaa utakaofanywa.,Disaster/Health,
"The incubation period, that is, the time interval from infection with the virus to onset of symptoms, is from 2 to 21 days. A person infected with an Ebolavirus cannot spread the disease until they develop symptoms.","Kipindi cha incubation, yaani, muda kutoka kwa kuambukizwa na virusi hadi mwanzo wa dalili, ni kutoka siku 2 hadi 21. Mtu aliyeambukizwa virusi vya Ebola hawezi kueneza ugonjwa huo hadi apate dalili.",General,
An Act of Faith: Overcoming Malnutrition in Kenya,Tendo la Imani: Kushinda Utapiamlo nchini Kenya,Disaster/Health,
"The data generated are helping us better understand resistance trends and support evidence-based decision-making,"" said Susan Githii, Country GLASS Focal Person and AMR Surveillance Focal Point, Kenya.","Data inayotolewa inatusaidia kuelewa vyema mienendo ya upinzani na kuunga mkono uamuzi unaotegemea ushahidi,"" alisema Susan Githii, Country GLASS Focal Person na AMR Surveillance Focal Point, Kenya.",Disaster/Health,
"After Successful Year, CFK Africa Launches 2024 with New Partnership to Support Best Schools Initiative in Kenya","Baada ya Mwaka wa Mafanikio, CFK Africa Yazindua 2024 kwa Ubia Mpya wa Kusaidia Mpango wa Shule Bora nchini Kenya.",Disaster/Health,
Kenya and Zambia: Insurance for Sustainable water systems,Kenya na Zambia: Bima kwa mifumo ya maji Endelevu,Disaster/Health,
IRC: Severe drought is projected to leave about 5.4 million people in Kenya without adequate access to food and water between March and June 2023,IRC: Ukame mkali unatarajiwa kuacha takriban watu milioni 5.4 nchini Kenya bila kupata chakula na maji ya kutosha kati ya Machi na Juni 2023.,Disaster/Health,
"CAS, Dr. Rashid: Trained mental health personnel, including nurses & doctors have been identified & will be on call, work in shifts at the tele counselling & telepsychiatry Centre. #WorldSuicidePreventionDay","CAS, Dk. Rashid: Wafanyakazi wa afya ya akili waliofunzwa, wakiwemo wauguzi na madaktari wametambuliwa na watakuwa kwenye simu, watafanya kazi kwa zamu katika kituo cha ushauri nasaha na telepsychiatry. #Siku ya Kuzuia Kujiua Duniani",Public Health,
Lamu County: Drought Early Warning Bulletin for January 2023,Kaunti ya Lamu: Taarifa ya Onyo la Mapema kuhusu Ukame Januari 2023,Disaster/Health,
Kenya Situation Update: The deputy president's impeachment triggers unrest in Kenya | September 2024,Taarifa ya Hali ya Kenya: Kuondolewa kwa naibu rais kwazua ghasia nchini Kenya | Septemba 2024,Disaster/Health,
Surveillance of HIV drug resistance in children newly diagnosed with HIV by early infant diagnosis,Ufuatiliaji wa ukinzani wa dawa za VVU kwa watoto waliogunduliwa hivi karibuni na VVU kwa utambuzi wa watoto wachanga mapema,General,
Embu (Mbeere) County: Drought Early Warning Bulletin for June 2024,Kaunti ya Embu (Mbeere): Taarifa ya Onyo la Mapema kuhusu Ukame kwa Juni 2024,Disaster/Health,
Baringo County: Drought Early Warning Bulletin for September 2023,Kaunti ya Baringo: Taarifa ya Onyo la Mapema kuhusu Ukame kwa Septemba 2023,Disaster/Health,
WFP in Kenya welcomes record funding from US government to fight hunger,WFP nchini Kenya inakaribisha ufadhili wa rekodi kutoka kwa serikali ya Marekani ili kukabiliana na njaa,Disaster/Health,
COVID-19 & genomic surveillance in Africa1 October 2021,COVID-19 & ufuatiliaji wa jeni barani Afrika1 Oktoba 2021,General,
Lamu County: Drought Early Warning Bulletin for October 2024,Kaunti ya Lamu: Taarifa ya Onyo la Mapema kuhusu Ukame kwa Oktoba 2024,Disaster/Health,
Turkana County: Drought Early Warning Bulletin for August 2024,Kaunti ya Turkana: Taarifa ya Onyo la Mapema kuhusu Ukame kwa Agosti 2024,Disaster/Health,
Supporting women's local businesses and climate-friendly cookstoves in Kenya,Kusaidia biashara za kienyeji za wanawake na majiko yanayofaa hali ya hewa nchini Kenya,Disaster/Health,
Tharaka Nithi County: Drought Early Warning Bulletin for September 2022,Kaunti ya Tharaka Nithi: Taarifa ya Onyo la Mapema kuhusu Ukame kwa Septemba 2022,Disaster/Health,
Mandera County: Drought Early Warning Bulletin for February 2024,Kaunti ya Mandera: Taarifa ya Onyo la Mapema kuhusu Ukame kwa Februari 2024,Disaster/Health,
National Drought Early Warning Bulletin (August 2024),Taarifa ya Tahadhari ya Mapema ya Kitaifa (Agosti 2024),Disaster/Health,
"Wajir County Drought Rapid Assessment Report, December 2025","Ripoti ya Tathmini ya Haraka ya Ukame ya Kaunti ya Wajir, Desemba 2025",Disaster/Health,
"Drought Emergency Response in Mandera, North Kenya – Kenya Cash Consortium","Mwitikio wa Dharura ya Ukame huko Mandera, Kaskazini mwa Kenya - Muungano wa Fedha wa Kenya",Disaster/Health,
Tana River County: Drought Early Warning Bulletin for December 2022,Kaunti ya Tana River: Taarifa ya Onyo la Mapema kuhusu Ukame la Desemba 2022,Disaster/Health,
"Don'ts to prevent #COVID19; Avoid Close Contact with anyone Do Not Spit Do Not Use Over The Counter Medicines Don't Panic, Take It Easy Don't travel unless necessary Don't spread misinformation verbally or through communication platforms #KomeshaCorona","Usizuie #COVID19; Epuka Kuwasiliana kwa Ukaribu na mtu yeyote Usimtemee Mate Usitumie Dawa kwenye Kaunta Usiogope, Chukua Rahisi Usisafiri isipokuwa lazima Usisambaze habari potofu kwa maneno au kupitia majukwaa ya mawasiliano #KomeshaCorona",Public Health,
Garissa County: Drought Early Warning Bulletin for October 2023,Kaunti ya Garissa: Taarifa ya Onyo la Mapema kuhusu Ukame kwa Oktoba 2023,Disaster/Health,
UK Increases Support for UNICEF Flood Relief Efforts,Uingereza Yaongeza Usaidizi kwa Juhudi za UNICEF za Misaada ya Mafuriko,Disaster/Health,
"In Kenya, WICS is being implemented in Bungoma and Nyandarua counties with a goal to reach 10,000 women. To date, 3,767 women have been screened, with 686 abnormal findings detected, enabling early intervention and treatment. This cost-effective, government-led approach addresses the projected 3.8 million annual premature deaths from non-communicable diseases by 2030, improving both survival rates and quality of life for women across the region.","Nchini Kenya, WICS inatekelezwa katika kaunti za Bungoma na Nyandarua kwa lengo la kufikia wanawake 10,000. Hadi sasa, wanawake 3,767 wamechunguzwa, na matokeo ya 686 yasiyo ya kawaida yamegunduliwa, kuwezesha kuingilia mapema na matibabu. Mbinu hii ya gharama nafuu, inayoongozwa na serikali inashughulikia makadirio ya vifo vya mapema milioni 3.8 kila mwaka kutokana na magonjwa yasiyoambukiza ifikapo 2030, kuboresha viwango vya kuishi na ubora wa maisha kwa wanawake kote kanda.",General,
"Between 2021 and 2025, more than 100 000 AMR surveillance records were collected, with 9039 records submitted to GLASS in 2025.","Kati ya 2021 na 2025, zaidi ya rekodi 100,000 za uchunguzi wa AMR zilikusanywa, na rekodi 9039 ziliwasilishwa kwa GLASS mnamo 2025.",Disaster/Health,
Tharaka Nithi County: Drought Early Warning Bulletin for March 2024,Kaunti ya Tharaka Nithi: Taarifa ya Onyo la Mapema kuhusu Ukame kwa Machi 2024,Disaster/Health,
"Kenya Price Bulletin, April 2022","Taarifa ya Bei ya Kenya, Aprili 2022",Disaster/Health,
WFP and UNESCO welcome funding from the Netherlands to boost food security for communities living along the shores of Lake Turkana,WFP na UNESCO wanakaribisha ufadhili kutoka Uholanzi ili kuimarisha usalama wa chakula kwa jamii zinazoishi kando ya ziwa Turkana.,Disaster/Health,
"ASAL Humanitarian Network MPCT New Beneficiaries Endline Assessment, Turkana County, March 2022","Tathmini ya Mwisho ya Mtandao wa Kibinadamu wa ASAL MPCT Wafaidika Wapya, Kaunti ya Turkana, Machi 2022",Disaster/Health,
Some measures you can take to avoid close contact with others include: Stay home as much as possible & reduce visitors. Practice social & physical distancing: Stay at least six feet away from others in public places. Call friends & family or visit by video. #KomeshaCorona,Baadhi ya hatua unazoweza kuchukua ili kuepuka kuwasiliana kwa karibu na wengine ni pamoja na: Kaa nyumbani iwezekanavyo na upunguze wageni. Fanya mazoezi ya umbali wa kijamii na kimwili: Kaa angalau futi sita kutoka kwa wengine katika maeneo ya umma. Piga marafiki na familia au tembelea kwa video. #KomeshaCorona,Public Health,
A safe space for youth in Nairobi,Nafasi salama kwa vijana jijini Nairobi,Disaster/Health,
Laikipia County: Drought Early Warning Bulletin for December 2023,Kaunti ya Laikipia: Taarifa ya Onyo la Mapema kuhusu Ukame la Desemba 2023,Disaster/Health,
Removing Red Tape to Get Kenya's Refugee Act Right,Kuondoa Mkanda Mwekundu ili Kupata Sheria ya Wakimbizi ya Kenya Sahihi,Disaster/Health,
"As of September 2015, WHO recommends that people at substantial risk of HIV infection should be offered tenofovir disoproxil fumarate (TDF)-based oral PrEP as an additional prevention choice, as part of comprehensive prevention. Oral PrEP is highly effective at preventing HIV when used as directed. In 2021, WHO recommended that the dapivirine ring may be offered as an additional prevention choice for women at substantial risk of HIV and, in 2022, that long-acting injectable cabotegravir (CAB-LA) may be offered as an additional prevention choice for people at substantial risk of HIV. Other products (e.g., multipurpose prevention products that combine antiretroviral drugs with contraception) are currently studied as additional PrEP options.","Kufikia Septemba 2015, WHO inapendekeza kwamba watu walio katika hatari kubwa ya kuambukizwa VVU wanapaswa kupewa PrEP yenye msingi wa tenofovir disoproxil fumarate (TDF) kama chaguo la ziada la kuzuia, kama sehemu ya uzuiaji wa kina. Oral PrEP ina ufanisi mkubwa katika kuzuia VVU inapotumiwa kama ilivyoelekezwa. Mnamo 2021, WHO ilipendekeza kwamba pete ya dapivirine inaweza kutolewa kama chaguo la ziada la kuzuia kwa wanawake walio katika hatari kubwa ya VVU na, mnamo 2022, kwamba sindano ya muda mrefu ya cabotegravir (CAB-LA) inaweza kutolewa kama chaguo la ziada la kuzuia kwa watu walio katika hatari kubwa ya VVU. Bidhaa zingine (k.m., bidhaa za kuzuia matumizi nyingi zinazochanganya dawa za kurefusha maisha na uzazi wa mpango) kwa sasa zinachunguzwa kama chaguo za ziada za PrEP.",General,
Rising mortality as Africa marks one year of COVID-1911 February 2021,Kuongezeka kwa vifo huku Afrika ikiadhimisha mwaka mmoja wa COVID-1911 Februari 2021,General,
More than 600 confirmed cases of COVID-19 in Africa19 March 2020,Zaidi ya kesi 600 zilizothibitishwa za COVID-19 barani Afrika19 Machi 2020,General,
"Box 30007-00100 NAIROBI, KENYA Tel: +254-20-2252-299 Fax: +254-20-341-082 The document is also available on the website at: www.treasury.go.ke 3 Foreword The 2024 Budget Review and Outlook Paper (B ROP) has been developed against a backdrop of stable global and domestic economic outlook.","Box 30007-00100 NAIROBI, KENYA Simu: +254-20-2252-299 Faksi: +254-20-341-082 Hati hii pia inapatikana kwenye tovuti kwa: www.treasury.go.ke 3 Dibaji. mtazamo wa kiuchumi.",Governance,
Embu (Mbeere) County: Drought Early Warning Bulletin for April 2024,Kaunti ya Embu (Mbeere): Taarifa ya Onyo la Mapema kuhusu Ukame Aprili 2024,Disaster/Health,
How children in Kenya are involved in tackling climate change,Jinsi watoto nchini Kenya wanahusika katika kukabiliana na mabadiliko ya hali ya hewa,Disaster/Health,
"Volunteerism at Kenya Red Cross is for everyone. Being an organization that is trusted by communities, governments and the private sector, we need all volunteers to abide to the following:","Kujitolea katika Msalaba Mwekundu wa Kenya ni kwa kila mtu. Kwa kuwa shirika linaloaminiwa na jamii, serikali na sekta ya kibinafsi, tunahitaji watu wote wanaojitolea kuzingatia yafuatayo:",General,
Lamu County: Drought Early Warning Bulletin for April 2023,Kaunti ya Lamu: Taarifa ya Onyo la Mapema kuhusu Ukame Aprili 2023,Disaster/Health,
Isiolo County: Drought Early Warning Bulletin for September 2023,Kaunti ya Isiolo: Taarifa ya Onyo la Mapema kuhusu Ukame kwa Septemba 2023,Disaster/Health,
"Kenya: Research Terms of Reference - 2026 Multi-Sectoral Needs Assessment, KEN2601 (May 2026, 01)","Kenya: Masharti ya Marejeleo ya Utafiti - Tathmini ya Mahitaji ya Kisekta Mbalimbali ya 2026, KEN2601 (Mei 2026, 01)",Disaster/Health,
Kenya: Resolving conflict and rekindling unity in Elebor and Turbi in Marsabit County,Kenya: Kusuluhisha mizozo na kufufua umoja huko Elebor na Turbi katika Kaunti ya Marsabit,Disaster/Health,
Kenya Drought Response Dashboard (January to September 2023),Dashibodi ya Kukabiliana na Ukame Kenya (Januari hadi Septemba 2023),Disaster/Health,
Amref Health Africa Launches 'Tucheze Tustawi' Project to Support Early Childhood Development in Refugee and Host Communities in Turkana West Sub-county,Amref Health Africa Yazindua Mradi wa 'Tucheze Tustawi' wa Kusaidia Ukuaji wa Utotoni katika Jumuiya za Wakimbizi na Wenyeji katika Kaunti Ndogo ya Turkana Magharibi.,Disaster/Health,
Kenya: Population Movement - 01-2024 - Baringo Insecurity (2024-03-27),Kenya: Harakati za Idadi ya Watu - 01-2024 - Ukosefu wa Usalama Baringo (2024-03-27),Disaster/Health,
Lamu County: Drought Early Warning Bulletin for February 2023,Kaunti ya Lamu: Taarifa ya Onyo la Mapema kuhusu Ukame kwa Februari 2023,Disaster/Health,
"Kenya Price Bulletin, August 2024","Taarifa ya Bei ya Kenya, Agosti 2024",Disaster/Health,
Breastfeeding is foundational for both child survival and maternal health.,Kunyonyesha ni msingi wa maisha ya mtoto na afya ya uzazi.,Health,
"Kenya steps up surveillance, response measures to curb mpox","Kenya yaongeza uangalizi, hatua za kukabiliana na ugonjwa huo",Disaster/Health,
Climate information and Kenya's women smallholder farmers: a needs assessment (Jan 2023),Taarifa za hali ya hewa na wakulima wadogo wanawake wa Kenya: tathmini ya mahitaji (Jan 2023),Disaster/Health,
"To provide, promote and co-ordinate the training sector by assuring quality, inclusiveness and relevance for the enhancement of the national economy and global competitiveness.","Kutoa, kukuza na kuratibu sekta ya mafunzo kwa kuhakikisha ubora, ushirikishwaji na umuhimu kwa ajili ya kuimarisha uchumi wa taifa na ushindani wa kimataifa.",General,
"Bridging policy and practice: Key insights from the Water, Peace and Climate Conference in Kenya","Sera na utendaji wa kuunganisha: Mawazo muhimu kutoka kwa Mkutano wa Maji, Amani na Hali ya Hewa nchini Kenya",Disaster/Health,
A triple emergency in Kenya amid malaria and measles outbreaks,Dharura mara tatu nchini Kenya huku kukiwa na milipuko ya malaria na surua,Disaster/Health,
Tharaka Nithi County: Drought Early Warning Bulletin for July 2023,Kaunti ya Tharaka Nithi: Taarifa ya Onyo la Mapema kuhusu Ukame Julai 2023,Disaster/Health,
The next phase is to ensure that every patient benefits from the same standard of high-quality care.,Awamu inayofuata ni kuhakikisha kwamba kila mgonjwa ananufaika na kiwango sawa cha utunzaji wa hali ya juu.,Health,
Tana River County: Drought Early Warning Bulletin for July 2024,Kaunti ya Tana River: Taarifa ya Onyo la Mapema kuhusu Ukame Julai 2024,Disaster/Health,
Data is critical tool as farmers fight drought in Kenya,Data ni nyenzo muhimu wakulima wanapopambana na ukame nchini Kenya,Disaster/Health,
UNHCR Kenya: Multi-year Strategy 2023 - 2026 - Livelihoods and Economic Inclusion (June 2022),UNHCR Kenya: Mikakati ya Miaka Mingi 2023 - 2026 - Riziki na Ushirikishwaji wa Kiuchumi (Juni 2022),Disaster/Health,
Makueni County: Drought Early Warning Bulletin for November 2022,Kaunti ya Makueni: Taarifa ya Onyo la Mapema kuhusu Ukame ya Novemba 2022,Disaster/Health,
Turkana County: Drought Early Warning Bulletin for September 2022,Kaunti ya Turkana: Taarifa ya Onyo la Mapema kuhusu Ukame kwa Septemba 2022,Disaster/Health,
Tana River County: Drought Early Warning Bulletin for April 2024,Kaunti ya Tana River: Taarifa ya Onyo la Mapema kuhusu Ukame la Aprili 2024,Disaster/Health,
Kenya: Floods - DREF Operation (MDRKE058),Kenya: Mafuriko - Operesheni ya DREF (MDRKE058),Disaster/Health,
"Secretary-General, Saddened by Deaths in Flooding, Pledges UN Support to Kenya","Katibu Mkuu, Amehuzunishwa na Vifo katika Mafuriko, Aahidi Msaada wa Umoja wa Mataifa kwa Kenya",Disaster/Health,
"Additionally, 400 000 animals will be dewormed, treated against internal and external parasites and given multivitamins to sustain milk and meat production and survive through this period, directly preserving the livelihoods and nutritional well-being of 4 000 vulnerable households.","Zaidi ya hayo, wanyama 400,000 watatiwa dawa ya minyoo, watatibiwa dhidi ya vimelea vya ndani na nje na kupewa multivitamini ili kuendeleza uzalishaji wa maziwa na nyama na kuishi katika kipindi hiki, kuhifadhi moja kwa moja maisha na ustawi wa lishe wa kaya 4,000 zilizo katika mazingira magumu.",Health,
"Seasonal gains in water and pasture are uneven and short‑lived, while depleted herds, high food prices, and reduced assistance continue to push vulnerable households toward irreversible losses.","Mafanikio ya msimu katika maji na malisho hayalingani na yanadumu kwa muda mfupi, huku mifugo iliyopungua, bei ya juu ya chakula, na usaidizi uliopunguzwa ukiendelea kusukuma kaya zilizo hatarini kwenye hasara isiyoweza kurekebishwa.",Disaster/Health,
Kenya Situation Update | May 2024: The resurgence of teacher protests and infighting within civilian and security institutions,Sasisho la Hali ya Kenya | Mei 2024: Kuzuka upya kwa maandamano ya walimu na mapigano ndani ya taasisi za kiraia na usalama,Disaster/Health,
Motorcycle ambulance helps pregnant women in drought-stricken community to access life-saving maternal health care,Ambulance ya pikipiki husaidia wanawake wajawazito katika jamii iliyokumbwa na ukame kupata huduma ya afya ya uzazi ya kuokoa maisha,Health,
Kenya | Complex Emergency Operation Update MDRKE068,Kenya | Sasisho Changamano la Operesheni ya Dharura MDRKE068,Disaster/Health,
Kenya: Refugee Policy Review Framework Country Summary as at 31 December 2021,Kenya: Muhtasari wa Mfumo wa Mapitio ya Sera ya Wakimbizi kufikia tarehe 31 Desemba 2021,Disaster/Health,
"Additional priorities include developing underexploited Pharmaceutical Value Chain Level 4 (API production) and Level 5 (R&D), which require advanced technology, specialized skills, and significant investment despite available government incentives.","Vipaumbele vya ziada ni pamoja na kuendeleza Kiwango cha 4 cha Mnyororo wa Thamani ya Dawa (uzalishaji wa API) na Kiwango cha 5 (R&D), ambacho kinahitaji teknolojia ya hali ya juu, ujuzi maalum na uwekezaji mkubwa licha ya motisha zinazopatikana za serikali.",Governance,
"Consequently, trust is often the first line of defense for public health. This was one of the key messages highlighted by the World Health Organization's Representative in Angola, Dr. Indrajit Hazarika, when he pointed out that effective communication is not about demonstrating knowledge, but about ensuring understanding, and that credibility is not built during a crisis, but every single day.","Kwa hivyo, uaminifu mara nyingi ndio safu ya kwanza ya ulinzi kwa afya ya umma. Huu ulikuwa ni ujumbe muhimu ulioangaziwa na Mwakilishi wa Shirika la Afya Duniani nchini Angola, Dk. Indrajit Hazarika, alipodokeza kwamba mawasiliano madhubuti sio juu ya kuonyesha maarifa, lakini juu ya kuhakikisha uelewa, na kwamba uaminifu haujengwi wakati wa shida, lakini kila siku.",General,
Kenya launches its Disaster Risk Financing Strategy 2026–2030,Kenya inazindua Mkakati wake wa Ufadhili wa Hatari za Maafa 2026-2030,Disaster/Health,
"Ouidah—Benin is intensifying its efforts in the fight against malaria by relying on innovative strategies. Every three years, the country organizes a nationwide campaign to distribute free long-lasting insecticide-treate…","Ouidah—Benin inazidisha juhudi zake katika vita dhidi ya malaria kwa kutegemea mikakati ya kibunifu. Kila baada ya miaka mitatu, nchi huandaa kampeni ya kitaifa ya kusambaza dawa za muda mrefu bila malipo…",General,
Delayed. Denied: Legal and Administrative Bottlenecks to Effective and Efficient Delivery of Justice for Survivors of SGBV in Kenya,Imechelewa. Imekataliwa: Vizuizi vya Kisheria na Kitawala kwa Utoaji Haki Ufanisi na Bora kwa Waathiriwa wa SGBV nchini Kenya.,Disaster/Health,
Gender Strategy on Weather and Climate Information Services in East Africa,Mkakati wa Jinsia wa Huduma za Taarifa za Hali ya Hewa na Hali ya Hewa katika Afrika Mashariki,Disaster/Health,
"Navigating the City - The Internal Migration of Refugees from Kakuma and Dadaab Refugee Camps to Nairobi, Working paper 3 - December 2024","Kupitia Jiji - Uhamiaji wa Ndani wa Wakimbizi kutoka Kambi za Wakimbizi za Kakuma na Dadaab hadi Nairobi, Mada ya Kazi 3 - Desemba 2024",Disaster/Health,
"« Lorsque les filles réussissent, c'est l'ensemble des communautés qui commence à changer » : un refuge rural du Kenya donne de l'espoir aux filles malgré les mutilations génitales féminines","""Lorsque les filles réussissent, c'est l'ensemble des communautés qui commence à changer"" : un refuge village du Kenya donne de l'espoir aux filles malgré les mutilations génitales féminines",Disaster/Health,
Wajir County: Drought Early Warning Bulletin for July 2024,Kaunti ya Wajir: Taarifa ya Onyo la Mapema kuhusu Ukame Julai 2024,Disaster/Health,
Tana River County: Drought Early Warning Bulletin for July 2023,Kaunti ya Tana River: Taarifa ya Onyo la Mapema kuhusu Ukame Julai 2023,Disaster/Health,
Kitui County: Drought Early Warning Bulletin for October 2023,Kaunti ya Kitui: Taarifa ya Onyo la Mapema kuhusu Ukame kwa Oktoba 2023,Disaster/Health,
"#CervicalCancer is the easier gynecologic cancer to prevent, with regular screening tests and follow-up #CervicalHealthMonth @kenconetwork @ClintonHealth @Women4Cancer @oasisoflifeke @PSKenya_ @KEMRI_Kenya @AfriCF","#CervicalCancer ndio njia rahisi ya kuzuia saratani ya uzazi, kwa vipimo vya uchunguzi wa mara kwa mara na ufuatiliaji #Mwezi wa Afya ya Kizazi @kenconetwork @ClintonHealth @Women4Cancer @oasisoflifeke @PSKenya_ @KEMRI_Kenya @AfriCF",Public Health,
Absorbing Climate Shocks and Easing Conflict in Kenya's Rift Valley,Kuchukua Mishtuko ya Hali ya Hewa na Kupunguza Migogoro katika Bonde la Ufa la Kenya,Disaster/Health,
"Localisation of Protection Programming in Garissa & Turkana, Kenya (July 2024)","Ujanibishaji wa Mipango ya Ulinzi huko Garissa na Turkana, Kenya (Julai 2024)",Disaster/Health,
"Kenya Key Message Update: Emergency (IPC Phase 4) acute food insecurity in northern and northeastern Kenya, May 2022","Taarifa ya Ujumbe Muhimu wa Kenya: Dharura (IPC Awamu ya 4) uhaba mkubwa wa chakula kaskazini na kaskazini mashariki mwa Kenya, Mei 2022",Disaster/Health,
Narok County: Drought Early Warning Bulletin for August 2024,Kaunti ya Narok: Taarifa ya Onyo la Mapema kuhusu Ukame kwa Agosti 2024,Disaster/Health,
Kenya Statistics Infographics | March 2026,Kenya Takwimu Infographics | Machi 2026,Disaster/Health,
"Safaricom Chief Executive Officer, Mr. Peter Ndegwa today paid a courtesy call on the Cabinet Secretary for Health, Hon. Mutahi Kagwe and explored areas of partnership in regard to COVID-19. @SafaricomPLC is currently hosting the COVID-19 call centre. #KomeshaCorona Update.","Afisa Mkuu Mtendaji wa Safaricom, Bw. Peter Ndegwa leo amemtembelea Katibu wa Baraza la Mawaziri wa Afya, Mhe. Mutahi Kagwe na kuchunguza maeneo ya ushirikiano kuhusu COVID-19. @SafaricomPLC kwa sasa ni mwenyeji wa kituo cha simu cha COVID-19. #KomeshaCorona Update.",Public Health,
"Building on lessons from the DRF Strategy 2018–2022, this updated Strategy expands beyond risk retention and risk transfer to incorporate investments for risk reduction.","Kwa kuzingatia mafunzo kutoka kwa Mkakati wa DRF 2018–2022, Mkakati huu uliosasishwa unapanuka zaidi ya uhifadhi wa hatari na uhamishaji wa hatari ili kujumuisha uwekezaji wa kupunguza hatari.",Disaster/Health,
Kenya introduces WHO child development assessment tool in national health survey for the first time,Kenya inatanguliza shirika la WHO la kutathmini ukuaji wa mtoto katika utafiti wa afya wa kitaifa kwa mara ya kwanza,Disaster/Health,
Lamu County: Drought Early Warning Bulletin for May 2024,Kaunti ya Lamu: Taarifa ya Onyo la Mapema kuhusu Ukame kwa Mei 2024,Disaster/Health,
National Drought Early Warning Bulletin January 2025,Taarifa ya Tahadhari ya Mapema ya Kitaifa Januari 2025,Disaster/Health,
Learning is a Lifeline: Access to Education for Refugee Children in Kenya,Kujifunza ni Njia ya Maisha: Upatikanaji wa Elimu kwa Watoto Wakimbizi nchini Kenya,Education,
"The county department of health – Uasin Gishu, however, dismissed the rumor through public notice as false.","Idara ya afya ya kaunti - Uasin Gishu, hata hivyo, ilipuuza uvumi huo kupitia notisi ya umma kuwa ya uwongo.",Governance,
Tana River County: Drought Early Warning Bulletin for September 2022,Kaunti ya Tana River: Taarifa ya Onyo la Mapema kuhusu Ukame la Septemba 2022,Disaster/Health,
"This will de-risk the LM investment landscape and attract capital needed for infrastructure upgrades and foster private sector-led growth for supply stability, health security, and a future of shared prosperity for Kenya and Africa.","Moja ya dharura ya muda mrefu ya darasa la 2 (Mpox, Clade 1b) na matukio mengine kadhaa ya kipaumbele yanaendelea, ikiwa ni pamoja na milipuko ya surua katika kaunti tatu, mafuriko yaliyoenea kutokana na mvua ndefu za MAM, na shida kubwa ya usalama wa chakula na lishe katika kaunti kame na nusu kame (ASAL).",Health,
"(b) build institutional capacity to conduct high quality applied research, relevant to addressing a key development challenge/priority;","(b) kujenga uwezo wa kitaasisi kufanya utafiti wa hali ya juu uliotumika, unaofaa kushughulikia changamoto/kipaumbele kikuu cha maendeleo;",General,
"Pan African University Institute of Basic Sciences, Technology and Innovation (PAUSTI) Project under DUE","Mradi wa Taasisi ya Pan African University of Basic Sciences, Technology and Innovation (PAUSTI) chini ya DUE",General,
"WHO recommends that infants born to mothers living with HIV are tested for HIV, at birth, six weeks, during breastfeeding, and when breastfeeding ends given the continued risk of transmission during this period. Older children, especially offspring and siblings of persons infected with HIV, should also be tested.","WHO inapendekeza watoto wanaozaliwa na mama wanaoishi na VVU kupimwa VVU, wakati wa kuzaliwa, wiki sita, wakati wa kunyonyesha, na wakati kunyonyesha kumalizika kutokana na hatari ya kuendelea kuambukizwa katika kipindi hiki. Watoto wakubwa, hasa watoto na ndugu wa watu walioambukizwa VVU, wanapaswa pia kupimwa.",General,
Kajiado County: Drought Early Warning Bulletin for June 2022,Kaunti ya Kajiado: Taarifa ya Onyo la Mapema kuhusu Ukame ya Juni 2022,Disaster/Health,
"Despite many challenges, some countries have adopted HIV service delivery models for people from key populations that are entirely or partly financed domestically and that could be sustainable at scale.","Licha ya changamoto nyingi, baadhi ya nchi zimetumia modeli za utoaji wa huduma za VVU kwa watu kutoka makundi muhimu ambayo yanafadhiliwa kwa kiasi kikubwa au kwa kiasi ndani na ambayo inaweza kuwa endelevu kwa kiwango kikubwa.",Health,
"Kenya Price Bulletin, October 2024","Taarifa ya Bei ya Kenya, Oktoba 2024",Disaster/Health,
Are you enjoying relaxing by the water this summer? Be safe around the water. Learn about drowning prevention tips.,"Je, unafurahia kupumzika karibu na maji msimu huu? Mwe salama karibu na maji na ujifunze dokezo za kuzuia kuzama majini.",Health,
"USAID/BHA Kenya Assistance Overview, August 2024","Muhtasari wa Usaidizi wa USAID/BHA Kenya, Agosti 2024",Disaster/Health,
"We are reminding you to strictly adhere to the containment measures as our first line of defence against this virus; wash hands regularly with soap & running water, wearing of face masks in public places, maintaining social & physical distance, & avoiding all forms of gatherings.","Tunakukumbusha kuzingatia kwa dhati hatua za kuzuia kama safu yetu ya kwanza ya ulinzi dhidi ya virusi hivi; osha mikono mara kwa mara kwa sabuni na maji yanayotiririka, kuvaa barakoa katika maeneo ya umma, kudumisha umbali wa kijamii na kimwili, na kuepuka mikusanyiko ya aina zote.",Public Health,
Meru (Meru-North) County: Drought Early Warning Bulletin for July 2023,Kaunti ya Meru (Meru-Kaskazini): Taarifa ya Onyo la Mapema kuhusu Ukame Julai 2023,Disaster/Health,
"Kenya - Floods, update (Kenya Meteorological Department, media, International Charter) (ECHO Daily Flash of 14 May 2024)","Kenya - Mafuriko, sasisho (Idara ya Hali ya Hewa ya Kenya, vyombo vya habari, Mkataba wa Kimataifa) (ECHO Daily Flash ya 14 Mei 2024)",Disaster/Health,
Ministry of health issues cholera alert as 61 cases are confirmed,Wizara ya afya yatahadharisha kuhusu ugonjwa wa kipindupindu huku visa 61 vikithibitishwa,Disaster/Health,
Marsabit County: Drought Early Warning Bulletin for February 2024,Kaunti ya Marsabit: Taarifa ya Onyo la Mapema kuhusu Ukame kwa Februari 2024,Disaster/Health,
Historic drought in the Horn of Africa: Women and girls fleeing one crisis for another,Ukame wa kihistoria katika Pembe ya Afrika: Wanawake na wasichana wanaokimbia mgogoro mmoja kwa mwingine,Disaster/Health,
National Drought Early Warning Bulletin (April 2022),Taarifa ya Tahadhari ya Mapema ya Kitaifa (Aprili 2022),Disaster/Health,
Isiolo County: Drought Early Warning Bulletin for December 2023,Kaunti ya Isiolo: Taarifa ya Onyo la Mapema kuhusu Ukame la Desemba 2023,Disaster/Health,
The ministry of education with technical support of WFP have jointly implemented the school meal programs in food insecure regions of Kenya since 1980 with the objectives to encouraging parents to enroll and keep their children in schools and to encourage pupils to learn these school meal program has been implemented on five year phases since the inception.The SMP programme encompass provision of a mid-day meal to public primary school children in Arid and Semi-Arid Sub-Counties and the informal settlements of Nairobi. By 2008 1.2 million pupils were beneficiaries of the program and this has increased the number of beneficiaries to 1.6 million in Arid and selected schools in Semi-Arid lands.,Wizara ya elimu kwa usaidizi wa kiufundi wa WFP wametekeleza kwa pamoja programu za chakula shuleni katika maeneo yenye uhaba wa chakula nchini Kenya tangu 1980 kwa madhumuni ya kuwahimiza wazazi kuandikisha na kuwaweka watoto wao shuleni na kuwahimiza wanafunzi kujifunza mpango huu wa mlo wa shule umetekelezwa kwa awamu za miaka mitano tangu kuanzishwa. makazi yasiyo rasmi ya Nairobi. Kufikia 2008 wanafunzi milioni 1.2 walikuwa wanufaika wa mpango huu na hii imeongeza idadi ya wanufaika hadi milioni 1.6 katika shule Kame na zilizochaguliwa katika ardhi Nusu Kame.,General,
Kilifi County: Drought Early Warning Bulletin for July 2023,Kaunti ya Kilifi: Taarifa ya Onyo la Mapema kuhusu Ukame Julai 2023,Disaster/Health,
"6 Years on: how a water access project impacted lives in Churo, Kenya","Miaka 6: jinsi mradi wa upatikanaji wa maji ulivyoathiri maisha katika Churo, Kenya",Disaster/Health,
"The lesson is simple: information, on its own, has limited impact. When communities are involved, trust, adherence to recommendations, and the capacity to respond all increase. It is precisely this vision that underpins the WHO Regional Strategy for Africa on Community Protection and Resilience (2023–2030).","Somo ni rahisi: habari, peke yake, ina athari ndogo. Wakati jumuiya zinahusika, uaminifu, kuzingatia mapendekezo, na uwezo wa kujibu yote huongezeka. Ni dira hii haswa inayosisitiza Mkakati wa Kikanda wa WHO wa Afrika kuhusu Ulinzi na Ustahimilivu wa Jamii (2023–2030).",General,
Meru (Meru-North) County: Drought Early Warning Bulletin for May 2022,Kaunti ya Meru (Meru-Kaskazini): Taarifa ya Onyo la Mapema kuhusu Ukame ya Mei 2022,Disaster/Health,
Rapid Gender Analysis and Protection Assessment of Drought Situation in Marsabit County,Uchambuzi wa Haraka wa Jinsia na Tathmini ya Ulinzi wa Hali ya Ukame katika Kaunti ya Marsabit,Disaster/Health,
The Policy is aligned to the Fourth Medium -Term Plan (2023 -2027) of the Kenya Vision 2030 that prioritizes implementation of economic recovery strategies under the Government's BottomUp Economic Transformation Agenda (BETA) .,Sera hiyo inapatanishwa na Mpango wa Nne wa Muda wa Kati (2023 -2027) wa Dira ya 2030 ya Kenya ambayo inatanguliza utekelezwaji wa mikakati ya kufufua uchumi chini ya Agenda ya Serikali ya Mabadiliko ya Kiuchumi (BETA) .,Governance,
"PAUSTI receives funding from the African Development Bank (ADB) through the Government, Ministry of Education, under the recurrent funds for universities. The financial implication to the Ministry is about Kshs. 70 million disbursed to PAUSTI every year as grants for recurrent expenditure. The institute has used the savings to contract Phase I and II of the PAUSTI block.","PAUSTI inapata ufadhili kutoka Benki ya Maendeleo ya Afrika (ADB) kupitia Serikali, Wizara ya Elimu, chini ya fedha za matumizi ya kawaida kwa vyuo vikuu. Athari ya kifedha kwa Wizara ni takriban Kshs. milioni 70 zinazotolewa kwa PAUSTI kila mwaka kama ruzuku kwa matumizi ya kawaida. Taasisi imetumia akiba hiyo kwa mkataba wa Awamu ya I na II ya kitalu cha PAUSTI.",General,
"Lifelong treatment and care for mothers living with HIV, or eligible for treatment for HBV or syphilis.","Matibabu na matunzo ya maisha yote kwa akina mama wanaoishi na VVU, au wanaostahiki matibabu ya HBV au kaswende.",General,
"WFP Kenya Country Brief, August 2024","Muhtasari wa Nchi wa WFP Kenya, Agosti 2024",Disaster/Health,
The taskforce on Mental health led by Prof. Lukoye Atwoli today held its public participation sitting at Kisumu Town Hall after paying a courtesy call on Kisumu Deputy Governor Dr. Mathew Owili. @kenya_mental @syengomutisya @IAsin @JNJAfrica @LukoyeAtwoli @ChiromoLMC @G_Mbugua1,Kikosi kazi kuhusu Afya ya Akili kikiongozwa na Prof. Lukoye Atwoli leo kilifanya ushiriki wake wa umma katika Ukumbi wa Mji wa Kisumu baada ya kumtembelea Naibu Gavana wa Kisumu Dkt. Mathew Owili. @kenya_mental @syengomutisya @IAsin @JNJAfrica @LukoyeAtwoli @ChiromoLMC @G_Mbugua1,Public Health,
Embu (Mbeere) County: Drought Early Warning Bulletin for July 2024,Kaunti ya Embu (Mbeere): Taarifa ya Onyo la Mapema kuhusu Ukame Julai 2024,Disaster/Health,
Kenya - Ethiopia Bi-National Simulation Exercise on the Protection of People Displaced across Borders in Disaster,Kenya - Ethiopia Zoezi la Kuiga la Kitaifa Binafsi kuhusu Ulinzi wa Watu Waliohamishwa Kuvuka Mipaka Katika Maafa,Disaster/Health,
Kenya Turkana County - Turkana West - General Reference Map (09/11/2023),Kenya Kaunti ya Turkana - Turkana Magharibi - Ramani ya Marejeleo ya Jumla (09/11/2023),Disaster/Health,
Garissa County: Drought Early Warning Bulletin for October 2024,Kaunti ya Garissa: Taarifa ya Onyo la Mapema kuhusu Ukame kwa Oktoba 2024,Disaster/Health,
Water Mission Responding to East Africa Flooding with Emergency Safe Water,Ujumbe wa Maji Kukabiliana na Mafuriko ya Afrika Mashariki na Maji Salama ya Dharura,Disaster/Health,
"Concurrent outbreaks of cholera, measles (over 300 cases), dengue and Mpox are increasing public health risks.While no Ebola cases have been reported, Kenya remains at high risk, with preparedness led by the Kenya National Public Health Institute.","Washirika wa misaada ya kibinadamu wanaendelea kujibu. Kuanzia Januari hadi Aprili, washirika walilaza zaidi ya watoto 44,000 kwa matibabu ya utapiamlo mkali na kuwapima zaidi ya watoto 270,000 na wanawake wajawazito na wanaonyonyesha 74,000 katika kaunti saba.",Health,
"Building on this foundation, C-PEACE applies an integrated approach to deliver environmental, livelihood and peacebuilding outcomes in fragile settings.","Kwa kuzingatia msingi huu, C-PEACE inatumia mbinu jumuishi ili kutoa matokeo ya kimazingira, maisha na kujenga amani katika mazingira tete.",Disaster/Health,
Turkana County: Drought Early Warning Bulletin for July 2023,Kaunti ya Turkana: Taarifa ya Onyo la Mapema kuhusu Ukame Julai 2023,Disaster/Health,
3 million pupils in participating schools will benefit from more effective and present teachers as well as improved teaching-learning inputs,Wanafunzi milioni 3 katika shule zinazoshiriki watanufaika na walimu wenye ufanisi zaidi na waliopo pamoja na kuboresha pembejeo za kujifunzia.,General,
This issue is particularly significant with regard to the provision of HIV and sexual and reproductive health and rights (SRHR) for young people in eastern and southern Africa.,Suala hili ni muhimu hasa kuhusiana na utoaji wa VVU na afya ya ngono na uzazi na haki (SRHR) kwa vijana mashariki na kusini mwa Afrika.,Health,
Narok County: Drought Early Warning Bulletin for February 2023,Kaunti ya Narok: Taarifa ya Onyo la Mapema kuhusu Ukame kwa Februari 2023,Disaster/Health,
NDMA disburses Ksh1.1 billion for drought affected families,NDMA inatoa Ksh1.1 bilioni kwa familia zilizoathiriwa na ukame,Disaster/Health,
Kenya - Garissa County - Dadaab - Hagadera Refugee Camp - Education and Health Infrastructure - as of May 2022,Kenya - Kaunti ya Garissa - Dadaab - Kambi ya Wakimbizi ya Hagadera - Miundombinu ya Elimu na Afya - kuanzia Mei 2022,Disaster/Health,
National Drought Early Warning Bulletin (August 2023),Taarifa ya Tahadhari ya Mapema ya Kitaifa (Agosti 2023),Disaster/Health,
KOICA in partnership with Kajiado County Government and UNOPS hand over critical ICU equipment and medical supplies to Kitengela Sub-County Hospital,KOICA kwa ushirikiano na Serikali ya Kaunti ya Kajiado na UNOPS wakabidhi vifaa muhimu vya ICU na vifaa vya matibabu kwa Hospitali ya Kaunti Ndogo ya Kitengela.,Disaster/Health,
Lamu County: Drought Early Warning Bulletin for December 2022,Kaunti ya Lamu: Taarifa ya Onyo la Mapema kuhusu Ukame kwa Desemba 2022,Disaster/Health,
"Kenya, Africa | El Niño Floods 2023-24 - Final Report (MDRKE058)","Kenya, Afrika | Mafuriko ya El Niño 2023-24 - Ripoti ya Mwisho (MDRKE058)",Disaster/Health,
"The meeting which was graced by His Excellency the President, Uhuru Kenyatta, noted the increasing significance of a viable vaccine in the containment of the spread of Covid-19.","Mkutano huo ambao ulihudhuriwa na Mheshimiwa Rais, Uhuru Kenyatta, ulibainisha ongezeko la umuhimu wa chanjo inayoweza kutumika katika kuzuia kuenea kwa Covid-19.",Public Health,
"Consolidated guidelines on HIV prevention, testing, treatment, service delivery and monitoring: Recommendations for a public health approach","Miongozo iliyounganishwa juu ya kuzuia VVU, kupima, matibabu, utoaji wa huduma na ufuatiliaji: Mapendekezo ya mbinu ya afya ya umma.",General,
Kwale County: Drought Early Warning Bulletin for May 2023,Kaunti ya Kwale: Taarifa ya Onyo la Mapema kuhusu Ukame kwa Mei 2023,Disaster/Health,
"Africa CDC Epidemic Intelligence Weekly Report, 03 January 2025","Ripoti ya Kila Wiki ya Ujasusi wa Mlipuko wa Afrika CDC, 03 Januari 2025",Disaster/Health,
Kilifi County: Drought Early Warning Bulletin for June 2023,Kaunti ya Kilifi: Taarifa ya Onyo la Mapema kuhusu Ukame kwa Juni 2023,Disaster/Health,
Some found solutions in facilitation of extra teams to input information in the system in order to avoid backlogs and use of support from neighbours and family to pre-register vaccines before getting to the vaccination site.,Baadhi walipata suluhu katika kuwezesha timu za ziada za kuingiza taarifa kwenye mfumo ili kuepuka mrundikano na matumizi ya usaidizi kutoka kwa majirani na familia kusajili chanjo mapema kabla ya kufika kwenye tovuti ya chanjo.,Health,
"The PforR is grounded in the Government's NESSP II (2022 to 2026). NESSP II includes four pillars that are critical for addressing inequities in access to quality basic education: (i) access and participation; (ii) equity and inclusiveness; (iii) quality and relevance; and (iv) governance and accountability. Concerning regional access and quality, NESSP II aims to address regional disparities in access, and improvement in learning outcomes across the country. NESSP II also emphasizes girls' education and refugees' education as cross cutting issues.","PforR imejikita katika NESSP II ya Serikali (2022 hadi 2026). NESSP II inajumuisha nguzo nne ambazo ni muhimu katika kushughulikia ukosefu wa usawa katika upatikanaji wa elimu bora ya msingi: (i) upatikanaji na ushiriki; (ii) usawa na ushirikishwaji; (iii) ubora na umuhimu; na (iv) utawala na uwajibikaji. Kuhusu ufikiaji na ubora wa kikanda, NESSP II inalenga kushughulikia tofauti za kikanda katika ufikiaji, na uboreshaji wa matokeo ya kujifunza kote nchini. NESSP II pia inasisitiza elimu ya wasichana na elimu ya wakimbizi kama masuala mtambuka.",General,
"It is #immunizationweek and Nairobi County Health Team is doing a great thing by providing supportive supervision to the city health centres. Today they were at Nairobi South Health Centre assessing Covid19 IPC & Response, Immunization & other Programs. #KomeshaCorona update","Ni #wiki ya chanjo na Timu ya Afya ya Kaunti ya Nairobi inafanya jambo kubwa kwa kutoa usimamizi wa usaidizi kwa vituo vya afya vya jiji. Leo walikuwa katika Kituo cha Afya cha Nairobi South wakitathmini Covid19 IPC & Response, Chanjo na Mipango mingine. #KomeshaCorona sasisho",Public Health,
"WFP Kenya Country Brief, February 2024","Muhtasari wa Nchi wa WFP Kenya, Februari 2024",Disaster/Health,
Kenya Registered Refugees and Asylum-Seekers | November 2025,Wakimbizi Waliosajiliwa Kenya na Wanaotafuta Hifadhi | Novemba 2025,Disaster/Health,
"Breaking down stigmas and barriers to care in Mombasa, Kenya","Kuondoa unyanyapaa na vizuizi vya matunzo huko Mombasa, Kenya",Disaster/Health,
Samburu County: Drought Early Warning Bulletin for January 2023,Kaunti ya Samburu: Taarifa ya Onyo la Mapema kuhusu Ukame kwa Januari 2023,Disaster/Health,
"SHE-GROW (a contraction of ""Sustainable Holistic Empowerment: Growing Economic Resilience Opportunities for Women in Rural Africa"") is an 18-month initiative aimed at strengthening the economic resilience of women and their communities in Kenya, Côte d'Ivoire and Morocco.","SHE-GROW (ufupisho wa ""Uwezeshaji Endelevu wa Kijumla: Kukua Fursa za Kustahimili Kiuchumi kwa Wanawake katika Afrika Vijijini"") ni mpango wa miezi 18 unaolenga kuimarisha uthabiti wa kiuchumi wa wanawake na jumuiya zao nchini Kenya, Côte d'Ivoire na Morocco.",Disaster/Health,
Nyeri (Kieni) County: Drought Early Warning Bulletin for April 2024,Kaunti ya Nyeri (Kieni): Taarifa ya Onyo la Mapema kuhusu Ukame Aprili 2024,Disaster/Health,
AIRA Infodemic Trends Report 29 July - 5 August 2024 (Weekly Brief #130),Ripoti ya Mitindo ya Habari ya AIRA 29 Julai - 5 Agosti 2024 (Muhtasari wa Kila Wiki #130),Disaster/Health,
"The impacts of chronic heat are far-reaching and cumulative, affecting health, daily activities, livelihoods and productivity.","Madhara ya joto sugu ni makubwa na yanaongezeka, yanayoathiri afya, shughuli za kila siku, maisha na tija.",Health,
"Self-care isn't selfish; it's survival, strength, and showing up for yourself. Every choice to protect your health is a quiet act of power for you, and for the people who count on you. This International Self-Care Day, choose yourself. Take the walk. Book the check-up. Ask the questions. Rest when you need to. Choose one healthy habit today — and let it be the beginning of many. Your health is worth your time.","Kujitunza si choyo; ni usalama, nguvu, na kujisimamisha. Kila uchaguzi wa kulinda afya yako ni kitendo cha kimya cha mamlaka kwako na kwa watu wanaokutegemea. Siku hii ya Kujitunza Duniani, chagua nafsi yako. Tembea, panga uchunguzi wa afya, uliza maswali, na pumzika unapohitaji.",Health,
Makueni County: Drought Early Warning Bulletin for June 2023,Kaunti ya Makueni: Taarifa ya Onyo la Mapema kuhusu Ukame Juni 2023,Disaster/Health,
"Kenya - Floods, update (Reliefweb, NOAA) (ECHO Daily Flash of 23 November 2023)","Kenya - Mafuriko, sasisha (Reliefweb, NOAA) (ECHO Daily Flash ya 23 Novemba 2023)",Disaster/Health,
Consolidated guidelines on person-centred HIV strategic information: strengthening routine data for impact,Miongozo iliyounganishwa juu ya taarifa za kimkakati za VVU zinazomlenga mtu: kuimarisha data ya kawaida kwa athari,General,
Kenya first submitted AMR data to GLASS in 2021 and transitioned to individual-level reporting in 2025.,Kenya iliwasilisha data ya AMR kwa GLASS kwa mara ya kwanza mwaka wa 2021 na ikabadilika hadi kuripoti kiwango cha mtu binafsi mwaka wa 2025.,Disaster/Health,
"Migrants' Right to Health – Legal and Policy Instruments Related to Migrants' Access to Health Care, Social Protection and Labour in Selected East African Countries","Haki ya Afya ya Wahamiaji - Vyombo vya Kisheria na Sera vinavyohusiana na Upatikanaji wa Wahamiaji kwa Huduma za Afya, Ulinzi wa Jamii na Kazi katika Nchi Zilizochaguliwa za Afrika Mashariki.",Health,
Narok County: Drought Early Warning Bulletin for October 2022,Kaunti ya Narok: Taarifa ya Onyo la Mapema kuhusu Ukame kwa Oktoba 2022,Disaster/Health,
"Eighteen communities across the 3 countries, selected for their vulnerability to climate change and limited access to economic opportunities, are targeted.","Jumuiya kumi na nane katika nchi 3, zilizochaguliwa kwa uwezekano wao wa kuathiriwa na mabadiliko ya hali ya hewa na ufikiaji mdogo wa fursa za kiuchumi, zinalengwa.",Disaster/Health,
"Kenya - Flash floods (Kenya Met, media) (ECHO Daily Flash of 06 April 2023)","Kenya - Mafuriko makubwa (Kenya Met, vyombo vya habari) (ECHO Daily Flash ya 06 Aprili 2023)",Disaster/Health,
WFP Kenya Country Brief November 2025,Muhtasari wa Nchi wa WFP Kenya Novemba 2025,Disaster/Health,
Policy Brief: Breastfeeding for Resilience and a Healthier Planet Promoting Optimal Infant Feeding Practices Across the Mandera Triangle,Muhtasari wa Sera: Unyonyeshaji wa Maziwa ya Mama kwa Ustahimilivu na Sayari Yenye Afya Bora Kukuza Mbinu Bora za Kulisha Watoto Wachanga Katika Pembetatu ya Mandera.,Disaster/Health,
WHO ramps up COVID-19 support to hotspot countries in Africa6 August 2020,WHO yaongeza usaidizi wa COVID-19 kwa nchi hotspot barani Afrika6 Agosti 2020,General,
risk-reduction information and education and provision of naloxone;,habari za kupunguza hatari na elimu na utoaji wa naloxone;,General,
Kenya: Cholera Outbreak - Operational update (MDRKE054),Kenya: Mlipuko wa Kipindupindu - Usasishaji wa Uendeshaji (MDRKE054),Disaster/Health,
Makueni County: Drought Early Warning Bulletin for July 2023,Kaunti ya Makueni: Taarifa ya Onyo la Mapema kuhusu Ukame Julai 2023,Disaster/Health,
"Though the overall coverage was higher than the national average, it was limited by availability of commodities; therefore addressing procurement inefficiencies to ensure regular availability of all necessary HPV screening commodities is necessary for an effective HPV-based cervical cancer screening program rollout.","Ingawa huduma ya jumla ilikuwa kubwa kuliko wastani wa kitaifa, ilipunguzwa na upatikanaji wa bidhaa; kwa hivyo kushughulikia upungufu wa manunuzi ili kuhakikisha upatikanaji wa mara kwa mara wa bidhaa zote muhimu za uchunguzi wa HPV ni muhimu kwa ajili ya uanzishaji wa mpango wa uchunguzi wa saratani ya shingo ya kizazi unaozingatia HPV.",Health,
Turkana County: Drought Early Warning Bulletin for January 2023,Kaunti ya Turkana: Taarifa ya Onyo la Mapema kuhusu Ukame kwa Januari 2023,Disaster/Health,
UNICEF Kenya Humanitarian Situation Report (Year End) - 01 January to 31 December 2024,Ripoti ya Hali ya Kibinadamu ya UNICEF Kenya (Mwisho wa Mwaka) - 01 Januari hadi 31 Desemba 2024,Disaster/Health,
Nyeri (Kieni) County: Drought Early Warning Bulletin for March 2023,Kaunti ya Nyeri (Kieni): Taarifa ya Onyo la Mapema kuhusu Ukame Machi 2023,Disaster/Health,
Between drought and deluge: the fragility of 'resilience' in Kakuma Refugee Camp,Kati ya ukame na mafuriko: udhaifu wa 'ustahimilivu' katika Kambi ya Wakimbizi ya Kakuma.,Disaster/Health,
Kajiado County: Drought Early Warning Bulletin for September 2022,Kaunti ya Kajiado: Taarifa ya Onyo la Mapema kuhusu Ukame la Septemba 2022,Disaster/Health,
Nyeri (Kieni) County: Drought Early Warning Bulletin for December 2022,Kaunti ya Nyeri (Kieni): Taarifa ya Onyo la Mapema kuhusu Ukame Desemba 2022,Disaster/Health,
"Awareness of heat risks and potential adaptation measures appears low, while financial constraints, lack of technical skills and insecure land tenure discourage investments to make homes safer and more resilient to rising temperatures.","Uelewa wa hatari za joto na hatua zinazowezekana za kukabiliana na hali hiyo unaonekana kuwa mdogo, ilhali vikwazo vya kifedha, ukosefu wa ujuzi wa kiufundi na umiliki wa ardhi usio salama hukatisha tamaa uwekezaji ili kufanya nyumba kuwa salama na kustahimili joto linaloongezeka.",Disaster/Health,
"Satellite detected water extent in Garissa City, Dujis County, Garissa Province, Kenya as of 26 November 2023 - Imagery Analysis: 26/11/2023 | Published 27/11/2023 V1","Satelaiti imetambua kiwango cha maji katika Jiji la Garissa, Kaunti ya Dujis, Mkoa wa Garissa, Kenya kufikia tarehe 26 Novemba 2023 - Uchambuzi wa Picha: 26/11/2023 | Ilichapishwa 27/11/2023 V1",Disaster/Health,
Butere Subcounty public health officers conducts #COVID19 screening and sensitization along the road to prevent the potential spread of the virus within the communities. #KomeshaCorona update.,Maafisa wa afya ya umma wa Kaunti Ndogo ya Butere hufanya uchunguzi na uhamasishaji wa #COVID19 barabarani ili kuzuia uwezekano wa kuenea kwa virusi ndani ya jamii. #KomeshaCorona sasisho.,Public Health,
Samburu County: Drought Early Warning Bulletin for July 2023,Kaunti ya Samburu: Taarifa ya Onyo la Mapema kuhusu Ukame Julai 2023,Disaster/Health,
"WFP Kenya Country Brief, May 2025","Muhtasari wa Nchi wa WFP wa Kenya, Mei 2025",Disaster/Health,
Wajir County: Drought Early Warning Bulletin for June 2024,Kaunti ya Wajir: Taarifa ya Onyo la Mapema kuhusu Ukame kwa Juni 2024,Disaster/Health,
"Under the Federation-wideIFRC Emergency Appeal for Kenya: Complex Emergency, KRCS is delivering a coordinated, multi-sector response combining food assistance, safe water, health and nutrition services, cash, and livelihoods support.","Chini ya Rufaa ya Dharura ya Shirikisho la Kimataifa la IFRC kwa Kenya: Dharura Changamano, KRCS inatoa mwitikio ulioratibiwa, wa sekta mbalimbali unaochanganya usaidizi wa chakula, maji salama, huduma za afya na lishe, pesa taslimu na usaidizi wa kujikimu kimaisha.",Health,
"The Kenya Cash Consortium's Locally Led Multi-Purpose Cash Response to Flood-Affected Refugees in Kenya: Endline - Baringo, Garissa, Marsabit, and Tana River Counties, April, 2024","Mwitikio wa Pesa wa Malengo Mbalimbali wa Kenya Cash Consortium kwa Wakimbizi Walioathiriwa na Mafuriko nchini Kenya: Endline - Kaunti za Baringo, Garissa, Marsabit na Tana River, Aprili, 2024",Disaster/Health,
"If in need call Ministry of Health emergency teams on: 0729471414 and 0732353535 for help or follow @MOH_Kenya , @SpokespersonGoK , @WHO . for #COVID19 updates","Ikiwa unahitaji piga simu timu za dharura za Wizara ya Afya kwa: 0729471414 na 0732353535 kwa usaidizi au ufuate @MOH_Kenya , @SpokespersonGoK , @WHO. kwa sasisho za #COVID19",Public Health,
Curbing the march of African Armyworm,Kuzuia maandamano ya African Armyworm,Disaster/Health,
Kwale County: Drought Early Warning Bulletin for May 2024,Kaunti ya Kwale: Taarifa ya Onyo la Mapema kuhusu Ukame kwa Mei 2024,Disaster/Health,
Strengthening Self-reliance among drought-affected communities in Eastern Africa,Kuimarisha Kujitegemea miongoni mwa jamii zilizoathiriwa na ukame katika Afrika Mashariki,Disaster/Health,
Kenya - Northern Kenya: Drought Severity and Population Exposure in Turkana County (28 Jan 2026),Kenya - Kaskazini mwa Kenya: Ukali wa Ukame na Mfichuo wa Idadi ya Watu katika Kaunti ya Turkana (28 Januari 2026),Disaster/Health,
"Recha*, a group member, shared that since Acted started supporting their association in 2025, the situation is turning around.","Recha*, mwanakikundi, alishiriki kwamba tangu Acted ianze kuunga mkono chama chao mwaka 2025, hali inabadilika.",Disaster/Health,
"The type of scholarships includes those which are either fully or partially funded. Full scholarships cater for the cost of airfare, tuition and medical insurance in addition to a stipend which assists the student in paying for accommodation and meals. In Partial Scholarships, the donor country meets only part of the total expenses. Usually the donor country pays for tuition fees only. The student is required to meet the cost of airfare, accommodation, medical insurance cover and other expenses related to the course of study.","Aina ya masomo ni pamoja na yale ambayo yanafadhiliwa kikamilifu au sehemu. Ufadhili kamili wa masomo hutosheleza gharama ya nauli ya ndege, masomo na bima ya matibabu pamoja na posho ambayo humsaidia mwanafunzi kulipia malazi na chakula. Katika Masomo ya Sehemu, nchi wafadhili hukutana tu sehemu ya jumla ya gharama. Kawaida nchi wafadhili hulipia ada ya masomo pekee. Mwanafunzi anatakiwa kukidhi gharama ya nauli ya ndege, malazi, bima ya matibabu na gharama nyingine zinazohusiana na kipindi cha masomo.",General,
"In the past year, WHO has supported 14 of the 47 counties in Kenya to develop a pool of facility-based mentors of emergency obstetric and newborn care, helping ensure that more women can access skilled care during pregnancy and childbirth, even in the most hard-to-reach areas.","Katika mwaka uliopita, WHO imesaidia kaunti 14 kati ya 47 nchini Kenya kuendeleza kundi la washauri wa dharura wa uzazi na watoto wanaozaliwa, na kusaidia kuhakikisha kwamba wanawake wengi zaidi wanaweza kupata huduma za ujuzi wakati wa ujauzito na kujifungua, hata katika maeneo magumu kufikiwa.",Health,
Policy Brief: From Stateless to Citizens: the journey of the Shona community in Kenya,Muhtasari wa Sera: Kutoka kwa Wasio na Uraia hadi kwa Raia: safari ya jumuiya ya Washona nchini Kenya,Disaster/Health,
Building on Ebola response to tackle COVID-19 in DRC25 June 2020,Kujenga mwitikio wa Ebola kukabiliana na COVID-19 nchini DRC25 Juni 2020,General,
The national HIV drug resistance working groups that coordinate WHO-recommended surveys must use a WHO-designated genotyping laboratory to provide quality-assured testing services for drug resistance surveys.,Vikundi kazi vya kitaifa vya ukinzani wa dawa za VVU ambavyo vinaratibu tafiti zilizopendekezwa na WHO lazima zitumie maabara ya uchapaji jeni iliyoteuliwa na WHO kutoa huduma za upimaji wa ubora wa tafiti za ukinzani wa dawa.,General,
"East Africa Regional Maize Supply and Market Outlook, 29 November 2023","Mtazamo wa Ugavi wa Mahindi katika Kanda ya Afrika Mashariki na soko, tarehe 29 Novemba 2023",Disaster/Health,
Missed Opportunities: A Scorecard on the Jubilee Administration and Lessons for the Next Government,Fursa Zilizokosa: Kadi ya Alama kuhusu Utawala wa Jubilee na Masomo kwa Serikali Inayofuata,Disaster/Health,
Peace Actors Forum Revives Coordination Activities to Address Conflict in Wajir,Jukwaa la Waigizaji wa Amani Linafufua Shughuli za Uratibu ili Kushughulikia Migogoro huko Wajir,Disaster/Health,
"As a catalyst for self-reliance and health security, the strategy advances Kenya's strategic interests regionally, riding on the goodwill of the President's lead role as AU champion on Local Manufacturing.","Maoni muhimu kutoka kwa uchanganuzi wa mazingira yanaonyesha mfumo ikolojia wa utengenezaji wa ndani uliogawanyika na changamoto mtambuka ambazo zinahusisha wizara na mashirika mengi, na hivyo kuzuia maendeleo kuelekea Huduma ya Afya kwa Wote.",Health,
Embu (Mbeere) County: Drought Early Warning Bulletin for August 2023,Kaunti ya Embu (Mbeere): Taarifa ya Onyo la Mapema kuhusu Ukame kwa Agosti 2023,Disaster/Health,
Meru (Meru-North) County: Drought Early Warning Bulletin for July 2024,Kaunti ya Meru (Meru-Kaskazini): Taarifa ya Onyo la Mapema kuhusu Ukame Julai 2024,Disaster/Health,
Lamu County: Drought Early Warning Bulletin for April 2024,Kaunti ya Lamu: Taarifa ya Onyo la Mapema kuhusu Ukame Aprili 2024,Disaster/Health,
"Amid a high cross-border risk from the ongoing Ebola Bundibugyo virus disease outbreak in the Democratic Republic of the Congo and Uganda, the Government, with support from UN agencies and partners, has initiated preparedness measures.","Huku kukiwa na hatari kubwa ya kuvuka mpaka kutokana na mlipuko wa ugonjwa wa Ebola Bundibugyo unaoendelea katika Jamhuri ya Kidemokrasia ya Kongo na Uganda, Serikali, kwa msaada wa mashirika ya Umoja wa Mataifa na washirika, imeanzisha hatua za kujitayarisha.",Health,
Baringo County: Drought Early Warning Bulletin for March 2022,Kaunti ya Baringo: Taarifa ya Onyo la Mapema kuhusu Ukame kwa Machi 2022,Disaster/Health,
"WFP Kenya Country Brief, June 2025","Muhtasari wa Nchi wa WFP wa Kenya, Juni 2025",Disaster/Health,
Makueni County: Drought Early Warning Bulletin for April 2024,Kaunti ya Makueni: Taarifa ya Onyo la Mapema kuhusu Ukame Aprili 2024,Disaster/Health,
"Kenya - Garissa County - Dadaab - Ifo Refugee Camp - Administration offices, Financial Institutions, Markets and Community Facilities Infrastructure - as of May 2022","Kenya - Kaunti ya Garissa - Dadaab - Kambi ya Wakimbizi ya Ifo - Ofisi za Utawala, Taasisi za Kifedha, Miundombinu ya Masoko na Vifaa vya Jamii - hadi Mei 2022",Disaster/Health,
Embu (Mbeere) County: Drought Early Warning Bulletin for December 2023,Kaunti ya Embu (Mbeere): Taarifa ya Onyo la Mapema kuhusu Ukame Desemba 2023,Disaster/Health,
"Floods Impact and Interventions, 2024, as of 07.05.24","Athari na Afua za Mafuriko, 2024, kufikia tarehe 07.05.24",Disaster/Health,
Wajir County: Drought Early Warning Bulletin for August 2024,Kaunti ya Wajir: Taarifa ya Onyo la Mapema kuhusu Ukame kwa Agosti 2024,Disaster/Health,
Former refugee wins global Nansen award for championing education for displaced children,Mkimbizi wa zamani ashinda tuzo ya kimataifa ya Nansen kwa kutetea elimu kwa watoto waliokimbia makazi yao,Disaster/Health,
"I will not tire in reminding you of the basic containment measures. Namely: washing your hands with soap and running water, maintaining social and physical distance, wearing of face masks at all times when in public places & avoid all forms of gatherings; CS Mutahi Kagwe.","Sitachoka kukukumbusha hatua za msingi za kuzuia. Yaani: kunawa mikono kwa sabuni na maji yanayotiririka, kudumisha umbali wa kijamii na kimwili, kuvaa vinyago wakati wote unapokuwa katika maeneo ya umma na kuepuka aina zote za mikusanyiko; CS Mutahi Kagwe.",Public Health,
Strengthening the Future: Assessing Resilience Gaps in Kenya's Drought-Hit Turkana and West Pokot,Kuimarisha Wakati Ujao: Kutathmini Mapungufu ya Ustahimilivu katika Turkana ya Kenya Iliyokumbwa na Ukame na Pokot Magharibi.,Disaster/Health,
"Kenya Key Message Update September 2023: Pastoral areas remain in Crisis (IPC Phase 3) as the pastoral lean season concludes, 2023","Taarifa Muhimu ya Ujumbe wa Kenya Septemba 2023: Maeneo ya wafugaji yamesalia katika Mgogoro (IPC Awamu ya 3) huku msimu wa konda wa wafugaji ukikamilika, 2023",Disaster/Health,
Kenya: Heavy Rains and Flooding Update - Flash Update #4 (03 May 2024),Kenya: Mvua Kubwa na Taarifa ya Mafuriko - Sasisho la Flash #4 (03 Mei 2024),Disaster/Health,
Marsabit County: Drought Early Warning Bulletin for July 2024,Kaunti ya Marsabit: Taarifa ya Onyo la Mapema kuhusu Ukame Julai 2024,Disaster/Health,
"Nairobi - Kenya has launched the Kenya Health Products and Technologies Local Manufacturing Strategy 2026–2030, a five-year roadmap to expand local production of medicines, vaccines, diagnostics and medical devices, and …","Nairobi - Kenya imezindua Mkakati wa Uzalishaji wa Bidhaa za Afya na Teknolojia wa Kenya 2026-2030, ramani ya miaka mitano ya kupanua uzalishaji wa ndani wa dawa, chanjo, uchunguzi na vifaa vya matibabu, na ...",General,
"Kenya Quarterly Update, (January – March 2023)","Sasisho la Robo la Kenya, (Januari - Machi 2023)",Disaster/Health,
Kenya: Witnesses Describe Police Killing Protesters,Kenya: Mashahidi Waeleza Polisi Wanawaua Waandamanaji,Disaster/Health,
"In the event that one's condition deteriorates, then they should call 719, or send a SMS to *719#, or, notify the designated health care worker. #KomeshaCorona update.","Katika tukio ambalo hali ya mtu inazorota, basi wanapaswa kupiga simu 719, au kutuma SMS kwa *719#, au, kumjulisha mfanyakazi wa afya aliyeteuliwa. #KomeshaCorona sasisho.",Public Health,
Climate Crises on Health and Livelihoods: The Unheard Tales of Garfasa Community in Isiolo,Migogoro ya Hali ya Hewa kuhusu Afya na Riziki: Hadithi Zisizosikika za Jumuiya ya Garfasa huko Isiolo,Disaster/Health,
Voices of the People: Impediments to Peace and Community Resilience in Kenya's North Rift Region,Sauti za Watu: Vikwazo vya Amani na Ustahimilivu wa Jamii katika Mkoa wa Kaskazini mwa Ufa wa Kenya,Disaster/Health,
"This is in accordance with Article 201 of the Constitution and Section 35 (2) of the Public Finance Management Act, 2012 which requires public participation on all public finance matters.","Hii ni kwa mujibu wa Ibara ya 201 ya Katiba na Kifungu cha 35 (2) cha Sheria ya Usimamizi wa Fedha za Umma, 2012 inayotaka ushirikishwaji wa umma katika masuala yote ya fedha za umma.",Governance,
Women-Led Support Groups Provide Hope for Communities Facing Drought,Vikundi vya Usaidizi vinavyoongozwa na Wanawake vinatoa Matumaini kwa Jamii Zinazokabiliana na Ukame,Disaster/Health,
Kajiado County: Drought Early Warning Bulletin for May 2024,Kaunti ya Kajiado: Taarifa ya Onyo la Mapema kuhusu Ukame la Mei 2024,Disaster/Health,
West Pokot: Drought Early Warning Bulletin for October 2022,Pokot Magharibi: Taarifa ya Onyo la Mapema kuhusu Ukame kwa Oktoba 2022,Disaster/Health,
"Kenya Drought Advocacy Brief: Garissa, Mandera, Marsabit, Turkana, and Wajir - April 2023","Muhtasari wa Utetezi wa Ukame Kenya: Garissa, Mandera, Marsabit, Turkana, na Wajir - Aprili 2023",Disaster/Health,
Somali refugees in Kenya: increasing camp-urban mobility,Wakimbizi wa Kisomali nchini Kenya: kuongeza uhamaji wa kambi-mijini,Disaster/Health,
Meru (Meru-North) County: Drought Early Warning Bulletin for February 2023,Kaunti ya Meru (Meru-Kaskazini): Taarifa ya Onyo la Mapema kuhusu Ukame Februari 2023,Disaster/Health,
"In cognizant of the measures we have taken to fight #COVID19, we have witnessed a spike in Domestic violence, Gender-based violence & Sexual Offences. As we address the issue through relevant agencies we call on Kenyans to focus on fighting the virus not violence #KomeshaCorona","Kwa kuzingatia hatua ambazo tumechukua kupambana na #COVID19, tumeshuhudia ongezeko kubwa la unyanyasaji wa majumbani, unyanyasaji wa kijinsia na Makosa ya Kijinsia. Tunaposhughulikia suala hilo kupitia mashirika husika tunatoa wito kwa Wakenya kuzingatia kupambana na virusi hivyo wala si ghasia #KomeshaCorona",Public Health,
Laikipia County: Drought Early Warning Bulletin for January 2024,Kaunti ya Laikipia: Taarifa ya Onyo la Mapema kuhusu Ukame la Januari 2024,Disaster/Health,
"CAS, Dr. Rashid Aman: Flouting of the containment measures by our people remains a major concern. The mandatory requirement of wearing a face mask in public places is not being adhered to in many parts of the Country. #COVID19Update:","CAS, Dk. Rashid Aman: Kukiukwa kwa hatua za kuzuia na watu wetu bado ni jambo la kusumbua sana. Sharti la lazima la kuvaa barakoa katika maeneo ya umma halifuatwi katika sehemu nyingi za Nchi. #Sasisho la COVID19:",Public Health,
Kenya: IFRC launches CHF 15 million emergency appeal as climate extremes push millions to the brink,Kenya: IFRC yazindua rufaa ya dharura ya CHF milioni 15 huku hali mbaya ya hewa ikisukuma mamilioni ukingoni,Disaster/Health,
"EHAGL Region: Community Feedback Analysis Report, January - March 2024","Mkoa wa EHAGL: Ripoti ya Uchambuzi wa Maoni ya Jamii, Januari - Machi 2024",Disaster/Health,
"Heatstroke Prevention: Resources to help educate parents and caregivers about the dangers of hot cars, including children getting trapped in an unlocked vehicle, being forgotten or left.","Kuzuia Mlipuko wa Joto (Heatstroke): Rasilimali za kuelimisha wazazi na walezi kuhusu hatari za magari yenye joto kali, ikiwa ni pamoja na watoto kukwama kwenye gari lililo wazi, kusahaulika au kuachwa ndani.",Health,
Research on systemic barriers towards access and usage of housing finance in Kenya,Utafiti kuhusu vikwazo vya kimfumo kuelekea upatikanaji na matumizi ya fedha za makazi nchini Kenya,Disaster/Health,
"2. To promote and manage quality Science and Technology outputs through forums, repositories and National Innovation System.","2. Kukuza na kusimamia ubora wa matokeo ya Sayansi na Teknolojia kupitia vikao, hazina na Mfumo wa Kitaifa wa Ubunifu.",General,
Ongoing drought in the Horn of Africa severely impacts women,Ukame unaoendelea katika Pembe ya Afrika unaathiri sana wanawake,Disaster/Health,
"HIV infection is often diagnosed through rapid diagnostic tests (RDTs), which detect the presence or absence of HIV antibodies. Most often these tests provide same-day test results, which are essential for same-day diagnosis and early treatment and care.","Maambukizi ya VVU mara nyingi hugunduliwa kupitia vipimo vya haraka vya uchunguzi (RDTs), ambavyo hutambua kuwepo au kutokuwepo kwa kingamwili za VVU. Mara nyingi vipimo hivi hutoa matokeo ya mtihani wa siku moja, ambayo ni muhimu kwa uchunguzi wa siku hiyo hiyo na matibabu ya mapema na utunzaji.",General,
Baringo County: Drought Early Warning Bulletin for November 2022,Kaunti ya Baringo: Taarifa ya Onyo la Mapema kuhusu Ukame ya Novemba 2022,Disaster/Health,
FAO empowers Kenyan desert locust frontline counties in surveillance and reporting,FAO inazipa nguvu kaunti zilizo mstari wa mbele wa nzige wa jangwani nchini Kenya katika ufuatiliaji na utoaji taarifa,Disaster/Health,
"These competencies must reach border points where the first contact happens."" The next steps agreed with the Ministry of Health and partners include scaling the training to Kakuma, developing a simplified module for community health promoters and promoting broader enrolment in the WHO Academy course.","Ustadi huu lazima ufikie maeneo ya mpaka ambapo mawasiliano ya kwanza hutokea."" Hatua zinazofuata zilizokubaliwa na Wizara ya Afya na washirika ni pamoja na kuongeza mafunzo hadi Kakuma, kuunda moduli iliyorahisishwa kwa wakuzaji afya ya jamii na kukuza uandikishaji mpana zaidi katika kozi ya Chuo cha WHO.",Health,
"The WHO exhibition booth promises to be a dynamic and meaningful space, featuring latest WHO publications, an interactive virtual reality installation which simulates polio vaccination in a community, and a demonstration of a WHO-developed AI application for emergency response.","Banda la maonyesho la WHO linaahidi kuwa nafasi inayobadilika na yenye maana, inayojumuisha machapisho ya hivi punde ya WHO, usakinishaji shirikishi wa uhalisia pepe ambao huiga chanjo ya polio katika jumuiya, na onyesho la ombi la AI iliyotengenezwa na WHO kwa ajili ya kukabiliana na dharura.",Health,
Impact Case Study: Improving access to emergency surgery in Kenya,Uchunguzi wa Athari: Kuboresha ufikiaji wa upasuaji wa dharura nchini Kenya,Disaster/Health,
Nyeri (Kieni) County: Drought Early Warning Bulletin for July 2023,Kaunti ya Nyeri (Kieni): Taarifa ya Onyo la Mapema kuhusu Ukame Julai 2023,Disaster/Health,
"Committing to sustaining immunization systems, Kitui county is sensitizing religious leaders in all sub-counties in the context of COVID-19 pandemic courtesy of KANCO. #KomeshaCorona update.","Kwa kujitolea kudumisha mifumo ya chanjo, kaunti ya Kitui inawahamasisha viongozi wa kidini katika kaunti zote ndogo katika muktadha wa janga la COVID-19 kwa hisani ya KANCO. #KomeshaCorona sasisho.",Public Health,
"C-HERP project is designed to assist countries to prevent, detect and respond to the threat posed by COVID-19, and to strengthen the national systems for public health preparedness and responsiveness. #KomeshaCorona","Mradi wa C-HERP umeundwa ili kusaidia nchi kuzuia, kugundua na kukabiliana na tishio linaloletwa na COVID-19, na kuimarisha mifumo ya kitaifa ya kujiandaa na kuitikia afya ya umma. #KomeshaCorona",Public Health,
Laikipia County: Drought Early Warning Bulletin for July 2024,Kaunti ya Laikipia: Taarifa ya Onyo la Mapema kuhusu Ukame Julai 2024,Disaster/Health,
"Kenya - Floods, cholera update (UN OCHA, NOAA-CPC) (ECHO Daily Flash of 22 December 2023)","Kenya - Mafuriko, sasisho la kipindupindu (UN OCHA, NOAA-CPC) (ECHO Daily Flash ya 22 Desemba 2023)",Disaster/Health,
"Further strengthening the fiscal systems in Kenya, the Division of Revenue Act, 2026. defines how resources are shared between national and county governments and enables counties to finance critical services, including DRM.","Kuimarisha zaidi mifumo ya kifedha nchini Kenya, Sheria ya Mgawanyo wa Mapato, 2026. inafafanua jinsi rasilimali zinavyogawanywa kati ya serikali za kitaifa na kaunti na kuwezesha kaunti kufadhili huduma muhimu, pamoja na DRM.",Governance,
Kenya: El Nino Floods 2023 - Emergency Appeal (MDRKE058),Kenya: Mafuriko ya El Nino 2023 - Rufaa ya Dharura (MDRKE058),Disaster/Health,
National Drought Early Warning Bulletin (October 2023),Taarifa ya Onyo la Mapema la Kitaifa (Oktoba 2023),Disaster/Health,
Kwale County: Drought Early Warning Bulletin for September 2024,Kaunti ya Kwale: Taarifa ya Onyo la Mapema kuhusu Ukame kwa Septemba 2024,Disaster/Health,
"Abdirizak Kontoma, Kenya Cash Consortium Coordinator and Project Manager, on the goals of the 2026 action.","Abdirizak Kontoma, Mratibu wa Kenya Cash Consortium na Meneja Mradi, kuhusu malengo ya hatua ya 2026.",Disaster/Health,
Embu (Mbeere) County: Drought Early Warning Bulletin for March 2023,Kaunti ya Embu (Mbeere): Taarifa ya Onyo la Mapema kuhusu Ukame Machi 2023,Disaster/Health,
Lagdera Sub-County Community Health Focal person Issa Hajj sensitizing herders on COVID-19 at Ohiyo water point. He also distributed masks & provided immunization services. #KomeshaCorona @garissacounty2,Msimamizi wa Afya ya Jamii katika Kaunti Ndogo ya Lagdera Issa Hajj akiwahamasisha wafugaji kuhusu COVID-19 katika kituo cha maji cha Ohio. Pia alisambaza barakoa na kutoa huduma za chanjo. #KomeshaCorona @garissacounty2,Public Health,
Dr. Muoria holds a PhD from Jomo Kenyatta University of Agriculture and Technology and has published in several journals.,Dkt. Muoria ana PhD kutoka Chuo Kikuu cha Kilimo na Teknolojia cha Jomo Kenyatta na amechapisha katika majarida kadhaa.,General,
"ALERT Exposing yourself to the or to temperatures than 25C degrees DOES NOT prevent the #COVID-19 To protect yourself, make sure you Clean yourfrequently and thoroughly Avoid touching your Read more health.go.ke #KomeshaCorona","TAHADHARI Kujiweka katika mazingira hatarishi kwa halijoto au zaidi ya nyuzi joto 25 C HAIZUII #COVID-19 Ili kujilinda, hakikisha kuwa Unasafisha mara kwa mara na kwa Ukamilifu Epuka kugusa afya yako zaidi.go.ke #KomeshaCorona",Public Health,
Kigali—Cervical cancer is the most common cancer among women in Rwanda. With around 1230 new diagnoses and around 830 deaths each year the disease is an ongoing concern for health authorities.To lower the burden of the d…,Kigali—Saratani ya shingo ya kizazi ndiyo saratani inayojulikana zaidi miongoni mwa wanawake nchini Rwanda. Huku kukiwa na wagonjwa wapya 1230 na takriban vifo 830 kila mwaka ugonjwa huo ni wasiwasi unaoendelea kwa mamlaka za afya. Ili kupunguza mzigo wa d…,General,
"Where markets are functioning, KRCS is scaling unconditional cash transfer modality to enhance household purchasing power and dignity.","Ambapo masoko yanafanya kazi, KRCS inaongeza mbinu ya uhawilishaji pesa bila masharti ili kuimarisha uwezo na heshima ya ununuzi wa kaya.",Disaster/Health,
Nyeri (Kieni) County: Drought Early Warning Bulletin for July 2022,Kaunti ya Nyeri (Kieni): Taarifa ya Onyo la Mapema kuhusu Ukame Julai 2022,Disaster/Health,
Kenya Situation Update | July 2023: Al-Shabaab Attacks Surge Ahead of Somalia-Kenya Border Reopening,Sasisho la Hali ya Kenya | Julai 2023: Mashambulio ya Al-Shabaab Yaendelea Kabla ya Kufunguliwa tena kwa Mpaka wa Somalia na Kenya,Disaster/Health,
Tobacco use and alcohol intake increase your risk of developing #breastcancer Choose a #healthier lifestyle to protect yourself. #GiveHopeSaveLives,Utumiaji wa tumbaku na unywaji wa pombe huongeza hatari yako ya kupata #saratani ya matiti Chagua mtindo wa #maisha bora ili kujilinda. #ToaTumainiOkoaMaisha,Public Health,
"Our teams are continuing with the targeted testing exercise in areas we have identified as hotspots, such as Kawangware, Eastleigh & Mvita in Mombasa County to identify & isolate the infected in order to prevent further transmission. #KomeshaCorona","Timu zetu zinaendelea na zoezi linalolengwa la upimaji katika maeneo ambayo tumetambua kuwa maeneo yanayovutia watu wengi, kama vile Kawangware, Eastleigh & Mvita katika Kaunti ya Mombasa ili kutambua na kuwatenga walioambukizwa ili kuzuia maambukizi zaidi. #KomeshaCorona",Public Health,
New steps on climate action for Kenya's urban poor,Hatua mpya juu ya hatua ya hali ya hewa kwa maskini wa mijini wa Kenya,Disaster/Health,
Garissa County: Drought Early Warning Bulletin for May 2023,Kaunti ya Garissa: Taarifa ya Onyo la Mapema kuhusu Ukame kwa Mei 2023,Disaster/Health,
Meru (Meru-North) County: Drought Early Warning Bulletin for September 2023,Kaunti ya Meru (Meru-Kaskazini): Taarifa ya Onyo la Mapema kuhusu Ukame kwa Septemba 2023,Disaster/Health,
Kenya: How a village Elder and his horn are keeping people safe from diseases,Kenya: Jinsi Mzee wa kijiji na pembe yake wanavyolinda watu dhidi ya magonjwa,Disaster/Health,
The trans ition was subsequently gazette d on 30th August 2024 (Gazette Notice No. 11033).,Mabadiliko hayo yalitangazwa kwenye gazeti la serikali tarehe 30 Agosti 2024 ( Notisi ya Gazeti Na. 11033).,Governance,
Wajir County: Drought Early Warning Bulletin for July 2023,Kaunti ya Wajir: Taarifa ya Onyo la Mapema kuhusu Ukame Julai 2023,Disaster/Health,
"African Universities; EU-Africa policy dialogues; London School of Economics Africa Summit, among others. She holds a B.Ed and M. Phil in Planning and Economics of Education, Moi University, Kenya; PhD from the University of Athens, and has received further training at the International Institute of Educational Planning in Paris, France.","Vyuo Vikuu vya Kiafrika; Mijadala ya sera ya EU-Afrika; London School of Economics Africa Summit, miongoni mwa mengine. Ana B.Ed na M. Phil katika Mipango na Uchumi wa Elimu, Chuo Kikuu cha Moi, Kenya; PhD kutoka Chuo Kikuu cha Athens, na amepata mafunzo zaidi katika Taasisi ya Kimataifa ya Mipango ya Kielimu huko Paris, Ufaransa.",General,
"This allows countries to collect and analyse more detailed information on resistance trends, helping health authorities make better-informed decisions on treatment, prevention and antimicrobial stewardship.","Hili huruhusu nchi kukusanya na kuchambua maelezo ya kina zaidi kuhusu mienendo ya ukinzani, kusaidia mamlaka za afya kufanya maamuzi yenye ufahamu zaidi kuhusu matibabu, uzuiaji na usimamizi wa antimicrobial.",Health,
Kilifi County: Drought Early Warning Bulletin for February 2024,Kaunti ya Kilifi: Taarifa ya Onyo la Mapema kuhusu Ukame kwa Februari 2024,Disaster/Health,
Be alert in parking lots - have keys ready and check backseat before entering.,Kuwa mwangalifu katika maegesho ya magari - uwe na funguo tayari na uangalie kiti cha nyuma kabla ya kuingia.,Security,
Mandera County: Drought Early Warning Bulletin for May 2024,Kaunti ya Mandera: Taarifa ya Onyo la Mapema kuhusu Ukame la Mei 2024,Disaster/Health,
Early warning systems and dryland communities in the Horn of Africa: Kenya country report,Mifumo ya hadhari ya mapema na jumuiya za nchi kavu katika Pembe ya Afrika: Ripoti ya nchi ya Kenya,Disaster/Health,
VULNERABLE AND MARGINALIZED GROUP PLAN FOR NGIKEBOTOK IN TURKANA COUNTY,MPANGO WA KUNDI HALISI NA WALIO PEKEE KWA NGIKEBOTOK KATIKA KAUNTI YA TURKANA.,General,
"Kenya | Joint Market Monitoring Initiative (JMMI) Market Overview, Q4 (October - December, 2024)","Kenya | Muhtasari wa Soko wa Mpango wa Pamoja wa Ufuatiliaji wa Soko (JMMI), Q4 (Oktoba - Desemba, 2024)",Disaster/Health,
"Other key beneficiaries are refugees who, despite receiving protection and nutrition assistance, are at risk of falling further into vulnerability.","Walengwa wengine wakuu ni wakimbizi ambao, licha ya kupokea msaada wa ulinzi na lishe, wako katika hatari ya kuangukia zaidi katika mazingira magumu.",Health,
Kenya Drought - DREF Operation MDRKE065,Ukame Kenya - Operesheni ya DREF MDRKE065,Disaster/Health,
"Most individuals develop antibodies to HIV within 28 days of infection and therefore antibodies may not be detectable early, during the so-called ""window period"". This early period of infection represents the time of greatest infectivity; however, HIV transmission can occur during all stages of the infection.","Watu wengi hutengeneza kingamwili za VVU ndani ya siku 28 baada ya kuambukizwa na kwa hivyo kingamwili haziwezi kugunduliwa mapema, wakati wa kile kinachoitwa ""kipindi cha dirisha"". Kipindi hiki cha mwanzo cha maambukizi kinawakilisha wakati wa maambukizi makubwa zaidi; hata hivyo, maambukizi ya VVU yanaweza kutokea katika hatua zote za maambukizi.",General,
"If the Shirika Plan can translate integration into real economic opportunity, Kenya can chart a shared development pathway in which refugees and host communities both thrive.","Ikiwa Mpango wa Shirika unaweza kutafsiri ushirikiano katika fursa halisi ya kiuchumi, Kenya inaweza kupanga njia ya pamoja ya maendeleo ambapo wakimbizi na jamii zinazowahifadhi zitastawi.",Disaster/Health,
Building Climate Resilience in Kenya,Kujenga Ustahimilivu wa Hali ya Hewa nchini Kenya,Disaster/Health,
Mid-term evaluation of Maternal and Child Nutrition Programme (MCNP II) in Kenya,Tathmini ya muda wa kati ya Mpango wa Lishe ya Mama na Mtoto (MCNP II) nchini Kenya,Disaster/Health,
KOICA and WFP strengthen climate resilience and food security for vulnerable families in East Africa,KOICA na WFP zinaimarisha ustahimilivu wa hali ya hewa na usalama wa chakula kwa familia zilizo hatarini katika Afrika Mashariki,Disaster/Health,
Laikipia County: Drought Early Warning Bulletin for June 2023,Kaunti ya Laikipia: Taarifa ya Onyo la Mapema kuhusu Ukame kwa Juni 2023,Disaster/Health,
Know the facts about #COVID19 and help stop the spread of rumors: Exposing yourself to the sun or to temperatures higher than 25C degrees DOES NOT prevent the coronavirus disease. #KomeshaCorona,Jua ukweli kuhusu #COVID19 na usaidie kukomesha kuenea kwa uvumi: Kujianika kwenye jua au kwenye halijoto ya juu zaidi ya nyuzi joto 25 C HAKUZUII ugonjwa wa coronavirus. #KomeshaCorona,Public Health,
"Recognising that many participants were unable to continue their education beyond the basic level, the sessions combine foundational and intermediate financial management skills and are adapted to the women's everyday priorities and economic realities.","Kwa kutambua kwamba washiriki wengi hawakuweza kuendelea na elimu yao zaidi ya kiwango cha msingi, vikao vinachanganya ujuzi wa msingi na wa kati wa usimamizi wa fedha na huchukuliwa kwa vipaumbele vya kila siku vya wanawake na hali halisi ya kiuchumi.",Education,
Cholera in Marsabit County Kenya,Kipindupindu katika Kaunti ya Marsabit Kenya,Disaster/Health,
Kenya Population Movement - DREF Operation (MDRKE067),Harakati za Idadi ya Watu Kenya - Operesheni ya DREF (MDRKE067),Disaster/Health,
"It is normal to feel sad, stressed or angry during a crisis. Talking to someone you trust can help. Contact your friends or family or call 719 for counseling services. #KomeshaCorona","Ni kawaida kuwa na huzuni, mkazo au hasira wakati wa shida. Kuzungumza na mtu unayemwamini kunaweza kusaidia. Wasiliana na marafiki au familia yako au piga simu 719 kwa huduma za ushauri. #KomeshaCorona",Public Health,
Kajiado County: Drought Early Warning Bulletin for April 2023,Kaunti ya Kajiado: Taarifa ya Onyo la Mapema kuhusu Ukame la Aprili 2023,Disaster/Health,
Tharaka Nithi County: Drought Early Warning Bulletin for April 2023,Kaunti ya Tharaka Nithi: Taarifa ya Onyo la Mapema kuhusu Ukame kwa Aprili 2023,Disaster/Health,
"The United States provides nearly $255 million in humanitarian and development assistance to meet emergency needs amid unprecedented drought, dire food crisis in Kenya","Marekani inatoa karibu dola milioni 255 za msaada wa kibinadamu na maendeleo ili kukidhi mahitaji ya dharura huku kukiwa na ukame usio na kifani, mzozo mbaya wa chakula nchini Kenya.",Disaster/Health,
Wajir County: Drought Early Warning Bulletin for September 2022,Kaunti ya Wajir: Taarifa ya Onyo la Mapema kuhusu Ukame kwa Septemba 2022,Disaster/Health,
Kenya: Registered refugees and asylum-seekers (as of 31 October 2024),Kenya: Wakimbizi waliosajiliwa na wanaotafuta hifadhi (kuanzia tarehe 31 Oktoba 2024),Disaster/Health,
"TERMS OF REFERENCE FOR CONSULTANCY FOR DESIGN AND IMPLEMENTATION OF AN ADVOCACY, SOCIAL SUPPORT AND GENDER SENSITIZATION PROGRAMME FOR RETENTION OF UPPER PRIMARY PUPILS GRADE 7 & 8 UNDER THE SECONDARY EDUCATION QUALITY IMPROVEMENT PROJECT (SEQIP- P160083)","MASHARTI YA REJEA KWA USHAURI WA KUBUNI NA UTEKELEZAJI WA UTETEZI, MSAADA WA KIJAMII NA MPANGO WA KUHISITIZA JINSIA KWA AJILI YA KUBAKI WANAFUNZI WA JUU DARASA LA 7 & 8 CHINI YA UBORESHAJI WA ELIMU YA SEKONDARI (60008 MRADI WA UBORESHAJI WA ELIMU YA SEKONDARI)",General,
"To address these challenges, the WHO Digital Finance Team, in collaboration with the Ministry of Health and the World Health Organization in Kenya, introduced a digital payment system to ensure health workers are compensated faster and more reliably.","Ili kukabiliana na changamoto hizi, Timu ya Fedha ya Kidijitali ya WHO, kwa ushirikiano na Wizara ya Afya na Shirika la Afya Ulimwenguni nchini Kenya, ilianzisha mfumo wa malipo wa kidijitali ili kuhakikisha wafanyakazi wa afya wanalipwa fidia haraka na kwa uhakika zaidi.",Health,
"The functions of the State Department are also guided by the Universities Act 2012 Revised (2015, 2016 and 2018), the Science, Technology, and Innovation Act 2013 and the Sessional Paper No. 1 of 2019 on a Policy Framework for Reforming Education and Training for Sustainable Development in Kenya.","Majukumu ya Idara ya Serikali pia yanaongozwa na Sheria ya Vyuo Vikuu ya 2012 Iliyorekebishwa (2015, 2016 na 2018), Sheria ya Sayansi, Teknolojia na Ubunifu 2013 na Karatasi ya Kipindi Na. 1 ya 2019 kuhusu Mfumo wa Sera ya Kurekebisha Elimu na Mafunzo kwa Maendeleo Endelevu nchini Kenya.",General,
Republic of Korea rice donation provides critical boost to WFP's emergency response for refugees in Kenya | World Food Programme,Mchango wa mchele wa Jamhuri ya Korea unatoa msukumo muhimu kwa mwitikio wa dharura wa WFP kwa wakimbizi nchini Kenya | Mpango wa Chakula Duniani,Disaster/Health,
"During the design phase, REACH consulted with a range of humanitarian and government stakeholders to contextualize the assessment and avoid duplicating existing data collection efforts.","Hii ilihusisha majadiliano kupitia Kundi la Wakimbizi lisilo la Kiserikali (NRG), mikutano ya uratibu wa sekta inayoongozwa na OCHA, mashirikiano na maeneo muhimu ya kisekta, NDMA, na washirika husika wa serikali ya kaunti.",Governance,
Kwale County: Drought Early Warning Bulletin for February 2024,Kaunti ya Kwale: Taarifa ya Onyo la Mapema kuhusu Ukame kwa Februari 2024,Disaster/Health,
"Kenya Economic Update, December 2024 (Edition No. 30): Special Focus on Women's Economic Empowerment","Taarifa ya Kiuchumi ya Kenya, Desemba 2024 (Toleo Na. 30): Mtazamo Maalum wa Kuwawezesha Wanawake Kiuchumi",Disaster/Health,
The purpose of this Public Notice is to invite comments on the draft 2024 Budget Review and Outlook Paper to enable finalization of the document.,Madhumuni ya Notisi hii kwa Umma ni kualika maoni kuhusu rasimu ya Mapitio ya Bajeti ya 2024 na Karatasi ya Matarajio ili kuwezesha kukamilishwa kwa hati.,Governance,
"KNEC opens KCSE remarking window – pay Ksh 1,000 per paper before Nov 30!","KNEC yafungua dirisha la kuashiria KCSE – lipa Ksh 1,000 kwa kila karatasi kabla ya Novemba 30!",Education,
What Can We Learn from Refugee-Led Education in Kenya?,"Je, Tunaweza Kujifunza Nini Kutokana na Elimu Inayoongozwa na Wakimbizi nchini Kenya?",Disaster/Health,
"In addition to the two directorates, the state department has Administration Department where all other sections fall including Central Planning Unit, Accounts, Supply Channel Services, Human Resource Management, Public Communication, Legal Services, ICT and Finance.","Mbali na kurugenzi hizo mbili, idara ya serikali ina Idara ya Utawala ambapo sehemu zingine zote ziko pamoja na Kitengo Kikuu cha Mipango, Akaunti, Huduma za Njia ya Ugavi, Usimamizi wa Rasilimali Watu, Mawasiliano ya Umma, Huduma za Kisheria, ICT na Fedha.",General,
Nairobi - Kenya's Ministry of Health and the World Health Organization (WHO) handed over 108 electric obstetric theatre beds and a package of women's cancer screening and management equipment at Kenyatta National Hospita…,Nairobi - Wizara ya Afya ya Kenya na Shirika la Afya Duniani (WHO) walikabidhi vitanda 108 vya kutolea huduma za uzazi na kifurushi cha vifaa vya uchunguzi na udhibiti wa saratani ya wanawake katika Hospitali ya Kitaifa ya Kenyatta…,General,
"WHO is a cosponsor of the Joint United Nations Programme on AIDS (UNAIDS). Within UNAIDS, WHO leads activities on HIV treatment and care, HIV and tuberculosis coinfection, and jointly coordinates work on the elimination of mother-to-child transmission of HIV with UNICEF.","WHO ni mfadhili wa Mpango wa Pamoja wa Umoja wa Mataifa kuhusu UKIMWI (UNAIDS). Ndani ya UNAIDS, WHO inaongoza shughuli za matibabu na matunzo ya VVU, VVU na maambukizi ya kifua kikuu, na kuratibu kwa pamoja kazi ya kutokomeza maambukizi ya VVU kutoka kwa mama kwenda kwa mtoto na UNICEF.",General,
Kitui County: Drought Early Warning Bulletin for March 2022,Kaunti ya Kitui: Taarifa ya Onyo la Mapema kuhusu Ukame kwa Machi 2022,Disaster/Health,
"KUCCPS has concluded a five-day career guidance outreach series of activities in Migori County, during which 5,000 learners from 32 junior schools in Kuria West and Rongo Constituencies were sensitised. The campaign concluded on Friday with sessions at Nyankore Comprehensive","KUCCPS hitimisha mfululizo wa siku tano wa shughuli za ushauri wa taaluma katika Kaunti ya Migori, ambapo wanafunzi 5,000 kutoka shule 32 za msingi za gredi za juu walihamasishwa.",Education,
West Pokot: Drought Early Warning Bulletin for May 2024,Pokot Magharibi: Taarifa ya Onyo la Mapema kuhusu Ukame kwa Mei 2024,Disaster/Health,
"In mosques, churches, community social halls, schools, transport terminus, street corners, football fields and the local dispensary, tens and hundreds of people turned up to be vaccinated.","Katika misikiti, makanisa, kumbi za kijamii za jamii, shule, kituo cha usafiri, kona za barabara, uwanja wa mpira na zahanati ya eneo hilo, makumi na mamia ya watu walijitokeza kupata chanjo.",Health,
This shift from cash to accrual accounting represents a milestone in Kenya's efforts to align its financial reporting with global standards.,Mabadiliko haya kutoka pesa taslimu hadi uhasibu wa ziada yanawakilisha hatua muhimu katika juhudi za Kenya kuoanisha ripoti yake ya kifedha na viwango vya kimataifa.,Disaster/Health,
"We have adopted a one government approach to roll out interventions to prevent the further spread of the virus; Dr. Mercy Mwangangi, CAS Health #KomeshaCorona update","Tumepitisha mbinu moja ya serikali kuzindua afua ili kuzuia kuenea zaidi kwa virusi; Mercy Mwangangi, CAS Afya #KomeshaCorona sasisho",Public Health,
"11 Human Rights Organizations Laud ""Landmark"" New Mental Health Amendment Act in Kenya","Mashirika 11 ya Haki za Kibinadamu Yanasifu Sheria Mpya ya Marekebisho ya Afya ya Akili ""Alama"" nchini Kenya",Disaster/Health,
Garissa County: Drought Early Warning Bulletin for February 2024,Kaunti ya Garissa: Taarifa ya Onyo la Mapema kuhusu Ukame kwa Februari 2024,Disaster/Health,
"WFP Kenya Country Brief, September 2023","Muhtasari wa Nchi wa WFP wa Kenya, Septemba 2023",Disaster/Health,
Refugee Debt and Livelihoods in Northern Kenya,Madeni ya Wakimbizi na Riziki Kaskazini mwa Kenya,Disaster/Health,
"Similarly, disruption to vaccination services can increase risk of infection, potentially leading to an overuse of antimicrobials; Dr Rashid","Vile vile, kukatizwa kwa huduma za chanjo kunaweza kuongeza hatari ya kuambukizwa, na hivyo kusababisha matumizi makubwa ya viuavijasumu; Dk Rashid",Public Health,
Kenya Health Products and Technologies Local Manufacturing Strategy 2026–2030 (June 2026),Mkakati wa Utengenezaji wa Bidhaa za Afya na Teknolojia nchini Kenya 2026–2030 (Juni 2026),Disaster/Health,
The Kenya Every Woman Every Newborn Everywhere (EWENE) Acceleration Plan | 2026-2028,Mpango wa Kuongeza Kasi wa Kenya Kila Mwanamke Kila Anayezaliwa Popote (EWENE) | 2026-2028,Disaster/Health,
Statement of preliminary findings: African Union and COMESA election observation mission to the 9 August 2022 general elections in the Republic of Kenya,Taarifa ya matokeo ya awali: Ujumbe wa Umoja wa Afrika na waangalizi wa uchaguzi wa COMESA hadi uchaguzi mkuu wa tarehe 9 Agosti 2022 katika Jamhuri ya Kenya.,Disaster/Health,
Garissa County: Drought Early Warning Bulletin for June 2023,Kaunti ya Garissa: Taarifa ya Onyo la Mapema kuhusu Ukame kwa Juni 2023,Disaster/Health,
"Africa CDC Epidemic Intelligence Weekly Report, 03 March 2025","Ripoti ya Kila Wiki ya Ujasusi wa Mlipuko wa Afrika CDC, 03 Machi 2025",Disaster/Health,
"CS Mutahi Kagwe.Kakamega County has successfully managed its cases of malaria, achieved 80 percent coverage when it comes to immunization of children & managed to establish five treatment centers that have been prepared to handle the Covid-19 pandemic outbreak. @CountyKakamega","Waziri Mutahi Kagwe.Kaunti ya Kakamega imefanikiwa kudhibiti visa vyake vya ugonjwa wa malaria, na kufikia asilimia 80 ya chanjo ya watoto na imeweza kuanzisha vituo vitano vya matibabu ambavyo vimetayarishwa kushughulikia janga la Covid-19. @KauntiKakamega",Public Health,
National Drought Early Warning Bulletin (March 2024),Taarifa ya Tahadhari ya Mapema ya Kitaifa (Machi 2024),Disaster/Health,
"She has extensive knowledge of actors, issues, challenges and opportunities in African higher education and has trained over 3,000 teaching staff in 91 universities in 11 African countries in innovative pedagogies. She has contributed immensely to the formulation of education policy and participated in education policy debates within the region and globally: Association of","Ana ujuzi wa kina wa waigizaji, masuala, changamoto na fursa katika elimu ya juu ya Afrika na ametoa mafunzo kwa walimu zaidi ya 3,000 katika vyuo vikuu 91 katika nchi 11 za Afrika katika ufundishaji wa ubunifu. Amechangia pakubwa katika uundaji wa sera ya elimu na kushiriki katika mijadala ya sera ya elimu ndani ya kanda na kimataifa: Muungano wa",General,
Tharaka Nithi County: Drought Early Warning Bulletin for July 2022,Kaunti ya Tharaka Nithi: Taarifa ya Onyo la Mapema kuhusu Ukame Julai 2022,Disaster/Health,
Kenya: Floods - DREF Final Report (MDRKE056),Kenya: Mafuriko - Ripoti ya Mwisho ya DREF (MDRKE056),Disaster/Health,
Cumulative Satellite Detected Waters and Impact in Kenya between 24 to 28 April 2024,Maji na Athari za Setilaiti Zilizogunduliwa nchini Kenya kati ya tarehe 24 hadi 28 Aprili 2024,Disaster/Health,
Kenya: Türk welcomes charges of 'crimes against humanity' for 2017 post-election violations,Kenya: Türk inakaribisha mashtaka ya 'uhalifu dhidi ya ubinadamu' kwa ukiukaji wa baada ya uchaguzi wa 2017,Disaster/Health,
Kilifi County: Drought Early Warning Bulletin for November 2022,Kaunti ya Kilifi: Taarifa ya Onyo la Mapema kuhusu Ukame kwa Novemba 2022,Disaster/Health,
Kenya — Demographic and Displacement Calculator — Tana River County (21 May - 4 June),Kenya - Kikokotoo cha Idadi ya Watu na Uhamisho - Kaunti ya Tana River (21 Mei - 4 Juni),Disaster/Health,
"Addressing documentation and modern slavery risks in Kenya: Key recommendations and best practices, Policy Brief October 2024","Kushughulikia uhifadhi wa nyaraka na hatari za kisasa za utumwa nchini Kenya: Mapendekezo Muhimu na mbinu bora, Muhtasari wa Sera Oktoba 2024",Disaster/Health,
WHO and Novo Nordisk Foundation partner to advance health workforce education in Kenya,WHO na Novo Nordisk Foundation wanashirikiana kuendeleza elimu ya wafanyakazi wa afya nchini Kenya,Disaster/Health,
Kenya: Salesian Missions provides funding for new bathrooms at Don Bosco,Kenya: Misheni za Salesian hutoa ufadhili wa bafu mpya huko Don Bosco,Disaster/Health,
"Humanitarian needs mount as almost 60,000 refugees from Somalia arrive in Dadaab camp due to impact of climate change, warns IRC","Mahitaji ya kibinadamu yaongezeka huku takriban wakimbizi 60,000 kutoka Somalia wakiwasili katika kambi ya Dadaab kutokana na athari za mabadiliko ya hali ya hewa, laonya IRC.",Disaster/Health,
"The Ministry of Education, State Department for Basic Education is implementing the Kenya Primary Education Equity in Learning (KPEEL) Program (2022-2026). The program was declared effective on 5th August, 2022. The program is funded by the World Bank (WB), with IDA credit of USD 160 Million and a grant from the refugee window of USD 40 Million and GOK counterpart funding of Kshs 1 Billion during the four year period of the Program implementation.The main financing instrument of KPEEL Program is the Performance for Results (PforR) whereby disbursement of funds will be contingent on the achievement of specific results, as measured by the seven Disbursement Linked Indicators (DLIs).","Wizara ya Elimu, Idara ya Jimbo la Elimu ya Msingi inatekeleza Mpango wa Usawa wa Elimu ya Msingi nchini Kenya (KPEEL) (2022-2026). Mpango huu ulitangazwa kuanza kutumika tarehe 5 Agosti, 2022. Mpango huu unafadhiliwa na Benki ya Dunia (WB), kwa mkopo wa IDA wa Dola za Kimarekani Milioni 160 na ruzuku kutoka kwa dirisha la wakimbizi la dola Milioni 40 na ufadhili wa wenzao wa GOK wa Kshs 1 Bilioni katika kipindi cha miaka minne ya utekelezaji wa Mpango. Chombo kikuu cha ufadhili cha Utekelezaji wa Mpango wa KPER ni Mpango wa Utekelezaji wa Matokeo ya KPER. itategemea kuafikiwa kwa matokeo mahususi, kama inavyopimwa na Viashiria Saba Vilivyounganishwa na Ulipaji (DLIs).",General,
Makueni County: Drought Early Warning Bulletin for March 2022,Kaunti ya Makueni: Taarifa ya Onyo la Mapema kuhusu Ukame kwa Machi 2022,Disaster/Health,
"Kenya - Key Message Update: Short improvement from long rains amid forecast below-average short rains, July 2025","Kenya - Taarifa Muhimu ya Ujumbe: Maboresho mafupi kutokana na mvua ndefu huku kukiwa na utabiri wa chini wa wastani wa mvua fupi, Julai 2025",Disaster/Health,
UK Parliamentarians conclude study tour to Kenya aimed at gaining insights into global sexual and reproductive health and rights,Wabunge wa Uingereza wahitimisha ziara ya mafunzo nchini Kenya yenye lengo la kupata maarifa kuhusu afya na haki za ngono na uzazi duniani.,Disaster/Health,
Efficiency Gains in Cash and Voucher Assistance (CVA) in Eastern Africa: Examples from Kenya and Uganda,Manufaa ya Ufanisi katika Usaidizi wa Fedha na Vocha (CVA) katika Afrika Mashariki: Mifano kutoka Kenya na Uganda,Disaster/Health,
6 million pupils in grade 1 and 2 will benefit from improved early grade mathematics Textbooks,Wanafunzi milioni 6 wa darasa la 1 na 2 watanufaika na Vitabu vya Hisabati vilivyoboreshwa vya darasa la awali.,General,
"Enhancing Disaster Resilience through Community Participatory Mapping: A Case of Wajir County, Kenya","Kuimarisha Ustahimilivu wa Maafa Kupitia Ramani Shirikishi ya Jamii: Kesi ya Kaunti ya Wajir, Kenya.",Disaster/Health,
Submission to the UN Special Rapporteur on the Human Rights of Internally Displaced Persons - Climate Change and Internal Displacement,Kuwasilisha kwa Mwandishi Maalum wa Umoja wa Mataifa kuhusu Haki za Kibinadamu za Watu Waliohamishwa Ndani - Mabadiliko ya Tabianchi na Uhamisho wa Ndani.,Disaster/Health,
"Kenya Food Security Outlook, June 2022 to January 2023","Mtazamo wa Usalama wa Chakula nchini Kenya, Juni 2022 hadi Januari 2023",Disaster/Health,
"EHAGL Region: Community Feedback Analysis Report, January - March 2025","Eneo la EHAGL: Ripoti ya Uchambuzi wa Maoni ya Jamii, Januari - Machi 2025",Disaster/Health,
Namibia: On the path to eliminating mother-to-child transmission of HIV and hepatitis B,Namibia: Katika njia ya kutokomeza maambukizi ya VVU kutoka kwa mama kwenda kwa mtoto na hepatitis B,General,
Narok County: Drought Early Warning Bulletin for May 2022,Kaunti ya Narok: Taarifa ya Onyo la Mapema kuhusu Ukame kwa Mei 2022,Disaster/Health,
"WFP Kenya Country Brief, January 2025","Muhtasari wa Nchi wa WFP Kenya, Januari 2025",Disaster/Health,
Each method of contraception has different advantages & disadvantages that need individualized preferences & medical history. Visit your nearest facility or call to discuss family planning method with a skilled health care provider. #WCD2020Ke #WCD2020 #Tujulishane,Kila njia ya uzazi wa mpango ina faida na hasara tofauti ambazo zinahitaji mapendeleo ya kibinafsi na historia ya matibabu. Tembelea kituo kilicho karibu nawe au piga simu ili kujadili njia ya kupanga uzazi na mtoa huduma wa afya mwenye ujuzi. #WCD2020Ke #WCD2020 #Tujulishane,Public Health,
"'Build Us More Schools': The Quest for Quality Free Education in Mabatini and Ngei Wards of Mathare, Nairobi","'Tujenge Shule Zaidi': Jitihada za Elimu Bora Bila Malipo Mabatini na Wadi za Ngei za Mathare, Nairobi.",Disaster/Health,
"Kenya's Cash-Strapped, Ambitious Climate Change Goals",Malengo Kabambe ya Mabadiliko ya Tabianchi ya Kenya,Disaster/Health,
"Kenyan Officials Must Protect the Right to Protest, Prevent Sexual Violence Amid Unrest: PHR","Maafisa wa Kenya Lazima Walinde Haki ya Kuandamana, Kuzuia Unyanyasaji wa Kijinsia Huku Machafuko: PHR",Security,
Lamu County: Drought Early Warning Bulletin for May 2022,Kaunti ya Lamu: Taarifa ya Onyo la Mapema kuhusu Ukame kwa Mei 2022,Disaster/Health,
A Path to Self-Reliance for Displacement-Affected People: Summary Report on Economic Inclusion Barriers and Market Assessments in Kenya and South Sudan,Njia ya Kujitegemea kwa Watu Walioathiriwa na Uhamisho: Ripoti ya Muhtasari wa Vikwazo vya Ushirikishwaji wa Kiuchumi na Tathmini ya Soko nchini Kenya na Sudan Kusini.,Disaster/Health,
Kenya - Demographic and Displacement Calculator in Mandera County Round #2 (December 2024),Kenya - Kikokotoo cha Idadi ya Watu na Uhamisho katika Kaunti ya Mandera Awamu ya #2 (Desemba 2024),Disaster/Health,
Taskforce on Mental Health National Convention public hearing LAST CALL for Presentations - Monday 27th January 2020 @KICC_kenya at 9.00am @WHOKenya @Kahongeks @syengomutisya @LukoyeAtwoli @Dr_chitayi @DrNjengaFrank @IAsin @JNJAfrica @ChiromoLMC @NaiMentalHealth @NaiParenting,Kikosi Kazi kuhusu Kongamano la Kitaifa la Afya ya Akili kusikilizwa kwa umma WITO WA MWISHO kwa Mawasilisho - Jumatatu tarehe 27 Januari 2020 @KICC_kenya saa 9.00 asubuhi @WHOKenya @Kahongeks @syengomutisya @LukoyeAtwoli @Dr_chitayi @DrNjengaFrank @IAsin @JNJAfrica @ChiromoLMC @NaiMentalHere @NaiMental,Public Health,
Kenya: El Nino Flash Floods Rapid Needs Assessment - November 2023,Kenya: Tathmini ya Mahitaji ya Haraka ya El Nino - Novemba 2023,Disaster/Health,
Kenya - MVD Readiness (MDRKE069) - DREF Operation,Kenya - MVD Readiness (MDRKE069) - Operesheni ya DREF,Disaster/Health,
The surveillance of pretreatment HIV drug resistance among treatment-naive infants newly diagnosed with HIV is particularly relevant in settings where many infants acquire HIV infection. Surveillance provides critical information to support optimal choice of first- and second-line antiretroviral therapy regimens.,Ufuatiliaji wa ukinzani wa dawa za VVU kabla ya matibabu miongoni mwa watoto wachanga wasio na ujuzi wa matibabu waliogunduliwa hivi karibuni na VVU ni muhimu hasa katika mazingira ambayo watoto wengi wachanga hupata maambukizi ya VVU. Ufuatiliaji hutoa taarifa muhimu ili kusaidia uchaguzi bora wa tiba ya kurefusha maisha ya mstari wa kwanza na wa pili.,General,
Ensure safety! Protect refugee students in schools.,Hakikisha usalama! Linda wanafunzi wakimbizi shuleni.,Education,
Direct Aid: Empowering African Communities through Education Loan Program,Direct Aid: Kuwezesha Jumuiya za Kiafrika kupitia Mpango wa Mkopo wa Elimu,Disaster/Health,
Marsabit County: Drought Early Warning Bulletin for March 2023,Kaunti ya Marsabit: Taarifa ya Onyo la Mapema kuhusu Ukame kwa Machi 2023,Disaster/Health,
Digital Lifelines: How the Kenya Red Cross Society transforms cash assistance with the 121 platform,Njia za Dijitali: Jinsi Chama cha Msalaba Mwekundu cha Kenya kinavyobadilisha usaidizi wa pesa taslimu kwa kutumia jukwaa la 121,Disaster/Health,
He added that they would continue working together to advance the Government's agenda of transforming education for the benefit of all Kenyan learners.,Aliongeza kuwa wataendelea kushirikiana ili kuendeleza ajenda ya Serikali ya kubadilisha elimu kwa manufaa ya wanafunzi wote wa Kenya.,General,
Kenya Anticipatory Actions - EVD Outbreak (MDRKE052) - Operational Update (3 May 2023),Vitendo vya Kutarajia vya Kenya - Mlipuko wa EVD (MDRKE052) - Taarifa ya Uendeshaji (3 Mei 2023),Disaster/Health,
How refugees from Burundi in Kenya are empowered to farm,Jinsi wakimbizi kutoka Burundi nchini Kenya wanavyowezeshwa kulima,Disaster/Health,
Kajiado County: Drought Early Warning Bulletin for September 2023,Kaunti ya Kajiado: Taarifa ya Onyo la Mapema kuhusu Ukame kwa Septemba 2023,Disaster/Health,
Kenya Weekly Situation Report 2026,Ripoti ya Hali ya Kila Wiki ya Kenya 2026,Disaster/Health,
"The Cabinet approved this transition on 7 thMarch,2024 following recommendations from the National Treasury and the Publi c Sector Accounting Standards Board (PSASB).","Baraza la Mawaziri liliidhinisha mabadiliko haya tarehe 7 Machi, 2024 kufuatia mapendekezo kutoka kwa Hazina ya Kitaifa na Bodi ya Viwango vya Uhasibu katika Sekta ya Umma (PSASB).",Governance,
CS Kagwe: @KisumuCountyKE did well on the use of technology through platforms such as bulk SMSs & 24-hrs call centres as an effective means of raising awareness on COVID-19 & a vehicle that offers the Community the much needed support during emergencies.,CS Kagwe: @KisumuCountyKE ilifanya vyema katika matumizi ya teknolojia kupitia majukwaa kama vile SMS nyingi na vituo vya simu vya saa 24 kama njia mwafaka ya kuhamasisha watu kuhusu COVID-19 na gari linaloipa Jumuiya usaidizi unaohitajika wakati wa dharura.,Public Health,
Tana River County: Drought Early Warning Bulletin for July 2022,Kaunti ya Tana River: Taarifa ya Onyo la Mapema kuhusu Ukame Julai 2022,Disaster/Health,
Grade 6 transition after KPSEA results in December.,Mpito wa Darasa la 6 baada ya matokeo ya KPSEA mwezi Desemba.,Education,
"Across both rounds, the vaccination campaign achieved strong reach and implementation at scale, covering 6 provinces, 71 districts and 1,985 health facilities, supported by 7,830 vaccination teams and 8,006 social mobilizers and supervisors. Round 1 reached 3,841,940 children under five against a target of 3,759,057, achieving 102 per cent administrative coverage, while Round 2 reached 3,979,228 children against a target of 3,845,667, increasing coverage to 103 per cent. The campaign also showed notable quality improvements, with the proportion of zero-dose children declining from 1.5 per cent to 0.55 per cent.","Katika awamu zote mbili, kampeni ya chanjo ilifikia mafanikio makubwa na kutekelezwa kwa kiwango kikubwa, ikijumuisha mikoa 6, wilaya 71 na vituo vya afya 1,985, ikisaidiwa na timu 7,830 za chanjo na wahamasishaji na wasimamizi wa kijamii 8,006. Awamu ya 1 ilifikia watoto 3,841,940 chini ya miaka mitano dhidi ya lengo la 3,759,057, kufikia asilimia 102 ya huduma za utawala, wakati Awamu ya 2 ilifikia watoto 3,979,228 dhidi ya lengo la 3,845,667, na kuongeza chanjo hadi asilimia 103. Kampeni hiyo pia ilionyesha maboresho ya ubora wa hali ya juu, huku idadi ya watoto wa dozi sifuri ikipungua kutoka asilimia 1.5 hadi asilimia 0.55.",General,
Sauti Trade Insights COVID-19 Bulletin Q4 2021/Q1 2022 (April 2022),Sauti Trade Insights COVID-19 Bulletin Q4 2021/Q1 2022 (Aprili 2022),Disaster/Health,
Reprieve for girls as school gets water storage facilities,Ahueni kwa wasichana kwani shule inapata vifaa vya kuhifadhia maji,Disaster/Health,
Eastern Africa Seasonal Monitor: Likelihood of Enhanced Rains & Flooding in North of the Region over July - September 2024,Ufuatiliaji wa Msimu wa Afrika Mashariki: Uwezekano wa Mvua na Mafuriko Kuongezeka Kaskazini mwa Mkoa mnamo Julai - Septemba 2024,Disaster/Health,
Marsabit County: Drought Early Warning Bulletin for May 2024,Kaunti ya Marsabit: Taarifa ya Onyo la Mapema kuhusu Ukame kwa Mei 2024,Disaster/Health,
Garissa County: Drought Early Warning Bulletin for October 2022,Kaunti ya Garissa: Taarifa ya Onyo la Mapema kuhusu Ukame kwa Oktoba 2022,Disaster/Health,
"@MOH_Kenya has directed all the 47 counties to identify & designate a COVID-19 hospital, for other hospitals to continue offering other services such as maternal & child health, immunization, reproductive health, TB & HIV services; Dr. Patrick Amoth, DG Health. #KomeshaCorona","@MOH_Kenya imeagiza kaunti zote 47 kutambua na kuteua hospitali ya COVID-19, kwa hospitali nyinginezo kuendelea kutoa huduma nyinginezo kama vile afya ya uzazi na mtoto, chanjo, afya ya uzazi, TB na huduma za VVU; Dk. Patrick Amoth, DG Afya. #KomeshaCorona",Public Health,
"Over the past two years, the World Health Organization has been supporting Kenya's Ministry of Health to implement the Women's Integrated Cancer Screening (WICS) program. This initiative combines screening for breast and cervical cancers with common non-communicable diseases, including diabetes, hypertension, and mental health conditions, into a single, accessible healthcare visit. The program is being piloted in three African countries: Kenya, Côte d'Ivoire, and Zimbabwe.","Katika kipindi cha miaka miwili iliyopita, Shirika la Afya Ulimwenguni limekuwa likisaidia Wizara ya Afya ya Kenya kutekeleza mpango wa Uchunguzi wa Saratani wa Wanawake (WICS). Mpango huu unachanganya uchunguzi wa saratani ya matiti na ya kizazi na magonjwa ya kawaida yasiyoambukiza, ikiwa ni pamoja na kisukari, shinikizo la damu, na hali ya afya ya akili, katika ziara moja, ya afya inayopatikana. Mpango huo unajaribiwa katika nchi tatu za Afrika: Kenya, Côte d'Ivoire, na Zimbabwe.",General,
"Over the past few months people's energy, emotion and attention have been increasingly focused on coronavirus. These heroes are tirelessly trying to treat, screen and to prevent COVID-19. A huge thank you! #KomeshaCorona","Katika kipindi cha miezi michache iliyopita nishati, hisia na umakini wa watu umekuwa ukizingatia zaidi coronavirus. Mashujaa hawa wanajaribu bila kuchoka kutibu, kukagua na kuzuia COVID-19. Asante sana! #KomeshaCorona",Public Health,
"Kenya and Uganda's Collaborative Polio Vaccination: A Cross-Border Triumph, 6.5 million children protected","Chanjo Shirikishi ya Polio ya Kenya na Uganda: Ushindi wa Kuvuka Mipaka, watoto milioni 6.5 wamelindwa",Disaster/Health,
National Drought Early Warning Bulletin (May 2024),Taarifa ya Tahadhari ya Mapema ya Kitaifa (Mei 2024),Disaster/Health,
Meru (Meru-North) County: Drought Early Warning Bulletin for April 2023,Kaunti ya Meru (Meru-Kaskazini): Taarifa ya Onyo la Mapema kuhusu Ukame Aprili 2023,Disaster/Health,
"The Government Owned Enterprises Bill, 2024 1 THE GOVERNMENT OWNED ENTERPRISES BILL, 2024 ARRANGEMENT OF CLAUSES Clause PART I─PRELIMINARY 1—Short title. 2—Interpretation. 3—Objects of this Act. 4— Application. 5— Role of the Cabinet Secretary for the National Treasury. 6— Role of the relevant Cabinet Secretary.","The Government Owned Enterprises Bill, 2024 1 MUSWADA WA USHIRIKA UNAOMILIKIWA NA SERIKALI, 2024 MPANGILIO WA VIFUNGO SEHEMU YA I─AWALI 1—Jina fupi. 2 - Tafsiri. 3 - Malengo ya Sheria hii. 4- Maombi. 5- Wajibu wa Katibu wa Baraza la Mawaziri kwa Hazina ya Kitaifa. 6- Wajibu wa Katibu wa Baraza la Mawaziri husika.",Governance,
Ghana receives COVID-19 vaccines as COVAX global delivery begins25 February 2021,Ghana inapokea chanjo za COVID-19 wakati utoaji wa COVAX ulimwenguni unapoanza25 Februari 2021,General,
VULNERABLE AND MARGINALIZED GROUP PLAN FOR SAKUYE IN MARSABIT COUNTY,MPANGO WA KIKUNDI CHENYE HATARI NA WALIO PEKEE KWA SAKUYE KATIKA KAUNTI YA MARSABIT.,General,
COVID-19 deaths in Africa surge more than 40% over previous week15 July 2021,Vifo vya COVID-19 barani Afrika viliongezeka zaidi ya 40% kuliko wiki iliyopita15 Julai 2021,General,
Drought in Kenya: How the Kenya Cash Consortium is improving the well-being of affected families,Ukame nchini Kenya: Jinsi Muungano wa Fedha wa Kenya unavyoboresha ustawi wa familia zilizoathirika,Disaster/Health,
Makueni County: Drought Early Warning Bulletin for April 2023,Kaunti ya Makueni: Taarifa ya Onyo la Mapema kuhusu Ukame kwa Aprili 2023,Disaster/Health,
Kenya : la population face aux conséquences dévastatrices des inondations,Kenya : la population face aux conéquences dévastatrices des inondations,Disaster/Health,
Complementary school foodinterventions are helping maintain school attendance and protection of child nutrition in drought affected areas.,Afua za ziada za chakula shuleni zinasaidia kudumisha mahudhurio ya shule na ulinzi wa lishe ya watoto katika maeneo yaliyoathiriwa na ukame.,Health,
"1. To develop and review Research, Science and Technology policies, strategies and related instruments including frameworks, papers and reports.","1. Kutayarisha na kupitia Sera za Utafiti, Sayansi na Teknolojia, mikakati na vyombo vinavyohusiana ikijumuisha mifumo, karatasi na ripoti.",General,
"It establishes the National Disaster Risk Management Authority and County Disaster Risk Management Committees, tasked with coordinating response, issuing early warnings, and ensuring that resources reach affected communities in a timely manner.","Inaanzisha Mamlaka ya Kitaifa ya Kudhibiti Hatari ya Maafa na Kamati za Kudhibiti Hatari za Majanga za Kaunti, zilizopewa jukumu la kuratibu majibu, kutoa maonyo ya mapema, na kuhakikisha kuwa rasilimali zinafikia jamii zilizoathiriwa kwa wakati ufaao.",Disaster/Health,
"PS TVET, DR. ESTHER MUORIA WELCOMING CS EDUCATION, HON. JULIUS OGAMBO TO THE WORLDSKILLS COMPETITION HELD AT KSTVET","PS TVET, DR. ESTHER MUORIA AKIWAKARIBISHA CS ELIMU, MHE. JULIUS OGAMBO KWENDA MASHINDANO YA UJUZI WA DUNIA YALIYOFANYIKA KSTVET",General,
"There are various school meals feeding program in school which included In-Kind and, cash transfer and community welfare among others. In school health nutrition and meal program we implement the program using In-Kind and Cash Transfer.","Kuna programu mbalimbali za kulisha chakula shuleni shuleni ambazo zilijumuisha In-Kind na, uhawilishaji fedha na ustawi wa jamii miongoni mwa mengine. Katika mpango wa lishe ya afya shuleni na mlo tunatekeleza mpango huo kwa kutumia Huduma ya Hisa na Uhawilishaji Pesa.",General,
"Appropriate follow-up of exposed infants, including HBV vaccine birth dose.","Ufuatiliaji unaofaa wa watoto wachanga walioachwa wazi, ikijumuisha kipimo cha kuzaliwa cha chanjo ya HBV.",General,
"Samburu County, Kenya -In Lolmolong village, in Samburu County in northern Kenya, Neshoo Leaungokiok laboured through the night, far from the nearest health facility.","Kaunti ya Samburu, Kenya -Katika kijiji cha Lolmolong, katika Kaunti ya Samburu kaskazini mwa Kenya, Neshoo Leaungokiok alifanya kazi usiku kucha, mbali na kituo cha afya cha karibu.",Health,
"WFP Kenya Country Brief, May 2023","Muhtasari wa Nchi wa WFP wa Kenya, Mei 2023",Disaster/Health,
Eastern Africa: Heavy rains and flooding Flash Update #4 (30 May 2024),Afrika Mashariki: Mvua kubwa na mafuriko Sasisho la Flash #4 (30 Mei 2024),Disaster/Health,
Marsabit County: Drought Early Warning Bulletin for June 2023,Kaunti ya Marsabit: Taarifa ya Onyo la Mapema kuhusu Ukame kwa Juni 2023,Disaster/Health,
Kenya Statistics Infographics | January 2026,Kenya Takwimu Infographics | Januari 2026,Disaster/Health,
This situation necessitated the implementation of immediate preparedness and readiness measures to mitigate the risk of importation and potential spread of Marburg virus disease in Kenya.,Hali hii ililazimu kutekelezwa kwa utayari wa haraka na hatua za kujitayarisha ili kupunguza hatari ya kuagiza na kuenea kwa ugonjwa wa virusi vya Marburg nchini Kenya.,Health,
Taita Taveta County: Drought Early Warning Bulletin for June 2023,Kaunti ya Taita Taveta: Taarifa ya Onyo la Mapema kuhusu Ukame Juni 2023,Disaster/Health,
Kwale County: Drought Early Warning Bulletin for March 2023,Kaunti ya Kwale: Taarifa ya Onyo la Mapema kuhusu Ukame kwa Machi 2023,Disaster/Health,
Kenya: Restoring food security through provision of cash transfers,Kenya: Kurejesha usalama wa chakula kupitia utoaji wa fedha taslimu,Disaster/Health,
"She continued receiving 100 kilograms of food, 16 litres of cooking oil, and $30 in bi-monthly cash support after her citizenship was granted.","Aliendelea kupokea kilo 100 za chakula, lita 16 za mafuta ya kupikia, na dola 30 za usaidizi wa kila mwezi wa pesa taslimu baada ya uraia wake kupewa.",Governance,
Kenya territories tackle drought crisis,Maeneo ya Kenya yakabiliana na janga la ukame,Disaster/Health,
"Civil society organizations are vital for these models, yet much of their work is unrecognized and underfunded.","Mashirika ya kiraia ni muhimu kwa mifano hii, lakini kazi zao nyingi hazitambuliki na hazina ufadhili wa kutosha.",Disaster/Health,
"Kenya | Cholera - Simplified Early Action Protocol (EAP No.: sEAP2025KE04, Operation No: MDRKE071)","Kenya | Kipindupindu - Itifaki ya Hatua ya Mapema Iliyorahisishwa (EAP Na.: sEAP2025KE04, Nambari ya Operesheni: MDRKE071)",Disaster/Health,
Kenya Drought Response Dashboard (January to June 2023),Dashibodi ya Kukabiliana na Ukame Kenya (Januari hadi Juni 2023),Disaster/Health,
Kenya: Drought - Country Overview (13 Apr 2023),Kenya: Ukame - Muhtasari wa Nchi (13 Apr 2023),Disaster/Health,
Kwale County: Drought Early Warning Bulletin for September 2023,Kaunti ya Kwale: Taarifa ya Onyo la Mapema kuhusu Ukame kwa Septemba 2023,Disaster/Health,
"Rainfall will vary across Kenya, with lower amounts in western regions and the Rift Valley, higher rainfall at the Coast, and minimal rain in eastern and north-eastern areas, while temperatures will remain above average nationwide.","Mvua zitatofautiana kote nchini Kenya, na kiasi cha chini katika mikoa ya magharibi na Bonde la Ufa, mvua nyingi zaidi Pwani, na mvua kidogo katika maeneo ya mashariki na kaskazini-mashariki, huku halijoto ikisalia kuwa juu ya wastani nchini kote.",Disaster/Health,
Anticipatory action to mitigate drought-induced crises: Learning from Kenya and Somalia,Hatua ya kutarajia kupunguza majanga yanayosababishwa na ukame: Kujifunza kutoka Kenya na Somalia,Disaster/Health,
"However, moderate hunger and borderline food consumption persist, indicating continued food security challenges for some households.","Hata hivyo, njaa ya wastani na ulaji wa chakula wa mipakani unaendelea, jambo linaloashiria kuendelea kuwepo kwa changamoto za usalama wa chakula kwa baadhi ya kaya.",Disaster/Health,
Somali families cut off from aid after verification process in Dadaab refugee camps,Familia za Kisomali zilikatishwa msaada baada ya mchakato wa uhakiki katika kambi za wakimbizi za Dadaab,Disaster/Health,
CGD Policy Paper 358 - Urban Refugee Policies and Legislation in Kenya and Uganda: 2025 Stocktake - May 2025,Karatasi ya Sera ya CGD 358 - Sera na Sheria za Wakimbizi Mijini nchini Kenya na Uganda: 2025 Stocktake - Mei 2025,Disaster/Health,
Kenya counts the beans to help avert food waste in school meals,Kenya inahesabu maharagwe kusaidia kuzuia upotevu wa chakula katika milo ya shule,Disaster/Health,
Kitui County: Drought Early Warning Bulletin for August 2024,Kaunti ya Kitui: Taarifa ya Onyo la Mapema kuhusu Ukame kwa Agosti 2024,Disaster/Health,
West Pokot Community Engagement Study on Climate Vulnerability and Capacity Analysis,Utafiti wa Ushirikiano wa Jumuiya ya Pokot Magharibi kuhusu Athari za Hali ya Hewa na Uchambuzi wa Uwezo,Disaster/Health,
"Wear a mask, sanitize and keep social distance each time you visit health facility. #WCD2020Ke #WCD2020 #Tujulishane @MOH_DRMH @UNFPA @UNFPAKen @NAYAKenya @Amref_Kenya @NCPD_Kenya @PSKenya_","Vaa barakoa, safisha na weka umbali wa kijamii kila unapotembelea kituo cha afya. #WCD2020Ke #WCD2020 #Tujulishane @MOH_DRMH @UNFPA @UNFPAKen @NAYAKenya @Amref_Kenya @NCPD_Kenya @PSKenya_",Public Health,
"Between 2020 and 2024, Wajir and Mandera counties faced increased displacement due to prolonged droughts and subsequent flooding.","Kati ya 2020 na 2024, kaunti za Wajir na Mandera zilikabiliwa na ongezeko la watu waliohama kutokana na ukame wa muda mrefu na mafuriko yaliyofuata.",Disaster/Health,
COVID-19 Coping and Resilience Mechanisms of Informal Women Workers in Kenya,Mbinu za Kukabili na Kustahimili COVID-19 za Wafanyakazi Wanawake Wasio Rasmi nchini Kenya,Disaster/Health,
"The failure of the short rains, combined with reduced assistance, constrained livelihoods, reliance on expensive markets, has significantly deteriorated food security across ASAL counties.","Kushindwa kwa mvua fupi, pamoja na usaidizi uliopunguzwa, maisha duni, kutegemea masoko ya bei ghali, kumezorotesha sana usalama wa chakula katika kaunti zote za ASAL.",Disaster/Health,
HelpAge International's statement on Kenya floods,Kauli ya HelpAge International kuhusu mafuriko ya Kenya,Disaster/Health,
"Over the next 96 hours, more rainfall is still forecast over western, southern and coastal Kenya.","Idadi ya kaya zilizo na Alama inayokubalika ya Utumiaji wa Chakula (FCS) iliongezeka kutoka 9% kwa msingi hadi 44% wakati wa mwisho, wakati FCS maskini ilipungua kutoka 16% hadi 7%.",Disaster/Health,
"Contact tracing is key. Hot spots in NAIROBI county; Kawangware 13 cases Kilimani 6 cases... You need to keep distance, stay home, wear mask and wash your hands. #KomeshaCorona update","Ufuatiliaji wa anwani ni muhimu. Sehemu za moto katika kaunti ya NAIROBI; Kawangware Kesi 13 Kilimani Kesi 6... Unahitaji kujiweka mbali, kukaa nyumbani, kuvaa barakoa na kunawa mikono. #KomeshaCorona sasisho",Public Health,
"The arid and semi-arid lands (ASAL) of northern Kenya, particularly the counties of Marsabit, Mandera, Wajir, Turkana, and Garissa, continue to experience multidimensional humanitarian needs driven by the intersection of climatic shocks, chronic vulnerability, and socio-economic marginalization.","Ardhi kame na nusu kame (ASAL) kaskazini mwa Kenya, haswa kaunti za Marsabit, Mandera, Wajir, Turkana na Garissa, zinaendelea kupata mahitaji ya kibinadamu ya pande nyingi zinazoendeshwa na makutano ya majanga ya hali ya hewa, mazingira magumu sugu, na kutengwa kwa kijamii na kiuchumi.",Disaster/Health,
Building Evidence to Enhance the Welfare of Refugees and Host Communities in Kenya - Insights from Two Waves of the Kenya Longitudinal Socioeconomic Study,Kujenga Ushahidi wa Kuimarisha Ustawi wa Wakimbizi na Jumuiya Wakaribishaji nchini Kenya - Maarifa kutoka kwa Mawimbi Mawili ya Utafiti wa Kijamii wa Muda mrefu wa Kenya,Disaster/Health,
"In spring 2024, the county was among the worst affected by El Niño-induced floods, which submerged entire villages, damaging facilities, destroying farmlands and displacing thousands in the process.","Mnamo majira ya kuchipua 2024, kaunti ilikuwa miongoni mwa nchi zilizoathiriwa zaidi na mafuriko yaliyosababishwa na El Niño, ambayo yalizamisha vijiji vizima, kuharibu vifaa, kuharibu mashamba na kuwahamisha maelfu ya watu katika mchakato huo.",Disaster/Health,
NDMA Drought Resilience Newsletter (May - June 2022),Jarida la Kustahimili Ukame la NDMA (Mei - Juni 2022),Disaster/Health,
"WFP Kenya Country Brief, April 2023","Muhtasari wa Nchi wa WFP Kenya, Aprili 2023",Disaster/Health,
"Kenya Drought Response Plan, January - December 2023 (Issued January 2023)","Mpango wa Kukabiliana na Ukame nchini Kenya, Januari - Desemba 2023 (Imetolewa Januari 2023)",Disaster/Health,
Synthesis report on the co-design of agroecological innovations in the Agroecological Living Landscapes (ALLs) in Kenya,Ripoti ya muhtasari wa muundo-shirikishi wa ubunifu wa ikolojia ya kilimo katika Mandhari Hai ya Kilimo (ALLs) nchini Kenya.,Disaster/Health,
Embu (Mbeere) County: Drought Early Warning Bulletin for February 2023,Kaunti ya Embu (Mbeere): Taarifa ya Onyo la Mapema kuhusu Ukame kwa Februari 2023,Disaster/Health,
Drought leaves over two million vulnerable to health and nutrition crises in Kenya,Ukame unaacha zaidi ya milioni mbili katika hatari ya matatizo ya afya na lishe nchini Kenya,Disaster/Health,
Taita Taveta County: Drought Early Warning Bulletin for May 2022,Kaunti ya Taita Taveta: Taarifa ya Onyo la Mapema kuhusu Ukame la Mei 2022,Disaster/Health,
Laikipia County: Drought Early Warning Bulletin for May 2024,Kaunti ya Laikipia: Taarifa ya Onyo la Mapema kuhusu Ukame la Mei 2024,Disaster/Health,
"Unlocking refugee work authorisation in Kenya: A practical framework for economic inclusion, institutional alignment, and national growth (March 2026)","Kufungua uidhinishaji wa kazi ya wakimbizi nchini Kenya: Mfumo wa vitendo wa ujumuishaji wa kiuchumi, upatanishi wa kitaasisi, na ukuaji wa kitaifa (Machi 2026)",Disaster/Health,
Kajiado County: Drought Early Warning Bulletin for July 2024,Kaunti ya Kajiado: Taarifa ya Onyo la Mapema kuhusu Ukame Julai 2024,Disaster/Health,
"Reflecting on the importance of sustained community participation,Secretary to the Cabinet, Mr. Patrick Kangwa, who officiated at theLaunch, emphasized that Zambia's success in protecting children depends on sustained collaboration between Government, cooperating partners, health workers, community leaders, and caregivers. He noted that while the earlier rounds of the campaign delivered encouraging results, continued efforts remain essential to interrupt poliovirus transmission.""This final round is a critical step to ensure that every child is fully protected, and we call on all caregivers to take advantage of this opportunity to close the last remaining immunity gaps,"".","Akitafakari juu ya umuhimu wa ushirikishwaji endelevu wa jamii, Katibu wa Baraza la Mawaziri, Bw. Patrick Kangwa, ambaye aliongoza Uzinduzi huo, alisisitiza kuwa mafanikio ya Zambia katika kuwalinda watoto yanategemea ushirikiano endelevu kati ya Serikali, washirika, wafanyakazi wa afya, viongozi wa jamii na walezi. Alibainisha kuwa wakati duru za awali za kampeni zilileta matokeo ya kutia moyo, juhudi zinazoendelea bado ni muhimu ili kukatiza maambukizi ya virusi vya polio."" Duru hii ya mwisho ni hatua muhimu ya kuhakikisha kwamba kila mtoto analindwa kikamilifu, na tunatoa wito kwa walezi wote kutumia fursa hii kuziba mapengo ya mwisho ya kinga yaliyosalia,"".",General,
Centro MediaMedia CentreFeature StoriesNews ReleasesProgrammes and Clusters NewsPhoto StoriesStatements and commentariesManchetesComunicar para proteger21 Jul 2026|Comunicado de imprensaAngola concluiu processo estratégico para reforçar o impacto da vacinação20 Jul 2026|Comunicado de imprensaOMS e Ministério da Saúde reforçam os Cuidados de Saúde Primários na Região Autónoma do Príncipe07 Jul 2026|Comunicado de imprensaAutoridades de saúde confirmam caso de mpox na Guiné-Bissau04 Jul 2026|Comunicado de imprensaDestaqueIn the frontlines of a safe and dignified Ebola outbreak response in Uganda01 Jul 2026|Reportagem,Centro MediaMedia CentreMatoleo ya HabariHabariMatoleoyaProgramu na KundiHabariHadithiPichaTamko na maoniManchetesComunicar kwa ajili ya watetezi21 Jul 2026|Comunicado de imprensaAngola kuhitimisha mchakato wa uimarishaji wa athari za vacinação20 Jul 2026 Jul 2026 Saúde reforçam os Cuidados de Saúde Primários na Região Autónoma do Príncipe07 Jul 2026|Comunicado de imprensaAutoridades de saúde confirmam caso de mpox na Guine-Bissau04 Jul 2026|Comunicado de imprensa Uganda01 Jul 2026|Ripoti,General,
How the Climate Crisis Threatens Farming in Rural Kenya,Jinsi Mgogoro wa Hali ya Hewa Unavyotishia Kilimo Vijijini Kenya,Disaster/Health,
"Increasingly, the example by leaders like him who have vaccinated, wears masks and insists on keeping distance rubs off on the 14,000-members of community.","Kwa kuongezeka, mfano wa viongozi kama yeye ambao wamechanja, huvaa vinyago na kusisitiza kuwaweka mbali watu 14,000 wa jamii.",Health,
Kilifi County: Drought Early Warning Bulletin for April 2024,Kaunti ya Kilifi: Taarifa ya Onyo la Mapema kuhusu Ukame kwa Aprili 2024,Disaster/Health,
Kenya: IPC Food Security & Malnutrition Snapshot - Acute Food Insecurity: February - June 2023; Acute Malnutrition: February - May 2023,Kenya: Usalama wa Chakula na Utapiamlo wa IPC - Ukosefu Mkubwa wa Chakula: Februari - Juni 2023; Utapiamlo Mkali: Februari - Mei 2023,Disaster/Health,
Learn how corruption affects services and educate your community to prevent it,Jifunze jinsi rushwa inavyoathiri huduma na uelimishe jamii yako ili kuizuia,Security,
Kenya: Drought - ASAL Humanitarian Network Drought Response - Activity by Sub County (as of 23 August 2023),Kenya: Ukame - Mtandao wa Kibinadamu wa ASAL Mwitikio wa Ukame - Shughuli ya Kaunti Ndogo (kuanzia tarehe 23 Agosti 2023),Disaster/Health,
"East Africa Seasonal Monitor: Increasing flood risk with forecasted above-average rains in parts of the northern sector (June 30, 2024)","Ufuatiliaji wa Msimu wa Afrika Mashariki: Kuongezeka kwa hatari ya mafuriko kwa kutabiriwa kwa mvua za juu ya wastani katika sehemu za sekta ya kaskazini (Juni 30, 2024)",Disaster/Health,
"We must observe social distancing requirement, wash hands regularly, and stay at home, and only go out when absolutely necessary. Whenever out in a public place, one must wear the face mask. #KomeshaCorona","Ni lazima tuzingatie mahitaji ya umbali wa kijamii, kunawa mikono mara kwa mara, na kukaa nyumbani, na kwenda nje inapobidi tu. Wakati wowote nje mahali pa umma, mtu lazima avae kinyago cha uso. #KomeshaCorona",Public Health,
"IASC Deputy Chiefs visit Mathare informal settlement in Nairobi, Kenya","Manaibu Wakuu wa IASC watembelea makazi yasiyo rasmi ya Mathare jijini Nairobi, Kenya",Disaster/Health,
"Dr. Beatrice Muganda Inyangalais the Principal Secretary, the State Department for Higher Education and Research, Ministry of Education, Kenya.","Dkt. Beatrice Muganda Inyangalais Katibu Mkuu, Idara ya Serikali ya Elimu ya Juu na Utafiti, Wizara ya Elimu, Kenya.",General,
Baringo County: Drought Early Warning Bulletin for June 2024,Kaunti ya Baringo: Taarifa ya Onyo la Mapema kuhusu Ukame ya Juni 2024,Disaster/Health,
USAID Announces Funding to Respond to Catastrophic Floods in Kenya,USAID Yatangaza Ufadhili wa Kukabiliana na Maafa ya Mafuriko nchini Kenya,Disaster/Health,
"Dadaab and Kakuma Refugee Camp in Kenya | Joint Market Monitoring Initiative (JMMI) Q2 (April - June, 2024)","Kambi ya Wakimbizi ya Dadaab na Kakuma nchini Kenya | Mpango wa Pamoja wa Ufuatiliaji wa Soko (JMMI) Q2 (Aprili - Juni, 2024)",Disaster/Health,
"In the African region, an estimated 1.3 million children aged 0-14 were living with HIV at the end of 2022, and 109 000 children were newly infected. An estimated 69 000 children died of AIDS-related illnesses. To reduce HIV-related mortality and morbidity among this highly vulnerable population, early testing and treatment is essential. Without access to testing and treatment, 50% of children with HIV will die by the age of 2, and 80% will not live to their fifth birthday.","Katika kanda ya Afrika, inakadiriwa watoto milioni 1.3 wenye umri wa miaka 0-14 walikuwa wakiishi na VVU mwishoni mwa 2022, na watoto 109,000 walikuwa wameambukizwa hivi karibuni. Inakadiriwa watoto 69,000 walikufa kwa magonjwa yanayohusiana na UKIMWI. Ili kupunguza vifo na magonjwa yanayohusiana na VVU miongoni mwa watu hawa walio katika hatari kubwa, upimaji wa mapema na matibabu ni muhimu. Bila kupata upimaji na matibabu, asilimia 50 ya watoto wenye VVU watakufa wakiwa na umri wa miaka 2, na 80% hawataishi hadi siku yao ya kuzaliwa ya tano.",General,
Meru (Meru-North) County: Drought Early Warning Bulletin for June 2023,Kaunti ya Meru (Meru-Kaskazini): Taarifa ya Onyo la Mapema kuhusu Ukame Juni 2023,Disaster/Health,
"WFP Kenya Country Brief, May 2024","Muhtasari wa Nchi wa WFP wa Kenya, Mei 2024",Disaster/Health,
National Drought Early Warning Bulletin (January 2023),Taarifa ya Onyo la Mapema la Kitaifa kuhusu Ukame (Januari 2023),Disaster/Health,
VIDEO:The School Improvement Programme (Kenya) Documentary on TPAD,VIDEO:Mpango wa Kuboresha Shule (Kenya) Documentary on TPAD,General,
Eastern Africa Seasonal Monitor: Severe Flooding Across Equatorial Areas in April - May 2024,Ufuatiliaji wa Msimu wa Afrika Mashariki: Mafuriko Makali Katika Maeneo ya Ikweta mwezi Aprili - Mei 2024,Disaster/Health,
"The high levels and prevalence of food insecurity are mainly due to the poor performance of the 2025 October‑Decembershort‑rains,which severely affected crops and livestock.","Viwango vya juu na kuenea kwa uhaba wa chakula kunatokana zaidi na utendaji duni wa mvua za 2025 Oktoba-Desemba 2025, ambazo ziliathiri vibaya mazao na mifugo.",Agriculture,
Kitui County: Drought Early Warning Bulletin for November 2022,Kaunti ya Kitui: Taarifa ya Onyo la Mapema kuhusu Ukame kwa Novemba 2022,Disaster/Health,
"We need to strike a balance between what is acceptable in the context that we have and what inefficient use of the health workforce,"" he says.","Tunahitaji kuweka uwiano kati ya kile kinachokubalika katika muktadha tulionao na matumizi yasiyofaa ya nguvu kazi ya afya,"" anasema.",Health,
Conflict-sensitive adaptation governance: Assessing Kenya's County Climate Change Fund,Utawala wa kukabiliana na mizozo: Kutathmini Hazina ya Kaunti ya Kenya ya Mabadiliko ya Tabianchi,Disaster/Health,
Midline findings for the Kenya cash consortium response to drought in arid and semi-arid lands (ASAL) counties of Kenya,Matokeo ya katikati ya mwitikio wa muungano wa pesa wa Kenya kwa ukame katika kaunti kame na nusu kame (ASAL) za Kenya.,Disaster/Health,
Embu (Mbeere) County: Drought Early Warning Bulletin for September 2023,Kaunti ya Embu (Mbeere): Taarifa ya Onyo la Mapema kuhusu Ukame kwa Septemba 2023,Disaster/Health,
Formulation and review of policies on University Education in collaboration with relevant bodies and agencies.,Uundaji na uhakiki wa sera za Elimu ya Vyuo Vikuu kwa ushirikiano na vyombo na wakala husika.,General,
Kenya – Solutions and Mobility Index – Turkana and Garissa counties (September - November 2024),Kenya - Kielezo cha Suluhu na Uhamaji - kaunti za Turkana na Garissa (Septemba - Novemba 2024),Disaster/Health,
Factsheet: The Kenya Cash Consortium Alert-Based Cash Assistance to Disaster Affected Communities: Urban Refugees in Nairobi County - Baseline and Endline (February 2026),Karatasi ya Ukweli: Usaidizi wa Pesa wa Tahadhari ya Kenya Cash Consortium kwa Jamii Zilizoathiriwa na Maafa: Wakimbizi wa Mijini katika Kaunti ya Nairobi - Msingi na Mwisho (Februari 2026),Disaster/Health,
"Vulnerability, Risk, and Resilience: The implications for the drivers of malnutrition in Isiolo and Marsabit Counties, Kenya","Udhaifu, Hatari, na Ustahimilivu: Athari kwa vichochezi vya utapiamlo katika Kaunti za Isiolo na Marsabit, Kenya.",Disaster/Health,
"It involved collaborating with multiple partner organisations, with support provided by UNDRR.","Ilihusisha kushirikiana na mashirika mengi ya washirika, kwa usaidizi uliotolewa na UNDRR.",Disaster/Health,
"The Covid-19 global pandemic requires inclusive approach to prevent the transmission of the virus. During this time of uncertainty, faith leaders such as Methodists have turned religious theology to find comfort for the community and encourage safe practices to #KomeshaCorona","Janga la kimataifa la Covid-19 linahitaji mbinu jumuishi ili kuzuia maambukizi ya virusi hivyo. Katika wakati huu wa mashaka, viongozi wa imani kama vile Wamethodisti wamegeuza teolojia ya kidini kupata faraja kwa jamii na kuhimiza mazoea salama kwa #KomeshaCorona.",Public Health,
Kajiado County: Drought Early Warning Bulletin for November 2022,Kaunti ya Kajiado: Taarifa ya Onyo la Mapema kuhusu Ukame ya Novemba 2022,Disaster/Health,
Taita Taveta County: Drought Early Warning Bulletin for October 2022,Kaunti ya Taita Taveta: Taarifa ya Onyo la Mapema kuhusu Ukame Oktoba 2022,Disaster/Health,
Kenya's journey shows how sustained investment and careful planning can build stronger public health intelligence over time.,Safari ya Kenya inaonyesha jinsi uwekezaji endelevu na mipango makini inavyoweza kujenga akili ya afya ya umma kwa wakati.,Health,
Development of a COVID-19 vaccine is a process to ensure its safety and efficacy; Ag DG @DrPatrickAmoth . #KomeshaCorona update.,Uundaji wa chanjo ya COVID-19 ni mchakato wa kuhakikisha usalama na utendakazi wake; Ag DG @DrPatrickAmoth . #KomeshaCorona sasisho.,Public Health,
"Poverty, inequality and regional disparities persist, especially in arid and semi-arid counties, which cover 80% of the country's land mass.","Umaskini, ukosefu wa usawa na tofauti za kikanda zinaendelea, haswa katika kaunti kame na nusu kame, ambazo huchukua 80% ya ardhi yote ya nchi.",Disaster/Health,
"The Government has expanded access through establishment of new universities and expansion of the existing ones that has increased enrolment in universities. The number of universities, both public and private increased to seventy-eight (78) in 2022/23. The universities comprise of thirty-eight (38) Public Chartered Universities, four (4) Public University Constituent Colleges, twenty-five (25) Private Chartered Universities, eight (8) Universities operating with Letters of Interim Authority (LIA) and three (3) Private University Constituent Colleges. A summary of the type and number of Universities is the table below.","Serikali imepanua upatikanaji wa vyuo kwa kuanzisha vyuo vikuu vipya na upanuzi wa vyuo vilivyopo hali ambayo imeongeza udahili katika vyuo vikuu. Idadi ya vyuo vikuu vya umma na vya binafsi iliongezeka hadi sabini na nane (78) mwaka 2022/23. Vyuo Vikuu hivyo vinajumuisha Vyuo Vikuu Vilivyopangiwa Umma thelathini na nane (38), Vyuo Vikuu Maalum vya Vyuo Vikuu vya Umma vinne (4), Vyuo Vikuu Vilivyopangiwa Binafsi ishirini na tano (25), Vyuo Vikuu vinane (8) vinavyofanya kazi kwa Hati za Mamlaka ya Muda (LIA) na Vyuo Vikuu vya Kibinafsi vitatu (3). Muhtasari wa aina na idadi ya Vyuo Vikuu ni jedwali hapa chini.",General,
"The sector remains siloed across supply chain, research, regulation, trade, product development, financing, human capital, and health data systems, resulting in persistent vulnerability to import and donor dependency, geopolitical disruptions, and climate-related health threats.","Sekta hii inasalia kuwa chini ya ugavi, utafiti, udhibiti, biashara, ukuzaji wa bidhaa, ufadhili, rasilimali watu, na mifumo ya data ya afya, na kusababisha hatari ya kudumu ya kuagiza na kutegemea wafadhili, usumbufu wa kijiografia, na matishio ya kiafya yanayohusiana na hali ya hewa.",Health,
"We shall not tire in reminding you of the need to wash your hands with soap and water, wearing of face masks at all times in public places, maintaining social and physical distance and more important avoiding all public gatherings be they social or political.","Hatutachoka kukukumbusha hitaji la kunawa mikono kwa sabuni na maji, kuvaa barakoa kila wakati mahali pa umma, kudumisha umbali wa kijamii na kimwili na muhimu zaidi kuepuka mikusanyiko yote ya umma iwe ya kijamii au ya kisiasa.",Public Health,
Use of Data in Anticipatory Risk Management,Matumizi ya Data katika Usimamizi wa Hatari wa Kutarajia,Disaster/Health,
Marsabit County: Drought Early Warning Bulletin for April 2022,Kaunti ya Marsabit: Taarifa ya Onyo la Mapema kuhusu Ukame kwa Aprili 2022,Disaster/Health,
"As we continue to celebrate Easter Holidays in our homes, let us reflect on what we must do in order to contain the spread of infections & remember to wash our hands, observe social distance, wear face masks and stay at home; Dr. Mwangangi. #KomeshaCorona update","Tunapoendelea kusherehekea Sikukuu za Pasaka majumbani mwetu, tutafakari kile tunachopaswa kufanya ili kuzuia kuenea kwa maambukizi & tukumbuke kunawa mikono, kuangalia umbali wa kijamii, kuvaa vinyago na kukaa nyumbani; Dk Mwangangi. #KomeshaCorona sasisho",Public Health,
Kilifi County: Drought Early Warning Bulletin for July 2022,Kaunti ya Kilifi: Taarifa ya Onyo la Mapema kuhusu Ukame Julai 2022,Disaster/Health,
Kenya : Journalist shot thrice while covering anti-government demonstrations in Nakuru,Kenya : Mwanahabari alipiga risasi tatu alipokuwa akiripoti maandamano dhidi ya serikali huko Nakuru,Disaster/Health,
Marsabit County: Drought Early Warning Bulletin for November 2023,Kaunti ya Marsabit: Taarifa ya Onyo la Mapema kuhusu Ukame kwa Novemba 2023,Disaster/Health,
"As the Regional Director of WHO Africa, Dr Janabi leads the organization's efforts to strengthen health systems, respond to health emergencies, and build partnerships across the 47 member states of the African Region. His vision focuses on achieving better health outcomes for all Africans through innovation, equity, and collaboration.","Akiwa Mkurugenzi wa Kanda wa WHO Afrika, Dk Janabi anaongoza juhudi za shirika hilo kuimarisha mifumo ya afya, kukabiliana na dharura za afya, na kujenga ushirikiano katika nchi 47 wanachama wa Kanda ya Afrika. Maono yake yanalenga katika kufikia matokeo bora ya afya kwa Waafrika wote kupitia uvumbuzi, usawa, na ushirikiano.",General,
"Through collaboration with county health authorities, WHO is supporting the expansion of emergency obstetric and newborn care services in northern Kenya, including training health workers and strengthening outreach services to reach remote communities.","Kupitia ushirikiano na mamlaka za afya za kaunti, WHO inaunga mkono upanuzi wa huduma za dharura za uzazi na watoto wachanga kaskazini mwa Kenya, ikiwa ni pamoja na kutoa mafunzo kwa wahudumu wa afya na kuimarisha huduma za kufikia jamii za mbali.",Health,
"Multi-Sector Needs Assessment (MSNA): Host Communities and Affected Populations in Garissa, Mandera, Marsabit & Turkana Counties | June 2025","Tathmini ya Mahitaji ya Sekta Mbalimbali (MSNA): Jumuiya Wenyeji na Idadi ya Watu Walioathirika katika Kaunti za Garissa, Mandera, Marsabit & Turkana | Juni 2025",Disaster/Health,
"Kenya's Dadaab camp swells with Somalis fleeing drought, conflict","Kambi ya Dadaab ya Kenya imejaa Wasomali wanaokimbia ukame, migogoro",Disaster/Health,
"In Wajir County in northern Kenya, the vaccination uptake campaign was also driven by working with political, religious and community leaders as well as through messages relayed via community radio, which is effective among the nomadic herder communities predominantly living in northern Kenya.","Katika Kaunti ya Wajir kaskazini mwa Kenya, kampeni ya kupokea chanjo pia ilichochewa na kufanya kazi na viongozi wa kisiasa, kidini na kijamii na pia kupitia jumbe zinazotumwa kupitia redio ya jamii, ambayo ni nzuri miongoni mwa jamii za wafugaji wahamaji wanaoishi kaskazini mwa Kenya.",Health,
We are urging any person visiting a supermarket or open air market to put on a mask to protect and prevent the spread COVID19; CS Kagwe #KomeshaCorona update,Tunamsihi mtu yeyote anayetembelea duka kubwa au soko la wazi avae barakoa ili kulinda na kuzuia kuenea kwa COVID19; CS Kagwe #KomeshaCorona sasisho,Public Health,
Turning the Tide: How Malawi Stopped Mpox in Its Tracks,Kugeuza Mawimbi: Jinsi Malawi Ilizuia Mpoksi katika Nyimbo Zake,General,
We are concerned about mental health and we established a counseling framework. Please call hotline 1199 if you need help. #KomeshaCorona update.,Tunajali kuhusu afya ya akili na tulianzisha mfumo wa ushauri. Tafadhali piga simu ya hotline 1199 ikiwa unahitaji usaidizi. #KomeshaCorona sasisho.,Public Health,
Kitui County: Drought Early Warning Bulletin for October 2022,Kaunti ya Kitui: Taarifa ya Onyo la Mapema kuhusu Ukame kwa Oktoba 2022,Disaster/Health,
Meru (Meru-North) County: Drought Early Warning Bulletin for October 2024,Kaunti ya Meru (Meru-Kaskazini): Taarifa ya Onyo la Mapema kuhusu Ukame Oktoba 2024,Disaster/Health,
"The comments, inputs, or memoranda thereof from the general public may be forwarded to the Principal Secretary, National Treasury, P.","Maoni, michango, au memoranda zake kutoka kwa umma kwa ujumla zinaweza kutumwa kwa Katibu Mkuu, Hazina ya Kitaifa, P.",Governance,
Voicing Our Plight: Using Photovoice to Assess Perceptions of Mental Health Services for Survivors of Sexual Violence in Kenya,Kueleza Shida Yetu: Kutumia Sauti ya Picha Kutathmini Maoni ya Huduma za Afya ya Akili kwa Waathiriwa wa Unyanyasaji wa Kijinsia nchini Kenya.,Disaster/Health,
Marsabit County: Drought Early Warning Bulletin for February 2023,Kaunti ya Marsabit: Taarifa ya Onyo la Mapema kuhusu Ukame kwa Februari 2023,Disaster/Health,
Marsabit County: Drought Early Warning Bulletin for January 2023,Kaunti ya Marsabit: Taarifa ya Onyo la Mapema kuhusu Ukame kwa Januari 2023,Disaster/Health,
Nyeri (Kieni) County: Drought Early Warning Bulletin for October 2024,Kaunti ya Nyeri (Kieni): Taarifa ya Onyo la Mapema kuhusu Ukame Oktoba 2024,Disaster/Health,
"Nairobi—Countries in the African region faced more than 140 health emergencies in 2025, ranging from infectious disease outbreaks to climate-related shocks and humanitarian crises. World Health Organization (WHO)'s regio…","Nairobi—Nchi katika eneo la Afrika zilikabiliwa na zaidi ya dharura 140 za kiafya mwaka 2025, kuanzia milipuko ya magonjwa ya kuambukiza hadi mishtuko inayohusiana na hali ya hewa na majanga ya kibinadamu. Mkoa wa Shirika la Afya Duniani (WHO)…",General,
Nyeri (Kieni) County: Drought Early Warning Bulletin for June 2022,Kaunti ya Nyeri (Kieni): Taarifa ya Onyo la Mapema kuhusu Ukame Juni 2022,Disaster/Health,
The Community Land Act (CLA) 2016 and Pastoralists' Access to Land for Adaptation,Sheria ya Ardhi ya Jamii (CLA) 2016 na Upatikanaji wa Wafugaji wa Ardhi kwa Marekebisho,Disaster/Health,
"maintaining social and physical distance, wearing of face masks in public places, washing of hands with soap and running water, avoiding all public and social gatherings, among others to #KomeshaCorona.","kudumisha umbali wa kijamii na kimwili, kuvaa barakoa katika maeneo ya umma, kunawa mikono kwa sabuni na maji yanayotiririka, kuepuka mikusanyiko yote ya hadhara na kijamii, miongoni mwa mengine kwa #KomeshaCorona.",Public Health,
"Face masks are one way to protect yourself and others from the spread of coronavirus, but they're only effective when worn properly. Make sure to cover the right areas of your face to get the most protection from your mask. #KomeshaCorona","Barakoa za uso ni njia mojawapo ya kujilinda wewe na wengine kutokana na kuenea kwa virusi vya corona, lakini zinafaa tu zikivaliwa ipasavyo. Hakikisha umefunika sehemu zinazofaa za uso wako ili kupata ulinzi zaidi kutoka kwa barakoa yako. #KomeshaCorona",Public Health,
MINISTRY OF EDUCATION VULNERABLE AND MARGINIZED GROUPS FRAMEWORK REPORT,RIPOTI YA MFUMO WA MFUMO WA WIZARA YA ELIMU,General,
Kitui County: Drought Early Warning Bulletin for October 2024,Kaunti ya Kitui: Taarifa ya Onyo la Mapema kuhusu Ukame kwa Oktoba 2024,Disaster/Health,
Mandera County: Drought Early Warning Bulletin for June 2023,Kaunti ya Mandera: Taarifa ya Onyo la Mapema kuhusu Ukame ya Juni 2023,Disaster/Health,
Data & Digital Transformation Strategy 2024 - 2028,Mkakati wa Kubadilisha Data na Dijitali 2024 - 2028,Disaster/Health,
"Inside the Ebola Response: Building Trust, Protecting Health Workers and Saving Lives","Ndani ya Mwitikio wa Ebola: Kujenga Uaminifu, Kulinda Wahudumu wa Afya na Kuokoa Maisha",General,
Kwale County: Drought Early Warning Bulletin for April 2023,Kaunti ya Kwale: Taarifa ya Onyo la Mapema kuhusu Ukame kwa Aprili 2023,Disaster/Health,
"By contrast, in the drought-affected counties, body conditions were assessed to be poor in Mandera County and from poor to fair in Wajir, Garissa and Tana River counties, although above‑average seasonal rains are supporting pasture and fodder regeneration, contributing to gradual improvements.","Kinyume chake, katika kaunti zilizoathiriwa na ukame, hali ya mwili ilitathminiwa kuwa mbaya katika Kaunti ya Mandera na kutoka hali duni hadi ya haki katika kaunti za Wajir, Garissa na Tana River, ingawa mvua za msimu wa juu-wastani zinasaidia ufufuaji wa malisho na malisho, na kuchangia uboreshaji wa taratibu.",Disaster/Health,
USCRI calls for immediate action as refugees face man-made starvation crisis in Kenya,USCRI inataka hatua za haraka zichukuliwe huku wakimbizi wakikabiliwa na janga la njaa linalosababishwa na binadamu nchini Kenya,Disaster/Health,
Missed university application? You have another chance via KUCCPS. Read details here: https://nation.africa/kenya/news/education/missed-university-placement-here-s-your-second-chance-5531548?sfnsn=wa…,Ulikosa ombi la kujiunga na chuo kikuu? Unayo nafasi nyingine kupitia KUCCPS. Soma maelezo zaidi kwenye tovuti rasmi.,Education,
"(a) proposal that addressed a specific challenge in one of the five priority areas in the region – industry, agriculture, health, education and applied statistics;","(a) pendekezo ambalo lilishughulikia changamoto mahususi katika mojawapo ya maeneo matano ya kipaumbele katika kanda - viwanda, kilimo, afya, elimu na takwimu za matumizi;",General,
The Evolution of Devolution: Considerations for Scaling Local Participatory Planning in Kenya,Mageuzi ya Ugatuzi: Mazingatio ya Kuongeza Upangaji Shirikishi wa Mashinani nchini Kenya,Disaster/Health,
Tharaka Nithi County: Drought Early Warning Bulletin for May 2022,Kaunti ya Tharaka Nithi: Taarifa ya Onyo la Mapema kuhusu Ukame kwa Mei 2022,Disaster/Health,
Marsabit County: Drought Early Warning Bulletin for July 2022,Kaunti ya Marsabit: Taarifa ya Onyo la Mapema kuhusu Ukame Julai 2022,Disaster/Health,
Turkana County: Drought Early Warning Bulletin for May 2023,Kaunti ya Turkana: Taarifa ya Onyo la Mapema kuhusu Ukame kwa Mei 2023,Disaster/Health,
"Kenya Price Bulletin, April 2024","Taarifa ya Bei ya Kenya, Aprili 2024",Disaster/Health,
We have three recoveries To flatten the curve further; Keep physical distance Frequently wash hands with soap and running water Stay at home unless you are an essential service. #StaySafe. #KomesaCorona,Tuna ahueni tatu Ili kurefusha curve zaidi; Weka umbali wa kimwili Nawa mikono mara kwa mara kwa sabuni na maji yanayotiririka Kaa nyumbani isipokuwa kama huduma muhimu. #KaaSalama. #KomesaCorona,Public Health,
"Hands on practical sensitizing of nomadic communities by health workers, on how to prevent COVID-19 by washing hands with running water, at the outskirt of Nairobi in Ruai. #KomeshaCorona","Mikono juu ya uhamasishaji wa vitendo wa jamii za kuhamahama na wafanyikazi wa afya, jinsi ya kuzuia COVID-19 kwa kunawa mikono kwa maji ya bomba, nje kidogo ya Nairobi huko Ruai. #KomeshaCorona",Public Health,
"DrowningPrevention Tip: Watch over children Whether it's a pool, a beach, a pond, or a bathtub, adult supervision is a MUST to keep the little ones safe. Remain vigilant & avoid distractions so that you can respond quickly if a child needs help https://bit.ly/4yEIAgY","Dokezo la Kuzuia Kuzama Majini: Waangalie watoto kwa karibu. Iwe ni kwenye bwawa la kuogelea, ufukweni, au bafuni, usimamizi wa mtu mzima ni LAZIMA ili kuwalinda watoto. Kaeni macho na muepuke vizuizi ili muweze kusaidia haraka mtoto anapohitaji msaada.",Health,
"Majid Mohamed, Assistant Director of Public Health at the Ministry of Health, emphasised the need to expand the initiative: ""We often focus on established camps, yet many refugees enter through informal crossings.","Majid Mohamed, Mkurugenzi Msaidizi wa Afya ya Umma katika Wizara ya Afya, alisisitiza haja ya kupanua mpango huo: ""Mara nyingi tunazingatia kambi zilizoanzishwa, lakini wakimbizi wengi huingia kupitia njia zisizo rasmi.",Health,
Kenya's Shirika Plan Can Dismantle Legal Barriers for Refugee Women Facing Gender-based Violence,Mpango wa Shiŕika la Kenya Unaweza Kuondoa Vizuizi vya Kisheŕia kwa Wanawake Wakimbizi Wanaokabiliana na Unyanyasaji wa Kijinsia.,Disaster/Health,
Kajiado County: Drought Early Warning Bulletin for October 2023,Kaunti ya Kajiado: Taarifa ya Onyo la Mapema kuhusu Ukame ya Oktoba 2023,Disaster/Health,
"Achieving validation of EMTCT is a tremendous national accomplishment, requiring country-led accountability, rigorous data analysis, intensive programme assessment and multilevel collaboration. Maintaining validation is equally important and requires sustained, broad programme efforts to prevent new infections in infants, children and adults. Through the validation process, WHO and partners continue to provide country support for strengthening health system capacity and comprehensive person-centered, integrated services that respect and protect the human rights of women living with any of the conditions, and to ensure that these women are meaningfully involved in health programme planning and service delivery.","Kufikia uthibitisho wa EMTCT ni mafanikio makubwa ya kitaifa, yanayohitaji uwajibikaji unaoongozwa na nchi, uchambuzi wa kina wa data, tathmini ya kina ya programu na ushirikiano wa ngazi mbalimbali. Kudumisha uthibitisho ni muhimu vile vile na kunahitaji juhudi endelevu, za mpango mpana ili kuzuia maambukizi mapya kwa watoto wachanga, watoto na watu wazima. Kupitia mchakato wa uthibitishaji, WHO na washirika wanaendelea kutoa usaidizi wa nchi kwa ajili ya kuimarisha uwezo wa mfumo wa afya na huduma kamili zinazozingatia mtu, jumuishi ambazo zinaheshimu na kulinda haki za binadamu za wanawake wanaoishi na hali yoyote, na kuhakikisha kuwa wanawake hawa wanashiriki kikamilifu katika upangaji wa programu za afya na utoaji wa huduma.",General,
Kilifi County: Drought Early Warning Bulletin for March 2024,Kaunti ya Kilifi: Taarifa ya Onyo la Mapema kuhusu Ukame kwa Machi 2024,Disaster/Health,
"In November 2025, Kenya transitioned to a single-dose HPV vaccination schedule , in line with WHO recommendations, to simplify delivery and improve coverage.","Mnamo Novemba 2025, Kenya ilibadilika hadi ratiba ya chanjo ya HPV ya dozi moja, kulingana na mapendekezo ya WHO, ili kurahisisha utoaji na kuboresha huduma.",Health,
"The Inter-University Council for East Africa (IUCEA), an institution of the East African Community, was selected by the Regional Steering Committee (RSC) of the ACE II project as the Regional Facilitation Unit (RFU). IUCEA will provide overall coordination, facilitation and administration to the project implementation under the oversight of the RSC. IUCEA, with assistance from the World Bank, coordinated the project preparation including the ACE selection process.","Baraza la Vyuo Vikuu vya Afrika Mashariki (IUCEA), taasisi ya Jumuiya ya Afrika Mashariki, lilichaguliwa na Kamati ya Uongozi ya Kanda (RSC) ya mradi wa ACE II kuwa Kitengo cha Uwezeshaji Kikanda (RFU). IUCEA itatoa uratibu wa jumla, uwezeshaji na usimamizi kwa utekelezaji wa mradi chini ya uangalizi wa RSC. IUCEA, kwa usaidizi kutoka Benki ya Dunia, iliratibu maandalizi ya mradi ikiwa ni pamoja na mchakato wa uteuzi wa ACE.",General,
"Placements done! Hujaridhika and would like to be transferred from your current placement? Pitia Huduma Centres karibu nawe, are ready to assist in inter institution transfer portal application.","Uwekaji wa kozi umekamilika! Hujaridhika na ungependa kuhamishwa kutoka chuo chako cha sasa? Tembelea vituo vya Huduma Centre karibu nawe, maafisa wa KUCCPS wako tayari kukusaidia katika ombi la uhamisho kati ya vyuo.",Education,
"Additionally, the 110 community health promoters using the digital tool expressed optimism about incorporating it into other large-scale health campaigns, such as polio vaccination campaigns.","Zaidi ya hayo, waendelezaji wa afya ya jamii 110 wanaotumia zana ya kidijitali walionyesha matumaini kuhusu kuijumuisha katika kampeni nyingine kubwa za afya, kama vile kampeni za chanjo ya polio.",Health,
"Social, environmental factors seen behind Africa's low COVID-19 cases24 September 2020","Mambo ya kijamii, mazingira yanayoonekana nyuma ya visa vya chini vya COVID-19 barani Afrika24 Septemba 2020",General,
"WFP Kenya Country Brief, March 2023","Muhtasari wa Nchi wa WFP wa Kenya, Machi 2023",Disaster/Health,
Surviving the Drought: The Struggle and Resilience of Pastoralist Communities in Northern Kenya,Kunusurika na Ukame: Mapambano na Ustahimilivu wa Jumuiya za Wafugaji Kaskazini mwa Kenya.,Disaster/Health,
Samburu County: Drought Early Warning Bulletin for December 2022,Kaunti ya Samburu: Taarifa ya Onyo la Mapema kuhusu Ukame kwa Desemba 2022,Disaster/Health,
Kitui County: Drought Early Warning Bulletin for September 2022,Kaunti ya Kitui: Taarifa ya Onyo la Mapema kuhusu Ukame kwa Septemba 2022,Disaster/Health,
"Key populations often face legal and social barriers that increase their vulnerability to HIV and impede their access to prevention, testing and treatment programmes.","Idadi kubwa ya watu mara nyingi hukabiliana na vikwazo vya kisheria na kijamii vinavyoongeza uwezekano wao wa kupata VVU na kuwazuia kupata programu za kinga, upimaji na matibabu.",General,
"However, cereal production from these areas accounts for only a small share of the national output.","Hata hivyo, uzalishaji wa nafaka kutoka maeneo haya unachangia sehemu ndogo tu ya pato la taifa.",Disaster/Health,
Kenya broadens sexual and reproductive health mobile outreach services for hard-to-reach communities,Kenya inapanua huduma za mawasiliano ya simu za afya ya ngono na uzazi kwa jamii ambazo ni ngumu kuzifikia,General,
PS Ololtuaa engaged Bomet County officials on Education Matters.,PS Ololtuaa aliwashirikisha maafisa wa Kaunti ya Bomet kuhusu Masuala ya Elimu.,General,
"The strategy recognizes that prepared, organized, and engaged communities are among the most important assets for public health security and robust health systems. Community protection involves reducing vulnerabilities before risks turn into crises, whilst community resilience means ensuring that communities can adapt, respond, and recover when those risks materialize. Therefore, neither of these capacities arises during an emergency; both are built up in everyday life.","Mkakati huo unatambua kuwa jumuiya zilizoandaliwa, zilizopangwa na zinazohusika ni miongoni mwa rasilimali muhimu zaidi kwa usalama wa afya ya umma na mifumo thabiti ya afya. Ulinzi wa jamii unahusisha kupunguza udhaifu kabla ya hatari kugeuka kuwa majanga, ilhali uthabiti wa jumuiya unamaanisha kuhakikisha kwamba jumuiya zinaweza kubadilika, kujibu na kupona hatari hizo zinapotokea. Kwa hiyo, hakuna hata mmoja wa uwezo huu hutokea wakati wa dharura; zote mbili zimejengwa katika maisha ya kila siku.",General,
Kenya: le Secrétaire général s'inquiète des violences liées aux manifestations,Kenya: le Secrétaire général s'inquiète des violences udhihirisho wa ziada,Disaster/Health,
"Through this approach, the project aims to strengthen women's financial decision-making skills, encourage savings and investment practices, and support the development of sustainable income-generating opportunities.","Kupitia mbinu hii, mradi unalenga kuimarisha ujuzi wa wanawake wa kufanya maamuzi ya kifedha, kuhimiza mazoea ya kuweka akiba na uwekezaji, na kusaidia maendeleo ya fursa endelevu za kuzalisha mapato.",Disaster/Health,
"The global and regional community has committed itself to the elimination of mother-to-child transmission (EMTCT) of HIV, syphilis, and hepatitis B virus (HBV) as a public health priority. The Triple EMTCT initiative focuses on a harmonized approach to improving health outcomes for mothers and children.","Jumuiya ya kimataifa na kikanda imejitolea kukomesha maambukizi kutoka kwa mama kwenda kwa mtoto (EMTCT) ya VVU, kaswende, na virusi vya homa ya ini (HBV) kama kipaumbele cha afya ya umma. Mpango wa Triple EMTCT unaangazia mbinu iliyooanishwa ya kuboresha matokeo ya afya kwa akina mama na watoto.",General,
Taking vaccines to these communities also meant that vaccination teams would set up vaccination stations at watering points.,Kupeleka chanjo kwa jumuiya hizi pia kulimaanisha kuwa timu za chanjo zingeweka vituo vya chanjo katika maeneo ya kunyweshea maji.,Health,
Kenya Takes Bold Step Towards Universal Health Coverage with the Launch of a Digital Health Tool,Kenya Yachukua Hatua Ya Ujasiri Kuelekea Huduma ya Afya kwa Wote kwa Uzinduzi wa Zana ya Kidijitali ya Afya,Disaster/Health,
FAO introduces innovative locust pesticides management system for effective stock management in Kenya,FAO inatanguliza mfumo bunifu wa usimamizi wa viuatilifu vya nzige kwa ajili ya usimamizi bora wa hisa nchini Kenya,Disaster/Health,
National R&D Projects and Programmes in STI institutions,Miradi na Mipango ya Kitaifa ya R&D katika taasisi za STI,General,
"Through its Central Data Warehouse, the country now integrates AMR surveillance, antimicrobial use and antimicrobial consumption data, providing a more comprehensive picture of national AMR patterns.","Kupitia Ghala lake Kuu la Data, nchi sasa inaunganisha ufuatiliaji wa AMR, matumizi ya dawa za kuua viini na data ya matumizi ya antimicrobial, ikitoa picha ya kina zaidi ya mifumo ya kitaifa ya AMR.",Disaster/Health,
"In particular, the National Treasury is required to seek views of the following: i.","Hasa, Hazina ya Taifa inatakiwa kutafuta maoni ya yafuatayo: i.",Governance,
El Nino Fuels Floods: A Climate Crisis and Humanitarian Disaster Grows in Kenya,El Nino Yachochea Mafuriko: Mgogoro wa Hali ya Hewa na Maafa ya Kibinadamu Yakua nchini Kenya,Disaster/Health,
Kenya: Registered refugees and asylum-seekers (as of 30 September 2022),Kenya: Wakimbizi waliosajiliwa na wanaotafuta hifadhi (kuanzia tarehe 30 Septemba 2022),Disaster/Health,
"The KCC works through a locally-led approach with more than 30 local NGOs engaged in response delivery and county-level monitoring, data collection and coordination with county governments.","KCC inafanya kazi kupitia mkabala unaoongozwa na wenyeji na zaidi ya NGOs 30 za ndani zinazojishughulisha na utoaji wa majibu na ufuatiliaji wa ngazi ya kaunti, ukusanyaji wa data na uratibu na serikali za kaunti.",Governance,
Wear your face mask properly to protect yourself against the coronavirus. #KomeshaCorona,Vaa kinyago chako vizuri ili kujikinga dhidi ya virusi vya corona. #KomeshaCorona,Public Health,
Economic Inclusion of Refugees and Host Communities in Kenya: A market analysis,Ujumuisho wa Kiuchumi wa Wakimbizi na Jumuiya Wenyeji nchini Kenya: Uchanganuzi wa soko,Disaster/Health,
"In order to finalize the document, the National Treasury is expected by the provisions of the PFM Act to seek views from the institutions listed in the PFM Act, the public and any other interested persons or groups as specified in the relevant sections of the Act.","Ili kukamilisha waraka huo, Hazina ya Taifa inatarajiwa kwa masharti ya Sheria ya USM kutafuta maoni kutoka kwa taasisi zilizoorodheshwa katika Sheria ya USM, umma na watu wengine wenye nia au makundi yoyote kama ilivyoainishwa katika vifungu husika vya Sheria hiyo.",Governance,
Case Study On Financing Loss And Damage - Kenya,Uchunguzi Kifani Kuhusu Kufadhili Hasara na Uharibifu - Kenya,Disaster/Health,
"Members contribute a portion of their savings toward the selected activity, while Acted provides matching support or the materials required, based on the needs outlined in the proposal.","Wanachama huchangia sehemu ya akiba zao kwa shughuli iliyochaguliwa, huku Acted inatoa usaidizi unaolingana au nyenzo zinazohitajika, kulingana na mahitaji yaliyoainishwa katika pendekezo.",Disaster/Health,
The transition to individual-level data reporting was not without challenges.,Mpito kwa kuripoti data kwa kiwango cha mtu binafsi haukuwa na changamoto.,Disaster/Health,
"Displacement in these counties is complex, influenced by natural hazards such as drought or floods, insecurity, and resource scarcity.","Kwa kuchanganua ufikiaji wa huduma muhimu, riziki, na uwiano wa kijamii, SMI inatambua mapungufu katika juhudi za kurejesha na kuarifu afua zinazolengwa.",Disaster/Health,
Kenya Drought Response Dashboard (September 2022),Dashibodi ya Kukabiliana na Ukame Kenya (Septemba 2022),Disaster/Health,
"We encourage you to lower your risk of Coronavirus. practice social distancing Wash your hands with soap & running water often for 20 seconds stay at home avoid public places regularly clean & sanitize all spaces - doorknobs, phones... #KomeshaCorona","Tunakuhimiza kupunguza hatari yako ya virusi vya corona. fanya mazoezi ya umbali wa kijamii Osha mikono yako kwa sabuni na maji yanayotiririka mara kwa mara kwa sekunde 20 kaa nyumbani epuka maeneo ya umma safisha mara kwa mara na usafishe nafasi zote - vitasa vya milango, simu... #KomeshaCorona",Public Health,
Makueni County: Drought Early Warning Bulletin for August 2023,Kaunti ya Makueni: Taarifa ya Onyo la Mapema kuhusu Ukame kwa Agosti 2023,Disaster/Health,
Exploring Climate Resilient Livelihoods Among Refugees and Host Communities in Kenya and Uganda - An Evidence Synthesis Report (November 2025),Kuchunguza Maisha Yanayostahimili Hali ya Hewa Miongoni mwa Wakimbizi na Jamii Wenyeji Nchini Kenya na Uganda - Ripoti ya Muundo wa Ushahidi (Novemba 2025),Disaster/Health,
"The challenges facing Africa: climate change, conflict, and the after-effects of COVID-19","Changamoto zinazoikabili Afrika: mabadiliko ya hali ya hewa, migogoro, na athari za COVID-19",Disaster/Health,
"Technology in use for registration before vaccination is a great asset for data compilation but with surged numbers, more solutions will support the efforts to reach more people through the Chanjo Platform.","Teknolojia inayotumika kwa ajili ya usajili kabla ya chanjo ni nyenzo nzuri kwa utungaji wa data lakini kwa kuwa na nambari nyingi, masuluhisho zaidi yataunga mkono juhudi za kuwafikia watu wengi zaidi kupitia Mfumo wa Chanjo.",Health,
Building Evidence for Peacebuilding Investments: A Snapshot of Youth-Led & Youth-Supporting Peacebuilding Programs in Kenya Yields Five to Ten-Fold Social Returns on Investment (SROI),Kujenga Ushahidi wa Uwekezaji wa Kujenga Amani: Muhtasari wa Mipango ya Kujenga Amani inayoongozwa na Vijana na Vijana nchini Kenya Inazaa Mapato ya Kijamii Mara Tano hadi Kumi kwenye Uwekezaji (SROI),Disaster/Health,
"Kenya - Floods (Kenya Met, media) (ECHO Daily Flash of 05 December 2024)","Kenya - Mafuriko (Kenya Met, vyombo vya habari) (ECHO Daily Flash ya 05 Desemba 2024)",Disaster/Health,
"Secretary-General's Press Conference in Nairobi, Kenya, 3 May 2023","Mkutano wa Katibu Mkuu na Wanahabari jijini Nairobi, Kenya, 3 Mei 2023",Disaster/Health,
"The situation worsened after one of the driest October–December rainy seasons on record in 2025, less than three years after the 2020–2022 drought.","Hali ilizidi kuwa mbaya baada ya mojawapo ya misimu yenye ukame zaidi ya Oktoba-Desemba katika rekodi ya 2025, chini ya miaka mitatu baada ya ukame wa 2020-2022.",Disaster/Health,
Tana River County: Drought Early Warning Bulletin for May 2022,Kaunti ya Tana River: Taarifa ya Onyo la Mapema kuhusu Ukame la Mei 2022,Disaster/Health,
Feed the Future: Kenya Crops and Dairy Market Systems,Lisha Wakati Ujao: Mifumo ya Mazao ya Kenya na Soko la Maziwa,Disaster/Health,
Kwale County: Drought Early Warning Bulletin for November 2023,Kaunti ya Kwale: Taarifa ya Onyo la Mapema kuhusu Ukame ya Novemba 2023,Disaster/Health,
Self protection is social protection. Take action to slow the spread of Coronavirus by wearing a face mask when you go out in the public following this advice by @janengoiri to #KomeshaCorona,Kujilinda ni ulinzi wa kijamii. Chukua hatua kupunguza kasi ya kuenea kwa Coronavirus kwa kuvaa barakoa unapoenda hadharani kwa kufuata ushauri huu wa @janengoiri kwa #KomeshaCorona,Public Health,
"Kenya Price Bulletin, December 2023","Taarifa ya Bei ya Kenya, Desemba 2023",Disaster/Health,
Nyeri (Kieni) County: Drought Early Warning Bulletin for December 2023,Kaunti ya Nyeri (Kieni): Taarifa ya Onyo la Mapema kuhusu Ukame Desemba 2023,Disaster/Health,
Too many people are still left unprotected around the water. But drowning is preventable. Here are some practical water safety tips.,Watu wengi bado hawajalindwa karibu na maji. Lakini kuzama majini kunaweza kuzuiwa. Hapa kuna dokezo za msingi za usalama wa majini.,Health,
"People who inject drugs can take precautions against becoming infected with HIV by using sterile injecting equipment, including needles and syringes, for each injection and not sharing drug-using equipment and drug solutions. Treatment of dependence, and in particular opioid substitution therapy for people dependent on opioids, also helps reduce the risk of HIV transmission and supports adherence to HIV treatment. A comprehensive package of interventions for HIV prevention and treatment includes:","Watu wanaojidunga dawa za kulevya wanaweza kuchukua tahadhari dhidi ya kuambukizwa VVU kwa kutumia vifaa vya kujidunga vilivyo tasa, ikiwa ni pamoja na sindano na sindano, kwa kila sindano na kutoshiriki vifaa vya kutumia madawa ya kulevya na ufumbuzi wa madawa ya kulevya. Matibabu ya utegemezi, na hasa tiba mbadala ya opioid kwa watu wanaotegemea afyuni, pia husaidia kupunguza hatari ya maambukizi ya VVU na kusaidia ufuasi wa matibabu ya VVU. Kifurushi cha kina cha hatua za kuzuia na matibabu ya VVU ni pamoja na:",General,
"Kenya - Severe weather and floods (NOAA-CPC, media) (ECHO Daily Flash of 24 April 2026)","Kenya - Hali ya hewa kali na mafuriko (NOAA-CPC, vyombo vya habari) (ECHO Daily Flash ya 24 Aprili 2026)",Disaster/Health,
Creating a Gender-Equitable and Inclusive Response to Gender-Based Violence in Kenya,Kuunda Mwitikio wa Kijinsia na Jumuishi kwa Unyanyasaji wa Kijinsia nchini Kenya,Disaster/Health,
"ASAL Humanitarian Network MPCT New Beneficiaries Baseline Assessment, Mandera County (February 2022)","Mtandao wa Kibinadamu wa ASAL MPCT Tathmini ya Msingi ya Walengwa Wapya, Kaunti ya Mandera (Februari 2022)",Disaster/Health,
"Drought in the Horn of Africa: the arduous path to assistance for unregistered refugees in Dadaab Refugee camps, Kenya","Ukame katika Pembe ya Afrika: njia ngumu ya usaidizi kwa wakimbizi ambao hawajasajiliwa katika kambi za Wakimbizi za Dadaab, Kenya.",Disaster/Health,
Climate Change Impacts on Food Security and Nutrition in Kenya's Arid and Semi-Arid Lands: A Brief Literature Review,Athari za Mabadiliko ya Tabianchi kwa Usalama wa Chakula na Lishe katika Nchi Kame na Nusu Kame nchini Kenya: Mapitio Mafupi ya Fasihi.,Disaster/Health,
"The IRC, LEGO Foundation, and Grundfos Foundation launch a new $27 million program aimed at enhancing teaching and learning experiences among refugee and host community children in Kenya","IRC, LEGO Foundation, na Grundfos Foundation yazindua mpango mpya wa dola milioni 27 unaolenga kuimarisha uzoefu wa kufundisha na kujifunza miongoni mwa wakimbizi na watoto wa jamii wanaowakaribisha nchini Kenya.",Disaster/Health,
Isiolo County: Drought Early Warning Bulletin for June 2022,Kaunti ya Isiolo: Taarifa ya Onyo la Mapema kuhusu Ukame Juni 2022,Disaster/Health,
Dadaab and Kakuma Refugee Camp in Kenya | Joint Market Monitoring Initiative (JMMI) Q4 (October - December 2024),Kambi ya Wakimbizi ya Dadaab na Kakuma nchini Kenya | Mpango wa Pamoja wa Ufuatiliaji wa Soko (JMMI) Q4 (Oktoba - Desemba 2024),Disaster/Health,
"urge people to know their HIV infection status through testing, and to access HIV prevention, treatment and care services; and","kuwataka watu kujua hali zao za maambukizi ya VVU kwa njia ya kupima, na kupata huduma za kinga, matibabu na matunzo ya VVU; na",General,
"Kenya: IFRC network mid-year report, January - June 2023 (13 December 2023)","Kenya: Ripoti ya mtandao wa IFRC katikati ya mwaka, Januari - Juni 2023 (13 Desemba 2023)",Disaster/Health,
"Kenya - Floods, update (Ministry of Interior and National Administration, Kenya Met, DG ECHO, media) (ECHO Daily Flash of 19 March 2026)","Kenya - Mafuriko, sasisho (Wizara ya Mambo ya Ndani na Utawala wa Kitaifa, Kenya Met, DG ECHO, vyombo vya habari) (ECHO Daily Flash ya 19 Machi 2026)",Disaster/Health,
Kenya: Undocumented refugees receiving support to meet basic needs,Kenya: Wakimbizi wasio na vibali wakipokea usaidizi wa kukidhi mahitaji ya kimsingi,Disaster/Health,
UNFPA and Kenya Red Cross join forces to deliver critical reproductive health supplies in ongoing El-Nino response,UNFPA na Msalaba Mwekundu wa Kenya wanaungana kusambaza vifaa muhimu vya afya ya uzazi katika kukabiliana na El-Nino,Disaster/Health,
Meru (Meru-North) County: Drought Early Warning Bulletin for October 2022,Kaunti ya Meru (Meru-Kaskazini): Taarifa ya Onyo la Mapema kuhusu Ukame Oktoba 2022,Disaster/Health,
"We should adhere to the containment measures, which include washing of hands, wearing of face masks at all times, maintaining social & physical distance, & avoiding public gatherings, among others; Dr. Aman. #KomeshaCorona update.","Tunapaswa kuzingatia hatua za kuzuia, ambazo ni pamoja na kuosha mikono, kuvaa barakoa wakati wote, kudumisha umbali wa kijamii na kimwili, na kuepuka mikusanyiko ya watu, miongoni mwa mengine; Dk Aman. #KomeshaCorona sasisho.",Public Health,
"As a volunteer, individuals are expected to support the humanitarian work of the organization and contribute towards improving the lives of those in need. By sacrificing their time, skills, and resources, volunteers at the Kenya Red Cross actively demonstrate a dedication to serving others and making a positive impact on their community. In essence, being a volunteer at the Kenya Red Cross is not just a task or a title, it is an opportunity to give back, inspire change, and make a difference in the world.","Kama mtu wa kujitolea, watu binafsi wanatarajiwa kuunga mkono kazi ya kibinadamu ya shirika na kuchangia kuboresha maisha ya wale wanaohitaji. Kwa kujitolea muda wao, ujuzi, na rasilimali, wanaojitolea katika Shirika la Msalaba Mwekundu la Kenya wanaonyesha kikamilifu kujitolea kuwahudumia wengine na kuleta matokeo chanya kwa jamii yao. Kimsingi, kuwa mfanyakazi wa kujitolea katika Shirika la Msalaba Mwekundu la Kenya si kazi tu au cheo, ni fursa ya kurudisha nyuma, kuhamasisha mabadiliko, na kuleta mabadiliko duniani.",General,
"Host communities, particularly in Turkana, face similar hardship, reflecting longstanding development gaps.","Jumuiya mwenyeji, haswa Turkana, zinakabiliwa na ugumu kama huo, unaoonyesha mapungufu ya muda mrefu ya maendeleo.",Disaster/Health,
SEMI ARID SCHOOLS THAT NEED INTERVVETION FOR CASH TRANSFER (HOMEGROWN) PROGRAM,SHULE NYINGI KAME ZINAZOTAHITAJI INGILIO KWA MPANGO WA UHAMISHO WA FEDHA (NYUMBANI),General,
The Kenya Cash Consortium Alert-Based Cash Assistance to Disaster-Affected Communities in Dadaab Refugee Camp: Endline (October 2024),Msaada wa Tahadhari ya Kenya Cash Consortium kwa Jamii Zilizoathiriwa na Maafa katika Kambi ya Wakimbizi ya Dadaab: Endline (Oktoba 2024),Disaster/Health,
WHO urges greater COVID-19 health services in Africa's humanitarian settings16 July 2020,WHO yahimiza huduma kubwa za afya za COVID-19 katika mazingira ya kibinadamu ya Afrika16 Julai 2020,General,
"The Virtual Asset Service Providers Bill, 2025 1 THE VIRTUAL ASSET SERVICE PROVIDERS BILL, 2025 ARRANGEMENT OF CLAUSES Clause PART I─PRELIMINARY 1— Short title. 2— Interpretation. 3— Meaning of ""virtual asset service provider"". 4— Objects of the Act. 5— Scope of application.","The Virtual Asset Service Providers Bill, 2025 1 MSWADA WA MSWADA WA WATOA HUDUMA AINA YA MALI, WA 2025 UPANGILIO WA VIFUNGO SEHEMU YA I─AWALI 1— Jina fupi. 2 - Tafsiri. 3- Maana ya ""mtoa huduma wa mali halisi"". 4- Malengo ya Sheria. 5- Wigo wa maombi.",Disaster/Health,
"During the 2025 GLASS reporting cycle, Rwanda began reporting both aggregate and individual-level data, ensuring continuity while transitioning to more detailed surveillance reporting.","Wakati wa mzunguko wa kuripoti wa GLASS wa 2025, Rwanda ilianza kuripoti data ya jumla na ya kiwango cha mtu binafsi, kuhakikisha uendelevu wakati wa mpito kwa ripoti ya kina zaidi ya ufuatiliaji.",Disaster/Health,
"Despite recent rainfall, the drought and food‑security crisis in Kenya remains severe and life‑threatening.","Licha ya mvua za hivi majuzi, ukame na mzozo wa usalama wa chakula nchini Kenya bado ni mkubwa na unaotishia maisha.",Disaster/Health,
"UNAIDS and the World Health Organization therefore continue to advocate for differentiated service delivery models for people from key populations, including through community-led services.","UNAIDS na Shirika la Afya Duniani kwa hiyo wanaendelea kutetea mifumo tofauti ya utoaji huduma kwa watu kutoka makundi muhimu, ikiwa ni pamoja na kupitia huduma zinazoongozwa na jamii.",Health,
Tharaka Nithi County: Drought Early Warning Bulletin for January 2023,Kaunti ya Tharaka Nithi: Taarifa ya Onyo la Mapema kuhusu Ukame kwa Januari 2023,Disaster/Health,
Kenya: Communities meeting their needs through unconditional cash transfer.,Kenya: Jumuiya zinazokidhi mahitaji yao kupitia uhamishaji wa pesa taslimu bila masharti.,Disaster/Health,
Kenya: Concerns over deaths in protests,Kenya: Wasiwasi wa vifo katika maandamano,Disaster/Health,
"East Africa Seasonal Monitor: Extensive flooding across parts of East Africa (April 30, 2024)","Ufuatiliaji wa Msimu wa Afrika Mashariki: Mafuriko makubwa katika maeneo ya Afrika Mashariki (Aprili 30, 2024)",Disaster/Health,
Embu (Mbeere) County: Drought Early Warning Bulletin for June 2023,Kaunti ya Embu (Mbeere): Taarifa ya Onyo la Mapema kuhusu Ukame kwa Juni 2023,Disaster/Health,
'Consensual' Women Trafficking in Kenya: Can Intersectional Feminism Provide a Solution?,"Usafirishaji Haramu wa Wanawake 'Kwa Makubaliano' Nchini Kenya: Je, Ufeministi wa Mgawanyiko Unaweza Kutoa Suluhisho?",Disaster/Health,
Kenya Key Message Update September 2023: Flooding and high staple food prices are constraining drought recovery in pastoral and marginal agricultural areas,Taarifa ya Ujumbe Muhimu wa Kenya Septemba 2023: Mafuriko na bei ya juu ya chakula inazuia ukame katika maeneo ya wafugaji na maeneo ya mashambani.,Disaster/Health,
Kenya and Zimbabwe invest in preventing violence against women and girls,Kenya na Zimbabwe zinawekeza katika kuzuia ukatili dhidi ya wanawake na wasichana,Disaster/Health,
"During the 2018–2020 Ebola virus disease (EVD) outbreak caused by Zaire ebolavirus in the Democratic Republic of the Congo, the first-ever multi-drug randomized control trial was conducted to evaluate the effectiveness and safety of drugs used in the treatment of EVD patients under an ethical framework developed in consultation with experts in the field and the DRC.","Wakati wa mlipuko wa ugonjwa wa virusi vya Ebola (EVD) wa 2018-2020 (EVD) uliosababishwa na virusi vya ebola vya Zaire katika Jamhuri ya Kidemokrasia ya Kongo, jaribio la kwanza kabisa la udhibiti wa dawa mbalimbali bila mpangilio lilifanyika ili kutathmini ufanisi na usalama wa dawa zinazotumika kutibu wagonjwa wa EVD chini ya mfumo wa kimaadili ulioandaliwa kwa kushauriana na wataalamu katika uwanja huo na DRC.",General,
Tharaka-Nithi County: Drought Early Warning Bulletin for September 2024,Kaunti ya Tharaka-Nithi: Taarifa ya Onyo la Mapema kuhusu Ukame kwa Septemba 2024,Disaster/Health,
"WFP Kenya Country Brief, October 2024","Muhtasari wa Nchi wa WFP Kenya, Oktoba 2024",Disaster/Health,
"Even when failures are not sudden or catastrophic, prolonged heat can gradually weaken thereliability, efficiency and resilienceof essential services.","Hata kama kushindwa si kwa ghafla au janga, joto la muda mrefu linaweza kudhoofisha utegemezi, ufanisi na uthabiti wa huduma muhimu hatua kwa hatua.",Disaster/Health,
"Kenya Food Security Outlook Update, April - September 2026 - Crisis (IPC Phase 3) to persist in pastoral regions, despite favorable long rains","Mtazamo wa Usalama wa Chakula nchini Kenya, Aprili - Septemba 2026 - Mgogoro (IPC Awamu ya 3) kuendelea katika maeneo ya wafugaji, licha ya mvua nyingi nzuri.",Disaster/Health,
Dual Shocks Threaten Durable Solutions for Refugees in Kenya,Mishtuko Miwili Inatishia Suluhu za Kudumu kwa Wakimbizi nchini Kenya,Disaster/Health,
Rapid response brings relief to flood-affected communities in Kenya,Mwitikio wa haraka huleta ahueni kwa jamii zilizoathiriwa na mafuriko nchini Kenya,Disaster/Health,
Kenya's Farmers Restore Lands — and Hope — After Floods,Wakulima wa Kenya Warejesha Ardhi - na Matumaini - Baada ya Mafuriko,Disaster/Health,
Kenya: Cash transfers bringing relief to drought prone communities,Kenya: Uhamisho wa pesa unaleta ahueni kwa jamii zinazokabiliwa na ukame,Disaster/Health,
How One Solar-Powered Innovation Changed an Entire Community,Jinsi Ubunifu Mmoja wa Nishati ya Jua Ulivyobadilisha Jumuiya Nzima,Disaster/Health,
"Cash assistance will be provided to enable 2 000 vulnerable families to immediately access food and address urgent basic needs without having to engage in negative coping mechanisms, such as selling animals or withdrawing children from school.","Usaidizi wa pesa taslimu utatolewa ili kuwezesha familia 2,000 zilizo katika mazingira magumu kupata chakula mara moja na kushughulikia mahitaji ya dharura bila kujihusisha na mbinu mbaya za kukabiliana nazo, kama vile kuuza wanyama au kuwaondoa watoto shuleni.",Education,
Makueni County: Drought Early Warning Bulletin for September 2023,Kaunti ya Makueni: Taarifa ya Onyo la Mapema kuhusu Ukame kwa Septemba 2023,Disaster/Health,
TOR: Kenya Environmentally Sustainable Logistics Working Group (WREC),TOR: Kikundi Kazi cha Usafirishaji Endelevu cha Mazingira cha Kenya (WREC),Disaster/Health,
Project Brief Series - No. 3: Circular bio-economy innovations for resilient refugee and host communities in East Africa,Mfululizo wa Muhtasari wa Mradi - Nambari 3: Ubunifu wa kiduara wa uchumi wa kibiolojia kwa wakimbizi na jamii zinazowakaribisha katika Afrika Mashariki,Disaster/Health,
"In pastoral areas, livestock prices generally declined between late 2025 and early 2026 as animal body conditions deteriorated.","Katika maeneo ya wafugaji, bei ya mifugo kwa ujumla ilipungua kati ya mwishoni mwa 2025 na mapema 2026 huku hali ya miili ya wanyama ikizidi kuwa mbaya.",Agriculture,
"As climate change driving up global temperatures, chronic heat will become increasingly unbearable for already exposed populations and regions, while also posing a growing threat to those that have historically been less affected.","Mabadiliko ya hali ya hewa yanapozidisha viwango vya joto duniani, joto sugu litazidi kuwa lisilostahimilika kwa wakazi na maeneo ambayo tayari yameathiriwa, huku pia yakiwa ni tishio linaloongezeka kwa yale ambayo yameathiriwa kidogo kihistoria.",Disaster/Health,
WHO concerned as COVID-19 cases accelerate in Africa2 April 2020,WHO inayohusika huku kesi za COVID-19 zikiongezeka barani Afrika2 Aprili 2020,General,
"Drought-affected populations in northern Kenya, October 2022","Idadi ya watu walioathiriwa na ukame kaskazini mwa Kenya, Oktoba 2022",Disaster/Health,
Kenya: Heavy Rains and Floods Impact and Response (as of 20 December 2023),Kenya: Athari na Majibu ya Mvua Kubwa na Mafuriko (hadi tarehe 20 Desemba 2023),Disaster/Health,
Ethiopia Public Health Emergencies Weekly Bulletin: 28 October 2025,Taarifa ya Dharura ya Afya ya Umma ya Ethiopia ya Kila Wiki: 28 Oktoba 2025,General,
UNICEF Kenya Humanitarian Situation Report No. 1 (Drought) - 1 April to 31 May 2022,Ripoti ya Hali ya Kibinadamu ya UNICEF Kenya No. 1 (Ukame) - 1 Aprili hadi 31 Mei 2022,Disaster/Health,
Samburu County: Drought Early Warning Bulletin for July 2022,Kaunti ya Samburu: Taarifa ya Onyo la Mapema kuhusu Ukame Julai 2022,Disaster/Health,
"Kenya: Cholera Outbreak - Operational update, Appeal No. MDRKE054 (22 July 2023)","Kenya: Mlipuko wa Kipindupindu - Usasishaji wa Uendeshaji, Rufaa No. MDRKE054 (22 Julai 2023)",Disaster/Health,
Baringo County: Drought Early Warning Bulletin for July 2022,Kaunti ya Baringo: Taarifa ya Onyo la Mapema kuhusu Ukame Julai 2022,Disaster/Health,
"The launch of the Strategy, alongside these legislative achievements, reflects Kenya's strong national commitment to resilience, fiscal stability, and inclusive protection for all residents.","Kuzinduliwa kwa Mkakati huo, pamoja na mafanikio haya ya kisheria, kunaonyesha dhamira dhabiti ya kitaifa ya Kenya ya uthabiti, uthabiti wa kifedha, na ulinzi jumuishi kwa wakaazi wote.",Disaster/Health,
"Amidst the worst drought crisis experienced in 40 years in Kenya, the need for GBV services is greater than ever, warns the IRC","Huku kukiwa na mzozo mbaya zaidi wa ukame ulioshuhudiwa katika miaka 40 nchini Kenya, hitaji la huduma za GBV ni kubwa kuliko hapo awali, inaonya IRC.",Disaster/Health,
#KnowTheFacts What are the symptoms of #COVID19. fever. cough shortness of breath. Help to #KomeshaCorona protect yourself & loved ones from #CoronaVirus,#Fahamu Ukweli Dalili za #COVID19 ni zipi. homa. kikohozi upungufu wa pumzi. Msaada wa #KomeshaCorona kujikinga na uwapendao dhidi ya #CoronaVirus,Public Health,
Narok County: Drought Early Warning Bulletin for September 2024,Kaunti ya Narok: Taarifa ya Onyo la Mapema kuhusu Ukame kwa Septemba 2024,Disaster/Health,
Kenya: IPC Food Security & Malnutrition Snapshot - Acute Food Insecurity: July 2023 - January 2024; Acute Malnutrition: April - October 2023,Kenya: Usalama wa Chakula na Utapiamlo wa IPC - Uhaba Mkali wa Chakula: Julai 2023 - Januari 2024; Utapiamlo Mkali: Aprili - Oktoba 2023,Disaster/Health,
Narok County: Drought Early Warning Bulletin for April 2022,Kaunti ya Narok: Taarifa ya Onyo la Mapema kuhusu Ukame kwa Aprili 2022,Disaster/Health,
National Drought Early Warning Bulletin ( August 2022),Taarifa ya Tahadhari ya Mapema ya Kitaifa (Agosti 2022),Disaster/Health,
"Kenya Economic Update, Aiming High: Securing Education to Sustain the Recovery (June 2022) Edition No. 25","Sasisho la Kiuchumi la Kenya, Linalolenga Juu: Kupata Elimu Ili Kudumisha Ufufuaji (Juni 2022) Toleo Na. 25",Disaster/Health,
"ICRC Nairobi Regional Delegation: Facts & Figures - Activities in Kenya, Djibouti and Tanzania (January - December 2025)","Ujumbe wa ICRC Mkoa wa Nairobi: Ukweli na Takwimu - Shughuli nchini Kenya, Djibouti na Tanzania (Januari - Desemba 2025)",Disaster/Health,
Samburu County: Drought Early Warning Bulletin for December 2023,Kaunti ya Samburu: Taarifa ya Onyo la Mapema kuhusu Ukame kwa Desemba 2023,Disaster/Health,
"Now meet Julius Kareno Ole Menye, from Narok county, a prime example using comedy to remind his community to stay home, wash hands & to continue keeping distance to prevent the spread of Covid-19. #KomeshaCorona","Sasa kutana na Julius Kareno Ole Menye, kutoka kaunti ya Narok, mfano bora wa kutumia vichekesho kukumbusha jamii yake kukaa nyumbani, kunawa mikono na kuendelea kuweka umbali ili kuzuia kuenea kwa Covid-19. #KomeshaCorona",Public Health,
Embu (Mbeere) County: Drought Early Warning Bulletin for September 2024,Kaunti ya Embu (Mbeere): Taarifa ya Onyo la Mapema kuhusu Ukame kwa Septemba 2024,Disaster/Health,
Gaps in nutrition service coverage further compound these risks.,Mapungufu katika utoaji wa huduma ya lishe huongeza zaidi hatari hizi.,Health,
Nyeri (Kieni) County: Drought Early Warning Bulletin for May 2022,Kaunti ya Nyeri (Kieni): Taarifa ya Onyo la Mapema kuhusu Ukame Mei 2022,Disaster/Health,
Global Fund Investment in Medical Oxygen Infrastructure Launches in Kenya,Uwekezaji wa Mfuko wa Kimataifa katika Miundombinu ya Oksijeni ya Matibabu Yazinduliwa nchini Kenya,Disaster/Health,
"As labour intensified, Lucy Makena, a reproductive health officer from a nearby mobile outreach clinic supported by World Health Organization (WHO), reached the home.","Uchungu ulipokuwa ukiongezeka, Lucy Makena, afisa wa afya ya uzazi kutoka kliniki inayohamishika ya karibu inayoungwa mkono na Shirika la Afya Duniani (WHO), alifika nyumbani hapo.",Health,
"Embu CHPO & CDPH sensitizing ""Wanjiku"" on COVID 19 at an open air market. Importance of hand hygiene & social distance were among health issues discussed. #KomesaCorona","Embu CHPO & CDPH inahamasisha ""Wanjiku"" kuhusu COVID 19 katika soko la wazi. Umuhimu wa usafi wa mikono na umbali wa kijamii ni miongoni mwa masuala ya afya yaliyojadiliwa. #KomesaCorona",Public Health,
ACTED Kenya: providing emergency cash assistance to support the drought-affected families in Turkana County,ACTED Kenya: kutoa msaada wa dharura wa pesa kusaidia familia zilizoathiriwa na ukame katika Kaunti ya Turkana,Disaster/Health,
The expansion of malaria vaccination follows the first WHO recommendation for a malaria vaccine in October 2021 that was informed by data and insights generated from the pilots.,Upanuzi wa chanjo ya malaria unafuatia pendekezo la kwanza la WHO la chanjo ya malaria mnamo Oktoba 2021 ambalo lilitokana na data na maarifa yaliyotolewa kutoka kwa majaribio.,Health,
Somali refugees struggle during Ramadan as drought drives further need,Wakimbizi wa Kisomali wanahangaika wakati wa Ramadhani huku ukame ukichochea mahitaji zaidi,Disaster/Health,
"Despite these obstacles, both countries demonstrated that progress is possible through structured planning, strong coordination, standardized tools, data quality assurance and sustained partner support.","Licha ya vikwazo hivi, nchi zote mbili zilionyesha kuwa maendeleo yanawezekana kupitia mipango iliyopangwa, uratibu thabiti, zana sanifu, uhakikisho wa ubora wa data na usaidizi endelevu wa washirika.",Disaster/Health,
"Section 23 (1) of the Wildlife Conservation and Management Act, 2013 (as amended) establishes the Wildlife Conservation Trust Fund.","Kifungu cha 23 (1) cha Sheria ya Uhifadhi na Usimamizi wa Wanyamapori, 2013 (kama ilivyorekebishwa) kinaanzisha Mfuko wa Udhamini wa Uhifadhi wa Wanyamapori.",Disaster/Health,
"Promote, facilitate and guide the national research system through policies that rationalize the integration of Research and Development (R&D) into overall national economic development.","Kuza, kuwezesha na kuongoza mfumo wa utafiti wa kitaifa kupitia sera zinazosawazisha ujumuishaji wa Utafiti na Maendeleo (R&D) katika maendeleo ya jumla ya uchumi wa kitaifa.",General,
Kenya: Humanitarian impact of heavy rains and flooding - Flash Update #2 (20 November 2023),Kenya: Athari za kibinadamu za mvua kubwa na mafuriko - Sasisho la Flash #2 (20 Novemba 2023),Disaster/Health,
Kenya - Garissa County - Dadaab Subcounty Infrastructure Map (29/08/2024),Kenya - Kaunti ya Garissa - Ramani ya Miundomsingi ya Kaunti Ndogo ya Dadaab (29/08/2024),Disaster/Health,
"Regional Report 2024: Regional Program on Enhancing the Investment Climate for the Economic Empowerment of Refugee, Returnee and Host/Return Community Women in the East and Horn of Africa and Great Lakes Region","Ripoti ya Kanda ya 2024: Programu ya Kikanda ya Kuimarisha Hali ya Hewa ya Uwekezaji kwa Uwezeshaji wa Kiuchumi kwa Wakimbizi, Waliorudishwa na Mwenyeji/Wanawake wa Jumuiya ya Kurudi Mashariki na Pembe ya Afrika na Ukanda wa Maziwa Makuu.",Disaster/Health,
Feed the Future: Kenya USAID Stawi Fact Sheet 2023,Lisha Wakati Ujao: Karatasi ya Ukweli ya USAID ya Kenya 2023,Disaster/Health,
The Girls' Education Challenge (GEC) program seeks to help up to a million of the world's poorest girls improve their lives through education.,Mpango wa Changamoto ya Elimu ya Wasichana (GEC) unalenga kusaidia hadi milioni ya wasichana maskini zaidi duniani kuboresha maisha yao kupitia elimu.,General,
"However, in northeastern and some eastern areas (Mandera, Wajir, Garissa and Tana River counties) pasture conditions in March remained below‑average following a severe drought in late 2025 (Vegetation Condition Index map).","Hata hivyo, katika maeneo ya kaskazini-mashariki na baadhi ya mashariki (kaunti za Mandera, Wajir, Garissa na Tana River) hali ya malisho mnamo Machi ilisalia chini- wastani kufuatia ukame mkali mwishoni mwa 2025 (ramani ya Kielezo cha Hali ya Uoto).",Disaster/Health,
Meru (Meru-North) County: Drought Early Warning Bulletin for July 2022,Kaunti ya Meru (Meru-Kaskazini): Taarifa ya Onyo la Mapema kuhusu Ukame Julai 2022,Disaster/Health,
Coalition Against Sexual Violence Calls on Government of Kenya to Act to End Femicide and Violence Against Women in Kenya,Muungano wa Kupinga Unyanyasaji wa Kijinsia Waitaka Serikali ya Kenya Kuchukua Hatua Kukomesha Mauaji ya Wanawake na Unyanyasaji Dhidi ya Wanawake nchini Kenya.,Disaster/Health,
"The ACE II project is resident in the Directorate of the University Education(DUE) and is jointly funded by the Government of Kenya and the World Bank through a credit facility. Three centers have been established in Kenya namely; Egerton University and Jaramogi Oginga Odinga University of Science and Technology which are implementing projects dealing with food security while the third center is Moi University which deals with renewable energy. The project was declared effective from 4thFebruary, 2017 and will close in June 2022.","Mradi wa ACE II unakaa katika Kurugenzi ya Elimu ya Vyuo Vikuu(DUE) na unafadhiliwa kwa pamoja na Serikali ya Kenya na Benki ya Dunia kupitia usaidizi wa mikopo. Vituo vitatu vimeanzishwa nchini Kenya ambavyo ni; Chuo Kikuu cha Egerton na Chuo Kikuu cha Sayansi na Teknolojia cha Jaramogi Oginga Odinga ambacho kinatekeleza miradi inayohusu usalama wa chakula huku kituo cha tatu kikiwa Chuo Kikuu cha Moi kinachoshughulikia nishati mbadala. Mradi huo ulitangazwa kuanza kutumika kuanzia tarehe 4 Februari, 2017 na utafungwa Juni 2022.",General,
Kenya Annual Country Report 2023 - Country Strategic Plan 2018 - 2023,Ripoti ya Mwaka ya Nchi ya Kenya 2023 - Mpango Mkakati wa Nchi 2018 - 2023,Disaster/Health,
Practicing good hygiene can help prevent mask cross-contamination. Wash your hands before and after wearing a mask . #KomeshaCorona,Kufanya mazoezi ya usafi kunaweza kusaidia kuzuia uchafuzi wa barakoa. Nawa mikono yako kabla na baada ya kuvaa barakoa. #KomeshaCorona,Public Health,
"This comedy touches on important topics such as washing your hands, social distancing, wearing masks in the community, courtesy of Julius Ole Menye from Narok county. I would say watch all & share to help prevent the spread of coronavirus. #KomeshaKorona campaign.","Kichekesho hiki kinagusa mada muhimu kama vile kunawa mikono, umbali wa kijamii, kuvaa vinyago katika jamii, kwa hisani ya Julius Ole Menye kutoka kaunti ya Narok. Ningesema tazama zote na ushiriki ili kusaidia kuzuia kuenea kwa coronavirus. Kampeni ya #KomeshaKorona.",Public Health,
Africa's COVID-19 vaccine uptake increases by 15%18 March 2022,Utumiaji wa chanjo ya COVID-19 barani Afrika unaongezeka kwa 15% 18 Machi 2022,General,
"Persons interested in submitting comments are requested to scan the QR code that can also be accessed in the National Treasury website www.treasury.go.ke, PPRA website https://ppra.go.ke and KISM website htps://kism.or.ke and complete the feeback form therein.","Watu wanaotaka kuwasilisha maoni wanaombwa kuchanganua msimbo wa QR ambao unaweza pia kupatikana katika tovuti ya Hazina ya Kitaifa www.treasury.go.ke, tovuti ya PPRA https://ppra.go.ke na tovuti ya KISM htps://kism.or.ke na ujaze fomu ya marejesho humo.",Governance,
Meru (Meru-North) County: Drought Early Warning Bulletin for August 2023,Kaunti ya Meru (Meru-Kaskazini): Taarifa ya Onyo la Mapema kuhusu Ukame kwa Agosti 2023,Disaster/Health,
Tharaka Nithi County: Drought Early Warning Bulletin for February 2023,Kaunti ya Tharaka Nithi: Taarifa ya Onyo la Mapema kuhusu Ukame kwa Februari 2023,Disaster/Health,
Kenya El Nino Response Plan: Emergency Flood Alert - October 2023,Mpango wa Kukabiliana na El Nino wa Kenya: Arifa kuhusu Mafuriko ya Dharura - Oktoba 2023,Disaster/Health,
"Currently there is no vaccine to prevent COVID-19 infection. The only way to prevent it, is to avoid being exposed to the virus. avoid touching your eyes, nose & mouth. cough & sneeze into your elbow avoid handshaking stay home & wash your hands often #KomeshaCorona","Kwa sasa hakuna chanjo ya kuzuia maambukizi ya COVID-19. Njia pekee ya kuzuia, ni kuepuka kuwa wazi kwa virusi. epuka kugusa macho, pua na mdomo wako. kohoa na kupiga chafya kwenye kiwiko cha mkono epuka kupeana mikono kaa nyumbani na osha mikono yako mara kwa mara #KomeshaCorona",Public Health,
"Provide a dynamic curriculum responsive to the manpower needs of a dynamic economy;Impart marketable skills, technical know-how and attitudes that respond to contemporary labour market demands by the industry, informal sector and for self-employment;The specific functions of the Directorate are:Promotion of standards for technical educationPractical/industrial attachment and internshipFacilitation of curriculum developmentAssurance of quality of curriculum implementationRegistration of TIVET institutionsCoordination of technical and business examinationsAssessments of Institutional facilities and capacity for TVET.","Kutoa mtaala unaobadilika kulingana na mahitaji ya wafanyikazi wa uchumi unaobadilika; Toa ujuzi wa soko, ujuzi wa kiufundi na mitazamo ambayo inajibu mahitaji ya soko la kisasa la ajira kwa tasnia, sekta isiyo rasmi na kujiajiri; Kazi mahususi za Kurugenzi ni: Kukuza viwango vya elimu ya ufundiKitendo/kiwanda kiambatisho cha maendeleo ya mtaalaUtaratibu wa maendeleo ya mtaala. utekelezajiUsajili wa taasisi za TIVET Uratibu wa mitihani ya kiufundi na biashara Tathmini ya vifaa vya Taasisi na uwezo wa TVET.",General,
Entitled to be briefed & participate in branch activities,Inastahili kufahamishwa na kushiriki katika shughuli za tawi,General,
The Kenya Cash Consortium's Locally Led Multi-Purpose Cash Response to Flood-Affected Refugees in Dadaab: Baseline - February 2024,Mwitikio wa Fedha wa Malengo Mbalimbali wa Kenya Cash Consortium kwa Wakimbizi Walioathiriwa na Mafuriko huko Dadaab: Msingi - Februari 2024,Disaster/Health,
The Kenya Cash Consortium Alert-Based Cash Assistance to Disaster-Affected Communities in the Kenyan ASALs: Endline (August 2024),Msaada wa Tahadhari ya Kenya Cash Consortium kwa Jamii Zilizoathiriwa na Maafa katika ASAL za Kenya: Endline (Agosti 2024),Disaster/Health,
Kenya: Drought Response - Operational Presence (As of March 2022),Kenya: Mwitikio wa Ukame - Uwepo wa Kiutendaji (Kuanzia Machi 2022),Disaster/Health,
Isiolo County: Drought Early Warning Bulletin for October 2024,Kaunti ya Isiolo: Taarifa ya Onyo la Mapema kuhusu Ukame kwa Oktoba 2024,Disaster/Health,
Kenya: Baringo Social Unrest - DREF Operational Update (MDRKE059),Kenya: Machafuko ya Kijamii ya Baringo - Sasisho la Uendeshaji la DREF (MDRKE059),Disaster/Health,
#CoronaVirusKenya We call upon Kenyans who have traveled to China for the past two weeks to check themselves in various health facilities close to them as the incubation period for this virus is two weeks @BBCWorld @RadioCitizenFM @KBCChannel1 @CapitalFMKenya @GhettoRadio895,#CoronaVirusKenya Tunatoa wito kwa Wakenya ambao wamesafiri hadi China kwa wiki mbili zilizopita kujichunguza katika vituo mbalimbali vya afya vilivyo karibu nao kwani muda wa kuangua virusi hivi ni wiki mbili @BBCWorld @RadioCitizenFM @KBCChannel1 @CapitalFMKenya @GhettoRadio895,Public Health,
"From Climate Risk to Resilience: Unpacking the Economic Impacts of Climate Change in Kenya, November 2023","Kutoka kwa Hatari ya Hali ya Hewa hadi Ustahimilivu: Kufungua Athari za Kiuchumi za Mabadiliko ya Tabianchi nchini Kenya, Novemba 2023",Disaster/Health,
"While access to skilled birth care remains limited in some parts of the African Region, targeted investments in health workforce training and service delivery are helping to close the gap, as in Leaungokiok's case.","Ingawa upatikanaji wa huduma ya uzazi yenye ujuzi bado ni mdogo katika baadhi ya maeneo ya Kanda ya Afrika, uwekezaji unaolengwa katika mafunzo ya wafanyakazi wa afya na utoaji wa huduma unasaidia kuziba pengo hilo, kama ilivyo kwa Leaungokiok.",Health,
Mandera County: Drought Early Warning Bulletin for June 2022,Kaunti ya Mandera: Taarifa ya Onyo la Mapema kuhusu Ukame ya Juni 2022,Disaster/Health,
"ASAL Humanitarian Network MPCT New Beneficiaries Baseline Assessment, Turkana County (February 2022)","Mtandao wa Kibinadamu wa ASAL MPCT Tathmini ya Msingi ya Walengwa Wapya, Kaunti ya Turkana (Februari 2022)",Disaster/Health,
Kenya – Mobility Tracking and Multi-sectoral Location Assessment in Turkana County Round #2 (June 2023),Kenya - Ufuatiliaji wa Uhamaji na Tathmini ya Mahali ya Sekta mbalimbali katika Kaunti ya Turkana Awamu ya #2 (Juni 2023),Disaster/Health,
Kenya: Health and environment scorecard,Kenya: Kadi ya afya na mazingira,Disaster/Health,
Kitui County: Drought Early Warning Bulletin for November 2023,Kaunti ya Kitui: Taarifa ya Onyo la Mapema kuhusu Ukame kwa Novemba 2023,Disaster/Health,
COVID-19 vaccine shipments to Africa ramp up29 July 2021,Usafirishaji wa chanjo ya COVID-19 barani Afrika unapanda29 Julai 2021,General,
Kenya's Political Violence Landscape in the Lead-Up to the 2022 Elections,Mazingira ya Ghasia za Kisiasa nchini Kenya Kuelekea Uchaguzi wa 2022,Disaster/Health,
VULNERABLE AND MARGINALIZED GROUP PLAN FOR ELMOLO IN MARSABIT COUNTY,MPANGO WA KIKUNDI CHENYE HATARI NA WALIO PEKEO KWA ELMOLO KATIKA KAUNTI YA MARSABIT.,General,
To promote and coordinate the development of Science and Technology.,Kukuza na kuratibu maendeleo ya Sayansi na Teknolojia.,General,
Lamu County: Drought Early Warning Bulletin for June 2024,Kaunti ya Lamu: Taarifa ya Onyo la Mapema kuhusu Ukame kwa Juni 2024,Disaster/Health,
"As the PS put it: a learner in Ol'Kalou now gets the same devices, same specification, as a learner in Nairobi or Mombasa.","Kama PS alivyosema: mwanafunzi katika Ol'Kalou sasa anapata vifaa sawa, vipimo sawa, kama mwanafunzi wa Nairobi au Mombasa.",General,
"Be vigilant and anyone with symptoms such as high fever, sneezing, coughing, body ache - call 719 for assistance. #KomeshaCorona.","Kuwa macho na mtu yeyote aliye na dalili kama vile homa kali, kupiga chafya, kukohoa, maumivu ya mwili - piga 719 kwa usaidizi. #KomeshaCorona.",Public Health,
Noncommunicable diseases and mental health in the WHO African Region progress report 2024,Magonjwa yasiyoambukiza na afya ya akili katika ripoti ya maendeleo ya WHO Kanda ya Afrika 2024,Health,
Laikipia County: Drought Early Warning Bulletin for November 2022,Kaunti ya Laikipia: Taarifa ya Onyo la Mapema kuhusu Ukame ya Novemba 2022,Disaster/Health,
UNHCR's Grandi hails launch of Kenya's landmark refugee inclusion plan,Grandi wa UNHCR apongeza uzinduzi wa mpango wa kihistoria wa ujumuishaji wa wakimbizi nchini Kenya,Disaster/Health,
"These Regulations may be cited as the Sports, Arts and Social Development Fund (Amendment) Regulations, 2024.","Kanuni hizi zinaweza kutajwa kuwa Kanuni za Mfuko wa Michezo, Sanaa na Maendeleo ya Jamii (Marekebisho) za 2024.",Disaster/Health,
Supporting refugees in Somalia and Kenya,Kusaidia wakimbizi nchini Somalia na Kenya,Disaster/Health,
Samburu County: Drought Early Warning Bulletin for April 2024,Kaunti ya Samburu: Taarifa ya Onyo la Mapema kuhusu Ukame kwa Aprili 2024,Disaster/Health,
"These results reflect the sustained commitment of health workers, community-based volunteers, and families who ensured that children were reached even in the most remote areas, or when on the move.","Matokeo haya yanaonyesha dhamira endelevu ya wahudumu wa afya, wafanyakazi wa kujitolea wa kijamii, na familia ambao walihakikisha kwamba watoto wanafikiwa hata katika maeneo ya mbali zaidi, au wakati wa kuhama.",General,
Kenya: Polio outbreak - DREF Operation (MDRKE062),Kenya: Mlipuko wa Polio - Operesheni ya DREF (MDRKE062),Disaster/Health,
"CAS, Dr. Rashid: These cadres will run the call Centre as we await the deployment of 40 psychologists, who are being recruited by the Public Service Commission. @PSCKenya #WorldSuicidePreventionDay","CAS, Dk Rashid: Makada hawa wataendesha kituo cha simu huku tukisubiri kupelekwa kwa wanasaikolojia 40, ambao wanaajiriwa na Tume ya Utumishi wa Umma. @PSCKenya #WorldSuicidePreventionDay",Public Health,
Samburu County: Drought Early Warning Bulletin for April 2022,Kaunti ya Samburu: Taarifa ya Onyo la Mapema kuhusu Ukame kwa Aprili 2022,Disaster/Health,
UNICEF Kenya Humanitarian Situation Report No. 01 Mid-Year 2024,Ripoti ya Hali ya Kibinadamu ya UNICEF Kenya Nambari 01 Katikati ya Mwaka 2024,Disaster/Health,
"Kenya - Landslide and floods (media, Kenya Met Department)(ECHO Daily Flash of 16 May 2024)","Kenya - Maporomoko ya ardhi na mafuriko (vyombo vya habari, Kenya Met Department)(ECHO Daily Flash ya 16 Mei 2024)",Disaster/Health,
"Banjul—In The Gambia, bold and coordinated efforts are improving access to lifesaving vaccines for adolescent girls across the country. To catch up on vaccination of girls missed during a 2025 campaign, The Gambia implem…","Banjul—Nchini Gambia, juhudi za kijasiri na zilizoratibiwa zinaboresha upatikanaji wa chanjo za kuokoa maisha kwa wasichana wabalehe nchini kote. Ili kupata chanjo ya wasichana waliokosa wakati wa kampeni ya 2025, Gambia inatekeleza…",General,
"USAID/BHA Kenya Assistance Overview, February 2024","Muhtasari wa Usaidizi wa USAID/BHA Kenya, Februari 2024",Disaster/Health,
Communities In Charge: Lessons for the Global Fund for Responding to Loss and Damage from a locally-led project in Kenya,Jumuiya Zinazosimamia: Masomo kwa Mfuko wa Kimataifa wa Kukabiliana na Hasara na Uharibifu kutoka kwa mradi unaoongozwa na wenyeji nchini Kenya.,Disaster/Health,
Integrating Traditional & Religious Healers into the Formal Health Care System for Preparedness & Management of Highly Infectious Diseases such as Ebola,Kujumuisha Waganga wa Kienyeji na Kidini katika Mfumo Rasmi wa Huduma ya Afya kwa Maandalizi na Udhibiti wa Magonjwa Ambukizi Sana kama vile Ebola.,Disaster/Health,
Eastern Africa: Heavy rains and flooding Flash Update #1 (3 May 2024),Afrika Mashariki: Mvua kubwa na mafuriko Sasisho la Flash #1 (3 Mei 2024),Disaster/Health,
Kwale County: Drought Early Warning Bulletin for July 2022,Kaunti ya Kwale: Taarifa ya Onyo la Mapema kuhusu Ukame Julai 2022,Disaster/Health,
Kenyan elections: peace must prevail,Uchaguzi wa Kenya: amani lazima itawale,Disaster/Health,
"Kenya Economic Update (KEU) Edition No. 26: Continued Rebound, but Storms Cloud the Horizon - Policies to Accelerate the Productive Economy for Inclusive Growth","Toleo la 26 la Usasisho wa Uchumi wa Kenya (KEU): Inaendelea Kurudishwa, lakini Dhoruba Hufunika Upeo - Sera za Kuharakisha Uchumi Wenye Tija kwa Ukuaji Jumuishi",Disaster/Health,
"Kenya - Floods and landslides, update (media, Kenya Meteorological Department) (ECHO Daily Flash of 4 May 2026)","Kenya - Mafuriko na maporomoko ya ardhi, sasisho (vyombo vya habari, Idara ya Hali ya Hewa ya Kenya) (ECHO Daily Flash ya 4 Mei 2026)",Disaster/Health,
Kenya - Garissa County - Dadaab - Dagahaley Refugee Camp Infrastructure Map (29/08/2024),Kenya - Kaunti ya Garissa - Dadaab - Ramani ya Miundombinu ya Kambi ya Wakimbizi ya Dagahaley (29/08/2024),Disaster/Health,
Structural barriers further constrain access to work.,Vizuizi vya kimuundo vinazuia zaidi ufikiaji wa kazi.,Disaster/Health,
Garissa County: Drought Early Warning Bulletin for June 2022,Kaunti ya Garissa: Taarifa ya Onyo la Mapema kuhusu Ukame kwa Juni 2022,Disaster/Health,
"Landslide/mudslide impact in Mai Mahiu and KijabeTowns, Kenya as of 1 May 2024 - Imagery Analysis: 01/05/2024 Published 02/05/2024 V1","Athari za maporomoko ya ardhi/matope katika Mai Mahiu na KijabeTowns, Kenya kuanzia tarehe 1 Mei 2024 - Uchambuzi wa Picha: 01/05/2024 Limechapishwa 02/05/2024 V1",Disaster/Health,
"""As the county health team, we shall continue to work with partners in increasing access to COVID-19 vaccination and support this noble idea in ensuring that all segments of the population are vaccinated, including the vulnerable and marginalized persons,"" said Florence Aketch, Kisumu County Coordinator for the Expanded Programme on Immunization.","""Kama timu ya afya ya kaunti, tutaendelea kufanya kazi na washirika katika kuongeza ufikiaji wa chanjo ya COVID-19 na kuunga mkono wazo hili zuri katika kuhakikisha kuwa makundi yote ya watu yamechanjwa, ikiwa ni pamoja na watu walio katika mazingira magumu na waliotengwa,"" alisema Florence Aketch, Mratibu wa Kaunti ya Kisumu kwa Mpango wa Kupanua wa Chanjo.",Health,
UNHCR Kenya Operational Update #9 (September 2023),Sasisho la Uendeshaji la UNHCR Kenya #9 (Septemba 2023),Disaster/Health,
"Nairobi—Kenya is accelerating efforts to eliminate lymphatic filariasis, commonly known as elephantiasis, as a public health problem by 2027. Yearly mass drug administration carried out between 2016 and 2022 have effecti…","Nairobi—Kenya inaharakisha juhudi za kuondoa ugonjwa wa limfu, unaojulikana kama tembo, kama tatizo la afya ya umma ifikapo mwaka wa 2027. Usimamizi wa madawa ya kila mwaka unaofanywa kati ya 2016 na 2022 umekuwa na matokeo...",General,
"Ebola diseases symptoms can be sudden. They include fever, fatigue, muscle, pain, headache and sore throat. This is followed by vomiting, diarrhoea, rash, symptoms of impaired kidney and liver function, and in some cases internal and external bleeding (e.g., oozing from the gums, blood in the stool). Laboratory findings include low white blood cell and platelet counts and elevated liver enzymes.","Dalili za ugonjwa wa Ebola zinaweza kuwa ghafla. Ni pamoja na homa, uchovu, misuli, maumivu, maumivu ya kichwa na koo. Hii inafuatwa na kutapika, kuhara, upele, dalili za kuharibika kwa figo na ini, na katika baadhi ya matukio ya ndani na nje ya damu (kwa mfano, kutoka kwa ufizi, damu kwenye kinyesi). Matokeo ya kimaabara ni pamoja na kupungua kwa seli nyeupe za damu na hesabu za platelet na vimeng'enya vilivyoinuliwa vya ini.",General,
Policy Brief - Building Resilience: Addressing the Impacts of Climate-related hazards on Livelihoods and Unpaid Household Labour in Kenya's Refugee-Hosting Districts,Muhtasari wa Sera - Kujenga Ustahimilivu: Kushughulikia Athari za Hatari zinazohusiana na Hali ya Hewa kwa Maisha na Kazi Isiyo na Malipo ya Kaya katika Wilaya za Kenya zinazohifadhi Wakimbizi.,Disaster/Health,
"In 2023, catalytic support from Google.org launched a groundbreaking partnership between WFP, the University of Oxford, and key regional institutions—IGAD's Climate Prediction and Applications Centre (ICPAC), the Kenya Meteorological Department (KMD), and the Ethiopia Meteorological Institute (EMI).","Mnamo 2023, usaidizi wa kichocheo kutoka Google.org ulizindua ushirikiano wa msingi kati ya WFP, Chuo Kikuu cha Oxford, na taasisi muhimu za kikanda-IGAD's Climate Prediction and Application Center (ICPAC), Idara ya Hali ya Hewa ya Kenya (KMD), na Taasisi ya Hali ya Hewa ya Ethiopia (EMI).",Disaster/Health,
"The new Strategy, developed with technical support from the United Nations Office for Disaster Risk Reduction (UNDRR), provides a comprehensive framework to strengthen financial resilience through a shift from reactive, crisis-driven financing to proactive, risk-informed financial preparedness through 2030.","Mkakati huo mpya, uliotayarishwa kwa msaada wa kiufundi kutoka Ofisi ya Umoja wa Mataifa ya Kupunguza Hatari za Maafa (UNDRR), unatoa mfumo mpana wa kuimarisha ustahimilivu wa kifedha kupitia kuhama kutoka kwa ufadhili tendaji, unaotokana na shida hadi utayarishaji wa kifedha unaozingatia hatari hadi 2030.",Disaster/Health,
Smart energy meters for refugees' community facilities,Mita za nishati mahiri kwa vifaa vya jamii vya wakimbizi,Disaster/Health,
Kenya: End Abusive Policing of Protests,Kenya: Komesha Unyanyasaji wa Polisi wa Maandamano,Disaster/Health,
WHO encourages countries to adapt HIV testing strategies in response to changing epidemic,WHO inahimiza nchi kurekebisha mikakati ya kupima VVU ili kukabiliana na mabadiliko ya janga,General,
"Testing for HIV and other STIs is strongly advised for all people exposed to any of the risk factors. Through testing, people learn of their own infection status and access necessary prevention and treatment services without delay. WHO also recommends offering testing for partners or couples. Additionally, WHO is recommending assisted partner notification approaches so that people with HIV receive support to inform their partners either on their own, or with the help of health care providers.","Kupima VVU na magonjwa mengine ya zinaa kunashauriwa sana kwa watu wote walio katika hatari yoyote. Kupitia kupima, watu hujifunza kuhusu hali yao ya maambukizi na kupata huduma muhimu za kinga na matibabu bila kuchelewa. WHO pia inapendekeza kutoa upimaji kwa wenzi au wanandoa. Zaidi ya hayo, WHO inapendekeza mbinu za usaidizi za arifa za washirika ili watu walio na VVU wapate usaidizi wa kuwafahamisha wenzi wao wao wenyewe, au kwa usaidizi wa watoa huduma za afya.",General,
"COVID-19 has affected our mental health. Measures such as stay home, keeping social distancing including isolation has caused a lot of anxiety. But we have seen change especially in behavior such as increased hand hygiene; CS Mutahi Kagwe. #KomeshaCorona","COVID-19 imeathiri afya yetu ya akili. Hatua kama vile kukaa nyumbani, kuweka umbali wa kijamii pamoja na kutengwa kumesababisha wasiwasi mwingi. Lakini tumeona mabadiliko hasa katika tabia kama vile kuongezeka kwa usafi wa mikono; CS Mutahi Kagwe. #KomeshaCorona",Public Health,
West Pokot County: Drought Early Warning Bulletin for October 2024,Kaunti ya Pokot Magharibi: Taarifa ya Onyo la Mapema kuhusu Ukame kwa Oktoba 2024,Disaster/Health,
"Nearly three-quarters of residents report experiencing heat-related health problems, including heat exhaustion, dehydration and skin conditions.","Takriban robo tatu ya wakazi wanaripoti kukumbana na matatizo ya kiafya yanayohusiana na joto, ikiwa ni pamoja na uchovu wa joto, upungufu wa maji mwilini na hali ya ngozi.",Health,
The PS also provides oversight authority for the following State Agencies under the State Department for Basic Education:,PS pia hutoa mamlaka ya uangalizi kwa Mashirika ya Serikali yafuatayo chini ya Idara ya Jimbo la Elimu ya Msingi:,General,
Improving lives of people affected by lymphatic filariasis in Kenya,Kuboresha maisha ya watu walioathiriwa na filariasis ya limfu nchini Kenya,General,
Kitui County: Drought Early Warning Bulletin for September 2023,Kaunti ya Kitui: Taarifa ya Onyo la Mapema kuhusu Ukame kwa Septemba 2023,Disaster/Health,
East Africa's Women and Youth-led MSMEs in Agricultural Value-Chains: Factsheet 2024,Wadau wa Ushirika na Wanawake na Vijana wa Afrika Mashariki katika Minyororo ya Thamani ya Kilimo: Karatasi ya ukweli 2024,Disaster/Health,
"Testing for HIV, syphilis and HBV in antenatal care clinics.","Kupima VVU, kaswende na HBV katika kliniki za wajawazito.",General,
"Over recent decades, droughts and floods have severely impacted communities, particularly in the Arid and Semi-Arid Lands (ASAL) regions.","Katika miongo ya hivi majuzi, ukame na mafuriko yameathiri sana jamii, hasa katika maeneo ya Ardhi Kame na Nusu Kame (ASAL).",Disaster/Health,
"It is best practice to also retest all people initially diagnosed as HIV-positive before they enrol in care and/or treatment to rule out any potential testing or reporting error. Notably, once a person diagnosed with HIV has started treatment, they should not be retested.","Ni vyema pia kuwapima upya watu wote waliogunduliwa kuwa na VVU kabla ya kujiandikisha kwenye huduma na/au matibabu ili kuondoa makosa yoyote yanayoweza kutokea ya upimaji au kuripoti. Hasa, mara mtu aliyegunduliwa na VVU ameanza matibabu, haipaswi kupimwa tena.",General,
Baringo County: Drought Early Warning Bulletin for October 2022,Kaunti ya Baringo: Taarifa ya Onyo la Mapema kuhusu Ukame ya Oktoba 2022,Disaster/Health,
VIDEO:The School Improvement Programme (Kenya) Documentary on School Specific KCPE Analysis,VIDEO:Mpango wa Kuboresha Shule (Kenya) Nyaraka kuhusu Uchambuzi Maalum wa KCPE wa Shule,General,
These groups are referred through key protection and referral actors in Kenya to receive MPCA as an additional layer to support recovery.,Makundi haya yanarejelewa kupitia wahusika wakuu wa ulinzi na rufaa nchini Kenya ili kupokea MPCA kama safu ya ziada ya kusaidia uokoaji.,Disaster/Health,
"Let us all remember that our first line of defence to beat the virus still remains the containment measures. These are washing of hands with soap and running water, maintaining social and physical distance, wearing of face mask when in public places. #KomeshaCorona update.","Sote tukumbuke kuwa safu yetu ya kwanza ya utetezi kupiga virusi bado inabaki kuwa hatua za kuzuia. Hizi ni kunawa mikono kwa sabuni na maji yanayotiririka, kudumisha umbali wa kijamii na kimwili, kuvaa barakoa unapokuwa katika maeneo ya umma. #KomeshaCorona sasisho.",Public Health,
UNICEF Kenya Humanitarian Situation Report No. 4 (Drought): 31 August 2022,Ripoti ya Hali ya Kibinadamu ya UNICEF Kenya Nambari 4 (Ukame): 31 Agosti 2022,Disaster/Health,
"Research Terms of Reference: Baseline, Midline, and endline assessments for the Kenya Cash Consortium response to the unregistered refugees in Dadaab refugee camps, KEN2203 (May 2022, V1)","Masharti ya Marejeleo ya Utafiti: Tathmini za Msingi, Mstari wa kati, na mwisho wa Muungano wa Kenya Cash Consortium kwa wakimbizi ambao hawajasajiliwa katika kambi za wakimbizi za Dadaab, KEN2203 (Mei 2022, V1)",Disaster/Health,
There is power in the community stories we tell,Kuna nguvu katika hadithi za jamii tunazosimulia,Disaster/Health,
Kilifi County: Drought Early Warning Bulletin for May 2022,Kaunti ya Kilifi: Taarifa ya Onyo la Mapema kuhusu Ukame kwa Mei 2022,Disaster/Health,
WHO urges strong COVID-19 safety measures as African countries to resume air travel2 July 2020,WHO yataka hatua kali za kiusalama za COVID-19 kama nchi za Afrika zianze tena safari za ndege2 Julai 2020,General,
"The Government of Kenya developed a National Anticipatory Action Roadmap with support from partners including the Food and Agriculture Organization of the United Nations (FAO),3 which contributed to the co‑development of triggers and thresholds guiding early action.","Serikali ya Kenya ilibuni Mwongozo wa Kitaifa wa Hatua ya Kutarajia kwa usaidizi kutoka kwa washirika likiwemo Shirika la Chakula na Kilimo la Umoja wa Mataifa (FAO),3 ambao ulichangia katika uundaji wa vichochezi na vizingiti vinavyoelekeza hatua za mapema.",Governance,
"UNDRR also supported the National Treasury in developing adisaster risk reduction and climate change adaptation budget tagging (DCBT)system, which helped Kenya strengthen its ability to track and allocate resources for resilience.","UNDRR pia iliunga mkono Hazina ya Kitaifa katika kuandaa mfumo wa kupunguza hatari ya maafa na mfumo wa kuweka alama za bajeti ya kukabiliana na mabadiliko ya tabianchi (DCBT), ambao ulisaidia Kenya kuimarisha uwezo wake wa kufuatilia na kutenga rasilimali kwa ajili ya kustahimili.",Disaster/Health,
Isiolo County: Drought Early Warning Bulletin for August 2024,Kaunti ya Isiolo: Taarifa ya Onyo la Mapema kuhusu Ukame kwa Agosti 2024,Disaster/Health,
"Model 2(a) uses a tendering process for service providers such as civil society organizations (e.g. in the Republic of Moldova), or grants to provincial and municipal governments.","Mfano wa 2(a) hutumia mchakato wa kutoa zabuni kwa watoa huduma kama vile mashirika ya kiraia (k.m. katika Jamhuri ya Moldova), au ruzuku kwa serikali za mikoa na manispaa.",Governance,
No effective cure for HIV exists at present but HIV can be suppressed by a combination of medicines called antiretroviral (ARV) therapy consisting of three or more ARV drugs. Antiretroviral therapy does not cure HIV infection but suppresses viral replication within a person's body and allows an individual's immune system to strengthen and regain the capacity to fight off infections.,Hakuna tiba nzuri ya VVU kwa sasa lakini VVU inaweza kukandamizwa kwa mchanganyiko wa dawa zinazoitwa tiba ya kurefusha maisha (ARV) yenye dawa tatu au zaidi za ARV. Tiba ya kurefusha maisha haiponyi maambukizo ya VVU lakini hukandamiza uzazi wa virusi ndani ya mwili wa mtu na kuruhusu mfumo wa kinga ya mtu kuimarisha na kurejesha uwezo wa kupambana na maambukizi.,General,
Lamu County: Drought Early Warning Bulletin for September 2022,Kaunti ya Lamu: Taarifa ya Onyo la Mapema kuhusu Ukame kwa Septemba 2022,Disaster/Health,
"Kenya Price Bulletin, September 2024","Taarifa ya Bei ya Kenya, Septemba 2024",Disaster/Health,
"Between 2020 and 2024, Tana River County experienced alternating cycles of drought and flooding, exacerbating displacement patterns.","Kati ya 2020 na 2024, Kaunti ya Tana River ilikumbwa na mizunguko ya ukame na mafuriko, na hivyo kuzidisha mwelekeo wa watu kuhama makazi yao.",Disaster/Health,
"WFP Kenya Country Brief, April 2024","Muhtasari wa Nchi wa WFP Kenya, Aprili 2024",Disaster/Health,
Advancing Water Security in the IGAD Region,Kuendeleza Usalama wa Maji katika Mkoa wa IGAD,Disaster/Health,
"Research Briefs: Results From Re:BUiLD's Wave 1 Randomized Control Trials (RCTs) On Mentorship And Cash Grants For Microentrepreneurs in Nairobi, Kenya and Kampala, Uganda","Muhtasari wa Utafiti: Matokeo Kutoka kwa Re:BUiLD's Wave 1 Randomized Control Trials (RCTs) Juu ya Ushauri na Ruzuku ya Fedha kwa Wajasiriamali Wadogo huko Nairobi, Kenya na Kampala, Uganda.",Disaster/Health,
#covid19kenya update A call center has been set up to enhance communication on COVID-19. Members of the public can reach out by dialing 719 for audio messages or *719# for short messages. This will apply across all networks @SpokespersonGoK @KNH_hospital @WHOKenya @CDCKenya,Sasisho la #covid19kenya Kituo cha simu kimeanzishwa ili kuboresha mawasiliano kwenye COVID-19. Wanachama wanaweza kuwasiliana na watu kwa kupiga 719 kwa ujumbe wa sauti au *719# kwa ujumbe mfupi. Hili litatumika katika mitandao yote @SpokespersonGoK @KNH_hospital @WHOKenya @CDCKenya,Public Health,
"Residents of St Teresa Primary school Mlango Kubwa, turned up in large numbers for the free targeted COVID-19 testing to prevent the transmission of the virus in the area. #KomeshaCorona","Wakaazi wa shule ya msingi ya St Teresa Mlango Kubwa, walijitokeza kwa wingi kwa ajili ya upimaji wa bure wa COVID-19 uliolengwa ili kuzuia maambukizi ya virusi katika eneo hilo. #KomeshaCorona",Public Health,
"Kenya | Joint Market Monitoring Initiative (JMMI) Market Overview, Q1 (January - March, 2025)","Kenya | Muhtasari wa Soko wa Mpango wa Pamoja wa Ufuatiliaji wa Soko (JMMI), Q1 (Januari - Machi, 2025)",Disaster/Health,
"Rain and loss: Kenya grapples with severe floods, displacing thousands","Mvua na hasara: Kenya inakabiliana na mafuriko makubwa, na kusababisha maelfu ya watu kuyahama makazi yao",Disaster/Health,
Tharaka Nithi County: Drought Early Warning Bulletin for December 2022,Kaunti ya Tharaka Nithi: Taarifa ya Onyo la Mapema kuhusu Ukame Desemba 2022,Disaster/Health,
VULNERABLE AND MARGINALIZED GROUP PLAN FOR SENGWER COMMUNITY IN WEST POKOT COUNTY,MPANGO WA KUNDI HALISI NA WALIO PEKEO KWA JUMUIYA YA WASHENGA KATIKA KAUNTI YA POKOT MAGHARIBI.,General,
Kenya - Northern Kenya: Drought Severity and Population Exposure in Marsabit County (28 Jan 2026),Kenya - Kaskazini mwa Kenya: Ukali wa Ukame na Mfichuo wa Idadi ya Watu katika Kaunti ya Marsabit (28 Januari 2026),Disaster/Health,
Garissa County: Drought Early Warning Bulletin for September 2022,Kaunti ya Garissa: Taarifa ya Onyo la Mapema kuhusu Ukame kwa Septemba 2022,Disaster/Health,
Prevalence of noncommunicable diseases and their risk factors and in-hospital mortality in COVID-19 patients in the WHO African Region: a systematic review and meta-analysis,Kuenea kwa magonjwa yasiyoambukiza na sababu zao za hatari na vifo vya hospitalini kwa wagonjwa wa COVID-19 katika Kanda ya Afrika ya WHO: mapitio ya kimfumo na uchambuzi wa meta.,General,
Kenya: Vector borne diseases outbreaks - DREF n° MDRKE050 - Final Report,Kenya: Milipuko ya magonjwa yanayoenezwa na wadudu - DREF n° MDRKE050 - Ripoti ya Mwisho,Disaster/Health,
Africa urgently needs 20 million second doses of COVID-19 vaccine27 May 2021,Afrika inahitaji haraka dozi milioni 20 za pili za chanjo ya COVID-1927 Mei 2021,General,
Nine in 10 African countries set to miss urgent COVID-19 vaccination goal10 June 2021,Nchi tisa kati ya 10 za Afrika zimekosa lengo la dharura la chanjo ya COVID-1910 Juni 2021,General,
Sustaining health services in Mozambique's Gaza Province after devastating floods,Kudumisha huduma za afya katika Jimbo la Gaza nchini Msumbiji baada ya mafuriko makubwa,General,
Kenya Population Movement - DREF Final Report (MDRKE067),Harakati za Idadi ya Watu Kenya - Ripoti ya Mwisho ya DREF (MDRKE067),Disaster/Health,
VIDEO:The School Improvement Programme (Kenya) Documentary on School Environment and Pupils' Welfare,VIDEO:Mpango wa Kuboresha Shule (Kenya) Nyaraka kuhusu Mazingira ya Shule na Maslahi ya Wanafunzi,General,
Stakeholder interests disrupt climate finance coordination,Maslahi ya wadau huvuruga uratibu wa fedha za hali ya hewa,Disaster/Health,
Wajir County: Drought Early Warning Bulletin for June 2023,Kaunti ya Wajir: Taarifa ya Onyo la Mapema kuhusu Ukame kwa Juni 2023,Disaster/Health,
The 2021 Political Declaration on HIV and AIDS specified that community-led organizations should be delivering 80% of HIV prevention services for populations at high risk of HIV infection by 2025.,Azimio la Kisiasa la 2021 kuhusu VVU na UKIMWI lilibainisha kuwa mashirika yanayoongozwa na jamii yanapaswa kuwa yanatoa 80% ya huduma za kuzuia VVU kwa watu walio katika hatari kubwa ya kuambukizwa VVU ifikapo 2025.,Health,
"The symptoms of HIV vary depending on the stage of infection. Though people living with HIV tend to be most infectious in the first few months, many are unaware of their status until later stages. In the first few weeks after initial infection, individuals may experience no symptoms or an influenza-like illness including fever, headache, rash, or sore throat.","Dalili za VVU hutofautiana kulingana na hatua ya maambukizi. Ingawa watu wanaoishi na VVU huwa wanaambukiza zaidi katika miezi michache ya kwanza, wengi hawajui hali yao hadi hatua za baadaye. Katika wiki chache za kwanza baada ya maambukizo ya awali, watu wanaweza kukosa dalili au ugonjwa kama homa kama vile homa, maumivu ya kichwa, upele, au koo.",General,
"Kenya Situation Update January 2024: Al-Shabaab, Pastoralist Militias, and the M23","Taarifa ya Hali ya Kenya Januari 2024: Al-Shabaab, Wanamgambo wa Wafugaji, na M23",Disaster/Health,
Kenya: Heavy Rains and Flooding Update - Flash Update #7 (19 June 2024),Kenya: Mvua Kubwa na Taarifa ya Mafuriko - Sasisho la Flash #7 (19 Juni 2024),Disaster/Health,
"@DrMercyHealth . Kenya has eliminated Maternal & Neonatal Tetanus disease , eradicated Wild Polio Virus through the implementation of the National Immunization Program in collaborative investment with development partners #CoronaVirusUpdates","@DrMercyHealth . Kenya imetokomeza ugonjwa wa Pepopunda kwa akina mama na watoto wachanga, kutokomeza Virusi vya Polio Pori kupitia utekelezaji wa Mpango wa Kitaifa wa Chanjo katika uwekezaji shirikishi na washirika wa maendeleo #CoronaVirusUpdates",Public Health,
Kenya Registered refugees and asylum-seekers | August 2025,Kenya Wakimbizi waliosajiliwa na wanaotafuta hifadhi | Agosti 2025,Disaster/Health,
@DrMercyHealth . The Ministry through Kenya Medical Research Institute (KEMRI) and Kenya Aids Vaccine Initiative Institute of Clinical Research (KAVI-ICR) has been on the lead on both local and international collaborative Covid-19 researches. #CoronaVirusUpdates,@DrMercyHealth . Wizara kupitia Taasisi ya Utafiti wa Kimatibabu ya Kenya (KEMRI) na Taasisi ya Kenya Aids Vaccine Initiative Initiative (KAVI-ICR) imekuwa ikiongoza katika tafiti shirikishi za Covid-19 nchini na kimataifa. Taarifa za #CoronaVirus,Public Health,
"Mental‑health pressures amplify vulnerability, with rising symptoms of stress and anxiety undermining households' ability to cope with shocks and invest in future livelihoods.","Shinikizo la afya ya akili huongeza uwezekano wa kuathirika, huku dalili zinazoongezeka za dhiki na wasiwasi zikidhoofisha uwezo wa kaya wa kukabiliana na mishtuko na kuwekeza katika maisha ya baadaye.",Health,
"Ultimately, the strength of a health system is measured not only by the quality of the services it provides, but also by the quality of the relationship it builds with people.","Hatimaye, nguvu ya mfumo wa afya hupimwa si tu kwa ubora wa huduma zinazotolewa, lakini pia na ubora wa uhusiano unaojenga na watu.",General,
Prevention and control of sexually transmitted infections (STIs) in the era of oral pre-exposure prophylaxis (PrEP) for HIV,Kuzuia na kudhibiti magonjwa ya zinaa (STIs) katika enzi ya oral pre-exposure prophylaxis (PrEP) kwa VVU.,General,
UN expresses solidarity with Kenya following deadly floods,Umoja wa Mataifa unaonyesha mshikamano wake na Kenya kufuatia mafuriko makubwa,Disaster/Health,
Kajiado County: Drought Early Warning Bulletin for June 2024,Kaunti ya Kajiado: Taarifa ya Onyo la Mapema kuhusu Ukame ya Juni 2024,Disaster/Health,
Isiolo County: Drought Early Warning Bulletin for April 2023,Kaunti ya Isiolo: Taarifa ya Onyo la Mapema kuhusu Ukame la Aprili 2023,Disaster/Health,
Drought and conflict drive highest number of Somalis to Kenya refugee camps in a decade,Ukame na migogoro husababisha idadi kubwa zaidi ya Wasomali katika kambi za wakimbizi za Kenya katika muongo mmoja,Disaster/Health,
"The Cabinet Secretary for Education Julius Migos Ogamba during the posting report of the 2,000 TVET trainers.","Katibu wa Baraza la Mawaziri wa Elimu Julius Migos Ogamba wakati wa kutangaza ripoti ya wakufunzi 2,000 TVET .",General,
Empowering Kenyan farmers: Building financial resilience,Kuwawezesha wakulima wa Kenya: Kujenga uwezo wa kifedha,Disaster/Health,
"The sixty-sixth session of the Regional Committee endorsed the document ""HIV/AIDS: Framework for actionin the WHO African Region 2016–2020"". The framework is designed to guide Member States in implementing the Global health sector strategy on HIV, 2016–2021. It describes actions to accelerate HIV prevention and treatment interventions in the African Region towards ending the AIDS epidemic. The actions proposed include prioritizing HIV prevention, expanding HIV testing services using diversified approaches and scaling up antiretroviral therapy by adopting innovative service delivery models.","Kikao cha sitini na sita cha Kamati ya Mkoa kiliidhinisha waraka ""VVU/UKIMWI: Mfumo wa utekelezaji katika Kanda ya Afrika ya WHO 2016-2020"". Mfumo huo umeundwa ili kuongoza Nchi Wanachama katika kutekeleza mkakati wa sekta ya afya duniani kuhusu VVU, 2016–2021. Inaelezea hatua za kuharakisha uzuiaji na matibabu ya VVU katika Kanda ya Afrika kuelekea kumaliza janga la UKIMWI. Hatua zilizopendekezwa ni pamoja na kuweka kipaumbele katika kuzuia VVU, kupanua huduma za upimaji wa VVU kwa kutumia mbinu mbalimbali na kuongeza tiba ya kurefusha maisha kwa kutumia miundo bunifu ya utoaji huduma.",General,
Laikipia County: Drought Early Warning Bulletin for March 2024,Kaunti ya Laikipia: Taarifa ya Onyo la Mapema kuhusu Ukame kwa Machi 2024,Disaster/Health,
Taita Taveta County: Drought Early Warning Bulletin for December 2022,Kaunti ya Taita Taveta: Taarifa ya Onyo la Mapema kuhusu Ukame la Desemba 2022,Disaster/Health,
From Drought to Deluge: The Effects of Kenya's onset 'Long Rains' Season 2023,Kuanzia Ukame Hadi Mafuriko: Madhara ya Kenya Kuanza Msimu wa 'Mvua Mrefu' 2023,Disaster/Health,
Kilifi County: Drought Early Warning Bulletin for June 2024,Kaunti ya Kilifi: Taarifa ya Onyo la Mapema kuhusu Ukame kwa Juni 2024,Disaster/Health,
"Refugee-Led Organisations In East Africa: Community Perceptions In Kenya, Uganda, Ethiopia, And Tanzania","Mashirika Yanayoongozwa na Wakimbizi Katika Afrika Mashariki: Maoni ya Jumuiya Nchini Kenya, Uganda, Ethiopia na Tanzania",Disaster/Health,
"The Strategy complements the Disaster Risk Management Strategy 2025–2030, which established a long-term framework for reducing disaster risks and strengthening resilience across Kenya.","UNDRR pia iliunga mkono Hazina ya Kitaifa katika kuandaa mfumo wa kupunguza hatari ya maafa na mfumo wa kuweka alama za bajeti ya kukabiliana na mabadiliko ya tabianchi (DCBT), ambao ulisaidia Kenya kuimarisha uwezo wake wa kufuatilia na kutenga rasilimali kwa ajili ya kustahimili.",Disaster/Health,
Kenya: Drought - Population Density (3 Jul 2023),Kenya: Ukame - Msongamano wa Watu (3 Jul 2023),Disaster/Health,
Scoping the cash and climate landscape in East Africa and Kenya: focusing on Cash and Anticipatory Action,Kuweka mawanda ya fedha na hali ya hewa katika Afrika Mashariki na Kenya: kwa kuzingatia Pesa na Hatua ya Kutarajia,Disaster/Health,
USAID Kenya Resilience Fact Sheet,Karatasi ya Ukweli ya Ustahimilivu wa USAID Kenya,Disaster/Health,
Take these Precautionary measures to prevent the spread of #Covid_19 disease #covid19kenya @PDUDelivery @SpokespersonGoK @WHOKenya @Amref_Kenya @UNICEFKenya @KEMRI_Kenya @KNH_hospital @KenyaRedCross @MTRHofficial,Chukua hatua hizi za Tahadhari kuzuia kuenea kwa ugonjwa wa #Covid_19 #covid19kenya @PDUDelivery @SpokespersonGoK @WHOKenya @Amref_Kenya @UNICEFKenya @KEMRI_Kenya @KNH_hospital @KenyaRedCross @MTRHofficial,Public Health,
The experiences of Kenya and Rwanda demonstrate how better data can help countries stay ahead of one of the most significant public health threats of our time.,Matukio ya Kenya na Rwanda yanaonyesha jinsi data bora inaweza kusaidia nchi kusalia mbele ya matishio makubwa zaidi ya afya ya umma katika wakati wetu.,Health,
"Kenya - Tropical cyclone IALY (media, Kenya Meteorological Department, MFLR, GDACS) (ECHO Daily Flash of 23 May 2024)","Kenya - Kimbunga cha Tropiki IALY (vyombo vya habari, Idara ya Hali ya Hewa ya Kenya, MFLR, GDACS) (ECHO Daily Flash ya 23 Mei 2024)",Disaster/Health,
"""I call upon the youth to continue the good gesture as you are our future leaders and must lead from the front towards making a real impact which might one day save the life of friend, of a loved one and possibly, your very own life..."" Dr Mwangangi, CAS Health","""Natoa wito kwa vijana kuendeleza ishara nzuri kama nyinyi ni viongozi wetu wa baadaye na lazima muongoze kutoka mbele kuelekea kuleta athari ya kweli ambayo siku moja inaweza kuokoa maisha ya rafiki, mpendwa na pengine, maisha yako mwenyewe..."" Dk Mwangangi, CAS Health",Public Health,
Kajiado County: Drought Early Warning Bulletin for September 2024,Kaunti ya Kajiado: Taarifa ya Onyo la Mapema kuhusu Ukame la Septemba 2024,Disaster/Health,
"Sexual Violence Trends before and after Rollout of COVID-19 Mitigation Measures, Kenya","Mitindo ya Unyanyasaji wa Kijinsia kabla na baada ya Kuzinduliwa kwa Hatua za Kukabiliana na COVID-19, Kenya",Disaster/Health,
Starvation and Suicide: Refugees in Kenya Camps,Njaa na Kujiua: Wakimbizi katika Kambi za Kenya,Disaster/Health,
Laikipia County: Drought Early Warning Bulletin for October 2022,Kaunti ya Laikipia: Taarifa ya Onyo la Mapema kuhusu Ukame la Oktoba 2022,Disaster/Health,
"As an organization that prioritizes serving others, the Kenya Red Cross is constantly looking for individuals who share the same values and beliefs. One of the most important traits of a volunteer at the Kenya Red Cross is being selfless and having no desire to gain anything from their actions.","Kama shirika ambalo linatanguliza kuwahudumia wengine, Shirika la Msalaba Mwekundu la Kenya linatafuta kila mara watu wanaoshiriki maadili na imani sawa. Mojawapo ya sifa muhimu za mfanyakazi wa kujitolea katika Shirika la Msalaba Mwekundu la Kenya ni kutokuwa na ubinafsi na kutokuwa na hamu ya kupata chochote kutokana na matendo yao.",General,
Baringo County: Drought Early Warning Bulletin for February 2024,Kaunti ya Baringo: Taarifa ya Onyo la Mapema kuhusu Ukame kwa Februari 2024,Disaster/Health,
Kilifi County: Drought Early Warning Bulletin for May 2023,Kaunti ya Kilifi: Taarifa ya Onyo la Mapema kuhusu Ukame kwa Mei 2023,Disaster/Health,
VIDEO: The School Improvement Programme (Kenya) Documentary on School Management and Accountability,VIDEO: Hati ya Mpango wa Kuboresha Shule (Kenya) kuhusu Usimamizi na Uwajibikaji wa Shule,General,
"Kenya - Floods, update (Kenya Met, media) (ECHO Daily Flash of 15 November 2023)","Kenya - Mafuriko, sasisho (Kenya Met, media) (ECHO Daily Flash ya 15 Novemba 2023)",Disaster/Health,
Kilifi County: Drought Early Warning Bulletin for May 2024,Kaunti ya Kilifi: Taarifa ya Onyo la Mapema kuhusu Ukame kwa Mei 2024,Disaster/Health,
West Pokot: Drought Early Warning Bulletin for December 2023,Pokot Magharibi: Taarifa ya Onyo la Mapema kuhusu Ukame kwa Desemba 2023,Disaster/Health,
Turkana County: Drought Early Warning Bulletin for July 2024,Kaunti ya Turkana: Taarifa ya Onyo la Mapema kuhusu Ukame Julai 2024,Disaster/Health,
"Kenya | Joint Market Monitoring Initiative (JMMI) Dadaab and Kakuma Refugee Camp, Q3 2025 (July - September 2025)","Kenya | Mpango wa Pamoja wa Ufuatiliaji wa Soko (JMMI) Dadaab na Kambi ya Wakimbizi ya Kakuma, Q3 2025 (Julai - Septemba 2025)",Disaster/Health,
Kwale County: Drought Early Warning Bulletin for March 2024,Kaunti ya Kwale: Taarifa ya Onyo la Mapema kuhusu Ukame kwa Machi 2024,Disaster/Health,
"Research Terms of Reference: Actor and service mapping in Kakuma refugee camps, KEN 2007a, Kenya (July 2022, V1)","Masharti ya Marejeleo ya Utafiti: Muigizaji na uchoraji ramani wa huduma katika kambi za wakimbizi za Kakuma, KEN 2007a, Kenya (Julai 2022, V1)",Disaster/Health,
"As Lethal Flooding Displaces Kenyans, Cholera Cases Rise","Huku Mafuriko Yanayosababisha Mauaji Yanawaondoa Wakenya, Visa vya Kipindupindu Vyaongezeka",Disaster/Health,
Kilifi County: Drought Early Warning Bulletin for March 2023,Kaunti ya Kilifi: Taarifa ya Onyo la Mapema kuhusu Ukame kwa Machi 2023,Disaster/Health,
It positions refugees and host communities as agents of environmental restoration rather than burdens on local resources.,Inawaweka wakimbizi na jumuiya zinazowahifadhi kama mawakala wa urejeshaji wa mazingira badala ya mizigo kwenye rasilimali za ndani.,Disaster/Health,
Kenya MVD Readiness - DREF Final Report (MDRKE069),Utayari wa MVD ya Kenya - Ripoti ya Mwisho ya DREF (MDRKE069),Disaster/Health,
Exploring new approaches to urban refugee hosting in Kenya,Kuchunguza mbinu mpya za kuwahifadhi wakimbizi mijini nchini Kenya,Disaster/Health,
Kenya Flood and Cholera Outbreak 2025 - DREF Operation (Appeal: MDRKE066),Mlipuko wa Mafuriko na Kipindupindu Kenya 2025 - Operesheni ya DREF (Rufaa: MDRKE066),Disaster/Health,
"However, women, especially from historically marginalised counties like Turkana and West Pokot, have a shared reality of retrogressive customs, widespread resource scarcity, gender-based violence, among other issues that have denied them social, economic, educational, and leadership opportunities.","Hata hivyo, wanawake, hasa kutoka kaunti zilizotengwa kihistoria kama vile Turkana na Pokot Magharibi, wana uhalisia wa pamoja wa mila zilizorudi nyuma, uhaba mkubwa wa rasilimali, unyanyasaji wa kijinsia, miongoni mwa masuala mengine ambayo yamewanyima fursa za kijamii, kiuchumi, kielimu na uongozi.",Security,
"WHO concerned over COVID-19 impact on women, girls in Africa18 June 2020","WHO inahusika na athari za COVID-19 kwa wanawake, wasichana barani Afrika18 Juni 2020",General,
AIRA Infodemic Trends Report 27 May - 3 June 2024 (Weekly Brief #122),Ripoti ya Mitindo ya Habari ya AIRA 27 Mei - 3 Juni 2024 (Muhtasari wa Kila Wiki #122),Disaster/Health,
Makueni County: Drought Early Warning Bulletin for May 2022,Kaunti ya Makueni: Taarifa ya Onyo la Mapema kuhusu Ukame la Mei 2022,Disaster/Health,
GIEWS Country Brief: Kenya 04-May-2026,GIEWS Muhtasari wa Nchi: Kenya 04-May-2026,Disaster/Health,
"CAS, Dr. Rashid.A report by @WHO indicates that, the number of suicides cases reported in the Country rose by 58 % between 2008 & 2017. 317 suicide cases reported every year.The increased reported cases of suicide in Kenya needs urgent measures to prevent suicide.","CAS, Dk. Rashid.Ripoti ya @WHO inaonyesha kwamba, idadi ya visa vya watu kujitoa mhanga vilivyoripotiwa Nchini iliongezeka kwa 58% kati ya 2008 na 2017. Visa 317 vya kujitoa mhanga viliripotiwa kila mwaka. Kuongezeka kwa visa vya kujiua vilivyoripotiwa nchini Kenya vinahitaji hatua za haraka ili kuzuia kujiua.",Public Health,
Mandera County: Drought Early Warning Bulletin for June 2024,Kaunti ya Mandera: Taarifa ya Onyo la Mapema kuhusu Ukame ya Juni 2024,Disaster/Health,
WFP Kenya Country Brief August 2025,Muhtasari wa Nchi wa WFP Kenya Agosti 2025,Disaster/Health,
"""My mom does good work"": In Kenya, community health volunteers show mothers how to detect child malnutrition at home","""Mama yangu anafanya kazi nzuri"": Nchini Kenya, wafanyakazi wa kujitolea wa afya ya jamii huwaonyesha akina mama jinsi ya kutambua utapiamlo wa watoto nyumbani.",Disaster/Health,
"Administration of Early Childhood and Pre-Primary Education, Standards and Norms","Utawala wa Elimu ya Awali na Elimu ya Awali, Viwango na Kanuni",General,
"WFP Kenya Country Brief, July 2023","Muhtasari wa Nchi wa WFP wa Kenya, Julai 2023",Disaster/Health,
Eastern Africa: Heavy rains and flooding Flash Update #2 (10 May 2024),Afrika Mashariki: Mvua kubwa na mafuriko Sasisho la Flash #2 (10 Mei 2024),Disaster/Health,
Meru (Meru-North) County: Drought Early Warning Bulletin for September 2022,Kaunti ya Meru (Meru-Kaskazini): Taarifa ya Onyo la Mapema kuhusu Ukame kwa Septemba 2022,Disaster/Health,
"Kenya - Floods, update (IFRC, media, Kenya Meteorological Department) (ECHO Daily Flash of 27 November 2023)","Kenya - Mafuriko, sasisho (IFRC, vyombo vya habari, Idara ya Hali ya Hewa ya Kenya) (ECHO Daily Flash ya 27 Novemba 2023)",Disaster/Health,
"Let us continue to abide by the various regulations & observe the containment measures advocated for by @MOH_Kenya - Washing of hands, maintaining of social & physical distance, high standards of hygiene & proper wearing of masks, among others. #KomeshaCorona update.","Hebu tuendelee kutii kanuni mbalimbali na kuzingatia hatua za kuzuia zinazotetewa na @MOH_Kenya - Kunawa mikono, kudumisha umbali wa kijamii na kimwili, viwango vya juu vya usafi & uvaaji ipasavyo wa barakoa, miongoni mwa mengine. #KomeshaCorona sasisho.",Public Health,
Tana River County: Drought Early Warning Bulletin for January 2023,Kaunti ya Tana River: Taarifa ya Onyo la Mapema kuhusu Ukame la Januari 2023,Disaster/Health,
"WFP Kenya Country Brief, November 2022","Muhtasari wa Nchi wa WFP Kenya, Novemba 2022",Disaster/Health,
Taita Taveta County: Drought Early Warning Bulletin for July 2024,Kaunti ya Taita Taveta: Taarifa ya Onyo la Mapema kuhusu Ukame Julai 2024,Disaster/Health,
Tharaka Nithi County: Drought Early Warning Bulletin for March 2023,Kaunti ya Tharaka Nithi: Taarifa ya Onyo la Mapema kuhusu Ukame kwa Machi 2023,Disaster/Health,
"The Policy is developed against a background of tight fiscal space occasioned by emergi ng expenditure pressures arising from drought related expenditures and external shocks, and financing constraints due to tight liquidity conditions .","Sera inaundwa dhidi ya historia ya nafasi finyu ya kifedha inayosababishwa na shinikizo zinazojitokeza za matumizi zinazotokana na matumizi yanayohusiana na ukame na majanga ya nje, na vikwazo vya kifedha kutokana na hali ngumu ya ukwasi.",Disaster/Health,
Turkana County: Drought Early Warning Bulletin for April 2022,Kaunti ya Turkana: Taarifa ya Onyo la Mapema kuhusu Ukame Aprili 2022,Disaster/Health,
"The progress demonstrated by Kenya and Rwanda shows that countries can successfully strengthen their data systems and generate evidence that informs policy, improves patient care and supports antimicrobial stewardship,"" said Dr Ali Ahmed Yahaya, Antimicrobial Resistance Team Lead at the WHO Regional Office for Africa.","Maendeleo yaliyoonyeshwa na Kenya na Rwanda yanaonyesha kuwa nchi zinaweza kuimarisha mifumo yao ya data kwa mafanikio na kutoa ushahidi unaofahamisha sera, kuboresha utunzaji wa wagonjwa na kuunga mkono uwakili wa dawa za kuua viini,"" alisema Dk Ali Ahmed Yahaya, Kiongozi wa Timu ya Kupambana na Viuavidudu katika Ofisi ya Kanda ya WHO ya Afrika.",Governance,
Laikipia County: Drought Early Warning Bulletin for September 2024,Kaunti ya Laikipia: Taarifa ya Onyo la Mapema kuhusu Ukame kwa Septemba 2024,Disaster/Health,
Garissa County: Drought Early Warning Bulletin for July 2024,Kaunti ya Garissa: Taarifa ya Onyo la Mapema kuhusu Ukame kwa Julai 2024,Disaster/Health,
Makueni County: Drought Early Warning Bulletin for June 2024,Kaunti ya Makueni: Taarifa ya Onyo la Mapema kuhusu Ukame Juni 2024,Disaster/Health,
Wajir County: Drought Early Warning Bulletin for May 2022,Kaunti ya Wajir: Taarifa ya Onyo la Mapema kuhusu Ukame kwa Mei 2022,Disaster/Health,
Kenya Leather Development Council 19.08.2024 11:15 a.m. -11:45a.m.,Baraza la Maendeleo ya Ngozi la Kenya 19.08.2024 11:15 a.m. -11:45a.m.,Disaster/Health,
"Triggers for the nine arid counties were activated based on the standardized precipitation index and vegetation condition index, enabling counties and organizations to commence anticipatory actions.","Vichochezi vya kaunti tisa zenye ukame viliamilishwa kwa kuzingatia faharasa sanifu ya kunyesha na hali ya uoto, kuwezesha kaunti na mashirika kuanza vitendo vya kutarajia.",Disaster/Health,
Kenya achieves elimination of human African trypanosomiasis or sleeping sickness as a public health problem,Kenya inafanikisha uondoaji wa trypanosomiasis ya kibinadamu ya Kiafrika au ugonjwa wa kulala kama shida ya afya ya umma,Disaster/Health,
How Kenyan Women Are Fighting Hunger,Jinsi Wanawake wa Kenya Wanavyopambana na Njaa,Disaster/Health,
"Although heat-related impacts may initially affect individual sectors, risks are amplified by the interdependence of critical systems and the potential forcompoundingandcascadingeffects.","Ingawa athari zinazohusiana na joto zinaweza kuathiri sekta binafsi hapo awali, hatari huzidishwa na kutegemeana kwa mifumo muhimu na uwezekano wa kuzidisha na athari mbaya.",Disaster/Health,
National Drought Early Warning Bulletin (September 2023),Taarifa ya Tahadhari ya Mapema ya Kitaifa (Septemba 2023),Disaster/Health,
"PAUSTI continues to attract highly talented and motivated students from across Africa. It encourages the students to leverage local wisdom, knowledge and resources; and generate cutting edge knowledge that could be harnessed to provide innovative and sustainable solutions to Africa's socio-economic challenges.","PAUSTI inaendelea kuvutia wanafunzi wenye vipaji vya hali ya juu na waliohamasishwa kutoka kote barani Afrika. Inawahimiza wanafunzi kutumia hekima, maarifa na rasilimali za mahali hapo; na kuzalisha maarifa ya hali ya juu ambayo yanaweza kutumiwa kutoa masuluhisho ya kiubunifu na endelevu kwa changamoto za kijamii na kiuchumi za Afrika.",General,
Kenya | Riverine floods - Early Action Protocol Annual Report (8-09-2023) Operation №: MDRKE053,Kenya | Mafuriko ya Mto - Ripoti ya Mwaka ya Itifaki ya Hatua ya Mapema (8-09-2023) Operesheni №: MDRKE053,Disaster/Health,
"REPUBLIC OF KENYA THE NATIONAL TREASURY AND ECONOMIC PLANNING NATIONAL TAX POLICY Sessional Paper No. 02 of 2023 ii © Government of the Republic of Kenya, 2023 To obtain copies of the National Tax Policy, please contact: Public Relations Office The National Treasury Treasury Building Harambee Avenue P.",JAMHURI YA KENYA HAZINA YA KITAIFA NA MIPANGO YA UCHUMI SERA YA TAIFA YA USHURI Karatasi ya Kipindi Na.,Governance,
"""You can recover from COVID-19,"" President Uhuru Kenyatta assures Kenyans in a video conferencing call with two recoveries Brenda and Brain at Afya House today. #KomeshaCorona","""Unaweza kupona COVID-19,"" Rais Uhuru Kenyatta awahakikishia Wakenya kwenye simu ya video na waliopona Brenda na Brain katika Afya House leo. #KomeshaCorona",Public Health,
"CONTENTS 0 Financial Year 2024/25 Budget THEME: Sustaining Bottom-Up Economic Transformation Agenda, Fiscal Consolidation and investing in Climate Change Mitigation and Adaptation for Improved Livelihoods.","YALIYOMO 0 Mwaka wa Fedha wa 2024/25 MANdhari ya Bajeti: Kudumisha Ajenda ya Mabadiliko ya Kiuchumi ya Chini-juu, Uimarishaji wa Fedha na kuwekeza katika Kukabiliana na Mabadiliko ya Tabianchi na Marekebisho kwa ajili ya Maisha Bora.",Disaster/Health,
"Rwanda faced challenges related to manual data collection in some facilities, limited human resources for data management and a lack of interoperability among hospital information systems.","Rwanda ilikabiliwa na changamoto zinazohusiana na ukusanyaji wa data kwa mikono katika baadhi ya vituo, rasilimali watu wachache kwa usimamizi wa data na ukosefu wa mwingiliano kati ya mifumo ya taarifa za hospitali.",Health,
"Disaster displacement risk in Kenya: An overview of the risk of future displacement by riverine floods, storm surges, cyclonic winds and droughts at the national and sub-national levels","Hatari ya kuhama kwa maafa nchini Kenya: Muhtasari wa hatari ya kuhama kwa siku zijazo kutokana na mafuriko ya mito, mawimbi ya dhoruba, upepo wa kimbunga na ukame katika viwango vya kitaifa na vya kitaifa.",Disaster/Health,
"Refugee and host communities often experience limited livelihood opportunities, while competition over water, energy, forests and land intensifies environmental stress and weakens social cohesion.","Wakimbizi na jumuiya zinazowapokea mara nyingi hupata fursa ndogo za kujikimu, wakati ushindani juu ya maji, nishati, misitu na ardhi huzidisha dhiki ya mazingira na kudhoofisha mshikamano wa kijamii.",Disaster/Health,
Eastern Africa | Severe weather and floods - DG ECHO Daily Map | 07/05/2024,Afrika Mashariki | Hali ya hewa kali na mafuriko - Ramani ya Kila Siku ya DG ECHO | 07/05/2024,Disaster/Health,
Kenya: Impacts of climatic shocks on communities - April 2024,Kenya: Athari za majanga ya hali ya hewa kwa jamii - Aprili 2024,Disaster/Health,
"Kenya Key Message Update: Declining livestock body conditions and high maize prices continue to reduce household purchasing power, September 2022","Taarifa Muhimu ya Kenya: Kupungua kwa hali ya mifugo na bei ya juu ya mahindi kunaendelea kupunguza uwezo wa kununua kaya, Septemba 2022",Disaster/Health,
Taking a ride to vaccinate Tanzania's nomadic communities against COVID-19,Kuendesha gari ili kuchanja jamii za kuhamahama za Tanzania dhidi ya COVID-19,General,
WFP Kenya Country Brief February 2026,Muhtasari wa Nchi wa WFP Kenya Februari 2026,Disaster/Health,
The Vaccination Action Network: a Retrospective Report - Peer Learning for Action on COVID-19 Vaccination Uptake (May 2023),Mtandao wa Kitendo cha Chanjo: Ripoti ya Retrospective - Mafunzo ya Rika kwa Hatua juu ya Uchukuaji Chanjo ya COVID-19 (Mei 2023),Disaster/Health,
Meru (Meru-North) County: Drought Early Warning Bulletin for May 2024,Kaunti ya Meru (Meru-Kaskazini): Taarifa ya Onyo la Mapema kuhusu Ukame ya Mei 2024,Disaster/Health,
Kenya: Making ends meet through a cash transfer program,Kenya: Kupata riziki kupitia mpango wa kuhamisha pesa,Disaster/Health,
Kenya – Flow Monitoring Dashboard Round 3 (January-March 2025),Kenya - Dashibodi ya Ufuatiliaji wa Flow Raundi ya 3 (Januari-Machi 2025),Disaster/Health,
Meru (Meru-North) County: Drought Early Warning Bulletin for June 2024,Kaunti ya Meru (Meru-Kaskazini): Taarifa ya Onyo la Mapema kuhusu Ukame Juni 2024,Disaster/Health,
Tharaka Nithi County: Drought Early Warning Bulletin for October 2022,Kaunti ya Tharaka Nithi: Taarifa ya Onyo la Mapema kuhusu Ukame kwa Oktoba 2022,Disaster/Health,
"EHAGL Region: Community Feedback Analysis Report, April - June 2024","Mkoa wa EHAGL: Ripoti ya Uchambuzi wa Maoni ya Jamii, Aprili - Juni 2024",Disaster/Health,
Promoting integrated solutions through capacity building in Refugee settlement,Kukuza suluhu zilizounganishwa kwa kujenga uwezo katika makazi ya Wakimbizi,Disaster/Health,
"Uneven rains, unequal impact: Drought and hunger in Northern Kenya","Mvua zisizo sawa, athari zisizo sawa: Ukame na njaa Kaskazini mwa Kenya",Disaster/Health,
Child trafficking and unsafe migration between Kenya and Ethiopia: Transforming social norms and strengthening child protection in Marsabit,Usafirishaji haramu wa watoto na uhamiaji usio salama kati ya Kenya na Ethiopia: Kubadilisha kanuni za kijamii na kuimarisha ulinzi wa watoto huko Marsabit,Disaster/Health,
IFAD launches innovative financing mechanism to support small-scale food producers to adapt to climate change in Eastern Africa,IFAD yazindua utaratibu wa kibunifu wa ufadhili kusaidia wazalishaji wadogo wa chakula ili kukabiliana na mabadiliko ya hali ya hewa katika Afrika Mashariki.,Disaster/Health,
Kenya: IPC Acute Food Insecurity and Acute Malnutrition Analysis (July 2025 - January 2026) Published on 8 September 2025,Kenya: IPC Ukosefu wa Chakula Mkali na Uchanganuzi Mkali wa Utapiamlo (Julai 2025 - Januari 2026) Limechapishwa tarehe 8 Septemba 2025,Disaster/Health,
"These shocks escalated the cost of essential household commodities including fuel prices, and led to a rapid depreciation of the Kenya Shilling exchange rate, pilling pressure on public debt.","Mishtuko hii iliongeza gharama ya bidhaa muhimu za nyumbani ikiwa ni pamoja na bei ya mafuta, na kusababisha kushuka kwa kasi kwa kiwango cha ubadilishaji wa Shilingi ya Kenya, na hivyo kuongeza shinikizo kwenye deni la umma.",Disaster/Health,
Kenya: Cholera Outbreak DREF Application (MDRKE054),Kenya: Maombi ya DREF ya Mlipuko wa Kipindupindu (MDRKE054),Disaster/Health,
No learner to walk more than 5km to school – free buses deployed in rural areas!,"Hakuna mwanafunzi anayeruhusiwa kutembea zaidi ya kilomita 5 kwenda shuleni, mabasi ya bure yanapelekwa vijijini!",Education,
Kenya: Pastoralist communities grow vegetables that resist the drought,Kenya: Jamii za wafugaji hupanda mboga zinazostahimili ukame,Disaster/Health,
Makueni County: Drought Early Warning Bulletin for October 2022,Kaunti ya Makueni: Taarifa ya Onyo la Mapema kuhusu Ukame kwa Oktoba 2022,Disaster/Health,
Kwale County: Drought Early Warning Bulletin for November 2022,Kaunti ya Kwale: Taarifa ya Onyo la Mapema kuhusu Ukame ya Novemba 2022,Disaster/Health,
"Dr. Esther Muoria is a seasoned manager with over 30 years' experience in various managerial roles. Prior to joining the Ministry of Education, she served as the Registrar, Academic Affairs in Jomo Kenyatta University of Agriculture and Technology where she oversaw academic and student matters. She has also served as a Senior Probation Officer in different districts where she was responsible for liaising with other Government departments, local councils and Non–Governmental organizations in coordinating correctional services.","Dkt. Esther Muoria ni meneja mwenye uzoefu na uzoefu wa zaidi ya miaka 30 katika majukumu mbalimbali ya usimamizi. Kabla ya kujiunga na Wizara ya Elimu, aliwahi kuwa Msajili, Masuala ya Kiakademia katika Chuo Kikuu cha Kilimo na Teknolojia cha Jomo Kenyatta ambako alisimamia masuala ya kitaaluma na wanafunzi. Pia amewahi kuwa Afisa Mwandamizi wa Marejeleo katika wilaya mbalimbali ambapo alikuwa na jukumu la kuwasiliana na idara nyingine za Serikali, halmashauri za mitaa na mashirika yasiyo ya kiserikali katika kuratibu huduma za urekebishaji.",General,
"Global guidance on criteria and processes for validation: elimination of mother -to-child transmission of HIV, syphilis and hepatitis B.","Mwongozo wa kimataifa kuhusu vigezo na taratibu za uthibitishaji: kutokomeza maambukizi ya VVU kutoka kwa mama kwenda kwa mtoto, kaswende na hepatitis B.",General,
A Path to Self-Reliance for Displacement-Affected People: Economic Inclusion Barriers and Market Assessments in Kenya and South Sudan,Njia ya Kujitegemea kwa Watu Walioathiriwa na Uhamisho: Vizuizi vya Ushirikishwaji wa Kiuchumi na Tathmini ya Soko nchini Kenya na Sudan Kusini.,Disaster/Health,
"Kenya identified gaps related to laboratory information system interoperability, missing patient variables, workforce capacity for data validation and initial concerns around data privacy.","Kenya ilitambua mapengo yanayohusiana na ushirikiano wa mfumo wa taarifa za maabara, vigezo vinavyokosekana kwa wagonjwa, uwezo wa wafanyakazi wa kuthibitisha data na masuala ya awali kuhusu faragha ya data.",Disaster/Health,
"Kenya | Joint Market Monitoring Initiative (JMMI) Dadaab and Kakuma Refugee Camp, Q4 2025 (October - December)","Kenya | Mpango wa Pamoja wa Ufuatiliaji wa Soko (JMMI) Dadaab na Kambi ya Wakimbizi ya Kakuma, Q4 2025 (Oktoba - Desemba)",Disaster/Health,
. @NMS_Kenya 's Health promotion officer Rachael Mbae engaging Bodaboda riders in Umoja estate on Rider & Client hygiene to #KomeshaCorona They also delved on WHY Male involvement in routine child immunization activities is KEY,. Afisa wa uendelezaji wa Afya wa @NMS_Kenya Rachael Mbae akiwashirikisha waendesha Bodaboda katika mtaa wa Umoja kuhusu usafi wa Rider & Mteja kwa #KomeshaCorona Pia walijadili kwa nini ushiriki wa wanaume katika shughuli za kawaida za chanjo ya watoto ni MUHIMU.,Public Health,
Tharaka-Nithi County: Drought Early Warning Bulletin for October 2024,Kaunti ya Tharaka-Nithi: Taarifa ya Onyo la Mapema kuhusu Ukame kwa Oktoba 2024,Disaster/Health,
"The strategy builds on Kenya's national HPV vaccination programme, introduced in 2019.","Mkakati huo unatokana na mpango wa kitaifa wa chanjo ya HPV nchini Kenya, ulioanzishwa mwaka wa 2019.",Health,
Urgent food and shelter assistance priority in the ongoing flash floods in northern Kenya,Kipaumbele cha dharura cha msaada wa chakula na malazi katika mafuriko yanayoendelea kaskazini mwa Kenya,Disaster/Health,
West Pokot: Drought Early Warning Bulletin for July 2024,Pokot Magharibi: Taarifa ya Onyo la Mapema kuhusu Ukame kwa Julai 2024,Disaster/Health,
WFP Kenya 2021 Annual Country Report,Ripoti ya Mwaka ya Nchi ya WFP Kenya 2021,Disaster/Health,
"Kenya Price Bulletin, July 2024","Taarifa ya Bei ya Kenya, Julai 2024",Disaster/Health,
Verify credentials of service personnel before allowing access to property.,Thibitisha sifa za wafanyakazi wa huduma kabla ya kuruhusu ufikiaji wa mali.,Security,
Tana River County: Drought Early Warning Bulletin for March 2024,Kaunti ya Tana River: Taarifa ya Onyo la Mapema kuhusu Ukame kwa Machi 2024,Disaster/Health,
Kajiado County: Drought Early Warning Bulletin for August 2024,Kaunti ya Kajiado: Taarifa ya Onyo la Mapema kuhusu Ukame kwa Agosti 2024,Disaster/Health,
"Locally led and Adaptive Alert-Based Cash Assistance to Disaster-Affected Communities in the Kenyan ASALs: Baseline, May, 2024","Usaidizi wa Pesa Unaoongozwa na Tahadhari Unaoongozwa na Mashinani kwa Jamii zilizoathiriwa na Maafa katika ASAL za Kenya: Msingi, Mei, 2024",Disaster/Health,
Lamu County: Drought Early Warning Bulletin for October 2023,Kaunti ya Lamu: Taarifa ya Onyo la Mapema kuhusu Ukame kwa Oktoba 2023,Disaster/Health,
Isiolo County: Drought Early Warning Bulletin for October 2022,Kaunti ya Isiolo: Taarifa ya Onyo la Mapema kuhusu Ukame la Oktoba 2022,Disaster/Health,
Can vote or vie in KRCS Governance Positions,Anaweza kupiga kura au kushindana katika Vyeo vya Utawala vya KRCS,General,
AIRA Infodemic Trends Report - 4 -11 December 2023 (Weekly Brief #100 of 2023),Ripoti ya Mitindo ya Taarifa ya AIRA - 4 -11 Desemba 2023 (Muhtasari wa Kila Wiki #100 wa 2023),Disaster/Health,
"Although the disease is largely preventable through human papillomavirus (HPV) vaccination and early screening, many women continue to be diagnosed at advanced stages due to gaps in access to services.","Ingawa ugonjwa huu unaweza kuzuilika kwa kiasi kikubwa kupitia chanjo ya human papillomavirus (HPV) na uchunguzi wa mapema, wanawake wengi wanaendelea kugunduliwa katika hatua za juu kutokana na mapungufu katika upatikanaji wa huduma.",Health,
Health topicsAll topics »ABCDEFGHILMNOPRSTUVWYZPopularCoronavirus (COVID-19)Substance AbuseEbola DiseaseCommunicable DiseasesHIV/AIDSMalariaWaterTuberculosis (TB)World Tuberculosis Day 2019,Mada za Afya Mada zote »ABCDEFGHILMNOPRSTUVWYZMaarufuVirusi vya Korona (COVID-19)Matumizi Mabaya ya Dawa za EbolaMagonjwa ya KuambukizaHIV/UKIMWIMalariaMajiKifua kikuu (TB)Siku ya Kifua Kikuu Duniani 2019,General,
Kwale County: Drought Early Warning Bulletin for October 2022,Kaunti ya Kwale: Taarifa ya Onyo la Mapema kuhusu Ukame kwa Oktoba 2022,Disaster/Health,
Preventing electoral violence through early warning and rapid response in Kenya,Kuzuia ghasia za uchaguzi kupitia onyo la mapema na mwitikio wa haraka nchini Kenya,Disaster/Health,
"Environmental Screening Report NEAT+, Community Water Supply Project, Kalobeyei Refugee Settlement, Kakuma, Kenya","Ripoti ya Uchunguzi wa Mazingira NEAT+, Mradi wa Ugavi wa Maji kwa Jamii, Makazi ya Wakimbizi ya Kalobeyei, Kakuma, Kenya",Disaster/Health,
Kwale County: Drought Early Warning Bulletin for September 2022,Kaunti ya Kwale: Taarifa ya Onyo la Mapema kuhusu Ukame kwa Septemba 2022,Disaster/Health,
Nyeri (Kieni) County: Drought Early Warning Bulletin for May 2023,Kaunti ya Nyeri (Kieni): Taarifa ya Onyo la Mapema kuhusu Ukame la Mei 2023,Disaster/Health,
IUCEA will provide forums for industry-academic engagement for ACEs to share knowledge on collaborative research ideas. IUCEA will also supervise a competitive scholarship program in which 30 regional students in STEM will be financed for two years to attain a Master's degree in any of the ACEs. An IDA grant of US$8 million will finance these activities.,IUCEA itatoa mijadala ya ushiriki wa kielimu na tasnia kwa ACE ili kushiriki maarifa juu ya maoni shirikishi ya utafiti. IUCEA pia itasimamia mpango wa ushindani wa ufadhili wa masomo ambapo wanafunzi 30 wa kikanda katika STEM watafadhiliwa kwa miaka miwili ili kupata digrii ya Uzamili katika ACE yoyote. Ruzuku ya IDA ya Dola za Marekani milioni 8 itafadhili shughuli hizi.,General,
A key part of this progress has been the transition to individual-level reporting through the WHO Global Antimicrobial Resistance and Use Surveillance System (GLASS).,Sehemu muhimu ya maendeleo haya imekuwa mpito kwa kuripoti kwa kiwango cha mtu binafsi kupitia Mfumo wa Ufuatiliaji wa Kimataifa wa Kupambana na Viini na Utumiaji wa WHO (GLASS).,Disaster/Health,
"Led by Acted in partnership with the ASAL Humanitarian Network, Oxfam Kenya, Concern Worldwide and IMPACT Initiatives, the KCC's objective is to deliver timely cash assistance to communities affected by various shocks including natural disasters, conflict and displacement.","Ikiongozwa na Kutenda kwa ushirikiano na Mtandao wa Kibinadamu wa ASAL, Oxfam Kenya, Concern Worldwide na IMPACT Initiatives, lengo la KCC ni kutoa usaidizi wa pesa taslimu kwa wakati kwa jamii zilizoathiriwa na majanga mbalimbali ikiwa ni pamoja na majanga ya asili, migogoro na kuhama makazi yao.",Disaster/Health,
Water Governance in Pastoralist Areas of Africa,Utawala wa Maji katika Maeneo ya Wafugaji barani Afrika,Disaster/Health,
"Kenya: El Niño, Positive Indian Ocean Dipole Forecast and Humanitarian Impact (October 2023)","Kenya: El Niño, Utabiri Chanya wa Dipole wa Bahari ya Hindi na Athari za Kibinadamu (Oktoba 2023)",Disaster/Health,
VULNERABLE AND MARGINALIZED GROUP PLAN FOR RIBA COMMUNITY IN WAJIR COUNTY,MPANGO WA KUNDI HALISI NA WALIO PEKEO KWA JUMUIYA YA RIBA KATIKA KAUNTI YA WAJIR.,General,
Narok County: Drought Early Warning Bulletin for April 2024,Kaunti ya Narok: Taarifa ya Onyo la Mapema kuhusu Ukame kwa Aprili 2024,Disaster/Health,
Laikipia County: Drought Early Warning Bulletin for October 2024,Kaunti ya Laikipia: Taarifa ya Onyo la Mapema kuhusu Ukame kwa Oktoba 2024,Disaster/Health,
"In Kenya, UNHCR's Salih urges greater solidarity and solutions for refugees [EN/AR]","Nchini Kenya, Salih wa UNHCR anahimiza mshikamano zaidi na suluhisho kwa wakimbizi [EN/AR]",Disaster/Health,
Mandera County: Drought Early Warning Bulletin for April 2023,Kaunti ya Mandera: Taarifa ya Onyo la Mapema kuhusu Ukame la Aprili 2023,Disaster/Health,
Mécanisme de santé et d'alimentation scolaires au Kenya et au Lesotho : Rapport d'avancement. Août-décembre 2024,Mécanisme de santé et d'alimentation scolaires au Kenya et au Lesotho : Rapport d'avancement. Août-decembre 2024,Disaster/Health,
"WFP Kenya Country Brief, January 2023","Muhtasari wa Nchi wa WFP Kenya, Januari 2023",Disaster/Health,
"Water Mission Awarded Grant from P&G's Children Safe Drinking Water Program, Funding Safe Water Projects In Kenya","Utumishi wa Maji Umetunukiwa Ruzuku kutoka kwa Mpango wa Maji Safi wa Kunywa kwa Watoto wa P&G, Kufadhili Miradi ya Maji Salama Nchini Kenya",Disaster/Health,
"Kenya Quarterly Update, (October - December 2023)","Taarifa ya Kila Robo ya Kenya, (Oktoba - Desemba 2023)",Disaster/Health,
Taita Taveta County: Drought Early Warning Bulletin for October 2024,Kaunti ya Taita Taveta: Taarifa ya Onyo la Mapema kuhusu Ukame kwa Oktoba 2024,Disaster/Health,
"MSF Responds to Mpox outbreak in Mombasa, Kenya","MSF Yajibu Mlipuko wa Mpox huko Mombasa, Kenya",Disaster/Health,
Africa needs timely access to safe and effective COVID-19 vaccines21 January 2021,Afrika inahitaji ufikiaji wa wakati unaofaa wa chanjo salama na zinazofaa za COVID-1921 Januari 2021,General,
Flooding worsens in East Africa,Mafuriko yanazidi kuwa mbaya katika Afrika Mashariki,Disaster/Health,
Direct financial support driving recovery and resilience to drought-affected communities,Usaidizi wa kifedha wa moja kwa moja unaoendesha ahueni na ustahimilivu kwa jamii zilizoathiriwa na ukame,Disaster/Health,
"TERMS OF REFERENCE FOR CONSULTANCY TO DESIGN AND SUPPORT IMPLEMENTATION OF A SCHOLARSHIP, MENTORSHIP,GENDER SENSITISATION AND SOCIAL SUPPORT PROGRAMME FOR SECONDARY SCHOOL STUDENTS UNDER THE SECONDARY EDUCATION QUALITY IMPROVEMENT PROJECT (SEQIP- P160083)","MASHARTI YA REJEA KWA AJILI YA USHAURI WA KUBUNI NA KUSAIDIA UTEKELEZAJI WA MPANGO WA USOMI, UENDESHAJI, UHAMASISHAJI WA JINSIA NA MSAADA WA KIJAMII KWA WANAFUNZI WA SHULE ZA SEKONDARI CHINI YA MRADI WA KUBORESHA UBORA WA ELIMU YA SEKONDARI (6008 P31)",General,
"COVID-19 is a respiratory illness caused by a new virus. Symptoms include fever, coughing, a sore throat and shortness of breath. This virus can spread from person to person, but good hygiene can prevent infection. #KomeshaCorona","COVID-19 ni ugonjwa wa kupumua unaosababishwa na virusi vipya. Dalili ni pamoja na homa, kukohoa, koo na upungufu wa kupumua. Virusi hivi vinaweza kuenea kutoka kwa mtu mmoja hadi mwingine, lakini usafi unaweza kuzuia maambukizi. #KomeshaCorona",Public Health,
"To realize these objectives, special focus will continue to be placed on five pillars with the highest impact to drive and sustain economic recovery as well as household welfare: Agricultural Transformation; Micro, Small and Medium Enterprise s (MSME) Economy; Housing and Settlement; Healthcare; and Digital Superhighway and Creative Economy .","Ili kufikia malengo haya, mkazo maalum utaendelea kuwekwa kwenye nguzo tano zenye matokeo ya juu zaidi ya kuendesha na kuendeleza ufufuaji wa uchumi pamoja na ustawi wa kaya: Mabadiliko ya Kilimo; Uchumi wa Biashara Ndogo, Ndogo na za Kati (MSME); Makazi na Makazi; Huduma ya afya; na Barabara kuu ya Dijiti na Uchumi Ubunifu.",Health,
Kenya Statistics Infographics | February 2026,Kenya Takwimu Infographics | Februari 2026,Disaster/Health,
"Further, the KCC will continue critical work in disaster-preparedness in Kenya, leading on county-level and national-level stakeholder engagement to advocate for concrete policy and action to protect Kenyan communities from recurring or predictable crises.","Zaidi ya hayo, KCC itaendelea na kazi muhimu ya kujiandaa na maafa nchini Kenya, ikiongoza katika ushirikishwaji wa washikadau katika ngazi ya kaunti na kitaifa ili kutetea sera na hatua madhubuti za kulinda jamii za Kenya dhidi ya majanga ya mara kwa mara au yanayotabirika.",Governance,
UNICEF Executive Director Catherine Russell visits Kenya to meet children affected by the Horn of Africa drought and climate crisis,Mkurugenzi Mtendaji wa UNICEF Catherine Russell anazuru Kenya kukutana na watoto walioathiriwa na ukame wa Pembe ya Afrika na mgogoro wa hali ya hewa,Disaster/Health,
"Kenya: Anticipatory actions towards General Elections - Operation Update Report - DREF n° MDRKE051, Operation update n° 1","Kenya: Hatua zinazotarajiwa kuelekea Uchaguzi Mkuu - Ripoti ya Usasishaji wa Operesheni - DREF n° MDRKE051, sasisho la operesheni n° 1",Governance,
"The proposed Public Finance Management ( Wildlife Conservation Trust Fund ) Regulations, 2024 have been posted to the National Treasury website http://www.treasury.go.ke.","Kanuni zinazopendekezwa za Usimamizi wa Fedha za Umma ( Wildlife Conservation Trust Fund ), 2024 zimewekwa kwenye tovuti ya Hazina ya Kitaifa http://www.treasury.go.ke.",Governance,
Embu (Mbeere) County: Drought Early Warning Bulletin for May 2022,Kaunti ya Embu (Mbeere): Taarifa ya Onyo la Mapema kuhusu Ukame ya Mei 2022,Disaster/Health,
Review of WHO's response to COVID-19 in the WHO African Region,Mapitio ya majibu ya WHO kwa COVID-19 katika Kanda ya Afrika ya WHO,General,
Laikipia County: Drought Early Warning Bulletin for August 2023,Kaunti ya Laikipia: Taarifa ya Onyo la Mapema kuhusu Ukame kwa Agosti 2023,Disaster/Health,
Lamu County: Drought Early Warning Bulletin for October 2022,Kaunti ya Lamu: Taarifa ya Onyo la Mapema kuhusu Ukame kwa Oktoba 2022,Disaster/Health,
Life in the camps depends on food and security.,Maisha katika kambi hutegemea chakula na usalama.,Security,
Taita Taveta County: Drought Early Warning Bulletin for April 2022,Kaunti ya Taita Taveta: Taarifa ya Onyo la Mapema kuhusu Ukame Aprili 2022,Disaster/Health,
Partnerships Create Solutions to Drought in Africa,Ubia Hutengeneza Suluhu kwa Ukame Barani Afrika,Disaster/Health,
"Adolescents' experience of mistreatment and abuse during childbirth: a cross-sectional community survey in a low-income informal settlement in Nairobi, Kenya","Uzoefu wa vijana wa kutendewa vibaya na unyanyasaji wakati wa kuzaa: uchunguzi wa jamii wa sehemu mbalimbali katika makazi yasiyo rasmi ya mapato ya chini huko Nairobi, Kenya.",Disaster/Health,
Makueni County: Drought Early Warning Bulletin for March 2023,Kaunti ya Makueni: Taarifa ya Onyo la Mapema kuhusu Ukame Machi 2023,Disaster/Health,
"Socioeconomic data, evidence and action - Economic Inclusion Exchange East Africa, September 2023","Data ya kijamii na kiuchumi, ushahidi na hatua - Ushirikishwaji wa Kiuchumi Afrika Mashariki, Septemba 2023",Disaster/Health,
Embu (Mbeere) County: Drought Early Warning Bulletin for July 2023,Kaunti ya Embu (Mbeere): Taarifa ya Onyo la Mapema kuhusu Ukame Julai 2023,Disaster/Health,
Dr. Salim Hussein from the Ministry of Health gives you tips on how you can prevent yourself from getting COVID-19 infection. Please share with others to help prevent Coronavirus in Kenya. #KomeshaCorona,Dk. Salim Hussein kutoka Wizara ya Afya anakupa vidokezo kuhusu jinsi unavyoweza kujikinga na maambukizi ya COVID-19. Tafadhali shiriki na wengine ili kusaidia kuzuia Virusi vya Corona nchini Kenya. #KomeshaCorona,Public Health,
Targeted testing is ongoing. Stay safe and observe the containment measures to prevent the spread of the virus #KomeshaCorona,Upimaji unaolengwa unaendelea. Kaa salama na uzingatie hatua za kujikinga ili kuzuia kuenea kwa virusi vya #KomeshaCorona,Public Health,
"Kenya | Joint Market Monitoring Initiative (JMMI) Market Overview, Q3 (July - September, 2024)","Kenya | Muhtasari wa Soko wa Mpango wa Pamoja wa Ufuatiliaji wa Soko (JMMI), Q3 (Julai - Septemba, 2024)",Disaster/Health,
Samburu County: Drought Early Warning Bulletin for June 2023,Kaunti ya Samburu: Taarifa ya Onyo la Mapema kuhusu Ukame kwa Juni 2023,Disaster/Health,
Veterinary Board of Kenya 19.08.2024 10:45 a.m. - 11:15a.m.,Bodi ya Mifugo ya Kenya 19.08.2024 10:45 a.m. - 11:15a.m.,Agriculture,
Tana River County: Drought Early Warning Bulletin for May 2024,Kaunti ya Tana River: Taarifa ya Onyo la Mapema kuhusu Ukame la Mei 2024,Disaster/Health,
"As part of this initiative, over 22,550 women have been reached through mobile outreaches in the past two years across these six counties. This video captures one such outreach in Tana River, showcasing the life-saving care being brought directly to women and communities in need.","Kama sehemu ya mpango huu, zaidi ya wanawake 22,550 wamefikiwa kupitia mawasiliano ya simu katika kipindi cha miaka miwili iliyopita katika kaunti hizi sita. Video hii inanasa mawasiliano kama haya huko Tana River, ikionyesha huduma ya kuokoa maisha inayoletwa moja kwa moja kwa wanawake na jamii zinazohitaji.",General,
Kitui County: Drought Early Warning Bulletin for February 2023,Kaunti ya Kitui: Taarifa ya Onyo la Mapema kuhusu Ukame kwa Februari 2023,Disaster/Health,
"Because aid still accounted for about three quarters of total revenue for camp‑based refugees in 2024, these cuts translated directly into falling household incomes and weaker demand in local camp economies, squeezing host community livelihoods tied to trade, services, and casual work.","Kwa sababu misaada bado ilichangia takriban robo tatu ya mapato ya jumla ya wakimbizi waliokaa kambini mwaka wa 2024, upunguzaji huu ulitafsiri moja kwa moja katika kupungua kwa mapato ya kaya na mahitaji duni katika uchumi wa kambi za ndani, kubana riziki za jamii zinazohusishwa na biashara, huduma, na kazi za kawaida.",Disaster/Health,
Kitui County: Drought Early Warning Bulletin for March 2024,Kaunti ya Kitui: Taarifa ya Onyo la Mapema kuhusu Ukame kwa Machi 2024,Disaster/Health,
Narok County: Drought Early Warning Bulletin for June 2024,Kaunti ya Narok: Taarifa ya Onyo la Mapema kuhusu Ukame kwa Juni 2024,Disaster/Health,
"Kenya Price Bulletin, June 2024","Taarifa ya Bei ya Kenya, Juni 2024",Disaster/Health,
"The SEQIP will contribute to the twin goals of the World Bank's global strategy: ending extreme poverty and boosting shared prosperity in a sustainable manner. In particular, the project focuses on the most educationally and economically disadvantaged areas, as well as the poorest and most vulnerable children. The SEQIP will also contribute to a priority in the World Bank's Africa Development Strategy to accelerate the demographic transition and harness the demographic dividend. The project also responds to a key domain in the Kenya Country Partnership Strategy (2014-18) that aims at building human capital through education and training.","SEQIP itachangia katika malengo mapacha ya mkakati wa kimataifa wa Benki ya Dunia: kukomesha umaskini uliokithiri na kuimarisha ustawi wa pamoja kwa njia endelevu. Hasa, mradi unaangazia maeneo yenye hali mbaya zaidi ya kielimu na kiuchumi, pamoja na watoto masikini na walio hatarini zaidi. SEQIP pia itachangia katika kipaumbele katika Mkakati wa Maendeleo ya Afrika wa Benki ya Dunia ili kuharakisha mabadiliko ya idadi ya watu na kutumia mgao wa idadi ya watu. Mradi pia unajibu kikoa muhimu katika Mkakati wa Ushirikiano wa Nchi ya Kenya (2014-18) ambao unalenga kujenga mtaji wa binadamu kupitia elimu na mafunzo.",General,
Kenya: Registered refugees and asylum-seekers (as of 31 August 2022),Kenya: Wakimbizi waliosajiliwa na wanaotafuta hifadhi (kuanzia tarehe 31 Agosti 2022),Disaster/Health,
Episcopal Relief & Development receives grant from Conrad N. Hilton Foundation for early childhood development work,Usaidizi wa Maaskofu & Maendeleo hupokea ruzuku kutoka kwa Wakfu wa Conrad N. Hilton kwa kazi ya makuzi ya utotoni.,Disaster/Health,
"Additionally, the package comprises 230 medical oxygen cylinders and nearly 3,000 emergency prevention and response supplies to ensure frontline facilities are prepared for outbreaks, health emergencies, and critical care needs.","Zaidi ya hayo, kifurushi hiki kinajumuisha mitungi 230 ya oksijeni ya matibabu na karibu vifaa 3,000 vya kuzuia dharura na majibu ili kuhakikisha kuwa vituo vya mstari wa mbele vinatayarishwa kwa milipuko, dharura za kiafya, na mahitaji muhimu ya utunzaji.",Health,
Unrest and anxiety grow among those whose futures and lives are now at risk after US funding cuts,Machafuko na wasiwasi hukua miongoni mwa wale ambao mustakabali na maisha yao sasa yako hatarini baada ya kupunguzwa kwa ufadhili wa Marekani,Disaster/Health,
Kenya: Drought - County with Sub-County Boundaries (14 Apr 2023),Kenya: Ukame - Kaunti yenye Mipaka ya Kaunti Ndogo (14 Apr 2023),Disaster/Health,
Rapid Review of Healthy Ageing and Long-term Care Systems in East and Southern Africa: Country Summary Report – Kenya,Mapitio ya Haraka ya Mifumo ya Kuzeeka Kiafya na ya Muda Mrefu katika Afrika Mashariki na Kusini: Ripoti ya Muhtasari wa Nchi - Kenya,Health,
"SUMMARY COUNTIES, SUB COUNTIES AND SCHOOLS IN CASH TRANSFER (HOMEGROWN MEAL PROGRAM)","KAUNTI ZA MUHTASARI, KAUNTI NDOGO NA SHULE KATIKA UHAMISHO WA FEDHA (MPANGO WA MLO WA NYUMBANI)",General,
specialized hospitals like Othaya & KU Teaching Research & Referral Hospital HPV & Malaria vaccine strengthened HRM by expanding KMTC review of national pharmaceutical policy Cuban doctors mental health taskforce NHIF & Kemsa reforms,hospitali maalum kama Othaya & KU Kufundisha Utafiti na Hospitali ya Rufaa ya HPV & Malaria chanjo iliimarishwa HRM kwa kupanua ukaguzi wa KMTC wa sera ya kitaifa ya dawa Madaktari wa Cuba kikosi kazi cha afya ya akili NHIF & Kemsa,Public Health,
Students finally return to school as six-hour daily water fetching duty comes to an end,Wanafunzi hatimaye wanarejea shuleni huku kazi ya kuchota maji ya saa sita kila siku ikikamilika,Disaster/Health,
"Kenya Food Security Outlook Update, December 2023","Sasisho la Mtazamo wa Usalama wa Chakula Kenya, Desemba 2023",Disaster/Health,
Models of social payments through Inua Jamii,Miundo ya malipo ya kijamii kupitia Inua Jamii,Disaster/Health,
Kenya: Building strong and sustainable communities through resource sharing,Kenya: Kujenga jumuiya imara na endelevu kupitia kugawana rasilimali,Disaster/Health,
Nearly 1 in 5 COVID-19 deaths in the African region linked to diabetes12 November 2020,Takriban kifo 1 kati ya 5 cha COVID-19 katika eneo la Afrika kinachohusishwa na ugonjwa wa kisukari12 Novemba 2020,General,
Kenya Drought Response Plan 2023 at a Glance,Mpango wa Kukabiliana na Ukame Kenya 2023 kwa Mtazamo,Disaster/Health,
Urban Refugee Policies and Legislation in Kenya and Uganda: 2025 Stocktake,Sera na Sheria za Wakimbizi Mijini nchini Kenya na Uganda: 2025 Stocktake,Disaster/Health,
"HIV can be transmitted via the exchange of a variety of body fluids from infected individuals, such as blood, breast milk, semen and vaginal secretions. Individuals cannot become infected through ordinary day-to-day contact such as kissing, hugging, shaking hands, or sharing personal objects, food or water.","VVU vinaweza kuambukizwa kwa kubadilishana viowevu vya aina mbalimbali kutoka kwa watu walioambukizwa, kama vile damu, maziwa ya mama, shahawa na ute wa uke. Watu hawawezi kuambukizwa kupitia mawasiliano ya kawaida ya kila siku kama vile kumbusu, kukumbatiana, kupeana mikono, au kushiriki vitu vya kibinafsi, chakula au maji.",General,
"The selected ACEs are expected to address specific development challenges facing the region through graduate training in Master's, PhD, and short-term courses and applied research in the form of partnerships and collaborations with other institutions and the private sector.","ACE zilizochaguliwa zinatarajiwa kushughulikia changamoto mahususi za maendeleo zinazokabili kanda kupitia mafunzo ya wahitimu wa Shahada ya Uzamili, Uzamivu, na kozi za muda mfupi na kutumia utafiti katika mfumo wa ushirikiano na ushirikiano na taasisi nyingine na sekta binafsi.",General,
Kenya national action plan on antimicrobial resistance: Review of progress in the human health sector,Mpango kazi wa kitaifa wa Kenya kuhusu ukinzani wa viua viini: Mapitio ya maendeleo katika sekta ya afya ya binadamu,Disaster/Health,
Wajir County: Drought Early Warning Bulletin for July 2022,Kaunti ya Wajir: Taarifa ya Onyo la Mapema kuhusu Ukame Julai 2022,Disaster/Health,
Isiolo County: Drought Early Warning Bulletin for May 2023,Kaunti ya Isiolo: Taarifa ya Onyo la Mapema kuhusu Ukame la Mei 2023,Disaster/Health,
"Kenya - Floods (DG ECHO, media, Kenya Meteorological Department) (ECHO Daily Flash of 23 April 2025)","Kenya - Mafuriko (DG ECHO, vyombo vya habari, Idara ya Hali ya Hewa ya Kenya) (ECHO Daily Flash ya 23 Aprili 2025)",Disaster/Health,
"In Kenya, surveillance and vaccination activities continue to reach children in nomadic, peri-urban and cross-border communities, with the latest vaccination round against polio having protected nearly 1 million children.","Nchini Kenya, shughuli za ufuatiliaji na chanjo zinaendelea kuwafikia watoto katika jamii zinazohamahama, pembezoni mwa miji na mipakani, huku awamu ya hivi punde ya chanjo dhidi ya polio ikiwa imewalinda karibu watoto milioni 1.",Health,
Garissa County: Drought Early Warning Bulletin for August 2024,Kaunti ya Garissa: Taarifa ya Onyo la Mapema kuhusu Ukame kwa Agosti 2024,Disaster/Health,
Click here to Access Form One Placement: link 2,Bofya hapa ili Kupata Nafasi ya Kidato cha Kwanza: kiungo 2,General,
Tharaka Nithi County: Drought Early Warning Bulletin for February 2024,Kaunti ya Tharaka Nithi: Taarifa ya Onyo la Mapema kuhusu Ukame kwa Februari 2024,Disaster/Health,
Kenya Situation Update | November 2023: Competition Over Politics and Resources Affects Recent County Border Disputes in Kenya,Sasisho la Hali ya Kenya | Novemba 2023: Ushindani Kuhusu Siasa na Rasilimali Waathiri Mizozo ya Hivi Karibuni ya Mipaka ya Kaunti nchini Kenya,Disaster/Health,
"However, 32% of households still reported being unaware of available channels, highlighting the need for improved communication.","Hata hivyo, asilimia 32 ya kaya bado ziliripoti kutofahamu njia zinazopatikana, na hivyo kuonyesha hitaji la kuboreshwa kwa mawasiliano.",Disaster/Health,
"@NationMediaGrp CEO Stephen Gitagama today paid a courtesy call on the Cabinet Secretary for Health, Mutahi Kagwe & launched a program to give frontline health workers a free subscription of the Daily Nation for a period of two months #KomeshaCorona","Mkurugenzi Mtendaji wa @NationMediaGrp Stephen Gitagama leo amemtembelea Katibu wa Baraza la Mawaziri wa Afya, Mutahi Kagwe na kuzindua mpango wa kuwapa wafanyikazi wa afya walio mstari wa mbele kujiandikisha bila malipo katika Daily Nation kwa muda wa miezi miwili #KomeshaCorona.",Public Health,
"Abshiro fled insecurity in 1992 in Sanguuni near Kismayo, where her family had relied on farming four hectares of land.","Abshiro alikimbia ukosefu wa usalama mwaka 1992 huko Sanguuni karibu na Kismayo, ambapo familia yake ilitegemea kilimo cha hekta nne za ardhi.",Security,
Makueni County: Drought Early Warning Bulletin for July 2024,Kaunti ya Makueni: Taarifa ya Onyo la Mapema kuhusu Ukame Julai 2024,Disaster/Health,
"The aim is to produce high caliber staff to help exploit Africa's enormous resources. The first cohort of 55 masters' students from 16 African countries was admitted in November, 2012 and graduated in November 2014. Since then the Institute has admitted another five cohorts comprising of masters and PhD students. The Institute admitted the last cohort of 118 students as from 31stJanuary, 2020. The students are drawn from all over Africa from over 30 African Nationalities out of the 54.","Lengo ni kuzalisha wafanyakazi wa hali ya juu ili kusaidia kutumia rasilimali kubwa za Afrika. Kundi la kwanza la wanafunzi 55 wa shahada za uzamili kutoka nchi 16 za Afrika walidahiliwa mnamo Novemba, 2012 na kuhitimu Novemba 2014. Tangu wakati huo Taasisi imedahili vikundi vingine vitano vinavyojumuisha wanafunzi wa uzamili na PhD. Taasisi ilikubali kundi la mwisho la wanafunzi 118 kuanzia tarehe 31 Januari, 2020. Wanafunzi hao wametolewa kutoka kote barani Afrika kutoka zaidi ya Raia 30 wa Kiafrika kati ya 54.",General,
Anticipatory Action Activation: Anticipatory Action to mitigate the impact of drought in Kenya (September 2025),Uanzishaji wa Hatua ya Kutarajia: Hatua ya Kutarajia ili kupunguza athari za ukame nchini Kenya (Septemba 2025),Disaster/Health,
Behind the scenes of Ebola disease outbreak response,Nyuma ya pazia la mwitikio wa mlipuko wa ugonjwa wa Ebola,General,
Strengthening Humanitarian Ecosystems through Local Leadership and the GOCA Initiative in Kenya,Kuimarisha Mifumo ya Kibinadamu kupitia Uongozi wa Mitaa na Mpango wa GOCA nchini Kenya,Disaster/Health,
Kenya: Solutions & Mobility Index — Mandera & Wajir Counties (December 2024 – January 2025),Kenya: Kielezo cha Masuluhisho na Uhamaji - Kaunti za Mandera na Wajir (Desemba 2024 - Januari 2025),Disaster/Health,
Kenya - Arid and Semi-Arid Lands Drought Response Dashboard (January 2021 - March 2022),Kenya - Dashibodi ya Kukabiliana na Ukame katika Nchi Kame na Nusu Kame (Januari 2021 - Machi 2022),Disaster/Health,
Strengthening the availability of evidence and fostering dialogue to stimulate investment in Kenya's health workforce,Kuimarisha upatikanaji wa ushahidi na kukuza mazungumzo ili kuchochea uwekezaji katika wafanyikazi wa afya nchini Kenya.,Disaster/Health,
Narok County: Drought Early Warning Bulletin for December 2022,Kaunti ya Narok: Taarifa ya Onyo la Mapema kuhusu Ukame kwa Desemba 2022,Disaster/Health,
UNICEF Kenya Humanitarian Situation Report No. 5 (Drought): 30 September 2022,Ripoti ya Hali ya Kibinadamu ya UNICEF Kenya Nambari 5 (Ukame): 30 Septemba 2022,Disaster/Health,
Adoption of Mobile Technology in A Humanitarian Response To Drought Ravaged Communities in Northern Kenya,Kupitishwa kwa Teknolojia ya Simu katika Mwitikio wa Kibinadamu kwa Jamii Zilizoharibiwa na Ukame Kaskazini mwa Kenya.,Disaster/Health,
Garissa County: Drought Early Warning Bulletin for March 2023,Kaunti ya Garissa: Taarifa ya Onyo la Mapema kuhusu Ukame kwa Machi 2023,Disaster/Health,
Advocacy Brief: Enhancing Policy Responses to Addressing Child Sexual Exploitation and Abuse (CSEA) in Kenya (January 2023),Muhtasari wa Utetezi: Kuimarisha Majibu ya Sera ya Kushughulikia Unyanyasaji na Unyanyasaji wa Kijinsia kwa Watoto (CSEA) nchini Kenya (Januari 2023),Disaster/Health,
US foreign aid freeze puts FCA projects on hold in Uganda and Kenya,Kusitishwa kwa misaada ya kigeni ya Marekani kunaweka miradi ya FCA kusitishwa nchini Uganda na Kenya,Disaster/Health,
Proving that disability is not inability: Creating job opportunities in agriculture for youth with disabilities in Kenya [EN/AR/RU/ZH],Kuthibitisha kwamba ulemavu sio kutokuwa na uwezo: Kuunda nafasi za kazi katika kilimo kwa vijana wenye ulemavu nchini Kenya [EN/AR/RU/ZH],Disaster/Health,
Kitui County: Drought Early Warning Bulletin for January 2024,Kaunti ya Kitui: Taarifa ya Onyo la Mapema kuhusu Ukame kwa Januari 2024,Disaster/Health,
WHO recommends HIV self-testing evidence update and considerations for success,WHO inapendekeza usasisho wa ushahidi wa kujipima VVU na mambo ya kuzingatia ili kufaulu,General,
Differentiated and simplified pre-exposure prophylaxis for HIV prevention,Tofauti na rahisi za kuzuia kabla ya kuambukizwa kwa kuzuia VVU,General,
USCRI Policy Brief - Her Dreams to Achieve: Ensuring Protection and Education for Refugee Girls,Muhtasari wa Sera ya USCRI - Ndoto Zake Kufikia: Kuhakikisha Ulinzi na Elimu kwa Wasichana Wakimbizi,Disaster/Health,
"Targeted consultations with civil society organizations, non-governmental organizations, construction practitioners, the private sector, and development partners have ensured that the strategy reflects broad stakeholder consensus.","Mashauriano yaliyolengwa na mashirika ya kiraia, mashirika yasiyo ya kiserikali, watendaji wa ujenzi, sekta binafsi, na washirika wa maendeleo yamehakikisha kuwa mkakati huo unaonyesha maelewano mapana ya wadau.",Governance,
"However, these populations face challenges such as weak health infrastructure, food insecurity, and frequent displacement.","Hata hivyo, watu hawa wanakabiliwa na changamoto kama vile miundombinu dhaifu ya afya, uhaba wa chakula, na kuhama mara kwa mara.",Health,
"Kenya - Floods and landslides (UN OCHA, UNICEF, NOAA-CPC, Kenya Met) (ECHO Daily Flash of 06 May 2024)","Kenya - Mafuriko na maporomoko ya ardhi (UN OCHA, UNICEF, NOAA-CPC, Kenya Met) (ECHO Daily Flash ya 06 Mei 2024)",Disaster/Health,
"Implementing, monitoring and evaluating various projects in University education.","Utekelezaji, ufuatiliaji na tathmini ya miradi mbalimbali katika elimu ya Vyuo Vikuu.",General,
Kitui County: Drought Early Warning Bulletin for July 2022,Kaunti ya Kitui: Taarifa ya Onyo la Mapema kuhusu Ukame Julai 2022,Disaster/Health,
"Fragile and displacement-affected settings face interconnected pressures of environmental degradation, climate shocks, resource scarcity and social tensions.","Mipangilio dhaifu na inayoathiriwa na uhamishaji inakabiliwa na shinikizo zilizounganishwa za uharibifu wa mazingira, majanga ya hali ya hewa, uhaba wa rasilimali na mivutano ya kijamii.",Disaster/Health,
Starvation closing in: Urgent help needed in Kenya's refugee camps,Njaa yakaribia: Msaada wa haraka unahitajika katika kambi za wakimbizi za Kenya,Disaster/Health,
Humanitarian Action for Children 2023 - Kenya,Hatua za Kibinadamu kwa Watoto 2023 - Kenya,Disaster/Health,
AIDS free framework to accelerate paediatric and adolescent HIV treatment,Mfumo wa bure wa UKIMWI ili kuharakisha matibabu ya VVU kwa watoto na vijana,General,
"In the farmlands of easter and western Kenya, tobacco farmers are gathering for meetings to discuss a different way forward. Sitting together across four counties, they learn about the benefits of growing nutritious food…","Katika mashamba ya mashariki na magharibi mwa Kenya, wakulima wa tumbaku wanakusanyika kwa mikutano ili kujadili njia tofauti ya kusonga mbele. Wakiwa wameketi pamoja katika kaunti nne, wanajifunza kuhusu manufaa ya kukuza chakula chenye lishe…",General,
West Pokot: Drought Early Warning Bulletin for August 2024,Pokot Magharibi: Taarifa ya Onyo la Mapema kuhusu Ukame kwa Agosti 2024,Disaster/Health,
"If food is removed, there is a serious problem.","Ikiwa chakula kinaondolewa, kuna shida kubwa.",Disaster/Health,
"WFP Kenya Country Brief, March 2024","Muhtasari wa Nchi wa WFP Kenya, Machi 2024",Disaster/Health,
"Key findings in Turkana County - Mobility Tracking Round 2, April and May 2023","Matokeo muhimu katika Kaunti ya Turkana - Raundi ya 2 ya Ufuatiliaji wa Uhamaji, Aprili na Mei 2023",Disaster/Health,
"Community health volunteers gather with social distancing measures to receive training on how to prevent COVID-19 in their communities, in Nyamira county courtesy of County Public Health promotion team. #KomeshaCorona","Wafanyakazi wa kujitolea wa afya ya jamii hukusanyika kwa hatua za umbali wa kijamii kupokea mafunzo kuhusu jinsi ya kuzuia COVID-19 katika jamii zao, katika kaunti ya Nyamira kwa hisani ya timu ya uhamasishaji ya Afya ya Umma ya Kaunti. #KomeshaCorona",Public Health,
UNICEF Kenya Humanitarian Situation Report No. 2 (Mpox Level 3 Emergency) for 31 October 2024,Ripoti ya Hali ya Kibinadamu ya UNICEF Kenya No. 2 (Mpox Level 3 Emergency) ya tarehe 31 Oktoba 2024,Disaster/Health,
Speeding Catches Up With You: This campaign focuses on social norming as a way of deterring people from speeding. Drive within speed limits to stay safe on the road.,Mwendo Kasi Unakufikia: Mkakati huu unalenga kubadilisha mienendo ya jamii ili kuwazuia watu kuendesha gari kwa mwendo kasi. Endesha gari kwa mwendo unaoruhusiwa ili kubaki salama barabarani.,Security,
Kenya: Fostering sustainable peace and development in Tiaty through collaboration with professional organisations,Kenya: Kukuza amani na maendeleo endelevu katika Tiaty kupitia ushirikiano na mashirika ya kitaaluma,Disaster/Health,
Why community trust is critical to health emergency response,Kwa nini imani ya jamii ni muhimu kwa mwitikio wa dharura wa kiafya,General,
TaiwanICDF and Terre des hommes Partner to Alleviate Kenya's Water Crisis,TaiwanICDF na Terre des hommes Washirika wa Kupunguza Mgogoro wa Maji nchini Kenya,Disaster/Health,
Laikipia County: Drought Early Warning Bulletin for May 2022,Kaunti ya Laikipia: Taarifa ya Onyo la Mapema kuhusu Ukame la Mei 2022,Disaster/Health,
Nutritional Status of Refugees and Host children in Kenya (2025): Survey findings on child nutrition and immunization among refugee and host communities in Turkana Country and urban areas of Nairobi,Hali ya Lishe ya Wakimbizi na Watoto Wahifadhi nchini Kenya (2025): Matokeo ya utafiti kuhusu lishe ya watoto na chanjo kati ya wakimbizi na jamii zinazowahifadhi katika Nchi ya Turkana na maeneo ya mijini ya Nairobi.,Disaster/Health,
Weekly Bulletin on Outbreaks and other Emergencies: Week 44: 28 October - 3 November 2024 Data as reported by: 17:00; 3 November 2024,Taarifa ya Kila Wiki kuhusu Milipuko na Dharura Nyingine: Wiki 44: 28 Oktoba - 3 Novemba 2024 Data kama ilivyoripotiwa na: 17:00; 3 Novemba 2024,Disaster/Health,
"To enhance access, equity, quality and relevance of education and training at the university level.","Kuimarisha upatikanaji, usawa, ubora na umuhimu wa elimu na mafunzo katika ngazi ya chuo kikuu.",General,
"Kenya: One-third of children found to be malnourished in Turkana as aid cuts, crocodile attacks compound hunger crisis","Kenya: Theluthi moja ya watoto wapatikana na utapiamlo huko Turkana huku misaada ikikatwa, mashambulizi ya mamba yanasababisha njaa.",Disaster/Health,
The Cost of Living Crisis for Urban Displaced People in East Africa: The Role of Inclusive Social Protection,Gharama ya Mgogoro wa Maisha kwa Watu Waliohamishwa Mijini katika Afrika Mashariki: Jukumu la Ulinzi wa Jamii Jumuishi.,Disaster/Health,
Mozambique takes a decisive step in HIV prevention with the introduction of Lenacapavir and the Biomedical Combination Prevention Guidelines,Msumbiji inachukua hatua madhubuti katika kuzuia VVU kwa kuanzishwa kwa Lenacapavir na Miongozo ya Kuzuia Mchanganyiko wa Kibiolojia.,General,
"By protecting livestock health and supporting families with cash transfers, FAO and partners will help 6 000 pastoral households survive the drought and preserve their resilience and dignity in the face of disasters and climate shocks.","Kwa kulinda afya ya mifugo na kusaidia familia kwa uhamisho wa fedha, FAO na washirika watasaidia kaya 6,000 za wafugaji kustahimili ukame na kuhifadhi ustahimilivu na heshima yao katika kukabiliana na majanga na majanga ya hali ya hewa.",Disaster/Health,
To contain the spread of COVID-19 @MOH_Kenya is leading the drive to fumigate Gikomba & Muthurwa markets towards #KomeshaCorona campaign To prevent Covid-19 wash your hands with soap & running water for at least 20 seconds Wash your fingertips and under your nails,Ili kudhibiti kuenea kwa COVID-19 @MOH_Kenya inaongoza harakati za kuteketeza masoko ya Gikomba na Muthurwa kuelekea kampeni ya #KomeshaCorona Kuzuia Covid-19 osha mikono yako kwa sabuni na maji yanayotiririka kwa angalau sekunde 20 Osha vidole vyako na chini ya kucha.,Public Health,
"Nairobi - Following successive Ebola and Marburg outbreaks across East Africa, countries are shifting how preparedness is defined, placing greater emphasis on the quality of clinical care delivered to patients.In recent …","Nairobi - Kufuatia milipuko mfululizo ya Ebola na Marburg kote Afrika Mashariki, nchi zinabadilisha jinsi utayari unavyofafanuliwa, na kutilia mkazo zaidi ubora wa huduma za kimatibabu zinazotolewa kwa wagonjwa.",General,
Nyeri (Kieni) County: Drought Early Warning Bulletin for January 2023,Kaunti ya Nyeri (Kieni): Taarifa ya Onyo la Mapema kuhusu Ukame Januari 2023,Disaster/Health,
"Unlike acute heatwaves, chronic heat refers to sustained periods of elevated temperatures that can silently undermine health and wellbeing of populations and ecosystem as well as critical sectors such as transport, energy, agriculture and infrastructure.","Tofauti na mawimbi ya joto kali, joto sugu hurejelea vipindi endelevu vya viwango vya juu vya joto ambavyo vinaweza kudhoofisha afya na ustawi wa watu na mfumo ikolojia kimya kimya na sekta muhimu kama vile usafiri, nishati, kilimo na miundombinu.",Health,
School Health & Nutrition Facility Progress Report 2024 (August-December),Ripoti ya Maendeleo ya Kituo cha Afya na Lishe 2024 (Agosti-Desemba),Health,
"If you you are getting sick with #COVID19, follow this step-by-step guide to prevent spreading the virus to others @CDCKenya @WHOKenya @UNICEFKenya @KNH_hospital @PDUDelivery @KEMRI_Kenya @SpokespersonGoK @RedCrossKe @EduMinKenya","Ikiwa unaugua na #COVID19, fuata mwongozo huu wa hatua kwa hatua ili kuzuia kueneza virusi kwa wengine @CDCKenya @WHOKenya @UNICEFKenya @KNH_hospital @PDUDelivery @KEMRI_Kenya @SpokespersonGoK @RedCrossKe @EduMinKenya",Public Health,
"Applications are invited from qualified Degree, Higher National Diploma (HND) and Diploma Holders for the positions of Vocational and Technical Trainers available in thevarious Technical, Vocational Education and Training Institutions as indicated","Waombaji waliohitimu Shahada, Stashahada ya Juu ya Taifa (HND) na Wenye Stashahada kwa nafasi za Wakufunzi wa Ufundi Stadi na Ufundi wanaopatikana katika Vyuo mbalimbali vya Ufundi, Elimu ya Ufundi na Mafunzo kama ilivyoonyeshwa.",General,
"Favoriser des systèmes alimentaires résilients, équitables et durables : Une synthèse du partenariat Cultiver l'avenir de l'Afrique (CultivAF) 2013-2023","Inayopendelea des systèmes alimentaires résilients, équitables et durables : Une synthèse du partenariat Cultiver l'avenir de l'Afrique (CultivAF) 2013-2023",Disaster/Health,
Kajiado County: Drought Early Warning Bulletin for August 2023,Kaunti ya Kajiado: Taarifa ya Onyo la Mapema kuhusu Ukame kwa Agosti 2023,Disaster/Health,
"While Kenya demonstrates sustained steady economic growth, the gains remain uneven.","Huku Kenya ikionyesha ukuaji endelevu wa uchumi, mafanikio bado hayafanani.",Disaster/Health,
Islamic Relief steps up response to deadly floods in Kenya,Islamic Relief yaongeza kasi ya kukabiliana na mafuriko makubwa nchini Kenya,Disaster/Health,
New COVID-19 variants fueling Africa's second wave28 January 2021,Vibadala vipya vya COVID-19 vinavyochochea wimbi la pili la Afrika28 Januari 2021,General,
"Kenya - Floods, update (NOAA-CPC, media) (ECHO Daily Flash of 16 March 2026)","Kenya - Mafuriko, sasisho (NOAA-CPC, vyombo vya habari) (ECHO Daily Flash ya 16 Machi 2026)",Disaster/Health,
"Implemented through strong local partnerships, this work directly contributes to the 2030 CGIAR outcomes by enhancing the resilience, self-reliance and social cohesion of displacement affected communities.","Ikitekelezwa kupitia ushirikiano dhabiti wa ndani, kazi hii inachangia moja kwa moja matokeo ya CGIAR ya 2030 kwa kuimarisha uthabiti, kujitegemea na mshikamano wa kijamii wa jamii zilizoathirika.",Disaster/Health,
Drought & War Trigger Humanitarian Crisis in Kenya,Ukame na Vita Vyasababisha Mgogoro wa Kibinadamu nchini Kenya,Disaster/Health,
UNICEF Kenya Humanitarian Situation Report No. 2 (Drought) - 1 June to 30 June 2022,Ripoti ya Hali ya Kibinadamu ya UNICEF Kenya No. 2 (Ukame) - 1 Juni hadi 30 Juni 2022,Disaster/Health,
Kenya 2023 IFRC network country plan (MAAKE002),Mpango wa nchi wa mtandao wa IFRC wa Kenya 2023 (MAAKE002),Disaster/Health,
Marsabit County: Drought Early Warning Bulletin for June 2022,Kaunti ya Marsabit: Taarifa ya Onyo la Mapema kuhusu Ukame kwa Juni 2022,Disaster/Health,
"Kenya and Rwanda have reached an important milestone in the fight against antimicrobial resistance (AMR), strengthening their ability to track where drug-resistant infections are emerging, and how they are spreading.","Kenya na Rwanda zimefikia hatua muhimu katika mapambano dhidi ya ukinzani wa viua vijidudu (AMR), kuimarisha uwezo wao wa kufuatilia ni wapi magonjwa sugu ya dawa yanajitokeza, na jinsi yanavyoenea.",Disaster/Health,
COVID-19 is real & it is here with us. There is hope because we have four recoveries. We must therefore play our part. Stay Home. Practice Physical distancing. Wash your hands often. Cover your coughs & sneezes. Clean & disinfect surfaces. #KomeshaCorona,COVID-19 ni halisi na iko hapa pamoja nasi. Kuna matumaini kwa sababu tumepona mara nne. Kwa hiyo ni lazima tutekeleze sehemu yetu. Kaa Nyumbani. Fanya mazoezi ya umbali wa Kimwili. Osha mikono yako mara kwa mara. Funika kikohozi chako na chafya. Safisha na kuua vijidudu kwenye nyuso. #KomeshaCorona,Public Health,
"She is committed to promoting technical, and vocational education and training through diversity and inclusion of students from all regions of Kenya as a means of boosting the much-needed technical skills required in the Country and appropriately preparing the graduates for the world of work.","Amejitolea kukuza elimu na mafunzo ya ufundi, na ufundi stadi kupitia anuwai na kujumuisha wanafunzi kutoka maeneo yote ya Kenya kama njia ya kukuza ujuzi wa kiufundi unaohitajika sana nchini na kuwatayarisha ipasavyo wahitimu kwa ulimwengu wa kazi.",General,
IsraAID completes NuWASH program in Kenya,IsraAID inakamilisha mpango wa NuWASH nchini Kenya,Disaster/Health,
"While floods in parts of Kenya demand urgent response, drought affected communities are facing a quieter emergency that unfolds over months rather than days.","Huku mafuriko katika baadhi ya maeneo ya Kenya yakihitaji majibu ya haraka, jamii zilizoathiriwa na ukame zinakabiliwa na dharura ya utulivu ambayo inatokea kwa miezi badala ya siku.",Disaster/Health,
Crisis in Kenya: Urgent action needed as 3.5 million face drought-induced hunger,Mgogoro nchini Kenya: Hatua za haraka zinahitajika kwani milioni 3.5 wanakabiliwa na njaa inayosababishwa na ukame,Disaster/Health,
Tharaka Nithi County: Drought Early Warning Bulletin for June 2023,Kaunti ya Tharaka Nithi: Taarifa ya Onyo la Mapema kuhusu Ukame Juni 2023,Disaster/Health,
AU-COMESA launch a Joint Election Observer Mission to the 2022 Kenya General Elections,AU-COMESA yazindua Ujumbe wa Pamoja wa Waangalizi wa Uchaguzi katika Uchaguzi Mkuu wa 2022 Kenya,Disaster/Health,
"The early warning indicators use standardized definitions, which have evolved over time as programmes mature and public health actions are refined. The most up-to-date set of early warning indicators for HIV drug resistance are included in the WHO ""Consolidated HIV Strategic Information Guidelines"" and the HIV Drug Resistance Strategy, 2021 update.","Viashirio vya hadhari vya mapema hutumia fasili sanifu, ambazo zimebadilika kwa muda kadri programu zinavyokomaa na hatua za afya ya umma zinavyoboreshwa. Seti iliyosasishwa zaidi ya viashiria vya hadhari vya mapema vya ukinzani wa dawa za VVU imejumuishwa katika ""Mwongozo wa Taarifa za Kimkakati Ulizounganishwa wa VVU"" na Mkakati wa Kupinga Madawa ya VVU, sasisho la 2021 la WHO.",General,
Isiolo County: Drought Early Warning Bulletin for November 2022,Kaunti ya Isiolo: Taarifa ya Onyo la Mapema kuhusu Ukame ya Novemba 2022,Disaster/Health,
Narok County: Drought Early Warning Bulletin for June 2023,Kaunti ya Narok: Taarifa ya Onyo la Mapema kuhusu Ukame kwa Juni 2023,Disaster/Health,
Voices of the People: Impediments to Peace and Community Resilience in Wajir County,Sauti za Watu: Vikwazo vya Amani na Ustahimilivu wa Jamii katika Kaunti ya Wajir,Disaster/Health,
Kwale County: Drought Early Warning Bulletin for August 2024,Kaunti ya Kwale: Taarifa ya Onyo la Mapema kuhusu Ukame kwa Agosti 2024,Disaster/Health,
Special Needs Education Management; Representation of Kenya in UNESCO;,Usimamizi wa Elimu ya Mahitaji Maalum; Uwakilishi wa Kenya katika UNESCO;,General,
Mandera County: Drought Early Warning Bulletin for August 2023,Kaunti ya Mandera: Taarifa ya Onyo la Mapema kuhusu Ukame kwa Agosti 2023,Disaster/Health,
"Corporate membership is an excellent option available for those entities striving to be a part of various philanthropic Red Cross efforts. These entities may include institutions or organizations with an underlying aim of providing support and aid for those in need. The Corporate Membership program offers a host of benefits, such as participation in fundraising activities, access to exclusive offers on disaster response training, and networking opportunities with other like-minded organizations to combine efforts in charitable causes.","Uanachama wa shirika ni chaguo bora linalopatikana kwa mashirika hayo yanayojitahidi kuwa sehemu ya juhudi mbalimbali za uhisani za Msalaba Mwekundu. Vyombo hivi vinaweza kujumuisha taasisi au mashirika yenye lengo la kimsingi la kutoa usaidizi na usaidizi kwa wale wanaohitaji. Mpango wa Uanachama wa Shirika hutoa manufaa mengi, kama vile kushiriki katika shughuli za uchangishaji fedha, ufikiaji wa ofa za kipekee kuhusu mafunzo ya kukabiliana na majanga, na fursa za mitandao na mashirika mengine yenye nia moja ili kuchanganya juhudi katika masuala ya usaidizi.",General,
Delivering progress in Africa's COVID-19 vaccination drive24 June 2022,Kutoa maendeleo katika harakati za chanjo barani Afrika za COVID-1924 Juni 2022,General,
West Pokot: Drought Early Warning Bulletin for April 2022,Pokot Magharibi: Taarifa ya Onyo la Mapema kuhusu Ukame kwa Aprili 2022,Disaster/Health,
"Kenya Price Bulletin, October 2022","Taarifa ya Bei ya Kenya, Oktoba 2022",Disaster/Health,
WHO and Aga Khan University partnership to strengthen women's cancer services in Africa,WHO na Chuo Kikuu cha Aga Khan ushirikiano wa kuimarisha huduma za saratani kwa wanawake barani Afrika,General,
Kenya: Joint Statement on Nationwide Demonstrations,Kenya: Taarifa ya Pamoja kuhusu Maandamano ya Kitaifa,Disaster/Health,
"He added that a resilient health system must support women across the life course, not only during pregnancy and childbirth, central to the government's commitment to Universal Health Coverage.","Aliongeza kuwa mfumo dhabiti wa afya lazima usaidie wanawake katika kipindi chote cha maisha, sio tu wakati wa ujauzito na kuzaa, kiini cha dhamira ya serikali ya Huduma ya Afya kwa Wote.",Health,
Kitui County: Drought Early Warning Bulletin for January 2023,Kaunti ya Kitui: Taarifa ya Onyo la Mapema kuhusu Ukame la Januari 2023,Disaster/Health,
"The term validation is used to attest that a country has successfully met the criteria for EMTCT of HIV, syphilis, and HBV. WHO develops and regularly updates guidance on the criteria and processes for validation of EMTCT of HIV, syphilis and HBV. Since 2015, Member States have been able to apply for validation for achieving the reduction of mother-to-child transmission (MTCT) to a level where it is no longer a public health threat or problem. In 2017, the Path to Elimination was introduced to recognize countries with high prevalence of maternal HIV, syphilis or HBV in their efforts to reduce MTCT.","Neno uthibitishaji linatumika kuthibitisha kuwa nchi imetimiza kwa mafanikio vigezo vya EMTCT ya VVU, kaswende na HBV. WHO hutengeneza na kusasisha mwongozo mara kwa mara kuhusu vigezo na michakato ya uthibitishaji wa EMTCT ya VVU, kaswende na HBV. Tangu 2015, Nchi Wanachama zimeweza kutuma maombi ya kuthibitishwa ili kufikia upunguzaji wa maambukizi kutoka kwa mama kwenda kwa mtoto (MTCT) hadi kiwango ambacho si tishio au tatizo kwa afya ya umma tena. Mnamo mwaka wa 2017, Njia ya Kutokomeza ilianzishwa ili kutambua nchi zilizo na maambukizi makubwa ya VVU kwa uzazi, kaswende au HBV katika jitihada zao za kupunguza MTCT.",General,
"Key insights from the landscape analysis indicate a fragmented local manufacturing ecosystem with cross-cutting challenges that span multiple ministries and agencies, limiting progress toward Universal Health Coverage.","Maoni muhimu kutoka kwa uchanganuzi wa mazingira yanaonyesha mfumo ikolojia wa utengenezaji wa ndani uliogawanyika na changamoto mtambuka ambazo zinahusisha wizara na mashirika mengi, na hivyo kuzuia maendeleo kuelekea Huduma ya Afya kwa Wote.",Health,
Kenya/IMF: Align Economic Reform with Rights,Kenya/IMF: Sawazisha Mageuzi ya Kiuchumi na Haki,Disaster/Health,
"Humanitarian partners continue to respond.From January to April, partners admitted over 44,000 children for treatment of severe acute malnutrition and screened more than 270,000 children and 74,000 pregnant and nursing women in seven counties.","Washirika wa misaada ya kibinadamu wanaendelea kujibu. Kuanzia Januari hadi Aprili, washirika walilaza zaidi ya watoto 44,000 kwa matibabu ya utapiamlo mkali na kuwapima zaidi ya watoto 270,000 na wanawake wajawazito na wanaonyonyesha 74,000 katika kaunti saba.",Health,
Kenya Flood 2026 - DREF Operation (MDRKE070),Mafuriko ya Kenya 2026 - Operesheni ya DREF (MDRKE070),Disaster/Health,
Helping to break mental health care barriers in Kenya,Kusaidia kuvunja vizuizi vya utunzaji wa afya ya akili nchini Kenya,Disaster/Health,
"Trained in emergency obstetric and newborn care through programmes also supported by WHO, she quickly assessed Leaungokiok's condition and began monitoring the progress of labour.","Akiwa amefunzwa katika utunzaji wa dharura wa uzazi na watoto wachanga kupitia programu zinazoungwa mkono na WHO, alitathmini haraka hali ya Leaungokiok na kuanza kufuatilia maendeleo ya leba.",Disaster/Health,
Recovering childhood: Access to education & protection for children in Kenya's refugee camps,Kurejesha maisha ya utotoni: Upatikanaji wa elimu na ulinzi kwa watoto katika kambi za wakimbizi za Kenya,Disaster/Health,
"The project is aimed at ensuring 600+ women: have enhanced leadership, financial management and business skills; can develop and launch climate-resilient entrepreneurial initiatives in selected, sustainable value chains; and, are connected with markets and financial support to scale and sustain their enterprises.","Mradi unalenga kuhakikisha wanawake 600+: wameimarishwa uongozi, usimamizi wa fedha na ujuzi wa biashara; inaweza kuendeleza na kuzindua mipango ya ujasiriamali inayostahimili hali ya hewa katika minyororo iliyochaguliwa na endelevu ya thamani; na, zimeunganishwa na masoko na usaidizi wa kifedha ili kuongeza na kuendeleza biashara zao.",Disaster/Health,
"Box 30007-00100 NAIROBI, KENYA Tel: +254-20-2252-299 Fax: +254-20-341-082 The document is also available on the website at: www.treasury.go.ke iii Foreword The National Tax Policy is part of the G overnment's efforts to enhance predictability and transparency in tax policies .","Box 30007-00100 NAIROBI, KENYA Simu: +254-20-2252-299 Faksi: +254-20-341-082 Waraka pia unapatikana kwenye tovuti kwa: www.treasury.go.ke iii Dibaji Sera ya Kitaifa ya Ushuru ni sehemu ya juhudi za G katika kuongeza uwazi wa kodi.",Governance,
Education system administrators will benefit from improved information and accountability through up to date Education Management Information System (EMIS) data and school audit,Wasimamizi wa mfumo wa elimu watafaidika kutokana na kuboreshwa kwa taarifa na uwajibikaji kupitia data ya Mfumo wa Taarifa za Usimamizi wa Elimu (EMIS) na ukaguzi wa shule.,General,
NewsroomMedia CentreFeature StoriesNews ReleasesProgrammes and Clusters NewsPhoto StoriesStatements and commentariesHeadlinesAccess to care for severe chronic diseases in Africa growing: new report21 Jul 2026|News ReleaseUganda safeguards essential health services during Ebola outbreak response21 Jul 2026|Feature StoryCommunicating to protect21 Jul 2026|News ReleaseAngola has completed a strategic process to enhance the impact of vaccination20 Jul 2026|News ReleaseSpotlightIn the frontlines of a safe and dignified Ebola outbreak response in Uganda01 Jul 2026|Feature Story,Chumba cha HabariMedia CentreKituo cha HabariHabari Matoleo ya HabariProgramu na Vikundi HabariPicha HadithiTaarifa na maoniVichwa vya habariUpatikanaji wa kutunza magonjwa sugu barani Afrika yanayokua: ripoti mpya21 Jul 2026|Taarifa ya HabariUganda inalinda huduma muhimu za afya wakati wa kukabiliana na mlipuko wa Ebola21 Jul 2026|Kipengele cha Habari2Maelezo2|Maelezo ya KipengeleMawasiliano2|Mawasiliano mapya2 yamekamilikaAngola mchakato wa kimkakati wa kuimarisha athari za chanjo20 Jul 2026|Taarifa ya HabariSpotlightKatika mstari wa mbele wa mwitikio salama na wa heshima wa mlipuko wa Ebola nchini Uganda01 Jul 2026|Kipengele cha Hadithi,General,
"Facilitating knowledge sharing: A step-by-step process, February 2024","Kuwezesha kushiriki maarifa: Mchakato wa hatua kwa hatua, Februari 2024",Disaster/Health,
"Kenya Economic Update, December 2023 (Edition #28)","Taarifa ya Kiuchumi ya Kenya, Desemba 2023 (Toleo #28)",Disaster/Health,
Turkana County: Drought Early Warning Bulletin for June 2022,Kaunti ya Turkana: Taarifa ya Onyo la Mapema kuhusu Ukame Juni 2022,Disaster/Health,
"UN-Habitat's support to Preparedness and Response strategies in Kakuma-Kalobeyei, Kenya: Supporting COVID-19 Pandemic Efforts","Usaidizi wa UN-Habitat kwa mikakati ya Maandalizi na Majibu huko Kakuma-Kalobeyei, Kenya: Kusaidia Juhudi za Janga la COVID-19",Disaster/Health,
Minimum criteria for external quality assurance proficiency tests for use by laboratories designated by WHO for HIV drug resistance surveillance,Vigezo vya chini vya vipimo vya uhakikisho wa ubora wa nje kwa ajili ya matumizi ya maabara yaliyoteuliwa na WHO kwa ajili ya ufuatiliaji wa ukinzani wa dawa za VVU.,General,
Use deadbolt locks on exterior doors for added security.,Tumia kufuli za kuzuia milango kwenye milango ya nje kwa usalama zaidi.,Security,
Marsabit County: Drought Early Warning Bulletin for September 2024,Kaunti ya Marsabit: Taarifa ya Onyo la Mapema kuhusu Ukame kwa Septemba 2024,Disaster/Health,
UWIANO Platform Launches Let Peace Win Campaign to Promote Peaceful Elections,Jukwaa la UWIANO Lazinduliwa Acha Amani Ishinde Kampeni ya Kukuza Uchaguzi wa Amani,Disaster/Health,
Pathways to Employment - Kenya Report - August 2025,Njia za Ajira - Ripoti ya Kenya - Agosti 2025,Disaster/Health,
"Displacement in the county is complex, influenced by natural hazards such as drought or floods, insecurity and resource scarcity.","Uhamisho wa watu katika kaunti ni changamani, unachangiwa na hatari za asili kama vile ukame au mafuriko, ukosefu wa usalama na uhaba wa rasilimali.",Disaster/Health,
Bridging the Healthcare Gap: Nawiri's Impact in Revitalizing Moite and Marsabit's Remote Communities,Kuziba Pengo la Huduma ya Afya: Athari za Nawiri katika Kufufua Jumuiya za Mbali za Moite na Marsabit.,Disaster/Health,
Tana River County: Drought Early Warning Bulletin for October 2024,Kaunti ya Tana River: Taarifa ya Onyo la Mapema kuhusu Ukame ya Oktoba 2024,Disaster/Health,
"The Inter-University Council for East Africa (IUCEA) is an institution of the East African Community (EAC) responsible for coordinating the development of higher education and research, with its headquarters in Kampala, Uganda. IUCEA is the Regional Facilitation Unit for the ACEII Project.","Baraza la Vyuo Vikuu vya Afrika Mashariki (IUCEA) ni taasisi ya Jumuiya ya Afrika Mashariki (EAC) yenye jukumu la kuratibu maendeleo ya elimu ya juu na utafiti, yenye makao yake makuu Kampala, Uganda. IUCEA ni Kitengo cha Uwezeshaji cha Mkoa kwa Mradi wa ACEII.",General,
Kenya: Don Bosco Center Makuyu renovates facilities thanks to donor funding from Salesian Missions,Kenya: Kituo cha Don Bosco Makuyu kinakarabati vifaa kutokana na ufadhili wa wafadhili kutoka kwa Salesian Missions,Disaster/Health,
"EHAGL Region: Community Feedback Analysis Report, October - December 2024","Eneo la EHAGL: Ripoti ya Uchambuzi wa Maoni ya Jamii, Oktoba - Desemba 2024",Disaster/Health,
"The Ministry of Health and WHO are working to ensure these lessons translate into stronger emergency plans, better-resourced facilities, and more resilient communities.","Wizara ya Afya na WHO zinafanya kazi ili kuhakikisha kuwa masomo haya yanatafsiriwa katika mipango thabiti ya dharura, vifaa vyenye rasilimali bora na jumuiya zinazostahimili zaidi.",Health,
Kenya Key Message Update: High staple prices keep household purchasing power lower than normal (July 2023),Sasisho la Ujumbe Muhimu wa Kenya: Bei za juu za bidhaa kuu huweka nguvu ya ununuzi ya kaya kuwa chini kuliko kawaida (Julai 2023),Disaster/Health,
Zambia Launches Final Round of Polio Vaccination Campaign Targeting 3.9 Million Children,Zambia Yazindua Mzunguko wa Mwisho wa Kampeni ya Chanjo ya Polio Inayolenga Watoto Milioni 3.9,General,
Nairobi County Refugee Integration and Community Building Strategy,Ujumuishaji wa Wakimbizi wa Kaunti ya Nairobi na Mkakati wa Kujenga Jamii,Disaster/Health,
Locally Led Climate Action for Sustainable Community Resilience,Hatua za Hali ya Hewa zinazoongozwa na Mashinani kwa Ustahimilivu wa Jamii,Disaster/Health,
KENYA PRIMARY EDUCATION EQUITY IN LEARNING PROGRAM (KPEEL),USAWA WA ELIMU YA MSINGI YA KENYA KATIKA MPANGO WA KUJIFUNZA (KPEEL),General,
"Kenya: 2023 IFRC network annual report, Jan-Dec","Kenya: Ripoti ya kila mwaka ya mtandao wa IFRC ya 2023, Jan-Des",Disaster/Health,
"PRESS STATEMENT ON THE RELEASE OF THE 2023 KCPE EXAMINATION RESULTS BY HON EZEKIEL MACHOGU, CBS, CABINET SECRETARY, MINISTRY OF EDUCATION, ON NOVEMBER 23, 2023 AT KNEC OFFICES, IN SOUTH C, NAIROBI","TAARIFA KWA VYOMBO VYA HABARI KUHUSU KUTOLEWA KWA MATOKEO YA MTIHANI WA KCPE 2023 NA MHE EZEKIEL MACHOGU, CBS, KATIBU WA BARAZA LA MAWAZIRI, WIZARA YA ELIMU, TAREHE 23 NOVEMBA, 2023 KATIKA OFISI ZA KNEC, KUSINI C, NAIROBI.",General,
Widening geographic range of Rift Valley fever disease clusters associated with climate change in East Africa,Kupanua anuwai ya kijiografia ya nguzo za ugonjwa wa homa ya Bonde la Ufa zinazohusiana na mabadiliko ya hali ya hewa katika Afrika Mashariki,Disaster/Health,
"Kenya: Anticipated impact of drought conditions in Mandera, Tana River, Turkana, and Wajir counties (Anticipatory Note 27 November 2025)","Kenya: Athari zinazotarajiwa za hali ya ukame katika kaunti za Mandera, Tana River, Turkana na Wajir (Maelezo ya Kutarajia 27 Novemba 2025)",Disaster/Health,
Kenya - Demographic and Displacement Calculator in Wajir Round #4 (12 February 2025),Kenya - Kikokotoo cha Idadi ya Watu na Uhamisho katika Wajir Awamu ya #4 (12 Februari 2025),Disaster/Health,
Lamu County: Drought Early Warning Bulletin for July 2024,Kaunti ya Lamu: Taarifa ya Onyo la Mapema kuhusu Ukame Julai 2024,Disaster/Health,
WHO showcases leading African innovations in COVID-19 response22 May 2020,WHO yaonyesha ubunifu wa Kiafrika katika kukabiliana na COVID-1922 Mei 2020,General,
Preventing HIV during pregnancy and breastfeeding in the context od PrEP,Kuzuia VVU wakati wa ujauzito na kunyonyesha katika muktadha od PrEP,General,
The terms and conditions of scholarships received are announced to the general public through an advertisement on MyGov pull out on Tuesdays and Ministry website requesting the candidates to apply.,Masharti na masharti ya ufadhili wa masomo yaliyopokelewa yanatangazwa kwa umma kwa ujumla kupitia tangazo kwenye MyGov mnamo Jumanne na tovuti ya Wizara inayoomba watahiniwa kutuma ombi.,General,
Primary HIV prevention programmes are vital for reducing new HIV infections and saving domestic resources which otherwise would be expended on treatment and support services if HIV transmission is not curbed.,Mipango ya kimsingi ya kuzuia VVU ni muhimu katika kupunguza maambukizi mapya ya VVU na kuokoa rasilimali za nyumbani ambazo zingetumika katika matibabu na huduma za usaidizi ikiwa maambukizi ya VVU hayatazuiliwa.,Health,
Summary of learning from World Bank-UNHCR Kenya data and evidence collaboration (2016–2023),Muhtasari wa mafunzo kutoka Benki ya Dunia-UNHCR Kenya data na ushirikiano wa ushahidi (2016-2023),Disaster/Health,
CFK Africa conducts early childhood development teacher training in Kenya on supporting children with disabilities,CFK Africa inaendesha mafunzo ya ualimu wa maendeleo ya utotoni nchini Kenya kuhusu kusaidia watoto wenye ulemavu,Disaster/Health,
Camp leaders say some of those removed were reclassified by DRS as Kenyan citizens.,Viongozi wa kambi hiyo wanasema baadhi ya walioondolewa waliwekwa bayana na DRS kuwa raia wa Kenya.,Governance,
Kenya Drought - DREF Final Report (MDRKE065),Ukame wa Kenya - Ripoti ya Mwisho ya DREF (MDRKE065),Disaster/Health,
Everyone using Commuter Train must follow measures at the Railway Station. A brand new ferry has been introduced at Likoni Ferry to ensure social distance. Flower export will be sustained by adding 12 more airlines; CS Macharia. #KomeshaCorona update.,Kila mtu anayetumia Treni ya Kusafiria lazima afuate hatua katika Kituo cha Reli. Feri mpya kabisa imetambulishwa katika Feri ya Likoni ili kuhakikisha umbali wa kijamii. Usafirishaji wa maua utadumishwa kwa kuongeza mashirika 12 zaidi ya ndege; CS Macharia. #KomeshaCorona sasisho.,Public Health,
Efforts in Guinea-Bissau to enhance medical oxygen availability are making a significant impact,Juhudi nchini Guinea-Bissau za kuimarisha upatikanaji wa oksijeni ya matibabu zinaleta matokeo makubwa,General,
"Employment of high coping strategies dropped from 38% to 9%, and severe livelihood coping also decreased, suggesting that the cash assistance contributed to improved food access and reduced reliance on coping strategies.","Mipangilio dhaifu na inayoathiriwa na uhamishaji inakabiliwa na shinikizo zilizounganishwa za uharibifu wa mazingira, majanga ya hali ya hewa, uhaba wa rasilimali na mivutano ya kijamii.",Disaster/Health,
Regional Bureau for Eastern Africa floods update #1 (15 May 2024),Ofisi ya Kanda ya Afrika Mashariki kuhusu mafuriko #1 (15 Mei 2024),Disaster/Health,
Care for diabetics living in displaced persons camps in Burundi,Huduma kwa wagonjwa wa kisukari wanaoishi katika kambi za watu waliohamishwa nchini Burundi,General,
"Drought and conflict force 80,000 to flee Somalia for Kenya's Dadaab refugee camps","Ukame na migogoro yawalazimu watu 80,000 kutoroka Somalia na kuelekea katika kambi za wakimbizi za Dadaab nchini Kenya.",Disaster/Health,
Meru (Meru-North) County: Drought Early Warning Bulletin for May 2023,Kaunti ya Meru (Meru-Kaskazini): Taarifa ya Onyo la Mapema kuhusu Ukame ya Mei 2023,Disaster/Health,
Scaling Up Disruptive Technologies for Agricultural Productivity in Kenya,Kuongeza Teknolojia Zinazosumbua kwa Tija ya Kilimo nchini Kenya,Disaster/Health,
The Regulations are accessible on the National Treasury website (www.treasury.go.ke).,Kanuni zinapatikana kwenye tovuti ya Hazina ya Kitaifa (www.treasury.go.ke).,Governance,
Entitled to be briefed on KRCS activities in those schools,Inastahili kufahamishwa kuhusu shughuli za KRCS katika shule hizo,General,
"The Shirika Plan marks a historic shift toward integrated, development‑oriented solutions.","Mpango wa Shiŕika unaashiria mabadiliko ya kihistoria kuelekea suluhu zilizounganishwa, zenye mwelekeo wa maendeleo.",Disaster/Health,
"b) About 117,900 refugee children in camp-based primary schools.","b) Takriban watoto wakimbizi 117,900 katika shule za msingi zilizo kambini.",General,
"Good financing decisions depend on good information, on understanding where risks lie, how they evolve, and what they will cost,"" said Amjad Abbashar, Chief, UNDRR Regional Office for Africa.","Maamuzi mazuri ya ufadhili yanategemea taarifa nzuri, kuelewa mahali ambapo hatari zipo, jinsi zinavyobadilika, na zitagharimu nini,"" alisema Amjad Abbashar, Mkuu wa Ofisi ya UNDRR ya Kanda ya Afrika.",Disaster/Health,
Veterinary Medicicines Directorate Council 19.08.2024 11:45 a.m. - 12:15 p.m.,Baraza la Kurugenzi la Dawa za Mifugo 19.08.2024 11:45 a.m. - 12:15 p.m.,Agriculture,
COVID-19 vaccination roll-out stagnates in Africa21 October 2022,Usambazaji wa chanjo ya COVID-19 unadumaa barani Afrika21 Oktoba 2022,General,
"Kenya - Key Message Update: Persistent food insecurity in pastoral areas ahead of below-average short rains season, September 2025","Kenya - Taarifa Muhimu ya Ujumbe: Uhaba wa chakula unaoendelea katika maeneo ya wafugaji kabla ya msimu wa mvua fupi za chini ya wastani, Septemba 2025",Disaster/Health,
"Kenya and Rwanda have reached an important milestone in the fight against antimicrobial resistance (AMR), strengthening their ability to track where drug-resistant infections are emerging, and how they are spreading. Through improvements to their surveillance systems, both countries are now generating more detailed information to guide treatment decisions, strengthen public health action and help protect the effectiveness of life-saving medicines.","Kenya na Rwanda zimefikia hatua muhimu katika mapambano dhidi ya ukinzani wa viua vijidudu (AMR), kuimarisha uwezo wao wa kufuatilia ni wapi magonjwa sugu ya dawa yanajitokeza, na jinsi yanavyoenea. Kupitia maboresho ya mifumo yao ya uchunguzi, nchi zote mbili sasa zinatoa maelezo ya kina zaidi ili kuongoza maamuzi ya matibabu, kuimarisha hatua za afya ya umma na kusaidia kulinda ufanisi wa dawa zinazookoa maisha.",General,
"Kenya steps up political, multisector, and interdisciplinary actions towards nutrition resilience","Kenya inapiga hatua za kisiasa, sekta nyingi, na taaluma mbalimbali kuelekea kustahimili lishe",Disaster/Health,
"In this context, the humanitarian situation in northern Kenya has become increasingly dynamic due to the overlapping impacts of drought and flooding.","Katika muktadha huu, hali ya kibinadamu kaskazini mwa Kenya imezidi kubadilika kutokana na athari zinazoingiliana za ukame na mafuriko.",Disaster/Health,
Digitalization of mosquito net distribution campaign strengthens equity in Benin,Uwekaji wa digitali wa kampeni ya usambazaji chandarua huimarisha usawa nchini Benin,General,
"The Strategy was developed through a phased, consultative process from 2025 to 2026.",Mkakati huu uliandaliwa kupitia mchakato wa mashauriano wa hatua kwa hatua kutoka 2025 hadi 2026.,Disaster/Health,
Lessons and Recommendations for Implementing Kenya's New Refugee Law,Masomo na Mapendekezo ya Utekelezaji wa Sheria Mpya ya Wakimbizi ya Kenya,Disaster/Health,
Kenya Summary Report: Rapid gender and needs analysis in Marsabit (September 2022),Ripoti ya Muhtasari wa Kenya: Uchambuzi wa haraka wa jinsia na mahitaji huko Marsabit (Septemba 2022),Disaster/Health,
Kenya's Journey Towards Protecting Children: A Decade of Change (2010-2019),Safari ya Kenya Kuelekea Kuwalinda Watoto: Muongo wa Mabadiliko (2010-2019),Disaster/Health,
"Kenya, Africa | Floods 2023 Operation Update (MDRKE058)","Kenya, Afrika | Sasisho la Operesheni ya Mafuriko 2023 (MDRKE058)",Disaster/Health,
"These populations historically have not received adequate priority in the response to the HIV epidemic, especially in countries with generalized HIV epidemics.","Watu hawa kihistoria hawajapewa kipaumbele cha kutosha katika kukabiliana na janga la VVU, haswa katika nchi zilizo na milipuko ya jumla ya VVU.",General,
To promote and integrate Information and Communication Technology (ICT) at all levels of education and training.,Kukuza na kuunganisha Teknolojia ya Habari na Mawasiliano (TEHAMA) katika ngazi zote za elimu na mafunzo.,General,
Solar power transforms healthcare in rural Kenya,Umeme wa jua hubadilisha huduma ya afya katika maeneo ya mashambani nchini Kenya,Disaster/Health,
National Drought Early Warning Bulletin (June 2024),Taarifa ya Tahadhari ya Mapema ya Kitaifa (Juni 2024),Disaster/Health,
"During this final phase of the campaign, vaccination teams will continue to reach families through door-to-door visits, while also operating in schools, markets, churches, and health facilities. All children under five years will be offered the oral polio vaccine, even if they have received previous doses.","Wakati wa awamu hii ya mwisho ya kampeni, timu za chanjo zitaendelea kufikia familia kupitia ziara za nyumba hadi nyumba, huku zikifanya kazi katika shule, soko, makanisa na vituo vya afya. Watoto wote walio chini ya miaka mitano watapewa chanjo ya kumeza ya polio, hata kama wamepokea dozi za awali.",General,
Gender gains overshadowed by constitutional violation: An analysis of the situation for women in politics after the 2022 Kenya elections,Mafanikio ya kijinsia yaliyogubikwa na ukiukaji wa katiba: Uchambuzi wa hali ya wanawake katika siasa baada ya uchaguzi wa 2022 Kenya,Disaster/Health,
"Back to Basics: Understanding the Problem of Persistent Global Acute Malnutrition in Isiolo and Marsabit Counties, Kenya (August 2024)","Rejea Msingi: Kuelewa Tatizo la Utapiamlo Uliokithiri Ulimwenguni katika Kaunti za Isiolo na Marsabit, Kenya (Agosti 2024)",Disaster/Health,
Laikipia County: Drought Early Warning Bulletin for June 2022,Kaunti ya Laikipia: Taarifa ya Onyo la Mapema kuhusu Ukame Juni 2022,Disaster/Health,
PaísesTodos os países »ABCDEGKLMNRSTUZNotícias dos paísesAngola concluiu processo estratégico para reforçar o impacto da vacinação20 Jul 2026|Comunicado de imprensaOMS e Ministério da Saúde reforçam os Cuidados de Saúde Primários na Região Autónoma do Príncipe07 Jul 2026|Comunicado de imprensaAutoridades de saúde confirmam caso de mpox na Guiné-Bissau04 Jul 2026|Comunicado de imprensaHuíla lança projecto inovador para reforçar a prevenção e o diagnostico precoce do cancro da mama e do colo do útero25 Jun 2026|Comunicado de imprensaA caminho de 2030: Os especialistas em saúde renovam os seus compromissos de transformar a prestação de cuidados no âmbito das doenças não transmissíveis graves em África25 Jun 2026|Comunicado de imprensaDestaqueUgandaIn the frontlines of a safe and dignified Ebola outbreak response in Uganda01 Jul 2026|Reportagem,MachapishoKama »ABCDEGKLMNRSTUZNotícias dos paísesAngola inahitimisha mchakato wa uimarishaji wa uimarishaji wa athari za vacina20 Jul 2026|Mawasilisho ya Uboreshaji wa OMS na Wizara ya Usaidizi wa Usaidizi wa Usaidizi wa Jimbo la Saude katika Jimbo la Soko la Jimbo la Cube Príncipe07 Jul 2026|Comunicado de imprensaAutoridades de saúde confirmam caso de mpox na Guiné-Bissau04 Jul 2026|Comunicado de imprensaHuíla lança projecto invador for reforcar a prevençú e o diagnostic dagnos precoce do can docro2 2026|Comunicado de imprensaA caminho de 2030: Os especialistas em saúde renovam os seus compromissos de transformar a prestação de cuidados no âmbito das doenças não transmissíveis graves em África25 Jun 20Uganda theUganda in africa25 Jun 20Uganda theUganda insawder majibu salama na yenye hadhi ya mlipuko wa Ebola nchini Uganda01 Jul 2026|Ripoti,General,
Kenya: IPC Acute Food Insecurity and Acute Malnutrition Analysis (July 2023 - January 2024) Published on 1 September 2023,Kenya: IPC Ukosefu wa Chakula Mkali na Uchambuzi Mkali wa Utapiamlo (Julai 2023 - Januari 2024) Limechapishwa tarehe 1 Septemba 2023,Disaster/Health,
Taita Taveta County: Drought Early Warning Bulletin for August 2024,Kaunti ya Taita Taveta: Taarifa ya Onyo la Mapema kuhusu Ukame kwa Agosti 2024,Disaster/Health,
"WFP Kenya Country Brief, March 2022","Muhtasari wa Nchi wa WFP Kenya, Machi 2022",Disaster/Health,
"EBOLA BUNDIBUGYO VIRUS DISEASE OUTBREAK Democratic Republic of the Congo | Uganda Weekly External Situation Report 07, Data as of 28 June 2026","MLIPUKO WA VIRUSI WA EBOLA BUNDIBUGYO Jamhuri ya Kidemokrasia ya Kongo | Ripoti ya Hali ya Nje ya Uganda ya Kila Wiki 07, Data kufikia tarehe 28 Juni 2026",General,
"Kenya: Livelihoods cost effectiveness brief - Building Income and Leveraging Livelihoods for Youth (BILLY), 2021","Kenya: Maisha mafupi ya ufanisi wa gharama - Kujenga Mapato na Kuinua Maisha ya Vijana (BILLY), 2021",Disaster/Health,
We are auxiliary to the National and County Governments and work to alleviate human suffering and preserve life and human dignity.,Sisi ni wasaidizi wa Serikali ya Kitaifa na Kaunti na tunafanya kazi ili kupunguza mateso ya wanadamu na kuhifadhi maisha na utu wa binadamu.,General,
Wajir County: Drought Early Warning Bulletin for April 2022,Kaunti ya Wajir: Taarifa ya Onyo la Mapema kuhusu Ukame kwa Aprili 2022,Disaster/Health,
IGAD Strengthens Conflict Sensitive Land Use and Management in the Somali/Mandera Cluster,IGAD Yaimarisha Matumizi na Usimamizi Nyeti wa Ardhi katika Migogoro katika Nguzo ya Somalia/Mandera,Disaster/Health,
"This is attributed to various challenges, among them ; increase in tax incentives, low tax compliance, continued effects of COVID -19 pandemic, growth of the informal sector and increased use of technology in contemporary business models, both of which are difficult to tax.","Hii inachangiwa na changamoto mbalimbali, miongoni mwao; ongezeko la vivutio vya kodi, uzingatiaji mdogo wa kodi, kuendelea kwa athari za janga la COVID-19, ukuaji wa sekta isiyo rasmi na kuongezeka kwa matumizi ya teknolojia katika miundo ya kisasa ya biashara, ambayo ni vigumu kutozwa kodi.",Disaster/Health,
Less than 2% of world's COVID-19 vaccines administered in Africa08 April 2021,Chini ya 2% ya chanjo za ulimwengu za COVID-19 zinazosimamiwa barani Afrika08 Aprili 2021,General,
Marsabit County: Drought Early Warning Bulletin for June 2024,Kaunti ya Marsabit: Taarifa ya Onyo la Mapema kuhusu Ukame kwa Juni 2024,Disaster/Health,
Kenya Food Security Outlook Update December 2025 - Historic low October-December rainfall drives widespread Crisis (IPC Phase 3),Mtazamo wa Usalama wa Chakula Kenya Usasishaji Desemba 2025 - Mvua ya kihistoria ya Oktoba-Desemba yasababisha Mgogoro mkubwa (IPC Awamu ya 3),Disaster/Health,
Embu (Mbeere) County: Drought Early Warning Bulletin for February 2024,Kaunti ya Embu (Mbeere): Taarifa ya Onyo la Mapema kuhusu Ukame kwa Februari 2024,Disaster/Health,
Since 2018 the Ministry of Education has processed scholarships from fifteen (15) countries. The attached list shows the applicants and beneficiaries over the years. The number of applicants and beneficiaries' visas summarized in the table below:,Tangu 2018 Wizara ya Elimu imechakata ufadhili wa masomo kutoka nchi kumi na tano (15). Orodha iliyoambatanishwa inaonyesha waombaji na wanufaika zaidi ya miaka. Idadi ya waombaji na visa vya walengwa imefupishwa katika jedwali hapa chini:,General,
"Kenya celebrates immunization as more children are reached with RTS,S | WHO | Regional Office for Africa Kenya celebrates immunization as more children are reached with RTS,S Kenya this week joins the world to commemorate the African Vaccination week (World Immunization Week) as well as the World Malaria Day on April 25, 2023.","Kenya inasherehekea chanjo huku watoto zaidi wakifikiwa na RTS,S | WHO | Ofisi ya Kanda ya Afrika Kenya inaadhimisha chanjo huku watoto zaidi wakifikiwa na RTS,S Kenya wiki hii inaungana na ulimwengu kuadhimisha wiki ya Chanjo ya Afrika (Wiki ya Chanjo Duniani) pamoja na Siku ya Malaria Duniani mnamo Aprili 25, 2023.",Health,
Marsabit County: Drought Early Warning Bulletin for October 2023,Kaunti ya Marsabit: Taarifa ya Onyo la Mapema kuhusu Ukame kwa Oktoba 2023,Disaster/Health,
Embu (Mbeere) County: Drought Early Warning Bulletin for March 2022,Kaunti ya Embu (Mbeere): Taarifa ya Onyo la Mapema kuhusu Ukame Machi 2022,Disaster/Health,
"Compared to other populations, adolescents face additional barriers in accessing testing and treatment, including health services that are not adapted to their needs and policies that require parental consent for services. HIV-positive adolescents also are less likely than adults to adhere to their treatment regularly, resulting in lower rates of viral suppression and lower declines in mortality.","Ikilinganishwa na makundi mengine, vijana wanaobalehe wanakabiliwa na vikwazo vya ziada katika kufikia upimaji na matibabu, ikiwa ni pamoja na huduma za afya ambazo hazijaainishwa kulingana na mahitaji yao na sera zinazohitaji idhini ya wazazi kwa huduma. Vijana walio na VVU pia wana uwezekano mdogo kuliko watu wazima kuambatana na matibabu yao mara kwa mara, na hivyo kusababisha viwango vya chini vya ukandamizaji wa virusi na kupungua kwa vifo.",General,
Laikipia County: Drought Early Warning Bulletin for November 2023,Kaunti ya Laikipia: Taarifa ya Onyo la Mapema kuhusu Ukame ya Novemba 2023,Disaster/Health,
Kenya Food Security Outlook February - September 2024,Mtazamo wa Usalama wa Chakula nchini Kenya Februari - Septemba 2024,Disaster/Health,
Education continues to be a cornerstone of the regional integration agenda of IGAD,Elimu inaendelea kuwa msingi wa ajenda ya ushirikiano wa kikanda ya IGAD,Disaster/Health,
"As drought tightens its grip on Kenya, a motorcycle ambulance is helping women to access critical health care","Huku ukame ukizidi kushika kasi nchini Kenya, ambulensi ya pikipiki inawasaidia wanawake kupata huduma muhimu za afya",Disaster/Health,
Kitui County: Drought Early Warning Bulletin for June 2022,Kaunti ya Kitui: Taarifa ya Onyo la Mapema kuhusu Ukame kwa Juni 2022,Disaster/Health,
"Kenya: Protection cost effectiveness brief - Girls Empowered by Micro-franchise, 2014","Kenya: Muhtasari wa gharama za ulinzi - Girls Empowered by Micro-franchise, 2014",Disaster/Health,
African countries start easing COVID-19 confinement measures30 April 2020,Nchi za Afrika zinaanza kupunguza hatua za kufungwa kwa COVID-1930 Aprili 2020,General,
"Local Knowledge and Perceptions on the Causes of Malnutrition among the Dasanech in Kenya: A Rapid Participatory Assessment in Illeret Ward, Marsabit County","Maarifa na Maoni ya Wenyeji Kuhusu Sababu za Utapiamlo miongoni mwa Dasanech nchini Kenya: Tathmini ya Haraka Shiriki katika Wadi ya Illeret, Kaunti ya Marsabit.",Disaster/Health,
Water and land use systems and natural resources management in the multifunctional landscapes of Western Kenya,Mifumo ya matumizi ya maji na ardhi na usimamizi wa maliasili katika mandhari mbalimbali za Magharibi mwa Kenya,Disaster/Health,
Mandera County: Drought Early Warning Bulletin for March 2024,Kaunti ya Mandera: Taarifa ya Onyo la Mapema kuhusu Ukame kwa Machi 2024,Disaster/Health,
"The three Centers, Egerton University, Jaramogi Oginga Odinga University of Science and Technology and Moi University already received funds and have commenced the project. The main objective of the project is to strengthen the Centers of Excellence by delivering quality post-graduate education and collaborative research in collaboration with industries. The three Centers have altogether enrolled 238 Masters and 104 PhD Students from Kenya and the region.","Vituo hivyo vitatu, Chuo Kikuu cha Egerton, Chuo Kikuu cha Sayansi na Teknolojia cha Jaramogi Oginga Odinga na Chuo Kikuu cha Moi tayari vimepokea pesa na vimeanzisha mradi huo. Lengo kuu la mradi ni kuimarisha Vituo vya Ubora kwa kutoa elimu bora ya baada ya kuhitimu na utafiti shirikishi kwa ushirikiano na viwanda. Vituo hivyo vitatu kwa pamoja vimesajili Wanafunzi 238 wa Uzamili na Wanafunzi 104 wa Uzamivu kutoka Kenya na kanda.",General,
Kenya: Bundibugyo Virus Disease (BVD) Readiness - DREF Operation (MDRKE072),Kenya: Utayari wa Ugonjwa wa Virusi vya Bundibugyo (BVD) - Operesheni ya DREF (MDRKE072),Disaster/Health,
This includes communities across Kenya's Arid and Semi-Arid lands affected by increasingly recurrent climate-related crises such as drought and flooding.,Hii ni pamoja na jamii katika nchi Kame na Nusu Kame nchini Kenya zilizoathiriwa na majanga yanayohusiana na hali ya hewa yanayotokea mara kwa mara kama vile ukame na mafuriko.,Disaster/Health,
Enhancing the monitoring of HIV testing and treatment,Kuimarisha ufuatiliaji wa upimaji na matibabu ya VVU,General,
Narok County: Drought Early Warning Bulletin for March 2022,Kaunti ya Narok: Taarifa ya Onyo la Mapema kuhusu Ukame kwa Machi 2022,Disaster/Health,
"Kenya: Security Forces Abducted, Killed Protesters",Kenya: Vikosi vya Usalama vyatekwa nyara na kuwaua waandamanaji,Disaster/Health,
Garissa County: Drought Early Warning Bulletin for November 2023,Kaunti ya Garissa: Taarifa ya Onyo la Mapema kuhusu Ukame kwa Novemba 2023,Disaster/Health,
"Effective management encompasses climate-resilient cities, sustainable farming, better water systems, and stronger regional cooperation to support communities in hotter conditions.","Usimamizi unaofaa unajumuisha miji inayostahimili hali ya hewa, kilimo endelevu, mifumo bora ya maji, na ushirikiano thabiti wa kikanda ili kusaidia jamii zilizo katika hali ya joto zaidi.",Disaster/Health,
"Assistance Secured for 2870 Flood-Affected Households in Kenya, but Critical Funding Gaps Remain","Msaada Umepatikana kwa Kaya 2870 Zilizoathiriwa na Mafuriko nchini Kenya, Lakini Pengo Muhimu la Ufadhili Limesalia.",Disaster/Health,
Full details of those removed and the reasons were not available for this report.,Maelezo kamili ya walioondolewa na sababu hazikupatikana kwa ripoti hii.,Disaster/Health,
To provide relevant and adequate skills and competencies in strategic disciplines by 2020 for spurring industrial and economic development in line with the aspirations of the Kenyan peoples,Kutoa ujuzi na ustadi unaofaa na wa kutosha katika taaluma za kimkakati ifikapo 2020 ili kuchochea maendeleo ya kiviwanda na kiuchumi kulingana na matarajio ya watu wa Kenya.,General,
Kajiado County: Drought Early Warning Bulletin for June 2023,Kaunti ya Kajiado: Taarifa ya Onyo la Mapema kuhusu Ukame ya Juni 2023,Disaster/Health,
Two drops of confidence: communities and healthcare professionals join forces to protect children from polio in Tete Province,Matone mawili ya imani: jamii na wataalamu wa afya wanaungana kulinda watoto dhidi ya polio katika Mkoa wa Tete,General,
"Kenya - Garissa County Logistics Preparedness Action Plan, September 2023","Kenya - Mpango wa Utekelezaji wa Maandalizi ya Usafirishaji wa Kaunti ya Garissa, Septemba 2023",Disaster/Health,
Baringo County: Drought Early Warning Bulletin for March 2023,Kaunti ya Baringo: Taarifa ya Onyo la Mapema kuhusu Ukame kwa Machi 2023,Disaster/Health,
Garissa County: Drought Early Warning Bulletin for May 2022,Kaunti ya Garissa: Taarifa ya Onyo la Mapema kuhusu Ukame kwa Mei 2022,Disaster/Health,
Kondrobo – Taking charge of one's own health is the approach promoted by Côte d'Ivoire through the organization of community dialogues in localities far from major urban centers.These exchanges with local communities foc…,Kondrobo - Kusimamia afya ya mtu mwenyewe ni mbinu inayoendelezwa na Côte d'Ivoire kupitia upangaji wa midahalo ya jamii katika maeneo yaliyo mbali na vituo vikuu vya mijini. Mabadilishano haya na jumuiya za wenyeji yanalenga...,General,
President's Malaria Initiative: Kenya Country Profile (Last Updated: 06/20/2023),Mpango wa Rais wa Malaria: Wasifu wa Nchi ya Kenya (Ilisasishwa Mara ya Mwisho: 06/20/2023),Disaster/Health,
Hunger in Kenya/Ethiopia: Malteser International expands aid to prevent conflicts,Njaa nchini Kenya/Ethiopia: Malteser International inapanua misaada ili kuzuia migogoro,Disaster/Health,
Republic of Kenya: 2024 - 2025 Drought Severity (25 Jan 2026),Jamhuri ya Kenya: 2024 - 2025 Ukali wa Ukame (25 Januari 2026),Disaster/Health,
"Actor and Service Mapping in Kakuma Refugee Camps, July 2022","Muigizaji na Uchoraji wa Huduma katika Kambi za Wakimbizi za Kakuma, Julai 2022",Disaster/Health,
"USAID/BHA Kenya Assistance Overview, April 2023","Muhtasari wa Usaidizi wa USAID/BHA Kenya, Aprili 2023",Disaster/Health,
Tana River County: Drought Early Warning Bulletin for December 2023,Kaunti ya Tana River: Taarifa ya Onyo la Mapema kuhusu Ukame la Desemba 2023,Disaster/Health,
Consolidated guidelines on HIV testing services for a changing epidemic,Miongozo iliyounganishwa juu ya huduma za kupima VVU kwa janga linalobadilika,General,
Kenya: Emergency aid started for people in flooded areas,Kenya: Msaada wa dharura ulianza kwa watu katika maeneo yaliyofurika,Disaster/Health,
Narok County: Drought Early Warning Bulletin for May 2023,Kaunti ya Narok: Taarifa ya Onyo la Mapema kuhusu Ukame kwa Mei 2023,Disaster/Health,
"Preserving heritage, nurturing progress, raising social equity: Policy advice on how indigenous peoples can advance sustainable agriculture in Kenya","Kuhifadhi urithi, kukuza maendeleo, kuinua usawa wa kijamii: Ushauri wa sera kuhusu jinsi watu wa kiasili wanaweza kuendeleza kilimo endelevu nchini Kenya.",Disaster/Health,
Tana River County: Drought Early Warning Bulletin for May 2023,Kaunti ya Tana River: Taarifa ya Onyo la Mapema kuhusu Ukame la Mei 2023,Disaster/Health,
UNICEF Kenya Humanitarian Situation Report No. 1 (El Niño Floods) reporting period 1 October – 15 December 2023,Ripoti ya Hali ya Kibinadamu ya UNICEF Kenya No. 1 (Mafuriko ya El Niño) kipindi cha kuripoti 1 Oktoba - 15 Desemba 2023,Disaster/Health,
Start Fund Monthly Risk Bulletin (Issued 27 May 2022),Taarifa ya Hatari ya Kila Mwezi ya Hazina ya Anza (Imetolewa tarehe 27 Mei 2022),Disaster/Health,
Dadaab and Kakuma Refugee Camp in Kenya | Joint Market Monitoring Initiative (JMMI) Q2 (April - June 2025),Kambi ya Wakimbizi ya Dadaab na Kakuma nchini Kenya | Mpango wa Pamoja wa Ufuatiliaji wa Soko (JMMI) Q2 (Aprili - Juni 2025),Disaster/Health,
West Pokot: Drought Early Warning Bulletin for April 2023,Pokot Magharibi: Taarifa ya Onyo la Mapema kuhusu Ukame kwa Aprili 2023,Disaster/Health,
Kenya: Heavy Rains and Flooding Update - Flash Update #6 (17 May 2024),Kenya: Mvua Kubwa na Taarifa ya Mafuriko - Sasisho la Flash #6 (17 Mei 2024),Disaster/Health,
"It can be difficult to clinically distinguish Ebola diseases symptoms from other infectious diseases such as malaria, typhoid fever and meningitis. A range of diagnostic tests have been developed to confirm the presence of the virus.","Inaweza kuwa vigumu kutofautisha kitabibu dalili za magonjwa ya Ebola na magonjwa mengine ya kuambukiza kama vile malaria, homa ya matumbo na uti wa mgongo. Vipimo vingi vya uchunguzi vimetengenezwa ili kudhibitisha uwepo wa virusi.",General,
"Kenya Price Bulletin, April 2023","Taarifa ya Bei ya Kenya, Aprili 2023",Disaster/Health,
"The proportion of households with an acceptable Food Consumption Score (FCS) increased from 9% at baseline to 44% at endline, while poor FCS declined from 16% to 7%.","Idadi ya kaya zilizo na Alama inayokubalika ya Utumiaji wa Chakula (FCS) iliongezeka kutoka 9% kwa msingi hadi 44% wakati wa mwisho, wakati FCS maskini ilipungua kutoka 16% hadi 7%.",Disaster/Health,
"In 2022, about 380,000 people died from AIDS related illness in 2022.760,000 newly infected with HIV in 2022","Mnamo 2022, takriban watu 380,000 walikufa kutokana na magonjwa yanayohusiana na UKIMWI mnamo 2022.760,000 walioambukizwa VVU mnamo 2022.",General,
Kitui County: Drought Early Warning Bulletin for May 2022,Kaunti ya Kitui: Taarifa ya Onyo la Mapema kuhusu Ukame kwa Mei 2022,Disaster/Health,
"Kenya Price Bulletin, July 2023","Taarifa ya Bei ya Kenya, Julai 2023",Disaster/Health,
Others were drawn by the convenience and access to the vaccination.,Wengine walivutiwa na urahisi na ufikiaji wa chanjo.,Health,
Embedding Peace: Key considerations for strengthening an infrastructure for building and sustaining positive peace (i4p),Kupachika Amani: Mambo muhimu ya kuzingatia katika kuimarisha miundombinu ya kujenga na kudumisha amani chanya (i4p),Disaster/Health,
"A Self-Help Group can be defined as a peer-led, culturally accepted mechanism to build financial independence, resilience, and mutual support.","Kundi la Kujisaidia linaweza kufafanuliwa kama utaratibu unaoongozwa na rika, unaokubalika kitamaduni ili kujenga uhuru wa kifedha, uthabiti na usaidizi wa pande zote.",Disaster/Health,
Identifying and measuring the effectiveness of socio-technical innovation bundles on empowerment and resilience in Kenya: A baseline report,Kutambua na kupima ufanisi wa vifurushi vya uvumbuzi wa kijamii na kiufundi juu ya uwezeshaji na ustahimilivu nchini Kenya: Ripoti ya msingi.,Disaster/Health,
"InMandera North(Ashabito/Guticha/Morothile), an IFRC‑supported KRCS intervention reached 4,987 households with a combined package of emergency water, CSB++ distributions and health–nutrition services.","Katika Mandera Kaskazini(Ashabito/Guticha/Morothile), uingiliaji kati wa KRCS unaoungwa mkono na IFRC ulifikia kaya 4,987 zikiwa na kifurushi cha pamoja cha maji ya dharura, usambazaji wa CSB++ na huduma za afya-lishe.",Health,
West Pokot: Drought Early Warning Bulletin for February 2024,Pokot Magharibi: Taarifa ya Onyo la Mapema kuhusu Ukame kwa Februari 2024,Disaster/Health,
Kenya: Registered refugees and asylum-seekers (as of 30 April 2022),Kenya: Wakimbizi waliosajiliwa na wanaotafuta hifadhi (kuanzia tarehe 30 Aprili 2022),Disaster/Health,
The Kenya Red Cross Society is guided by these 7 fundamental principles of the Red Cross Red Crescent Movement:,Chama cha Msalaba Mwekundu cha Kenya kinaongozwa na kanuni hizi 7 za msingi za Vuguvugu la Hilali Nyekundu la Msalaba Mwekundu:,General,
"@GarissaGov is an example of successful implementation & institutionalization of MPDSR, that focuses on linking information & response, ensuring responses are taken based on data to prevent avoidable maternal & perinatal mortality happening in the future. #KomeshaCorona","@GarissaGov ni kielelezo cha ufanisi wa utekelezaji na kuanzishwa kwa MPDSR, ambayo inalenga katika kuunganisha taarifa na majibu, kuhakikisha kuwa majibu yanachukuliwa kulingana na data ili kuzuia vifo vinavyoepukika vya uzazi na uzazi kutokea katika siku zijazo. #KomeshaCorona",Public Health,
DRC - Learning Brief: Leveraging the Self-Reliance Index for Livelihoods Impact Assessment,DRC - Muhtasari wa Mafunzo: Kutumia Fahirisi ya Kujitegemea kwa Tathmini ya Athari za Kipato,Disaster/Health,
Samburu County: Drought Early Warning Bulletin for September 2024,Kaunti ya Samburu: Taarifa ya Onyo la Mapema kuhusu Ukame kwa Septemba 2024,Disaster/Health,
Project Hecuba: A Study of Gender Imbalance in Refugee Digital Inclusion Programmes,Project Hecuba: Utafiti wa Usawa wa Jinsia katika Mipango ya Ujumuisho ya Kidijitali ya Wakimbizi,Disaster/Health,
Nyeri (Kieni) County: Drought Early Warning Bulletin for June 2024,Kaunti ya Nyeri (Kieni): Taarifa ya Onyo la Mapema kuhusu Ukame Juni 2024,Disaster/Health,
"Drylands Learning and Capacity-Building Initiative (DLCI) is Acted's national partner in this action, bringing on-board its extensive knowledge and experience of dryland communities and gender dynamics of the region.","Mpango wa Kujifunza na Kujenga Uwezo wa Drylands (DLCI) ni mshirika wa kitaifa wa Kaimu katika hatua hii, na kuleta ujuzi na uzoefu wake wa kina wa jumuiya za nchi kavu na mienendo ya kijinsia ya eneo hili.",Education,
"It reflects the increasing climate variability affecting the country, where excess rainfall and deepening drought occur at the same time.","Inaonyesha mabadiliko ya hali ya hewa yanayoongezeka yanayoathiri nchi, ambapo mvua nyingi na ukame unaoongezeka hutokea kwa wakati mmoja.",Disaster/Health,
"Jinka Town was located approximately 170 km and 203 km from the Kenya–Ethiopia border points of Kibish and Todonyang, respectively (both in Turkana County), and approximately 230 km from Ileret and 465 km from Moyale Town (both in Marsabit County).",Kaunti za Turkana na Marsabit zilitambuliwa kuwa katika hatari kubwa kutokana na mpaka wao wa pamoja na Ethiopia.,Governance,
"The approach integrates emergency response, early action, and resilience-building through community-led, multi-sectoral interventions tailored to local needs.","Mtazamo huu unajumuisha mwitikio wa dharura, hatua za mapema, na kujenga uthabiti kupitia uingiliaji kati unaoongozwa na jamii, wa sekta mbalimbali unaolenga mahitaji ya ndani.",Disaster/Health,
"PS John Lekakeny Ololtuaaleads theState Department for Basic Education, bringing over three decades of experience across nearly every level of Kenya's education system. Born in Kilgoris, Trans Mara West Sub-County, Narok County, he holds a Bachelor of Education (Arts) and a Master's in Education Administration, both from Kenyatta University.","PS John Lekakeny Ololtuaanaongoza Idara ya Jimbo la Elimu ya Msingi, akileta tajriba ya zaidi ya miongo mitatu katika karibu kila ngazi ya mfumo wa elimu nchini Kenya. Mzaliwa wa Kilgoris, Kaunti Ndogo ya Trans Mara Magharibi, Kaunti ya Narok, ana Shahada ya Kwanza ya Elimu (Sanaa) na Shahada ya Uzamili katika Utawala wa Elimu, zote kutoka Chuo Kikuu cha Kenyatta.",General,
Lamu County: Drought Early Warning Bulletin for June 2023,Kaunti ya Lamu: Taarifa ya Onyo la Mapema kuhusu Ukame kwa Juni 2023,Disaster/Health,
Nine African countries develop roadmaps to transform health professions education,Nchi tisa za Afrika zinatengeneza ramani za kubadilisha elimu ya taaluma za afya,General,
The goal: to harness machine learning to improve early warning systems for extreme weather in eastern Africa.,Lengo: kutumia ujifunzaji wa mashine ili kuboresha mifumo ya tahadhari ya mapema kwa hali mbaya ya hewa katika Afrika mashariki.,Education,
Kenya: Heavy Rains and Flooding Update - Flash Update #3 (29 April 2024),Kenya: Mvua Kubwa na Taarifa ya Mafuriko - Sasisho la Flash #3 (29 Aprili 2024),Disaster/Health,
Samburu County: Drought Early Warning Bulletin for May 2023,Kaunti ya Samburu: Taarifa ya Onyo la Mapema kuhusu Ukame kwa Mei 2023,Disaster/Health,
"A journey of reconciliation and hope through farming in Yabicho, Mandera County, Kenya","Safari ya upatanisho na matumaini kupitia kilimo huko Yabicho, Kaunti ya Mandera, Kenya",Disaster/Health,
La preuve que handicap n'est pas synonyme d'inaptitude : Créations d'emplois dans l'agriculture pour des jeunes en situation de handicap au Kenya,La preuve que handicap n'est pas synonyme d'inaptitude : Creations d'emplois dans l'agriculture pour des jeunes en situation de handicap au Kenya,Disaster/Health,
Assessments of Institutional facilities and capacity for TVET.,Tathmini ya vifaa vya Taasisi na uwezo wa TVET.,General,
"Almost 1 Million People in Kenya, Burundi, Tanzania, and Somalia Affected as Unprecedented Heavy Rains Continue to Wreak Havoc in Eastern Africa","Takriban Watu Milioni 1 Nchini Kenya, Burundi, Tanzania na Somalia Waathiriwa na Mvua kubwa Isiyo na Kifani Kuendelea Kusababisha Machafuko Afrika Mashariki.",Disaster/Health,
Feeding the future: Africa surges ahead on school meals,Kulisha siku zijazo: Afrika inasonga mbele kwa chakula cha shule,Disaster/Health,
Mandera County: Drought Early Warning Bulletin for October 2022,Kaunti ya Mandera: Taarifa ya Onyo la Mapema kuhusu Ukame ya Oktoba 2022,Disaster/Health,
"INEE Guidance Note on Teacher Wellbeing in Emergency Settings: Domain 3 - Teaching and Learning, Kakuma Refugee Camp Contextualization","Mwongozo wa INEE kuhusu Ustawi wa Walimu katika Mipangilio ya Dharura: Kikoa cha 3 - Kufundisha na Kujifunza, Muktadha wa Kambi ya Wakimbizi ya Kakuma.",Disaster/Health,
The Kenya Cash Consortium Alert-Based Cash Assistance to Disaster-Affected Communities in Garissa and Turkana Counties: Baseline (January 2025),Msaada wa Tahadhari ya Kenya Cash Consortium kwa Jamii Zilizoathiriwa na Maafa katika Kaunti za Garissa na Turkana: Msingi (Januari 2025),Disaster/Health,
Kenya Flash Appeal at a glance (April - October 2022),Rufaa ya Kenya Flash kwa muhtasari (Aprili - Oktoba 2022),Disaster/Health,
"Kenya Price Bulletin, November 2023","Taarifa ya Bei ya Kenya, Novemba 2023",Disaster/Health,
Please visit health.go.ke/covid-19/ and youtube.com/watch?v=klm9yY … for the latest updates on COVID-19 in Kenya or call hotline 719 for help #KomeshaCorona,Tafadhali tembelea health.go.ke/covid-19/ na youtube.com/watch?v=klm9yY ... kwa masasisho ya hivi punde kuhusu COVID-19 nchini Kenya au piga simu ya 719 kwa usaidizi #KomeshaCorona,Public Health,
Ensure safety! Comply with fire standards in school dormitories.,Hakikisha usalama! Zingatia viwango vya moto katika mabweni ya shule.,Education,
Kenya has five years to meet its Sustainable Development Goals (SDGs) and Kenya Health Policy targets for maternal and newborn health.,Kenya ina miaka mitano kufikia Malengo yake ya Maendeleo Endelevu (SDGs) na shabaha za Sera ya Afya ya Kenya kwa afya ya uzazi na watoto wachanga.,Health,
