Kiswahili,Domain
Wizara yatoa vidokezo vya kukabiliana na ukame kwa matumizi endelevu ya maji.,Agriculture
Ubalozi wa Marekani ulitoa onyo la ushauri kuhusu hatari kubwa za uhalifu na ugaidi na kuhimiza tahadhari.,Security
"kama vile biashara ya mtandaoni, huduma za kifedha za kidijitali za kilimo, kilimo bora na zana zingine katika uzalishaji, ... Mabadiliko kuelekea kilimo cha kidijitali na utumiaji wa mashine yanaweza ...",Agriculture
Zima vipengele vya kuhifadhi nenosiri kwenye kivinjari ili kulinda akaunti ikiwa kifaa chako kitaibiwa.,Security
Mafunzo ya usalama wa moto bila malipo yanapatikana kwa jamii ili kuzuia na kukabiliana na milipuko ya moto.,Security
Unganisha elimu ya muziki 2022.,Education
Mifumo ya data inayoaminika hufuatilia mitindo ya vurugu na matumizi ya huduma ili kutoa taarifa kuhusu sera na programu zinazotegemea ushahidi.,Security
Hakuna afya bila afya ya akili,Health
"Uhifadhi mzuri wa malisho huzuia uchafuzi wa sumu ya aflatoxin. Weka nafaka kavu, zisizo na ukungu, na zihifadhiwe kwa usalama.",Security
"Kama una taarifa, #Wasiliana naDCI kupitia nambari ya simu 0800 722 203. Tushirikiane kudumisha haki na uwajibikaji. #FichuaGaitho",Security
Takwimu za upatikanaji wa soko la kilimo na utofauti wa lishe nchini Kenya: Mambo ya kuzingatia kuhusu jinsia kuelekea matokeo bora ya lishe ya kaya ...,Agriculture
"Hakuna kiingilio bila sare na kitambulisho kuanzia Januari 6, 2025.",Education
Mikusanyiko mikubwa huongeza hatari za wizi. Simamia makundi ya wanyama na uratibu na vyombo vya usalama.,Security
Tahadhari ya Kimbunga Hidaya yatolewa ikiwataka wakazi wa pwani kujiandaa kwa upepo mkali na mafuriko.,Security
Simu ya usaidizi wa afya ya mama bila malipo inapatikana kwa ushauri na rufaa za dharura. Piga 1195 wakati wowote.,Health
Kozi hii ya hali ya juu inajengwa juu ya 'Misingi ya kozi ya ICT4D katika Kilimo' ili kuongeza maarifa na uwezo miongoni mwa wafanyakazi wa IFAD na ...,Agriculture
Ripoti uonevu mara moja kupitia 0800721524 – kutovumilia kabisa katika shule zote!,Education
Kura yako inahesabika! Jifunze kuhusu uchaguzi katika programu za shule.,Education
NPS ilichapisha Nakala inayoelezea majukumu na matarajio ya polisi jamii katika Kaunti ya Nairobi,Security
ACAT ni jukwaa bora zaidi la uhamishaji wa teknolojia ya kilimo linalowezesha mazungumzo yaliyopangwa na ujenzi wa makubaliano kuhusu teknolojia mpya zinazobadilisha mchezo.,Agriculture
Watoto wanaohusika katika masuala ya kisheria wanapaswa kupitia mahakama maalum ili kuhakikisha kesi zinazowahusu watoto kwa haki na zinazowahusu kiwewe.,Security
DCI inaonya umma dhidi ya barua bandia za udahili wa chuo kikuu zinazotumiwa kuwadanganya wazazi. Daima thibitisha udahili moja kwa moja na taasisi hiyo.,Security
Vurugu za genge la wahalifu zaongezeka Nakuru; ripoti shughuli zinazotiliwa shaka.,Security
Shule zote za bweni lazima ziweke kengele za moto + vinyunyizio ifikapo Januari 6 - maagizo ya CS!,Education
Wasaidie walimu! Wafunze waelimishaji kwa wanafunzi wakimbizi.,Education
Utawala wa uwazi huboresha usalama na utoaji wa huduma. Endelea kuwa macho na zungumza katika jamii yako.,Security
Zuia unyanyasaji wa kijinsia 2020.,Education
Tunawaonya wote wajihadhari na matapeli wanaojifanya wafanyakazi wa Tume kuomba pesa badala ya huduma zetu Tume ya Utumishi wa Umma (PSC) ni nini? Ni Tume ya Utumishi ya kikatiba iliyoundwa chini ya Kifungu cha 233 cha Katiba.,Governance
"Ripoti masuala! Shule, weka mifumo ya malalamiko.",Education
"Ukiukaji huu umetokea katikati ya mgawanyiko mkubwa wa kisiasa na mgawanyiko wa taasisi za serikali, na kukuza utamaduni ulioenea wa kutokujali unaodhoofisha uhuru wa vyombo vya habari, usalama wa waandishi wa habari, na haki ya umma ya kupata habari.",Governance
Wasaidie wakimbizi! Toa vifaa vya kujifunzia kwa wanafunzi wakimbizi.,Education
Walimu wanahudhuria mazoezi ya CBC kuanzia juma lijalo.,Education
Jenga vituo vya rasilimali za walimu 2022.,Education
Wanawake katika kilimo wanakabiliwa na hatari tofauti. Vyama vya ushirika vinapaswa kupitisha sera za kuzuia na chaguzi za kuripoti.,Security
"Serikali lazima irahisishe haki ya watu ya kuandamana, njia muhimu kwa raia kujieleza na kushiriki katika michakato ya utawala,' alisema Mugambi Kiai, MAKALA YA 19 Mkurugenzi wa Kanda ya Afrika Mashariki.",Governance
Msongo wa mawazo baada ya kujifungua ni halisi. Wahimize akina mama wapya kutafuta msaada na kuzungumza waziwazi.,Health
"Linda shule! Jamii, jilinde dhidi ya ujambazi.",Education
Usipakue programu kutoka kwa tovuti zisizo rasmi. Tumia Duka la Google Play au Duka la Programu la Apple kila wakati. Programu ambazo hazijathibitishwa zinaweza kuwa na programu hasidi.,Security
"Mamlaka ziliweka ufuatiliaji, vizuizi vya barabarani, na timu za dharura ili kuhakikisha usalama kabla ya Safari Rally.",Security
Unyanyasaji wa kiuchumi hupunguza uhuru wa kifedha. Taasisi za fedha zinapaswa kutambua ishara za onyo na kuwasaidia wateja walioathiriwa.,Security
Mkutano wa uthibitishaji wa sekta mtambuka ulifanyika ili kuoanisha mikakati ya lishe ya kaunti na kitaifa chini ya KNAP.,Health
Weka nambari za dharura zikiwa zimepangwa kwenye simu yako ili zipatikane haraka.,Security
"Chanjo zote za COVID-19 ni salama kwa matumizi ya watu wazima, akina mama wanaonyonyesha na kulingana na miongozo ya sasa ya WHO, zinaweza pia kutumiwa na wanawake wajawazito kwa mapendekezo ya daktari aliyehitimu.",Health
"Kukuza uadilifu na uwazi katika taasisi zote. Kwa pamoja, tunaweza kuzuia ufisadi kabla haujaanza.",Security
Kituo cha Kitaifa cha Kupambana na Ugaidi kinaendelea kutoa tahadhari kwa umma kikihimiza uangalifu na kuripoti shughuli zinazotiliwa shaka.,Security
Moshi wa mtu mwingine hudhuru mama na mtoto ambaye hajazaliwa. Weka nyumba na maeneo ya umma bila moshi.,Health
Inaangazia historia ya uhuru wa raia nchini Kenya,Education
"Wanawake wote wajawazito wanahimizwa kuunda mpango wa maandalizi ya kujifungua ikiwa ni pamoja na kutambua kituo cha afya, kupanga usafiri, na kuweka akiba ya fedha.",Health
Tangazo kwamba uchunguzi wa utapiamlo unaoongozwa na CHV sasa utajumuisha uchunguzi wa ustawi wa akili.,Health
"Tangazo la jukwaa la kwanza la afya ya akili na ustawi linaloendeshwa na akili bandia nchini Kenya linalotoa huduma ya kujitunza, tathmini, na ufikiaji wa ushauri nasaha wa kitaalamu.",Health
... Teknolojia ya Push Pull inaleta mapinduzi makubwa katika kilimo cha kunde Magharibi mwa Kenya. 16 Julai 2025. Habari Zaidi. Masasisho Mapya. Habari za Uingereza-CGIAR. Kuchunguza ...,Agriculture
"Ni lazima walimu wapeleke taarifa za TPAD kufikia Juni 30, 2025 ili kuepuka kulipia kuchelewa kwa shahada ya chini.",Education
"...uhamisho wa teknolojia unazingatiwa, sayansi ndiyo kichocheo kikuu.... Teknolojia ya kusukuma-kuvuta inayohusisha kilimo mseto na malisho maalum....",Agriculture
Kulinda shule! Tekeleza hatua za kuzuia ugaidi.,Education
Programu ya kulisha bila malipo ya Darasa la 7 inaanza Januari – Milo 3 kila siku imehakikishwa!,Education
"Tangazo la uchunguzi wa afya ya wafanyakazi (BMI, shinikizo la damu, sukari ya damu) na msingi wa ustawi ili kuunda programu zinazoendelea za ustawi mahali pa kazi.",Health
Watoto wanaojitahidi kuzungumza au kutambua sauti wanaweza kuwa na matatizo ya kujifunza. Tafuta tathmini kutoka kwa wataalamu wa watoto mapema.,Health
Washirikishe wanafunzi! Unda majukwaa ya kushughulikia machafuko.,Education
"Ripoti zinaelezea kwa kina amri ya polisi ya kufungiwa kwa watu siku ya Saba Saba, ikiwa ni pamoja na njia zilizofungwa, mapigano ya moja kwa moja, na mapigano yaliyoongezeka.",Security
"Kenya yathibitisha visa 10 zaidi vya Covid-19 na kufikisha jumla ya maambukizi 384, tisa kati ya visa vipya ni kutoka Mombasa na kimoja kutoka Nairobi.",Health
Haki za raia kupiga kura na kuchaguliwa katika chaguzi za kidemokrasia za mara kwa mara na za kweli ni haki za binadamu zinazotambuliwa kimataifa.,Governance
Jiandikishe sasa! Elimu ya msingi bila malipo kwa watoto wote wa Kenya.,Education
"Fanya mazoezi ya utunzaji wa mazingira kwa kutumia mbinu zinazolinda udongo, maji, na bioanuwai katika shamba lako la maziwa.",Agriculture
Mashirika ya usalama hupokea itifaki zilizosasishwa za kushiriki data na ujasusi.,Security
"Hifadhi bioanuwai kwenye shamba lako kwa kulinda mimea ya asili, kuunda korido za wanyamapori, na kutumia aina mbalimbali za mazao/mifugo.",Agriculture
"Tuepuke kushiriki propaganda, taarifa zisizothibitishwa, na picha za picha ili tusiongeze dhiki kwa walioathiriwa.",Security
Endelea kujifunza! Jiandikishe katika shule licha ya changamoto za ukame.,Education
Kila mtoto hujifunza! Wasaidie wanafunzi wakimbizi mashuleni.,Education
APS inaelezea kazi za polisi jamii na utatuzi wa migogoro,Security
Kiongozi wa ODM Raila Odinga awahimiza wakazi wa Kaunti ya Migori kujiandikisha kama wanachama wa chama.,Governance
Kupenya kwa kasi na maendeleo ya teknolojia za kidijitali kuna uwezo wa kuleta mapinduzi katika njia ambazo wakulima maskini hupokea na kutumia taarifa ...,Agriculture
Elimu kwa wote! Jiandikishe katika shule zinazohamishika katika maeneo ya wafugaji.,Education
Endelea kupata taarifa mpya kuhusu matokeo ya utafiti kutoka Chuo Kikuu cha Egerton kuhusu mada kama vile aina mpya za mazao zinazohusiana na ufugaji wako wa ng'ombe wa maziwa.,Agriculture
"Baada ya shambulio la Chuo Kikuu cha Garissa la mwaka 2015, mamlaka ziliongeza usalama na kuhimiza umakini katika taasisi za elimu.",Security
Spika wa Bunge la Kitaifa Moses Wetang'ula anazisihi serikali za kaunti kuunga mkono juhudi za serikali za kuwataka Wakenya kujiandikisha katika SHA.,Governance
Waathiriwa wa GBV wanapata ushauri nasaha bila malipo + msaada wa kisheria piga 0800721524 sasa!,Education
Serikali inawashauri madereva kuwa macho ili kukuza uwajibikaji.,Governance
"Gavana wa Kwale Fatuma Achani amewasihi wakazi kote Kaunti ya Kwale, hasa wale wanaoishi katika maeneo kame ya Kinango, Samburu, na Lungalunga, kupanda miti zaidi kama njia ya kupambana na ukame unaoendelea kuathiri maeneo hayo.",Governance
Kukuza elimu ya amani katika maeneo yenye migogoro 2025.,Education
Kuchunguza juhudi za kilimo cha kidijitali za IFAD katika eneo la Asia-Pasifiki. Kilimo cha kidijitali ni sehemu muhimu ya kuimarisha mifumo ya chakula.,Agriculture
Mfumo wa Utambuzi na Ufuatiliaji wa Mifugo wa Kenya hugawa idadi ya mifugo na vitambulisho vya masikio ili kusaidia kuzuia wizi na kudhibiti magonjwa.,Security
Pakua ratiba ya KCSE kutoka kwa lango la KNEC.,Education
Saidia kupandishwa cheo kwa walimu 2020.,Education
Tumia EduTV kila siku saa 8:00 AM kwa masomo ya CBC.,Education
Usiwaache watoto peke yao ndani ya magari - halijoto huongezeka kwa kasi hatari.,Security
Saidia usaidizi wa kisheria unaoendeshwa kwa simu na ufikiaji wa elimu kwa jamii za vijijini au zilizotengwa.,Security
"Seneta huyo wa zamani amewataka wakazi hao kuwapigia kura viongozi kutoka ngazi za kaunti ndogo, jimbo, na kaunti chini ya chama cha DCP katika uchaguzi mkuu wa 2027.",Governance
(EACC) inawahimiza Wakenya kuwa macho na kuepuka kunaswa na matapeli wanaotoa barua bandia za uadilifu kwa ada,Governance
Wanafunzi wanaofanya Tathmini ya Elimu ya Shule ya Msingi ya Kenya (KPSEA) na Tathmini ya Elimu ya Shule ya Wadogo ya Kenya (KJSEA) sasa watahitajika kuficha majibu yao kwa kutumia karatasi za Utambuzi wa Alama za Optical (OMR).,Education
"Serikali ya Kaunti ya Nairobi, ikiongozwa na Geoffrey Mosiria inaonya kuhusu muziki wa sauti kubwa kanisani ""Keshas"", vilabu, na baa. Inawahimiza raia kuripoti tukio lolote la uchafuzi wa kelele",Governance
"Walimu, kaeni macho! Fuatilia hatari za ujambazi karibu na shule.",Education
"Utafiti umeonyesha kwamba kuimarisha upatikanaji wa wanawake katika masoko ya chakula cha kilimo huzalisha mapato yaliyoongezeka na imara, na kuweka msingi wa ...",Agriculture
"Wanyama kipenzi na watoto wachanga hutumia tabia za kuombaomba na kula kwa njia finyu ili kudhibiti kile wanachopewa, katika uhusiano wa kusukumana. Siku na ...",Agriculture
Unyanyasaji husababisha mfadhaiko na kuacha shule. Shule lazima zitekeleze sera kali za kupambana na uonevu na kutoa ushauri nasaha kwa watoto walioathiriwa.,Security
"Tangazo la umma la usimamizi wa msongo wa mawazo, matumizi mabaya ya dawa za kulevya, usalama mahali pa kazi, na mafunzo ya ustawi kwa waajiri kupitia mtaala wa FKE.",Health
Umma unahimizwa kuepuka kuboresha utoaji wa huduma.,Governance
Jaji Martha Karambu Koome Kama CJ wa Jamhuri ya Kenya Ripoti Kuhusu Kuzingatiwa kwa Muswada wa Ushiriki wa Umma Na.,Governance
Machapisho ya Hivi Punde · ACAT 2025 yatoa wito wa uwekezaji mkubwa na ushirikiano katika suluhisho za Kilimo-Teknolojia ili kuchochea kilimo barani Afrika · Wakulima wa Malawi ...,Agriculture
Ushauri unapendekeza kuepuka mikusanyiko mikubwa na kuchukua tahadhari wakati wa matukio ya kidini na kitamaduni kutokana na hatari kubwa.,Security
"Wizara ya afya imethibitisha kisa cha kwanza cha virusi vya corona nchini Kenya. Raia huyo wa Kenya anarudi kutoka Marekani hadi Nairobi kupitia London mnamo Machi 5. Alithibitishwa kuwa na virusi hivyo na maabara ya kitaifa ya mafua. Hata hivyo, mgonjwa huyo yuko imara.",Health
Kutoa ufadhili wa masomo kwa yatima 2021.,Education
"Shirika la usimamizi wa vyombo vya habari lililaani kukamatwa na kushambuliwa kwa waandishi wa habari wanaoripoti maandamano, likitaka uchunguzi huru kuhusu ukiukwaji wa vyombo vya habari.",Security
"Kuboresha upatikanaji wa soko la kilimo kwa wanawake na wanaume kunaboresha utofauti wa lishe, lakini athari ya wanawake ni mara mbili ya ile ya wanaume.",Agriculture
Wajumbe wote 47 wa kamati ya usalama ya kaunti ya Kenya walipata mafunzo katika ulinzi wa jamii na kuzuia itikadi kali za kikatili,Security
Lengo la mradi huo lilikuwa kuzisaidia serikali katika nchi sita zinazolenga kuendeleza programu za kitaifa za CSA (na/au kuunganisha vipaumbele vya CSA katika ...,Agriculture
Operesheni hii ni sehemu ya msako unaoendelea dhidi ya rushwa katika vituo vya utoaji huduma kwa umma ili kuboresha upatikanaji wa huduma bora kwa raia wote.,Governance
Elimisha wasichana! Fundisha kuhusu hatari za ukeketaji shuleni.,Education
Toa makazi! Hakikisha kuna maeneo salama wakati wa mafuriko.,Education
Uzinduzi rasmi wa mpango wa ruzuku ili kusaidia bustani za mboga na lishe shuleni katika shule za msingi za umma jijini Nairobi.,Health
Tunawashauri wafanyakazi wote wa afya kuhakikisha wamevaa barakoa na vifaa vya kujikinga wakati wote. Tafadhali chukua hatua zote ambazo tumetangaza kwa uzito.,Health
"Shule zote zitapokea Ksh 10M kwa ajili ya kuboresha ICT ""Mkuu wa shule lazima aombe ifikapo Novemba 30!",Education
Vilabu vya elimu ya kiraia ni lazima katika shule zote za upili kuanzia 2026.,Education
"Mpito 100%: Kila Darasa la 6 lazima aripoti kwa JSS ""hakuna kukaa nyumbani!",Education
Kichefuchefu na kutapika mara kwa mara wakati wa ujauzito kunaweza kusababisha upungufu wa maji mwilini na kupunguza uzito. Tafuta huduma ya matibabu.,Health
"Suala la kimkakati la 3; Upatikanaji mdogo wa soko, Uwekezaji mdogo katika kuongeza thamani na matumizi duni. Lengo la 1: Kuboresha uuzaji wa viazi kwa wakulima walioongezeka ...",Agriculture
Pata rasilimali za bure! Sambaza vitabu vya kiada vya bure kwa shule za vijijini.,Education
Kusaidia elimu ya mahitaji maalum 2024.,Education
Tafuta sehemu zilizo karibu zaidi za kukusanya parachichi ambapo wanunuzi hukusanya parachichi kwa wingi. Hii inaweza kupunguza gharama za usafiri na kuboresha upatikanaji wa soko kwa wakulima wanawake.,Agriculture
"Umma unaonywa kuwa waangalifu na matapeli wanaowakaribia watu binafsi kwenye WhatsApp huku nambari zao zikionyesha picha ya wasifu wa CCF Kenya, Bw. Alex Lemarkoko.",Governance
Himiza uandikishaji wa STEM kwa wasichana 2022.,Education
Moto wa msimu wa kiangazi unatishia maeneo ya malisho. Hutengeneza njia za kuzuia moto na kuripoti matukio ya uchomaji moto.,Security
"Uraibu wa pombe ni tatizo kubwa linalowaathiri Wakenya wengi, na kuenea kwa pombe haramu katika eneo la Mlima Kenya kunazidisha tatizo hili. Vituo vya afya vya eneo hilo vinahitaji kuwa na vifaa vya kutosha kushughulikia masuala ya afya ya akili, ambayo yanaweza kuwasukuma watu katika uraibu wa pombe.",Health
Kenya na Uingereza zilifungua makao makuu ya kisasa ya Kitengo cha Polisi cha Kupambana na Ugaidi huko Mombasa ili kuongeza uwezo wa usalama wa pwani.,Security
Polisi wa Malindi waripoti kupungua kwa uhalifu wa vijana.,Security
"Mikahawa lazima; 1. kuhakikisha ubora na usalama wa chakula, suuza na usafi wa nyuso zinazogusa chakula, safisha nyuso, sakafu na kaunta. 2. Weka maji ya kutosha yanayobebeka na beseni za kufulia zinazoweza kufikika kwa ajili ya kunawia mikono, kwenye sehemu za kuingilia na za kutokea.",Health
"Mbinu kama vile kupumua kwa kina, kutembea au kutumia muda nje ni zana zinazotumika kwa wote katika kudhibiti msongo wa mawazo wa kila siku.",Health
Usafiri mzuri husafirisha vitunguu vyako sokoni haraka na katika hali nzuri. Elewa chaguzi za vifaa na mambo ya kuzingatia kuhusu gharama.,Agriculture
"Pakua karatasi za marekebisho za KCSE 2025 bila malipo sasa — ' — "" masomo yote yanayopatikana.",Education
Uchambuzi wa kitaaluma ulihusisha unyanyasaji unaohusiana na maandamano na kutokujali kwa polisi kwa utaratibu uliotokana na kushindwa kwa uwajibikaji wa kihistoria.,Security
Mwenyekiti wa Tume Wafula Chebukati anahimiza Mashirika ya Kidini kuwa na jukumu la pamoja la kuhakikisha tuna uchaguzi huru na wa haki wa amani mwezi Agosti 2022.,Governance
EACC iliwasihi viongozi wa Bungoma kuunga mkono uchunguzi wa kupambana na ufisadi.,Security
"Kenya yasaini ruzuku sita za Mfuko wa Kimataifa zenye thamani ya Sh59.7 bilioni kusaidia uingiliaji kati wa VVU, Kifua Kikuu na malaria; ufadhili wa kuimarisha mifumo ya afya na jamii kwa miaka mitatu.",Health
Elimisha wanafunzi! Fundisha usalama wa moto shuleni.,Education
Mkutano wa kutangaza ambapo nchi inasaini rasmi Programu ya Pamoja ya Lishe ya UNSDCF ili kusaidia kazi za sekta mbalimbali.,Health
"Wakati wa Kuchunguza Afya ya Akili! Wakati wa Kuchunguza Afya ya Akili! Afya yako ya akili ni muhimu kama vile afya yako ya kimwili. Chukua muda kujichunguza leo. 1. Unajisikiaje kihisia? 2. Je, unapata mapumziko ya kutosha? 3. Je, unakula vizuri? 4. Je, umekuwa ukifanya mazoezi hivi karibuni? 5. Je, unahitaji kuzungumza na mtu? Kumbuka, ni sawa kutafuta msaada ikiwa unahitaji. Ustawi wako wa akili ni muhimu!",Health
"Wafanyakazi wa afya wanahitaji mafunzo maalum katika utunzaji unaozingatia majeraha, ukusanyaji wa ushahidi, kuripoti kwa lazima, na rufaa zilizoratibiwa kwa waathirika.",Security
Shule zimefungwa kwa ajili ya uchaguzi? Tumia mapumziko kusasisha maelezo yako ya mpiga kura kupitia *222#.,Education
"Unganisha miti na kilimo chako cha mifugo (kilimo mseto) kwa ajili ya kivuli, vizuizi vya upepo, matunda, mbao, na afya bora ya udongo.",Agriculture
Kuwa salama kutokana na virusi vya corona. Kuosha mikono yako ndiyo njia muhimu zaidi ya kuzuia maambukizi. 1. Lowesha mikono 2. Paka sabuni ya kutosha 3. Sugua sehemu zote za mikono kwa sekunde 20-30. 4. Suuza vizuri na maji yanayotiririka 5. Kausha mikono kwa kitambaa safi au taulo ya matumizi moja,Health
Wizara ya Elimu inasisitiza kwamba fomu za ufadhili wa masomo zinasambazwa kwa uhuru na hazihitaji malipo. Ombi lolote la pesa linapaswa kuripotiwa.,Security
Linda watoto! Ripoti unyanyasaji au usafirishaji haramu kwa 116.,Education
Wizara ya Afya huandaa jukwaa na washirika wa vyombo vya habari ili kutangaza faida za kunyonyesha kwa wazazi wanaofanya kazi.,Health
"Je, unajua kwamba Chama cha Msalaba Mwekundu cha Kenya kinatoa huduma za ushauri nasaha bila malipo masaa 24 kwa siku, siku 7 kwa wiki? Tupigie simu kwa 1199 nasi tutakuwepo kwa ajili yako. Tangu Januari-Juni 2019, timu yetu ya Huduma za Afya ya Akili na Usaidizi wa Kisaikolojia ilihudhuria simu 513.",Health
"Kupunguza ushuru kunaleta uhuru katika masoko, kurahisisha upatikanaji wa bidhaa zinazoagizwa kutoka nje, na hatimaye kunaweka sekta zinazoshindana na uagizaji ndani ya nchi katika hali iliyoimarika ...",Agriculture
Nyoka hutafuta makazi majumbani wakati wa mafuriko. Tumia mienge usiku na epuka kutembea bila viatu.,Security
Jifunze kwa raha! Wape wanafunzi madawati na viti.,Education
Utambulisho wa watoto unaweza kuibiwa kwa udanganyifu. Wazazi wanapaswa kulinda vyeti vya kuzaliwa na kufuatilia ripoti za mikopo.,Security
Jilinde wakati wa maandamano! Epuka maeneo ya maandamano karibu na shule.,Education
Kuwa mwangalifu dhidi ya mbinu za 'wizi wa usumbufu' katika maeneo ya umma.,Security
Saidia ukuzaji wa vipaji 2022.,Education
Angazia hadithi za wanafunzi waliobadili jinsia wanaopigania haki za elimu.,Security
Jifunze jinsi kilimo kinavyoweza kuchangia katika programu za kulisha watoto shuleni kwa kusambaza mazao mapya ya ndani kama vile kale.,Agriculture
"Kampeni ya polisi jamii huko Lamu iliwashirikisha vijana, wazee, na mashirika ya usalama ili kuimarisha mifumo ya tahadhari na utoaji wa taarifa mapema.",Security
Wafundishe watoto sheria za hatari wageni na hakikisha wanasafiri kwa vikundi. Watoe taarifa kwa watoto waliopotea mara moja.,Security
"Ilionya umma kuhusu taarifa potofu zilizoenea mtandaoni kuhusu madai kwamba usajili ulikuwa wazi, ikisema madai haya ni ya ulaghai.",Governance
Tangazo la kupitishwa kwa mtama na mtama ili kukuza lishe bora na zenye virutubisho vinavyozingatia hali ya hewa katika jukwaa la kitaifa la sera.,Health
Wafunze wanafunzi! Wafunze kuzuia biashara haramu shuleni.,Education
Nyoka huuma wanyama wakati wa kiangazi. Safisha vichaka na utafute matibabu ya haraka kwa kuumwa.,Security
Muhtasari wa sheria mpya za kukabiliana na ugaidi za Uingereza ikiwa ni pamoja na upotoshaji wa vijana na zana zilizoboreshwa za usimamizi wa hatari.,Security
Kundi la utetezi la PRWG liliwahimiza kuwajibika kwa jinai makamanda wakuu ambao wasaidizi wao hufanya utovu wa nidhamu na kupanua mafundisho ya wajibu wa amri.,Security
Asante kwa maoni yako. Tafadhali ripoti kesi zote za ufisadi na rushwa kwa EACCKenya,Governance
Ripoti unyanyasaji wa kijinsia shuleni kupitia 0800721524 – bila kujulikana na bure!,Education
Kuwa mwangalifu! Ripoti udanganyifu wa ada ya shule kwa mamlaka.,Education
mifumo ya kilimo thabiti na tofauti. iii. Kupa kipaumbele upanuzi wa ... Boresha upatikanaji wa soko na miundombinu: Kuendeleza miundombinu ya soko na.,Agriculture
"Akina mama vijana wanahitaji msaada wa ziada wa kihisia, lishe, na matibabu. Jamii zinahimizwa kupunguza unyanyapaa na kukuza utunzaji jumuishi.",Health
Kenya na Indonesia zilifanya warsha ya Nairobi-Mombasa ili kushiriki mbinu zinazotegemea jamii na kuandaa hati ya makubaliano kuhusu ushirikiano wa PCVE.,Security
Jiunge nasi katika vita dhidi ya ufisadi. Kuwa sehemu ya suluhisho.,Security
Usiache vifaa vya umeme vimeunganishwa kwenye soketi wakati havitumiki.,Security
Habari za asubuhi. Tunashughulikia nambari za usajili ndani ya siku 7 za kazi. Kamwe usishughulikie madalali. Ripoti visa vya ufisadi kwa @EACCKenya,Governance
"Taarifa hiyo ilisema, NPS bado imejitolea kufanya kazi kwa karibu na jamii za wenyeji, Maafisa wa Utawala wa Serikali ya Kitaifa, na wadau wengine ili kukuza mshikamano wa amani na kuhakikisha usalama wa raia wote, wakazi, na wageni kupitia mipango endelevu ya upokonyaji silaha na ulinzi wa jamii.",Governance
Saidia wahamaji! Fadhili shule zinazohamishika kwa wafugaji.,Education
Magenge ya wahalifu huwanyanyasa watoto kwa kuombaomba. Ripoti kesi kama hizo kwa polisi kwa ajili ya uokoaji na ukarabati.,Security
"Kutangaza uzinduzi wa mpango wa Nchi unaoweka kipaumbele lishe ya mama na mtoto, ujumuishaji wa elimu ya kilimo na ufuatiliaji wa sekta nyingi.",Health
Habari za jioni. Tafadhali kumbuka kuwa sehemu ya Ushuru imesasishwa kama IMALIPO na rekodi zako zimesasishwa. Sasa unaweza kuona maelezo ya gari lako kupitia lango la huduma.,Governance
Nauli ya basi bila malipo kwa wanafunzi wote wa TVET wanaoripoti Januari wasilisha barua yako ya kujiunga.,Education
Sasisha viwango vya usalama 2022.,Education
"IEBC itatembelea shule 2,000 wiki ijayo ili kuhakikisha wanafunzi wote wa kidato cha 4 wana kadi za wapiga kura.",Education
Umoja wa Mataifa una wasiwasi kuhusu vifo vya waandamanaji; wito wa uwajibikaji.,Security
Mbinu ambazo teknolojia ya ICIPE ya kusukuma-kuvuta hushinda viwavi jeshi wa kuanguka. ICIPE. PlantwisePlus Knowledge Bank Karatasi ya Taarifa ya Video 12 Septemba 2024.,Agriculture
Kufunguliwa kwa makao makuu ya Kitengo cha Polisi cha Kupambana na Ugaidi Mkoa wa Pwani ili kuboresha majibu ya kesi za ugaidi.,Security
"Taarifa rasmi inayothibitisha tena kujitolea kwa Kenya katika uwekaji lebo wa bidhaa za chakula, vikwazo vya uuzaji wa chakula, na uratibu wa sera za mipakani.",Health
Watu wenye ulemavu wanakabiliwa na hatari kubwa zaidi za vurugu. Huduma lazima zikidhi mahitaji ya ufikiaji na kutoa usaidizi jumuishi.,Security
"Ili kurahisisha ongezeko la tija na mazao ya kilimo kupitia ugani, huduma za ushauri na matumizi ya teknolojia. 2. Kukuza soko na ...",Agriculture
Waandaaji wa majopo kwa ajili ya waathiriwa wa ubaguzi wa kikabila.,Security
Fuatilia mali za umma zilizopatikana na utetee matumizi yake katika miradi ya ustawi wa jamii,Security
"Viongozi wa eneo la Lamu Mashariki wamewahimiza wakazi kuungana na kuwachagua viongozi wenye maono kabla ya uchaguzi mkuu ujao, wakitaja maendeleo ya polepole katika eneo hilo. Waliwahimiza jamii ya Bajuni kuwaunga mkono viongozi waliojitolea kutoa huduma na utawala bora. #KBCniYetu ^MM",Governance
Mabaraza ya jamii husaidia kushughulikia vikwazo vya kitamaduni na kukuza tabia ya kutafuta afya miongoni mwa akina mama.,Health
Jukwaa la majaribio la kaunti ndogo limezinduliwa ili kujenga uaminifu wa jamii na kuboresha utoaji wa taarifa kwa umma kama sehemu ya mkakati wa kitaifa wa kukabiliana na ugaidi wa vurugu.,Security
Ndege wakubwa huwinda mifugo midogo. Tumia vifaa vya kutisha na uweke zizi zilizofunikwa.,Security
Marekani yaonya kuhusu maandamano ya CBD jijini Nairobi; panga harakati kwa uangalifu.,Security
"Uzinduzi wa umma wa bidhaa za mchele zilizoongezewa madini ya chuma, asidi ya foliki, vitamini B, iodini na zinki, unaoendana na viwango vya serikali vya urutubishaji.",Health
"Kenya yathibitisha kuongezeka kwa visa vya Mpox, ambapo sasa vimefikia 137 huku kaunti za Busia, Mombasa na Nakuru zikiongoza kwa kuwa na idadi kubwa zaidi ya maambukizi.",Health
"Wanawake wanakabiliwa na changamoto za kipekee katika matibabu ya uraibu kama vile majeraha, afya ya akili, unyanyapaa na majukumu ya ulezi. Huduma inayozingatia jinsia si ya hiari, ni muhimu",Health
"Waziri wa Elimu George Magoha alielezea hatua nane muhimu kwa shule zinazoanza tena madarasa - zilizolengwa awali katika Darasa la 4, Darasa la 8, na Kidato cha 4.",Education
"Ghorofa ya 4, Jengo la Benki ya Kilimo, 162 Independence Avenue, Wilaya ya Biashara ya Kati Abuja, Nigeria. aatf Simu: +234 9 4605480; aatf@aatf-africa.",Agriculture
"Watu wa dharura wanaowasiliana nao ni: Polisi (999), Ambulensi (911), Zimamoto (990).",Security
IEBC yawahimiza vijana wa Kenya kujiandikisha kama wapiga kura,Governance
Utangulizi wa mazoezi ya baada ya kujifungua na vikundi vya usaidizi wa lishe vinavyoongozwa na wataalamu wa tiba ya viungo na wataalamu wa lishe.,Health
Ukaguzi wa usalama ifikapo Septemba 30 kwa kutumia Mwongozo wa 2008.,Education
Panga mapema! Tengeneza mipango ya uokoaji wa maporomoko ya ardhi kwa shule.,Education
Lisha wanafunzi! Toa milo katika shule zilizoathiriwa na ukame.,Education
"Kikao hiki kililenga kukuza kilimo endelevu na kujenga usaidizi unaohitajika kwa ajili ya Sayansi, Teknolojia na Uvumbuzi (STU). Serikali zilipongezwa kwa kuendeleza sera, taasisi ...",Agriculture
"Gavana Anne Waiguru anawasihi wakazi kukumbatia uchunguzi wa saratani wa kawaida, akisisitiza kwamba ugunduzi wa mapema unasalia kuwa muhimu kwa matibabu yenye mafanikio.",Governance
"... upatikanaji wa soko na uendelezaji wa bidhaa, uhamasishaji wa matumizi endelevu ya ardhi, upatikanaji wa mikopo na pembejeo za kilimo, usalama wa samaki na uhakikisho wa ubora na ...",Agriculture
Kulala chini ya vyandarua vilivyotibiwa hupunguza hatari ya malaria kwa wanawake wajawazito na watoto ambao hawajazaliwa.,Health
Kufunguliwa tena kwa usalama: Shule zote lazima zifuate itifaki ya COVID ya pointi 10 - maagizo ya CS!,Education
"Wazazi: Lipa ada sifuri kwa shule za sekondari za umma — ' — "" ripoti shule yoyote inayodai pesa kwa 0800721490 sasa.",Education
Unda mpango wa dharura wa familia na mahali pa kukutania majanga.,Security
Kuwa mwangalifu na programu za ushauri wa biashara zinazotangazwa na watu wenye ushawishi wanaoomba ada kubwa za usajili. Nyingi hazina usajili wa kisheria.,Security
Nimeitisha sheria ya afya ya umma baada ya kutangazwa kuwa janga. Osha mikono vizuri na utumie vitakasa mikono vyenye pombe. Weka umbali wa mita 1 kutoka kwa mtu anayepiga chafya au kukohoa. Mtu anayekohoa au kupiga chafya anapaswa kukaa nyumbani na kuepuka misongamano ya watu.,Health
Bunge linapitia marekebisho ili kuimarisha usimamizi na utekelezaji dhidi ya ufadhili wa ugaidi.,Security
"Ubalozi wa Marekani uliwaonya raia kuhusu hatari wakati wa maandamano yanayoendelea, ukishauri kuepuka maeneo ya maandamano kutokana na uwezekano wa vurugu.",Security
Kufichua ajira kwa watoto katika mashamba; kuhimiza kuripoti.,Security
EACC iliwafunza viongozi na raia wa Nandi kuhusu uadilifu.,Security
Mafunzo ya wakulima kuhusu matumizi sahihi ya mbolea ili kuongeza mavuno.,Agriculture
Wakazi wahimizwa kukumbatia mpango wa Taifa Care,Governance
Fanya uchambuzi wa gharama na faida kabla ya kutumia mbinu mpya kama vile umwagiliaji wa matone ili kuhakikisha zina faida kifedha kwa ufugaji wako wa kuku.,Agriculture
Tafadhali fahamu kwamba taarifa ya umma inayosambazwa kwenye mitandao ya kijamii ni bandia.,Governance
Osha na chemsha chupa za watoto na chuchu kila wakati ili kuua vijidudu kabla ya kila matumizi.,Health
"Tekeleza itifaki! Shule, shughulikia machafuko kwa usalama.",Education
Wanafamilia waliopotea wanaweza kufuatiliwa kupitia majukwaa ya Msalaba Mwekundu wa Kenya na mitandao ya kijamii.,Security
Jifunze jinsi ya kupata huduma za ugani wa kilimo katika eneo lako kutoka kwa watoa huduma kama [extension_provider] kwa ushauri na mafunzo.,Agriculture
"Hafla hiyo, iliyofanyika katika Uwanja wa Gilgil, ilirushwa moja kwa moja kwenye majukwaa ya KDF ili kukuza uwazi na kuelimisha umma kuhusu mchakato wa kuajiri.",Governance
Wawezeshe walimu! Toa mafunzo ya mbinu za kisasa za kufundisha.,Education
Kuwa mwangalifu kuhusu kushiriki mipango ya usafiri kwenye mitandao ya kijamii.,Security
Shiriki katika programu za uangalizi wa ujirani na mipango ya ulinzi wa jamii.,Security
EACC imeripoti kuwa shirika linalotoa utafutaji na uthamini bandia wa hati miliki huko Kisumu. Tumia njia za serikali zilizothibitishwa pekee,Security
"Tangazo la huduma mpya ya SMS inayotuma vidokezo vya lishe vya kila wiki, arifa za usalama wa chakula na mwongozo wa lishe kwa waliojisajili.",Health
Raia wahimizwa kujiandikisha na bima mpya ya matibabu (SHA),Governance
"Serikali ya Kaunti inarudia kwamba usalama wa wakazi unasalia kuwa kipaumbele chake cha juu na inawasihi kila mtu kuwa macho, kufuata ushauri rasmi, na kusaidiana wakati huu wa mvua kubwa.",Governance
Boresha ujifunzaji! Sakinisha mbao mahiri darasani.,Education
"Wizara ya Afya yatangaza kampeni ya chanjo ya polio ya siku 5 kuanzia Oktoba 2 hadi 6, 2024",Health
"Akili yenye afya huchochea mafanikio mahali pa kazi. Kuweka kipaumbele katika afya ya akili huongeza ari, hupunguza msongo wa mawazo, na huboresha tija",Health
Toa huduma ya uhamaji! Toa huduma ya viti vya magurudumu kwa wanafunzi wenye ulemavu.,Education
Miongozo kuhusu uhifadhi bora wa mahindi baada ya mavuno ili kupunguza upotevu wa mahindi.,Agriculture
Watoto wako katika hatari kubwa. Hakikisha wanawajua watu wa dharura na wana vitambulisho katika makazi yaliyojaa watu.,Security
Sakinisha vigunduzi vya monoksidi kaboni ikiwa unatumia hita za gesi au mafuta ya taa.,Security
"Kufikia mwezi mmoja uliopita Polisi waomba viongozi katika shambulio la mwanamke Narok Polisi wawahimiza umma kushiriki taarifa ili kusaidia kuwakamata washukiwa waliorekodiwa wakimshambulia mwanamke huko Narok, kulaani kitendo hicho kama cha kinyama, na kuapa haki.",Governance
Wafunze wafanyakazi! Wafundishe taratibu za usalama wa moto shuleni.,Education
"Kujitunza ni muhimu - kunaathiri moja kwa moja ustawi wako kwa ujumla, ikiwa ni pamoja na afya ya kimwili, kiakili, na kihisia. Kuweka kipaumbele katika kujitunza kunakusaidia kudhibiti msongo wa mawazo, kuepuka uchovu, na kudumisha maisha yenye usawa. Kufanya mazoezi, kulala vizuri, kula vizuri, na kuzingatia huongeza ustahimilivu na kukuza mtazamo chanya.",Health
Weka alama wazi za kutokea kwa dharura na bila kizuizi katika majengo ya umma.,Security
Tumia teknolojia na mitandao ya kijamii kushiriki katika kampeni za kupambana na ufisadi.,Security
Wasaidie walimu! Toa vifaa vya kufundishia na mipango ya masomo.,Education
Tengeneza mustakabali wako! Shiriki katika majukwaa ya kiraia ya vijana.,Education
Mafuriko huua wanyama na kueneza magonjwa. Huhamisha makundi hadi kwenye maeneo ya juu na kuua vijidudu baada ya mafuriko.,Security
"Ili kuhakikisha uthabiti katika huduma, ripoti hiyo inahimiza Wizara ya Afya kufanya miongozo ya kliniki ipatikane kwa watoa huduma wote na kutekeleza viwango vya ufuatiliaji baada ya kujifungua kupitia usimamizi na ukaguzi wa kliniki.",Governance
Jiandikishe kama mpiga kura leo katika chuo kikuu cha umma kilicho karibu nawe. Usindikaji wa vitambulisho ni bure.,Education
"Hali za afya ya akili kama vile mfadhaiko zinaweza kusababisha dalili za kimwili kama vile uchovu na ugonjwa, na hivyo kuonyesha uhusiano mkubwa kati ya akili na mwili.",Health
"Kambi za wakimbizi lazima zitoe kipaumbele katika kupanga usalama, taa za kutosha, na ushiriki wa wanawake katika utawala.",Security
"KUCCPS ilifungua lango lake kwa watahiniwa wa KCSE wa 2024 kutuma maombi ya programu za diploma za Chuo cha Mafunzo ya Ualimu zenye tarehe ya mwisho ya Aprili 21, 2025.",Education
"Uzinduzi wa zana ya ugavi ya kidijitali inayowaunganisha wakulima, shule na wachuuzi ili kuboresha uwazi wa lishe katika kulisha shuleni.",Health
"Kufikia miezi 5 iliyopita DIG Lagat awaonya maafisa kuacha ufisadi Siku chache baada ya wafungwa kutoroka kutoka kizuizini halali katika mahakama huko Siaya, Naibu Inspekta Jenerali Eliud Lagat alizuru kaunti hiyo na kuwasihi maafisa kudumisha weledi na ushirikiano.",Governance
Tumia maji yaliyochemshwa au yaliyotibiwa kila wakati unapoandaa chakula cha watoto wachanga ili kuzuia kuhara.,Health
"Ushauri wa kuhimiza kuripotiwa kwa shughuli zinazotiliwa shaka katika maeneo ya umma kama vile shule, matamasha, na matukio ya michezo.",Security
Zana za kidijitali zinaweza kuwa mabadiliko makubwa kwa wakulima wadogo na mifumo endelevu ya chakula kwa ujumla.,Agriculture
Fuatilia viwango vya kuacha shule kila robo mwaka 2020.,Education
"Saidia kampeni za elimu na uhamasishaji kuwalinda watoto, wanawake, wakimbizi, na makundi yaliyo hatarini",Security
"Weka barabara zetu salama. Rushwa katika utoaji leseni na ukaguzi ni ""leseni ya kuua."" Ripoti rushwa katika usafiri.",Security
Kuhitimu katika Chuo Kikuu cha Machakos na wahitimu 2039.,Education
"Majukumu makubwa ya vyama vya siasa ni pamoja na: Kuimarisha ushiriki wa kidemokrasia kupitia uhamasishaji wa kisiasa kwa kuhamasisha umma kushiriki katika uchaguzi; na kuunda sera za umma, kuajiri na kuchagua viongozi wa kisiasa.",Governance
Lazima uwe umesajiliwa ili kupata chanjo ya COVID-19. Unaweza kufanya hivi katika kituo cha afya kilicho karibu au kujiandikisha kwenye tovuti ya MOH_Kenya (http://health.go.ke). Unachohitaji ni kitambulisho chako. Tafadhali wasaidie jamaa zako wazee kujiandikisha.,Health
"Idadi ndogo ya watu waliochanjwa wanaweza kuambukizwa COVID-19 baada ya chanjo; hii inaitwa maambukizi ya mafanikio, lakini kuna uwezekano wa kuwa na dalili ndogo kuliko kama hawakuchanjwa.",Health
"Usimamizi mzuri wa malisho huhakikisha chakula bora cha mifugo. Vidokezo kuhusu malisho, mbolea, na uboreshaji wa malisho.",Agriculture
IEBC inatoa wito kwa raia wote wanaostahiki - hasa vijana ambao wamefikia umri wa kupiga kura hivi karibuni - kutembelea ofisi ya eneobunge iliyo karibu na kujiandikisha.,Governance
"Maadhimisho ya kiraia yaliwakumbuka waathiriwa wa maandamano ya Saba Saba, yakiangazia malalamiko kuhusu kesi za ukatili wa polisi ambazo hazijatatuliwa.",Security
Mafunzo mara mbili sasa ni lazima: Wanafunzi wote wa TVET lazima wafanye kazi wakati wa kujifunza.,Education
Watoto wakimbizi wako katika hatari ya kudhulumiwa na kuuzwa nje ya nchi. Mashirika ya kibinadamu hutoa makazi salama na elimu katika kambi.,Security
"Kamati hutekeleza ushiriki wa umma, hupata maoni ya umma kuhusu Muswada na huandaa ripoti ndani ya kipindi kilichoainishwa hapo juu.",Governance
Mradi huunda seti ya data ya Kiingereza hadi KSL kwa wanafunzi viziwi kwa kutumia AI.,Education
Maeneo ya ukarimu yanapaswa kutambua na kushughulikia hatari kama vile usafirishaji haramu wa binadamu na unyanyasaji huku yakiwalinda wageni na wafanyakazi.,Security
Umma unahimizwa kuwa macho ili kuongeza uwazi.,Governance
Fundisha lugha za asili zilizo hatarini kutoweka shuleni ili kuhifadhi urithi wa kitamaduni.,Security
Tengeneza zana za tathmini 2021.,Education
"Wanaume, ni sawa kuzungumzia afya yako ya akili. Kuzungumza ni ishara ya nguvu.",Health
Tangazo la huduma ya ushauri wa lishe na ustawi inayotegemea akili bandia iliyoundwa kwa ajili ya wazee na walezi.,Health
"Kuwaweka watoto wachanga katika mgusano wa ngozi na mama husaidia kudhibiti halijoto, mapigo ya moyo, na kusaidia ukuaji wa kinga mwilini.",Health
Uangalizi wa Kisiasa: Seneta wa Kakamega awaonya wakazi dhidi ya matapeli wa chama cha UDA,Governance
Kuchukua aina tofauti za chanjo haipendekezwi. Baada ya kuchanjwa kikamilifu utapata cheti chako cha COVID-19 kutoka kwa tovuti ya MOH https://portal.health.go.ke.,Health
Mafunzo kuhusu ulinzi wa mtoto 2023.,Education
Ungana na wanunuzi wa taasisi kama vile hospitali ili kusambaza mboga zako mara kwa mara. Elewa mahitaji yao.,Agriculture
Makanisa na misikiti lazima yachunguze wafanyakazi na kutekeleza sera za kuzuia unyanyasaji wa watoto ndani ya vituo vyao.,Security
Homa kali kwa mtoto inaweza kuwa ishara ya malaria au maambukizi. Tembelea kliniki iliyo karibu bila kuchelewa ili kuzuia matatizo.,Health
Fanya ukaguzi wa shule kwa usalama 2024.,Education
Serikali ya Marekani iliwashauri raia kuepuka Eastleigh na Kibera kutokana na wasiwasi wa usalama.,Security
Kagua mabweni! Hakikisha unazingatia usalama wa moto shuleni.,Education
Shiriki katika shughuli zinazokuza ufahamu na utetezi wa afya ya akili. Hii inaweza kusaidia kujenga hisia ya kuwa wa kipekee na kusudi.,Health
"Wakati wa majanga ya muda mrefu, hifadhi chakula kwa kukausha, kutia chumvi, au kutumia vyombo visivyopitisha hewa ili kuepuka kuharibika.",Security
"Kenya inaripoti ongezeko kubwa la visa vya Covid-19 kila siku; maambukizi mapya 123 kutoka kwa sampuli 3,077 zilizopimwa.",Health
Kutangaza mpango wa kitaifa wa uingiliaji kati wa lishe katika ngazi za kaunti na kitaifa.,Health
Kidato cha 1–4: Jiandikishe kama wapiga kura wiki hii au ukose uchaguzi wa 2027!,Education
DCI inathibitisha kukamatwa kwa wawakilishi bandia wa mashirika yasiyo ya kiserikali wanaodai kushirikiana na Mpango wa Chakula Duniani Kaskazini mwa Kenya. Daima thibitisha kupitia usajili rasmi wa mashirika yasiyo ya kiserikali.,Security
Kuimarisha Ufadhili wa Kilimo huko Kayonza: SACCO zilianzishwa kwenye Zana ya Tathmini ya Mikopo ya Kilimo ambayo kupitia kwayo vyama vya ushirika ...,Agriculture
Kudumisha miundombinu ya shule 2023.,Education
EACC inachunguza watu wanaojifanya wakaguzi wa wizara wanaoomba rushwa kutoka shule ndogo. Ukaguzi wote umepangwa rasmi na kuandikwa.,Security
KRA inawahimiza wananchi kuzingatia sheria kwa ajili ya maendeleo ya taifa.,Governance
Mashirika ya usalama yaliongeza doria za kitaifa wakati wa msimu wa sikukuu ili kuzuia uhalifu na kulinda jamii.,Security
"Ili kupona kifua kikuu, ni lazima ukamilishe matibabu yote kama ilivyoshauriwa na mfanyakazi wa afya.",Health
Weka watoto mbali na miali ya moto na sehemu zenye joto jikoni.,Security
Pakua ratiba ya KCSE 2025 kutoka kwa lango la KNEC ifikapo Oktoba 1.,Education
Sehemu ya pili ya karatasi inachunguza chaguzi za kitaasisi na sera zinazopatikana ili kukuza mpito wa kilimo kinachozingatia mabadiliko ya tabianchi katika ngazi ya wakulima wadogo.,Agriculture
Harakati ya usajili wa wapiga kura kwa vijana: Tembelea shule yako kwa usindikaji wa vitambulisho bila malipo.,Education
KNCHR yatoa wito wa tahadhari baada ya maandamano ya vurugu.,Security
"TANGAZO LA NAFASI ZA KAZI, NAFASI ZA MUDA Tume Huru ya Uchaguzi na Mipaka (IEBC) inatafuta kuajiri wafanyakazi wa muda kuhudumu katika nafasi zifuatazo: 1. Makarani wa Usajili wa Wapiga Kura: Watatumwa katika Vituo 57 vya Huduma kote nchini, na 2. Maafisa wa Kura za Uchaguzi Mdogo. Kwa maelezo zaidi tembelea",Governance
"Tafadhali mjiandikishe kwa SHA, Rais Ruto awahimiza wakazi wa Mkongani",Governance
Mamlaka ya Kupambana na Rushwa ya NSSF hutoa njia kwa umma kuripoti vitendo vya rushwa na/au ulaghai ndani ya programu na shughuli zake.,Governance
Si jambo la kiume kujitahidi. Waangalie wanaume katika maisha yako.,Health
Kuwa mwangalifu! Epuka hatari za kemikali karibu na shule.,Education
EACC inafanya kampeni za kuhamasisha kuripoti visa vya ufisadi bila majina.,Education
Wanafunzi wakimbizi hujiunga na shule za umma bila malipo kuanzia Januari. Lete kadi ya UNHCR pekee.,Education
Toa simu za usaidizi za siri kwa Wakenya wa LGBTQ+ wanaokabiliwa na vurugu.,Security
Ushuru na upendeleo wa sera dhidi ya kilimo ni pamoja na: mkusanyiko wa uwekezaji wa umma katika maeneo ya miundombinu na utoaji wa usalama ...,Agriculture
"Wanawake wajawazito wanahimizwa kulala chini ya vyandarua vilivyotibiwa na dawa za kuua wadudu na kutumia dawa za kuzuia malaria ili kuepuka malaria, ambayo inahatarisha maisha ya mama na mtoto.",Health
Wanafunzi wote wa vyuo vikuu wanapata kifurushi cha data cha 50GB bila malipo '¢' — anzisha kwa barua pepe ya .ac.ke sasa!,Education
Kaa salama! Waripoti wageni walio karibu na shule kwa walimu au polisi.,Education
Kuwa macho! Epuka njia zisizo salama za kwenda shuleni katika maeneo ya majambazi.,Education
"Kwa kuwajali wale walio karibu nawe, unaweza kuokoa maisha! Kuweka kipaumbele katika afya ya akili mahali pa kazi ni muhimu vile vile kwa wale wanaofanya kazi kutoka nyumbani. Changamoto za afya ya akili zinaweza kumathiri mtu yeyote; hazibagui. Popote unapofanyia kazi, kutunza afya yako ya akili kunaweza kuboresha uzalishaji wako na furaha yako kwa ujumla. Tuvunje unyanyapaa na tufanye afya ya akili kuwa kipaumbele!",Health
Toa mafunzo kwa jamii! Fundisha kuzuia ujambazi karibu na shule.,Education
"Ukame unahitaji usimamizi maalum. Toa madini, punguza ukubwa wa kundi mapema, na uhifadhi maji.",Security
Ubalozi wa Marekani ulirejesha ushauri wake kuhusu uwezekano wa machafuko wakati wa kura za mchujo za Marekani na kuhimiza umakini mkubwa katika maeneo yenye maandamano.,Security
"Nafasi za kidijitali zinaweza kuwaweka watu katika hatari ya unyanyasaji mtandaoni. Sheria zinaharamisha vurugu za mtandaoni na huduma za usaidizi huwasaidia walionusurika kupata vifaa salama, kuripoti matukio, na kuondoa maudhui hatari.",Security
"Kuwa macho! Shule, fuatilia hatari za utekaji nyara.",Education
"Kwa ufafanuzi, mbinu ya CSA inafuata nguzo tatu: kuongeza tija ya kilimo endelevu na kuboresha mapato ya wakulima; kujenga ustahimilivu na.",Agriculture
Jua haki zako na udai uadilifu kutoka kwa maafisa wa umma ili kupunguza hatari za ufisadi.,Security
Nyimbo zilizowasilishwa kupitia Instagram,Education
Hakikisha upatikanaji! Toa majukwaa ya kidijitali kwa wanafunzi wote.,Education
Unganisha shule za vijijini! Toa intaneti kwa ajili ya kujifunza.,Education
IEBC yawahimiza Wakenya kuwa na subira kwa matokeo,Governance
"Malisho ya mifugo ya AMP huboresha afya ya udongo na huduma za mfumo ikolojia, na kusaidia uzalishaji endelevu wa mifugo.",Agriculture
Serikali inawaalika wadau kutoa maoni yao ili kuboresha uwazi.,Governance
Jiunge na shule za jamii! Elimu ya bei nafuu kwa familia zenye kipato cha chini.,Education
Vaa kwa ajili ya mafanikio! Omba ruzuku ya sare kwa wanafunzi wenye uhitaji.,Education
Umma unaalikwa kuchangia katika uundaji wa zana za akili bandia kwa ajili ya kugundua ubinafsi na kuboresha mikakati ya kuzuia.,Security
"Ugumu wa kufikia masoko ni kikwazo kikubwa kwa wakulima wa nyama ya ng'ombe, ... upatikanaji wa soko na matatizo yanayosababishwa na hali ya hewa. Kutokuwepo huku kunadhoofisha ...",Agriculture
Huduma ya kwanza ya msingi huokoa maisha wakati wa majanga. Mafunzo ya bure yanapatikana kupitia St. John Ambulance na Kenya Red Cross.,Security
Tengeneza rubriki za tathmini 2022.,Education
"Ili kupata uelewa wa kina wa kile ambacho teknolojia za kilimo za China zinatoa barani Afrika, AATF ilifanya utafiti ili kubaini teknolojia zinazopatikana ...",Agriculture
Mamlaka ya Mawasiliano imezindua simu ya dharura kwa ajili ya kuripoti ulaghai wa uigaji unaohusisha watoa huduma bandia za simu. Piga 0800 222 777 ili kuripoti.,Security
Shiriki kwa njia ya kujenga katika majukwaa na majukwaa yaliyoundwa na Serikali ya Kaunti kwa ajili ya Ushiriki wa Umma; Tafuta mwongozo wa serikali ya kaunti pale ambapo mtu huyo hawezi kusoma au kupata taarifa kuhusu Suala la Ushiriki wa Umma.,Governance
Hakuna ada kwa ajili ya shule za msingi za umma toa taarifa kuhusu ombi lolote kwa 0800721490 mara moja!,Education
"EACC ilirejesha KSh 28B kwa kipindi cha miaka sita, ikielekeza rasilimali kwenye miradi ya umma.",Security
Usiache mishumaa ikiwaka bila mtu anayeiangalia - tumia taa za kimbunga badala yake.,Security
Kukuza ushirikiano wa utafiti 2025.,Education
Hakikisha upatikanaji wa maji shuleni 2020.,Education
"Shutuma za hivi karibuni dhidi ya Francis Awino wa Bunge la Mwananchi zimeibua maswali muhimu kuhusu uhuru wa EACC. Asasi za kiraia zinahimiza uwajibikaji, si silaha za serikali.",Governance
"Usafiri mbaya hudhuru wanyama. Hakikisha uingizaji hewa, epuka joto kali, na kagua wanyama baada ya usafiri.",Security
Kikundi Kazi cha Mageuzi ya Polisi chataka COP imara zaidi,Security
"Pima udongo wako na KEPHIS ili kuelewa hali yake ya virutubisho na pH, na hivyo kuongoza mbolea inayofaa kwa ndizi.",Agriculture
Wabunge walionya kuhusu kutojiandaa vya kutosha kwa ajili ya kuanza kwa masomo ya Daraja la 9.,Education
"Mkurugenzi huyo aliangazia jukumu la Misheni katika kutumia Uwekezaji wa Diaspora. Aliwahimiza Wakenya walio nje ya nchi kujiandikisha katika Ubalozi wao wa karibu wa Kenya, akisisitiza kwamba misheni hizo ndizo sehemu ya kwanza ya mawasiliano kati ya taifa na raia wake walio nje ya nchi.",Governance
"Osha mikono, kaa salama! Tumia maji safi kuzuia kipindupindu shuleni.",Education
Tuma data ya TPAD ifikapo Juni 30 ili kuepuka ucheleweshaji.,Education
"Halijoto ya juu hupunguza uzalishaji. Hutoa kivuli, uingizaji hewa, na maji yasiyobadilika.",Security
Walimu huhudhuria mafunzo ya huduma kila mwaka.,Education
"Kutangaza kampeni ya kitaifa ya kidijitali kwa kutumia reli, changamoto za jamii na maudhui ya watu wenye ushawishi ili kukuza ulaji wa matunda na mboga.",Health
Tumepokea ripoti nyingi za watu binafsi wanaofanya barua za uwekaji kazi bandia kwa Qatar na UAE. Ajira zote za kigeni lazima zipitie mashirika yaliyoidhinishwa.,Security
Tofautisha maziwa yako mabichi sokoni kwa kuunda utambulisho imara wa chapa. Jifunze kanuni za msingi za chapa na mbinu za uuzaji.,Agriculture
"Mabadiliko ya hali ya hewa huongeza hatari za wanyama. Toa kivuli, mifereji ya maji, vizuizi vya upepo, na tumia mifumo ya tahadhari ya mapema.",Security
Kamati inahitajika kurahisisha ushiriki wa umma na kuzingatia maoni ya umma inapotoa ripoti yake kwa Seneti.,Governance
Ofisi ya Rais inawasihi vijana kuwa macho ili kuboresha utoaji wa huduma.,Governance
"Mshahara wa walimu wa mafunzo ya ndani waongezeka hadi Ksh 55,000 + bima ya matibabu kuanzia Januari!",Education
Usimpe mtu yeyote PIN yako ya M-PESA! Huu ni ulaghai wa kawaida sana.,Security
Usafirishaji haramu wa watoto bado ni tishio kubwa. Jamii zinapaswa kuripoti shughuli zinazotiliwa shaka kwa mamlaka.,Security
"Mkopo wa matunzo wa Ksh 2,000 wa HELB umetolewa kwa wanafunzi wote wa chuo kikuu ""lango la shule"".",Education
Wafunze polisi katika sera zisizo na ubaguzi.,Security
Tangazo la ushirikiano wa sekta mbalimbali ili kusaidia lishe shuleni na riziki ndogo za maziwa kupitia ununuzi wa umma.,Health
"Wanafunzi wote wa vyuo vikuu vya umma watapata vifurushi vya data bila malipo kwa ajili ya kujifunza mtandaoni ""Washirika wa Safaricom.",Education
"Wanafunzi wote wa Darasa la 6 huwekwa kiotomatiki katika shule ya upili ya junior ""hakuna mtihani unaohitajika.",Education
Tahadhari ya kimataifa ya Marekani inaangazia vitisho vya ugaidi; endelea kuwa macho.,Security
Jiandikishe Leo! Maana kura yako imehesabika roundi hii. Tembelea ofisi ya IEBC iliyo karibu na wewe.,Governance
Vijana walionufaika huko Lamu walipokea vifaa vya ujasiriamali na mafunzo ya uhamasishaji kuhusu kuzuia itikadi kali kama sehemu ya juhudi za kuwaunganisha tena.,Security
"Vikundi vya usaidizi wa akina mama katika jamii hutoa elimu ya rika, usaidizi wa kihisia, na husaidia kuwaunganisha wanawake na huduma za afya wakati wa ujauzito na baada ya kujifungua.",Health
"Mwenyekiti wa IEBC Wafula Chebukati anahimiza vyama vya siasa kufahamu Mpango wa Uendeshaji wa Uchaguzi (EOP), ambao hutoa ramani ya barabara na ratiba muhimu za kalenda ya uchaguzi.",Governance
Hakikisha mitungi ya LPG imehifadhiwa katika maeneo yenye hewa ya kutosha na angalia uvujaji mara kwa mara.,Security
Rais anawasihi wakazi kusalimisha bunduki wakati wa msamaha.,Governance
Usimamizi mzuri wa ushirikiano hutegemea sheria zilizo wazi na utawala bora. Jifunze mambo muhimu ya kuendesha kikundi cha mchango chenye mafanikio.,Agriculture
"Hakuna nafasi ya ufisadi au uvivu,  Waziri Geoffrey Ruku amewasihi watumishi wote wa umma kudumisha weledi, kuripoti kazini kwa wakati, na kuwatendea Wakenya kwa utu na heshima.",Governance
"Kwa mfano, kilimo nadhifu kinajumuisha kilimo cha usahihi, vitambuzi na utambuzi wa mbali. Mchoro 1. Usambazaji wa matumizi ya kidijitali katika miradi ya IFAD (hesabu ya hisa za ICT4D ...",Agriculture
Kuwa tayari! Fanya mazoezi ya uokoaji wa moto shuleni.,Education
Waweke watoto kwenye matumbo yao wakiwa macho na uwaangalie ili kujenga nguvu ya shingo na mwendo.,Health
Endelea kujifunza! Saidia shule zilizo katika maeneo ya ukame.,Education
"Baraza la Habari la Kenya liliwahimiza waandishi wa habari kuripoti itikadi kali za kikatili kwa uwajibikaji, wakisisitiza kuangalia ukweli na uandishi wa maadili ili kuepuka kukuza masimulizi ya kikatili.",Security
IPOA ilitoa taarifa mpya kuhusu uchunguzi wa vifo vya wafungwa na kuainisha hatua za kuboresha hali ya kifungo.,Security
Kukuza ufundishaji wa kujitolea 2024.,Education
Hifadhi nakala rudufu ya data muhimu kwenye kiendeshi cha nje ili kuepuka mashambulizi ya ransomware.,Security
Ripoti ukiukwaji wa sheria kwa simu ya dharura ya KNEC 0800721490.,Education
Tembelea Kipindi cha ASK Eldoret na ushirikiane nasi katika mapambano dhidi ya ufisadi. Kwa pamoja tunaweza kulinda mustakabali wa Kenya.,Security
"JUKUMU LAKO KAMA RAIA 1. Epuka ufisadi, usivumilie au kuuunga mkono 2. Ripoti mwenendo wowote unaoshukiwa wa ufisadi 3. Epuka kusifu utajiri uliopatikana kwa ufisadi. 5. Dai uwajibikaji kutoka kwa viongozi 6. Rudisha mali yoyote ya umma iliyoibiwa uliyonayo 7. Tii sheria",Governance
Vituo vya afya hutoa ushauri nasaha wa uzazi wa mpango kwa wanandoa na watu binafsi ili kusaidia maamuzi sahihi kuhusu nafasi na kupunguza uzazi.,Health
Weka orodha ya mawasiliano ya dharura kwenye friji na pamoja na watoto wako wakubwa.,Security
Shule zitafunguliwa tena Januari 6 – hakuna mwanafunzi atakayefukuzwa kwa ajili ya karo. Waripoti wanaokiuka sheria kwa 0800721490 SASA!,Education
"Kucheza ni muhimu kwa ukuaji wa kihisia, kimwili, na kiakili wa mtoto.",Health
Kamishna Wanderi anawasihi wanawake kubaki wamoja na kuwaunga mkono wagombea wao kwa wingi lakini pia kuhakikisha wanawaendeleza na kuwapa ushauri vijana ili kuwajibika kuchukua nafasi za uongozi katika Uchaguzi Mkuu ujao wa Agosti 9.,Governance
Wafundishe watoto mbinu salama za kuvuka barabara.,Security
Maoni na Maarifa ya Hivi Karibuni · Kuna dharura inayoongezeka ya hali ya hewa inayowakabili wakulima wadogo kote Asia Pasifiki – IFAD inafanya nini kuihusu? · Kilimo cha kidijitali: ...,Agriculture
Asasi za kiraia ziliandaa mikesha ya kimya kimya jijini Nairobi ili kuwaenzi waathiriwa wa maandamano na kutaka haki itendeke katika jamii mbalimbali.,Security
Kila shule lazima iunde klabu ya demokrasia ifikapo Novemba 30 ' — anza leo!,Education
Wasafiri wanapaswa kuwa waangalifu sana kutokana na hatari za ugaidi na machafuko.,Security
Wananchi wanakumbushwa kuwa macho kuhusu kabla ya tarehe ya mwisho ya uchaguzi.,Governance
Tume ya Utumishi wa Umma inawahimiza raia kuthibitisha kupitia njia rasmi.,Governance
Ufadhili wa uhakika kwa ajili ya ufadhili wa masomo 2025.,Education
Fuatilia utoro wa walimu 2023.,Education
"Ikiwa unajisikia vibaya, una mafua, kikohozi au homa, tafadhali piga simu 719 au tuma ujumbe mfupi *719#",Health
EACC inasaidia ofisi za mitaa kuzuia matumizi mabaya ya fedha za umma.,Education
Viongozi kutoka Kaunti ya Tana River wamehimizwa kushirikiana ili kuhakikisha raia wananufaika na miradi ya maendeleo.,Governance
Ajenda ya Vijana inawapa changamoto vijana kuunda suluhisho za teknolojia ya kiraia.,Education
"Wizi wa mizinga ya nyuki unaongezeka. Linda nyuki, weka alama kwenye mizinga, na uripoti wanunuzi wanaotiliwa shaka.",Security
"Weka anwani za dharura kwenye simu yako: Polisi (999), Ambulensi (911), Zimamoto (990).",Security
"Dalili za Mpox ni pamoja na homa, upele, na uvimbe wa tezi za limfu. Tafuta huduma ya matibabu mara moja ikiwa utagundua yoyote kati ya haya.",Health
Gavana Mbarire awahimiza wakazi kukumbatia mradi huo,Governance
Wadau wakiwemo wakuu wa polisi na washauri waliofunzwa kuhusu ulinzi na uhamasishaji wa jamii kuhusu GBV katika Kaunti ya Kisumu,Security
Linda wasichana! Jumuisha kinga dhidi ya ukeketaji katika programu za shule.,Education
"Wahalifu wa unyanyasaji wa watoto wanakabiliwa na adhabu kali, ikiwa ni pamoja na kifungo cha maisha jela. Waripoti wahalifu ili kuhakikisha haki kwa waathiriwa.",Security
Washirika wa Sekta ya Usalama wa Kupambana na Vurugu za Kidini walifanya mijadala ya umma huko Mapenya na Mkunumbi ili kujenga ustahimilivu na ujumbe wa kukabiliana na itikadi kali.,Security
Umoja wa Mataifa wahimiza uchunguzi wa wazi baada ya vifo vya waandamanaji.,Security
"Endesha duka la kuhifadhia nyama kwa ufanisi ili kuhakikisha upangaji, upangaji, na ufungashaji wa nyama kwa ubora unaolingana kabla ya kuuzwa.",Agriculture
"Umma unahimizwa kuunga mkono mpango huu kwa kushiriki taarifa kuhusu shughuli zinazotiliwa shaka na kujiunga na juhudi za kulinda jamii, hasa vijana, kutokana na hatari za matumizi mabaya ya dawa za kulevya na dawa za kulevya, NPS ilisema.",Governance
Ondoa kabisa ushuru wa shule CS yaamuru msako wa kitaifa!,Education
"Lisha mtoto wako anapoonyesha dalili za njaa, si kwa ratiba kali. Kuwa mwangalifu kwa vidokezo.",Health
Kuwa mwangalifu na ofa za 'nzuri sana kuwa kweli' za kukodisha au ununuzi.,Security
"IEBC kutembelea shule za upili 1,000 kwa ajili ya uandikishaji wa wapiga kura wengi mwezi huu.",Education
Elimisha walimu! Fundisha usalama wa maporomoko ya ardhi shuleni.,Education
Fuatilia taarifa za benki kwa miamala isiyoidhinishwa kila wiki.,Security
Ziba pengo! Toa zana za kidijitali kwa wanafunzi walemavu.,Education
Ushauri unabainisha uwezekano mkubwa wa mashambulizi ya kigaidi kulenga maeneo ya umma na unahimiza uelewa na kufuata mwongozo wa usalama.,Security
"Wazazi katika maeneo kame: Tuma maombi sasa kwa ufadhili wa masomo 15,000 wa shule za upili tarehe ya mwisho Novemba 30.",Education
EACC inawasihi Wakenya kuripoti aina zote za ufisadi kwa ajili ya uchunguzi.,Governance
Ripoti ya UoN inatathmini mienendo ya uaminifu na mawasiliano kama ufunguo wa COP iliyofanikiwa katika sehemu ya Ruai jijini Nairobi,Security
"Wafunge watoto nguo za joto na epuka kuwaweka kwenye hewa baridi, hasa katika miezi ya mwanzo.",Health
"Vifaa vya kuanzisha biashara bila malipo vyenye thamani ya Ksh 150,000 kwa wahitimu wote wa TVET wa 2025!",Education
"Kenya, UNICEF, Benki ya Dunia yafichua Uboreshaji wa Lishe. Kupitia mpango wa Fedha na Elimu ya Afya katika kaunti 11",Health
"Uzinduzi rasmi wa mpango wa utetezi wa kidijitali unaowahamasisha watu wenye ushawishi na asasi za kiraia ili kukuza uainishaji wa virutubisho, uwekaji lebo wa FOP, na mabadiliko ya sera.",Health
Onya madereva kuhusu maeneo ya kuvuka wanyamapori kwenye barabara kuu.,Security
Kamati za mitaa husaidia kuratibu juhudi za uokoaji na usambazaji wa rasilimali wakati wa dharura. Jitolee na kamati ya kijiji chako.,Security
Vijana wenye ushawishi walitengeneza mfululizo wa video wa muda halisi unaoonyesha majeraha na ukatili wa maandamano ili kuongeza uelewa na masimulizi ya kukabiliana na serikali.,Security
"Zungumzeni waziwazi! Shule, endeleeni uelewa wa afya ya akili.",Education
Jifunze jinsi wakulima wanavyoweza kushiriki katika programu za mikopo ya kaboni kwa kutumia mbinu zinazotenga kaboni katika kitengo cha kuku.,Agriculture
Rekebisha shule! Jenga upya miundombinu iliyoharibiwa na mafuriko.,Education
Fadhili elimu! Saidia shule za kuhamahama kwa wafugaji.,Education
Boresha mishahara ya walimu 2020.,Education
Wafunze walimu! Saidia elimu jumuishi kwa wanafunzi wenye ulemavu.,Education
Rudisha! Jiunge na programu za huduma za jamii shuleni.,Education
Epuka kutumia Wi-Fi ya umma kwa ajili ya benki. Wadukuzi wanaweza kuiba data yako.,Security
Habari za GT | EACC yahimiza kufuata sheria za trafiki ili kupambana na ufisadi barabarani Kenya. Madereva wana jukumu muhimu. Tuweke kipaumbele usalama barabarani! Ripoti ufisadi kwa Nambari ya Simu Isiyolipishwa 1551.,Governance
Wawezeshe wasichana! Toa ufadhili wa masomo ili kuwaweka wasichana shuleni.,Education
Usafiri salama shuleni: Matatu zote zinazosafirisha wanafunzi lazima ziwe na vidhibiti mwendo!,Education
"Ufikiaji bora wa soko: Kuimarisha vyama vya ushirika, kukuza masoko ya kidijitali, na kuendeleza mifumo ya biashara ya haki huboresha soko la wakulima ...",Agriculture
Wakosoaji wanaonya kwamba mashtaka yanayohusiana na ugaidi yanayowakabili waandamanaji lazima yasawazishe usalama na haki za kikatiba.,Security
Jenga ujuzi! Jiandikishe katika programu za mafunzo ya ujenzi.,Education
Shule zote zapata ruzuku ya maabara ya kidijitali ya Ksh 2M – mkuu wa shule lazima aombe ifikapo Ijumaa.,Education
Kuwa mwangalifu dhidi ya 'kuteleza kwenye mabega' kwenye ATM na unapoweka PIN.,Security
Kutangaza jinsi dashibodi za umma sasa zinavyoonyesha mitindo na viashiria vya lishe katika ngazi ya kaunti kwa wakati halisi.,Health
"Utangulizi wa MoreMilk2, unaolenga kuboresha usalama wa maziwa na mapato kupitia viwango, mafunzo, na ufikiaji wa soko katikati/magharibi mwa Kenya.",Health
Mafunzo kuhusu uchambuzi wa data 2024.,Education
Taasisi lazima ziratibu katika sekta mbalimbali ili kutoa majibu yenye ufanisi na huruma kwa waathirika.,Security
"Muhtasari wa programu za mafunzo kwa polisi na watetezi wa jamii huko Kisumu, Mombasa, Nakuru, kabla ya uchaguzi wa kitaifa",Security
Serikali ilithibitisha tena kujitolea kwake kupambana na wizi wa mifugo kupitia doria zilizoimarishwa katika North Rift.,Security
Sahihisha maelezo kwenye lango la CBA ili kuepuka masuala.,Education
"Ksh 22,244 mwanafunzi kwa siku - msomi ametolewa ""Wakuu wa shule hawapaswi kuomba pesa za ziada!",Education
MoU ilisainiwa ili kuunganisha usawa wa kijinsia katika miundo ya kitaifa ya PCVE na kuwawezesha wanawake katika majukumu ya kuzuia ugaidi.,Security
"Kwa niaba ya Jopo la uteuzi, Bw. Nyabuga aliwahakikishia umma na gavana kwamba timu yake itatekeleza uwazi na uwajibikaji itakapoanza kuwachagua wanachama wa Bodi ya Huduma ya Kaunti.",Governance
Sehemu ya Kazi ya Google ya Bure kwa walimu wote wa Kenya – dai akaunti yako leo!,Education
Jisajili kwa KCPE 2020 licha ya kuchelewa.,Education
"Mpango wa teknolojia ya kiraia ulichapisha ramani za moja kwa moja za maeneo ya maandamano, kupelekwa kwa polisi, na njia salama ili kuimarisha usalama wa waandamanaji.",Security
Mchakato wa kupata faida! Jifunze usindikaji wa chakula katika programu za TVET.,Education
Epuka mipango ya 'kutajirika haraka' inayoahidi faida kubwa. Ni ulaghai wa Ponzi.,Security
Onyesha ufichuzi wa ufisadi uliosababisha mabadiliko ya sera.,Security
Tume yawahimiza wapiga kura wa Machakos kujitokeza na kutumia haki yao ya kidemokrasia,Governance
DCI ilisema huku ikiwahimiza umma kuripoti shughuli zozote zinazotiliwa shaka.,Governance
"na CHARLES MGHENYI Pwani 07 Novemba 2025 - 05:40 TANGAZO Kwa Muhtasari Ethekon aliwasihi Wakenya kusaidia kujenga upya imani katika IEBC mpya, akihakikisha kwamba tume imeimarisha mifumo ya uwajibikaji, ikiwa ni pamoja na utambuzi thabiti wa wapiga kura na teknolojia ya uwasilishaji wa matokeo.",Governance
Jifunze maadili! Jumuisha kupambana na rushwa katika mitaala ya shule.,Education
Dkt. Mudavadi Awahimiza Wakenya Kuunga Mkono Juhudi za Kidiplomasia Katikati ya Changamoto za Kikanda.,Governance
Wataalamu wanaonya kuhusu machafuko yanayohusiana na maandamano; epuka maeneo yenye hatari kubwa.,Security
Wafunze wafanyakazi! Tayarisha shule kwa hatari za maporomoko ya ardhi.,Education
Weka alama ya mustakabali wako! Jifunze ujuzi wa TEHAMA katika programu za ufundi.,Education
Unyanyasaji unaoshukiwa kwa watoto unapaswa kuripotiwa mara moja kwa polisi au kupitia simu ya usaidizi ya *116# isiyojulikana.,Security
"EACC ilimkamata mwanafunzi wa Chuo Kikuu cha Kibabii na mwenzake kwa kujifanya maafisa wa EACC na kudai rushwa kutoka kwa maafisa wa mradi wa NG-CDF. Washukiwa hao, wakidai kuchunguza miradi, walikamatwa baada ya kuomba Ksh150,000. EACC inawasihi waathiriwa kuripoti matukio. https://t.co/YUi9s2FbNN",Governance
Wanafunzi wanaombwa wasitumie wasimamizi wasiojulikana kusajili HELB. Maafisa bandia wamekuwa wakichukua pesa wakiahidi mkopo.,Security
"Kusomea watoto kila siku huongeza ukuaji wa lugha, mawazo, na uhusiano.",Health
Asilimia 25 ya watumiaji wa suluhisho za kilimo cha kidijitali katika Afrika Kusini mwa Jangwa la Sahara ni wanawake. IFAD imejitolea kushughulikia na kushinda changamoto hizi kwa ...,Agriculture
"Tangazo la eneo la kwanza la ustawi wa umma linalotoa vifaa vya mazoezi ya nje, vibanda vya lishe, na vifaa vya afya ya akili katika uwanja wa michezo wa Nairobi.",Health
Rais alitumia fursa hiyo kuwasihi raia kukumbatia haki zao za kidemokrasia kabla ya uchaguzi.,Governance
"Missing Voices ilichapisha sajili ya mauaji na kutoweka kwa vijana wakati wa maandamano ya Gen Z, ikitaka uchunguzi rasmi ufanyike.",Security
Fadhili ufadhili wa masomo ya vyuo vikuu 2023.,Education
"Katika ratiba iliyotolewa na JSC inayoongozwa na Jaji Mkuu Martha Koome, mahojiano ya umma yatafanyika kuanzia Januari 12 hadi Machi 23, 2026.",Governance
Saidia kliniki za usaidizi wa kisheria zinazohamishika zinazohudumia jamii za vijijini.,Security
Tumia tochi badala ya mishumaa ili kuzuia moto wakati wa kuzimwa kwa umeme. Ripoti nyaya za umeme zilizoanguka kwa Kenya Power.,Security
Toa vifaa vya usaidizi 2020.,Education
Viongozi wa Kaunti ya Mandera wawahimiza wakazi kukumbatia kampeni ya usajili wa wapiga kura ya IEBC.,Governance
NEMA inawahimiza wanafunzi kujiandikisha kwa ajili ya maendeleo ya kitaifa.,Governance
"Je, unajua kwamba Huduma zote za KRA ni bure? Unaweza kupokea huduma zetu kutoka kituo chetu cha mawasiliano, ofisi za KRA au Kituo cha Huduma kilicho karibu nawe. Pata maelezo zaidi hapa.",Governance
Ripoti ya utafiti kuhusu athari za Nyumba Kumi katika Kaunti ya Migori (Suna Magharibi),Security
Makundi yenye msimamo mkali yanawalenga watoto walio katika mazingira magumu. Jamii zinapaswa kuripoti shughuli za kuajiri zinazotiliwa shaka.,Security
"KRA ON THE ROAD Mtoza ushuru azuru Kaunti ya Mombasa, wakazi wahimizwa kuwasilisha marejesho yao",Governance
"Kitabu hiki kinatumia lenzi ya kiuchumi kutambua sifa kuu za kilimo kinachozingatia mabadiliko ya tabianchi (CSA), athari zake zinazowezekana, na changamoto zinazohusiana na ...",Agriculture
Wazazi: Mfundisheni mtoto wenu haki zake za kupiga kura usiku wa leo mwongozo wa bure katika education.go.ke,Education
"Jumuisha miti kwenye bustani yako ya mboga (kilimo mseto) kwa faida nyingi kama vile kivuli, vizuizi vya upepo, matunda, mbao, na afya bora ya udongo.",Agriculture
Saidia kujifunza! Toa milo katika shule zilizoathiriwa na ukame.,Education
"Weka shule wazi! Wazazi, lipa ada haraka.",Education
"Sare za bure kwa wanafunzi 600,000 wa Darasa la 7 — ' — "" zilizokusanywa kutoka shuleni kuanzia Jumatatu!",Education
Mkakati wa COP kote jijini kujenga miungano ya raia kwa ajili ya kuzuia uhalifu jijini Nairobi,Security
Anzisha masomo ya podikasti 2021.,Education
Dhibiti viwavijeshi vya kuanguka kwa njia rafiki kwa mazingira kwa kutumia mbinu za Usimamizi Jumuishi wa Wadudu (IPM) zinazofaa kwa vitunguu.,Agriculture
Muhtasari wa hatua nne za kuimarisha usalama wa kidijitali na kuimarisha usalama wa taifa mtandaoni.,Security
RIPOTI RUSHWA @EACCKenya inawasihi Wakenya kuripoti aina zote za rushwa kwa ajili ya uchunguzi. EACC hushughulikia ripoti zote kwa usiri mkubwa na kuziweka chini ya mchakato wa uchambuzi wa kina. Hapa chini ni mchakato wa kuripoti.,Governance
Tumia hali fiche kwenye vifaa vilivyoshirikiwa ili kuepuka kuhifadhi historia ya kuvinjari.,Security
Magoha anasema Ksh.1B zinahitajika kununua barakoa kwa ajili ya shule,Health
Huduma ya usaidizi kwa SMS na simu kwa lugha 3,Education
Msalaba Mwekundu Kenya inawaonya raia dhidi ya michango inayotumia nambari za MPESA ambazo hazijasajiliwa kwa shirika. Daima angalia kabla ya kutuma pesa.,Security
Kuongeza upatikanaji na upatikanaji wa mbegu bora kupitia uidhinishaji wa makampuni ya mbegu na wauzaji wa pembejeo za kilimo. • Kuunganisha utoaji wa teknolojia ya kikanda ...,Agriculture
Huduma za Misitu Kenya (KFS) zawahimiza raia kurekodi miti iliyopandwa kwenye programu ya Jaza Miti,Governance
Familia zinapaswa kuwajumuisha watoto katika mazoezi ya majanga na kuhakikisha wanawajua watu wa dharura.,Security
Kozi za bure za mabomba na umeme zinazotolewa katika taasisi 50 za TVET.,Education
"Mkurugenzi Mtendaji wa Mfuko wa Kimataifa amtaka Ruto kuchangisha fedha kwa ajili ya VVU, Kifua Kikuu na Malaria",Health
KUCCPS inafungua marekebisho ya pili ya kozi na kubadilisha chaguo lako la shahada kabla ya Desemba 1.,Education
Hazina yaanzisha zana za mtandaoni za ufuatiliaji wa fedha za umma.,Education
Idara ya Hali ya Hewa ya Kenya ilitoa ushauri kuhusu mafuriko ya ghafla kwa kaunti saba na kuwasihi wakazi kuchukua tahadhari za usalama.,Security
"Afya yako ndiyo kipaumbele chetu! Hakuna mtu anayepaswa kukabiliana na TB peke yake. Pima mapema na upate matibabu BURE katika kituo cha afya cha umma kilicho karibu nawe. Kwa pamoja, tunaweza kukomesha TB nchini Kenya!",Health
Jenga upya kwa usalama! Rejesha madarasa baada ya mafuriko.,Education
Dumisha usalama wa kufuata umbali unapoendesha gari.,Security
DCI inachunguza mpango bandia wa 'ruzuku ya vijana wanaoanza' unaosambazwa kwenye TikTok na Instagram. Hakuna mpango kama huo unaofadhiliwa na Serikali ya Kenya.,Security
"Wizara ya Afya kuanza awamu ya tatu ya chanjo ya polio huko Mandera, Wajir na Garissa",Health
Ripoti mwenendo wowote usio wa kimaadili katika jamii yako ili kulinda rasilimali za umma na kuimarisha taasisi,Security
"upatikanaji hasa kwa wakulima wadogo, na ... wa ukuaji wa uchumi wa kilimo na pia unaonyesha ukubwa wa soko la kilimo nchini Kenya.",Agriculture
Angalia anwani za watumaji barua pepe kwa makosa ya kuandika kama vile 'support@paypa1.com' (ulaghai!).,Security
GNDEM inasimama kwa mshikamano na I Watch na waangalizi wote wa uchaguzi wa raia wasioegemea upande wowote ambao wanakabiliwa na vitisho dhidi ya haki yao ya kuangalia uchaguzi na kutetea haki ya raia ya kutumia kura yao.,Governance
"Wizara ya Mambo ya Nje yazindua majaribio ya vocha za kielektroniki na zana za kidijitali ili kufuatilia utoaji wa pembejeo, uzalishaji na matokeo ya lishe.",Health
EU na Kenya zapanua ushirikiano ili kuendesha NSCVE.,Security
Kamishna wa Kaunti ya Meru anawasihi wakazi wanaohitaji huduma za serikali kutumia Kituo cha Huduma.,Governance
Video zinaangazia sura za katiba,Education
Fadhili shule! Hakikisha ufadhili wa wakati kwa utulivu.,Education
Timiza sera za mahudhurio 2023.,Education
Tumia nenosiri kali kama 'Nairobi2023!/' ambalo si rahisi kulifungua.,Security
"Ufuatiliaji wa uchaguzi usioegemea upande wowote (usioegemea upande wowote kisiasa na huru) unaofanywa na raia ni mwendelezo wa haki za uchaguzi halisi, kushiriki katika masuala ya umma, kujumuika na kutafuta, kupokea na kutoa taarifa katika muktadha wa uchaguzi.",Governance
Inatoa wito wa elimu bora kwa watumiaji na usalama wa kidijitali ili kukabiliana na vitisho vya mtandao.,Security
Hakuna mabadiliko kwenye ratiba ya KCSE 2025 baada ya Oktoba 1.,Education
IEBC Yawasihi Wakazi Kujiandikisha huku Iten Akirekodi Hakuna Wapiga Kura Wapya,Governance
Tunawaonya wote wajihadhari na matapeli wanaojifanya wafanyakazi wa Tume ili kuomba pesa badala ya huduma zetu.,Governance
Ubalozi wa Marekani uliweka vikwazo vya usafiri kwa wafanyakazi katika kaunti sita kutokana na ukosefu wa usalama.,Security
Miendo mikali au kutetemeka kwa macho kwa watoto wachanga kunaweza kuonyesha kifafa. Tafuta huduma ya haraka.,Health
Waziri Opiyo anawasihi wakazi wa Turkana kuunga mkono mradi mpya wa mafuta unaoongozwa na nishati ya ghuba,Governance
"Kenya yathibitisha visa viwili vipya vya Mpox katika kaunti za Kericho na Taita Taveta, na kuongeza jumla ya visa hivyo kufikia 33; Wizara ya Afya yahimiza shule kuimarisha hatua za usalama ili kupunguza kuenea kwa virusi hivyo.",Health
Daima angalia kina kabla ya kupiga mbizi ndani ya maji - majeraha ya shingo yanaweza kusababisha kifo.,Security
"Kaeni salama, wanafunzi! Epuka maeneo ya maandamano karibu na shule.",Education
Elimu ya uraia sasa 40% ya alama ya Daraja la 9 – madokezo ya bure kwenye lango la KICD!,Education
Kuwaongoza raia kuhusu kuripoti unyanyasaji mahali pa kazi hatua kwa hatua.,Security
"Watoto wengi huzama kwenye vyanzo vya maji vilivyo wazi. Wazazi wanapaswa kuwasimamia watoto karibu na madimbwi ya maji, mito, na visima.",Security
Ukeketaji ni tukio la kiwewe ambalo huacha alama ya kisaikolojia ya kudumu na linaweza kuathiri vibaya afya ya akili ya waathiriwa.,Health
Tume inazihimiza mashirika yote yanayohusika katika utoaji wa vitambulisho vya kitaifa kuharakisha utoaji na usambazaji wa vitambulisho hivyo ili kuwawezesha Wakenya waliofikisha umri wa miaka 18 kusajiliwa kama wapiga kura.,Governance
UHIFADHI WA MSITU WA NAROK: Wakazi wahimizwa kupanda miti zaidi ili kuongeza eneo la misitu katika kaunti hiyo,Governance
Kenya iko macho kuhusu mbu mpya na hatari. Anopheles Stephensi husababisha aina mbaya zaidi ya Malaria. Watafiti wa afya wamegundua mbu huko Mandera. Mbu hueneza Malaria katika maeneo ya mijini na vijijini,Health
"Huku Kenya ikirekodi ongezeko la visa vya malaria kutokana na mabadiliko ya hali ya hewa, Siku ya Malaria Duniani iliyomalizika hivi punde inatumika kama ukumbusho muhimu wa hitaji la kubadilisha mipango ya afya ya umma ili kukabiliana na changamoto hizi zinazoendelea.",Health
Tumia mitandao ya kijamii kwa ufanisi kutangaza bidhaa zako za bure. Vidokezo vya kuunda maudhui na kuwashirikisha wateja mtandaoni.,Agriculture
Kukuza elimu ya kitamaduni 2020.,Education
Pambana na ufisadi! Wafundishe wanafunzi kuripoti ufisadi katika elimu.,Education
Shule zilizo katika maeneo yenye hatari kubwa zinapaswa kuwa na hatua za usalama ili kuwalinda watoto dhidi ya vitisho vya kigaidi na utekaji nyara.,Security
Kutetea haki za ardhi za jamii ya wenyeji; kushiriki makala za kumbukumbu.,Security
"Kumbuka kwamba Tume inaweza kumhoji mwanachama yeyote wa Umma ambaye amewasilisha taarifa kuhusu yeyote kati ya wagombea walioorodheshwa, na taarifa hizo zitahifadhiwa kwa siri, alisema.",Governance
"IPOA ilizindua simu ya dharura isiyolipishwa inayofanya kazi masaa 24 kwa siku, siku 7 kwa ajili ya kuripoti kwa umma kuhusu utovu wa nidhamu ili kuongeza ufikiaji na uwazi.",Security
"Shiriki katika programu zinazotetea afya ya akili, usawa wa kijinsia, na haki za ulemavu.",Security
Ripoti uhalifu wa kiuchumi na ulaghai wa ununuzi ili kuonyesha kujitolea kwa jamii kwa haki.,Security
Wizara ya Afya yazindua tahadhari ya SMS ili kuwafahamisha raia wakati vyakula vinazidi viwango vya sukari/chumvi/mafuta.,Health
Ushauri unaoangazia ongezeko la vitisho vya ugaidi nchini Marekani na kuhimiza uangalifu na kuripoti shughuli zinazotiliwa shaka.,Security
Kenya ilisasisha Sheria ya PBO ili kuimarisha usimamizi wa ufadhili wa ugaidi. Endelea kufuata sheria na uripoti shughuli zinazotiliwa shaka.,Security
"Wizara ya Mambo ya Ndani ilionya kabla ya maandamano, ikihimiza maandamano ya amani na kuwaweka vikosi vya usalama katika tahadhari.",Security
"Pata msukumo kutoka kwa hadithi ya Kitale Growers Group, mfano mzuri wa mavuno yaliyoongezeka huko Tharaka Nithi.",Agriculture
"Kanada inaitakia IEBC mafanikio katika #ECVR2021, inawasihi raia kujiandikisha kwani kura zao ni muhimu.",Governance
Epuka kutumia Wi-Fi ya umma kwa ajili ya benki. Tumia VPN ikiwa ni lazima uunganishe. Mitandao mingi ya bure si salama.,Security
Zingatia usajili na majukumu ya vijana,Education
Kuwa mwangalifu na programu za uwekezaji zinazotangazwa wakati wa mechi za mpira wa miguu kwenye mikondo haramu. Nyingi ni njia za wizi wa data au ulaghai wa kifedha.,Security
EACC hujenga vikundi vya walinzi wa ndani ili kupambana na rushwa katika kaunti.,Education
Viongozi wasema Rais Ruto atatekeleza miradi katika eneo la Mlima Kenya. PSS kutoka Mlima Kenya inaendelea na mikutano ya halmashauri ya mji. Katibu Mkuu Mary Muthoni awahimiza wakazi kuunga mkono serikali,Governance
Ripoti ya IMLU kuhusu kamati za polisi jamii huko Narumoru (zinazohudumia mkoa wa Nyeri na Nyandarua),Security
Programu inaangazia michezo ya mantiki kulingana na mada za kiraia,Education
Kikao hicho kilijadili nguvu ya mabadiliko ya teknolojia na jinsi inavyoweza kuendeleza kilimo barani Afrika na kukuza ukuaji endelevu na mifumo ya chakula inayostahimili.,Agriculture
"usaidizi wa kiufundi katika kujenga mazingira wezeshi kwa teknolojia ya kilimo. Kwa lengo la kuboresha mfumo wa mbegu katika nchi nyingi, majadiliano ya ...",Agriculture
Shule zaagizwa kufunga CCTV na kuajiri walinzi kwa ajili ya usalama.,Education
Waziri wa Ulinzi Mhe. Aden Duale amewataka Wabunge kupitisha kanuni kuhusu Mfuko wa Kitaifa wa Operesheni za Kusaidia Amani zilizopendekezwa na Baraza la Ulinzi.,Governance
"Vyakula kama vile maharagwe, mboga za majani, na ini huzuia upungufu wa damu na husaidia ukuaji wa mtoto.",Health
Lisha watoto! Saidia programu mipangilio ya chakula katika maeneo ya ukame.,Education
Kanada inawaonya wasafiri kuhusu maandamano na usumbufu unaoweza kutokea.,Security
"Wasilisha Maoni Yako â '¬ œ Serikali ya Kaunti ya Kilifi Kujitolea na Mpango Saraka ya Kaunti ya Kilifi Bunge la Kaunti ya Kilifi Hakimiliki 2024 Serikali ya Kaunti ya Kilifi Karibu Kilifi Ofisi ya Gavana Tupigie simu kwa 0200 200 200 Habari na Hotuba Huduma za Kielektroniki Zabuni Kazi Wafanyakazi Ufikiaji Rudi Wasilisha Maoni Yako Je, wewe ni Mkazi wa Kilifi?",Governance
UCHAGUZI WA CHAMA CHA UDA Wakazi wa Homabay wahimizwa kudumisha amani wakati uchaguzi wa chama cha UDA unapoanza.,Governance
Zana za tathmini ya hatari husaidia kutambua watu walio katika hatari kubwa ya kupitia au kufanya vurugu ili kuwezesha hatua zinazolengwa.,Security
Kaa salama mtandaoni! Wafundishe wanafunzi kuepuka vitisho vya mtandaoni.,Education
Hakikisha kufuata mwongozo wa usalama.,Education
Hatari za usalama zinaongezeka; endelea kuwa macho karibu na mpaka wa Somalia.,Security
Jihadhari na Wahalifu wanaojifanya wafanyakazi wa ubalozi ili kufanya ulaghai,Security
IEBC yawahimiza vijana kujiandikisha kama wapiga kura huku tarehe ya mwisho ikikaribia,Governance
Pombe na Uvutaji Sigara vitaongeza hatari za kuwa na shinikizo la damu. Unapokaa NYUMBANI punguza unywaji wa pombe na uvutaji sigara.,Health
Watoto walio chini ya miaka mitano wanapaswa kupokea matone ya vitamini A kila baada ya miezi sita ili kuongeza kinga na kupunguza vifo vya watoto.,Health
"Wizara ya Afya imewahakikishia umma kwamba hakutakuwa na uhaba wa dawa muhimu, ikiwa ni pamoja na zile za malaria, VVU/UKIMWI na Kifua Kikuu kwa angalau mwaka mmoja ujao.",Health
Kuwa mlinzi wa jamii ili kukuza uwazi na kuboresha utoaji wa huduma.,Security
Tumia VPN kwenye mitandao ya umma ili kuficha trafiki yako ya intaneti.,Security
Kuongeza uelewa! Elimu kuhusu hatari za maporomoko ya ardhi shuleni.,Education
Weka njia za kutembea zikiwa na mwanga mzuri usiku ili kuzuia ajali na kuzuia uhalifu.,Security
"Siku hii ya Baba, hebu tuangazie afya ya akili ya wanaume. Kwa akina baba wote, ustawi wako ni muhimu. Chukua muda wa kuweka kipaumbele afya yako ya akili na uwasiliane na usaidizi unapohitajika.",Health
Taasisi ya Utafiti wa Kimatibabu ya Kenya (Kemri) imetuma timu ya wataalamu kwenda Marsabit kukusanya sampuli kwa ajili ya vipimo baada ya watu tisa kufariki.,Health
"Ikiwa mtoto wako ananyanyaswa mtandaoni, toa taarifa kwa Kitengo cha Mawasiliano cha DCI mara moja!",Security
Chunguza unyanyasaji wa wafanyakazi wa majumbani; ongeza uelewa wa umma.,Security
Boresha ujuzi wa kidijitali wa wakulima na ujenge mazingira mazuri ya kukuza uvumbuzi na mfumo ikolojia unaovutia wa kuanzisha biashara ili kuhimiza ufahamu wa muktadha ...,Agriculture
Tumia vifaa vya kubeba mtoto vinavyofaa ili kushikilia shingo na nyonga za mtoto. Hakikisha uso wa mtoto unaonekana na haujafunikwa.,Health
[Kuongezeka kwa Kiwango cha Kulisha Shuleni] Lengo ni kuongeza wanufaika wa chakula shuleni kutoka milioni 1.9 hadi zaidi ya watoto milioni 10 ifikapo mwaka 2030,Education
Kaya zinapaswa kutoa vyoo salama na vya kiwango cha chini ili kuhimiza usafi kwa watoto wachanga.,Health
Timiza kupambana na rushwa katika elimu 2023.,Education
Usitumie jenereta ndani ya nyumba - hutoa monoksidi kaboni hatari.,Security
"Kituo cha ELRC cha Nyeri kimefungwa kuanzia tarehe 24 Agosti hadi 7 Septemba 2020 kutokana na visa viwili vilivyothibitishwa vya COVID-19, huku dawa ya kufukiza na kujitenga kwa wafanyakazi kukiwa kunaendelea. Hakuna vyeti vitakavyoshughulikiwa katika kipindi hiki. Mahakama itafunguliwa tena kwa ajili ya vikao vya mtandaoni tarehe 21 Septemba, huku vikao vya kimwili vikitarajiwa kuanza tena chini ya usimamizi wa Jaji Mkuu mapema Oktoba.",Health
Wafanyakazi wengine walitumwa Naivasha ili kuhakikisha tukio la Safari Rally.,Security
Akina mama wanapaswa kupokea vitamini A baada ya kujifungua ili kuongeza kinga na kuboresha ubora wa maziwa ya mama.,Health
"Tukio hilo litaangazia umuhimu wa kuwekeza katika suluhu za kidijitali ili kuharakisha maendeleo endelevu na jumuishi ya vijijini, na kupitia ...",Agriculture
"Sherehe ya Maadhimisho ya Mwaka 1 ya eCitizen! Moja kwa moja kwenye KBC CHANNEL 1 saa 3:00 AM. Raia wanaweza kujiandikisha na kuuliza kuhusu huduma yoyote kati ya zaidi ya 20,000 zinazopatikana kwenye jukwaa kwa kutembelea vibanda maalum vya maonyesho katika viwanja vya 27 - 28 Novemba. #KBCniYet",Governance
Mafunzo yametolewa kwa wadau wa sekta ya madini kuhusu utunzaji salama wa vilipuzi vya kibiashara ili kupunguza matumizi mabaya ya vikundi vya kigaidi na kuzuia ulanguzi wa magendo.,Security
Msaidie mtoto wako! Lipa ada kwa wakati ili kuepuka kufungwa kwa shule.,Education
Ufungashaji hulinda mazao yako na huongeza thamani. Gundua vifaa na mbinu zinazofaa za ufungashaji kwa ajili ya kuuza katika masoko ya nje.,Agriculture
Kenya inakuza kinga dhidi ya magonjwa ya mifugo.,Agriculture
Fuata mipango ya kimkakati kama vile Mpango wa Uadilifu wa Kenya ili kuboresha uwazi katika sekta nzima,Security
Jifunze kujenga makazi ya muda kwa kutumia vifaa vinavyopatikana katika eneo husika kwa ajili ya familia zilizopoteza makazi.,Security
Tathmini utendaji wa shule 2025.,Education
Ripoti zinaonyesha shughuli za Al Shabaab zinaendelea karibu na mpaka wa Somalia na zinahitaji umakini endelevu.,Security
Kuwa tayari! Fanya mazoezi ya mara kwa mara ya usalama wa moto shuleni.,Education
Kundi la watetezi lawahimiza wakazi kufichua ufisadi katika serikali ya kaunti,Governance
EACC inawasihi wazazi kuepuka katika kipindi hiki.,Governance
Jenga madarasa zaidi 2022.,Education
Rudi shuleni! Jiunge na programu za uokoaji wa mafuriko kwa ajili ya kujifunza salama.,Education
Kuunga mkono elimu ya wasichana katika maeneo ya vijijini 2022.,Education
"Wazazi, kuwa macho! Ripoti hatari za ugaidi karibu na shule.",Education
Simu za mkononi ndizo zinazoongoza katika orodha ya teknolojia za kidijitali zinazobadilisha kilimo. Zinajivunia viwango vya juu zaidi vya utumiaji kuwahi kuonekana miongoni mwa teknolojia zilizobuniwa ndani ya ...,Agriculture
"Kifurushi cha data cha GB 200 bila malipo kwa walimu wote — ' — "" anzisha kwa nambari ya TSC kabla ya Desemba 31!",Education
"Wakati huo huo, KRA inawasihi raia wote wazalendo wa Kenya kusimama na Serikali, hasa wakati huu mgumu na usio wa kawaida.",Governance
"Wanawake wajawazito wanapaswa kula lishe bora yenye madini ya chuma, protini, na vitamini ili kusaidia ukuaji wa fetasi na afya ya mama.",Health
Wakazi katika maeneo yanayokumbwa na mafuriko na migogoro wameamriwa kuhama huku njia na makazi yakiorodheshwa.,Security
Ajira kwa watoto ni kinyume cha sheria. Ripoti kazi hatarishi kwa watoto kwa Idara ya Kazi au piga simu 0800220444.,Security
"Panda chai hata katika nafasi ndogo kwa kutumia mbinu za bustani za vyombo kwenye balcony, matuta, au viwanja vidogo.",Agriculture
"Visa 36 vya Mpox vimeripotiwa hadi sasa nchini Kenya, watu wawili waliolazwa na mgonjwa mmoja anayepatiwa huduma ya nyumbani.",Health
"Chama cha Wanasheria kilidai uwajibikaji kwa makamanda waliohusika na mbinu za kukandamiza maandamano, wakitaka mashtaka yafunguliwe ikiwemo jukumu la mnyororo wa amri.",Security
Endelea kupata taarifa kuhusu hatua za serikali za kupambana na ufisadi na uhimize kufuata sheria,Security
Saidia vilabu vya ushirikishwaji na uadilifu wa vijana katika matukio ya ndani ili kuzuia rushwa.,Security
Kutoka: Ofisi ya Baraza la Mawaziri Imesasishwa: 6 Novemba 2025 Mkataba wa Mtandao wa Simu Uliobadilishwa na Umma Mkataba wa Mtandao wa Simu Uliobadilishwa na Umma unatoa makubaliano ya hiari kati ya serikali na watoa huduma za mawasiliano ili kuwalinda watu walio katika mazingira magumu wanapohamishiwa kwenye huduma za kidijitali.,Governance
"Kuongeza uelewa! Shule, toa elimu kuhusu kuzuia ukeketaji.",Education
Inahitajika haraka: ushirikishwaji wa raia wenye maana katika mapambano dhidi ya rushwa - Uangalizi wa Rushwa Inahitajika haraka: ushirikishwaji wa raia wenye maana katika mapambano dhidi ya rushwa - Uangalizi wa Rushwa Tovuti hii inatumia vidakuzi ili kuhakikisha unapata uzoefu bora zaidi kwenye tovuti yetu.,Governance
Kupaka mimea au vitu kwenye sehemu laini ya mtoto ni hatari na kunapaswa kuepukwa.,Health
Serikali ya Kaunti inawahimiza umma kujiandikisha ili kuimarisha utawala.,Governance
"Lengo: Lengo kuu la JP ni kuendeleza mabadiliko ya mifumo ya chakula na muunganisho wa kidijitali, kupitia uboreshaji wa umma ...",Agriculture
Kuwashirikisha wanaume na wavulana katika programu za kuzuia maambukizi huendeleza mahusiano yenye afya na hupinga kanuni hatari za kijinsia.,Security
Polisi jamii wa Kaunti ya Machakos wahusishwa na kupungua kwa uhalifu katika kaunti ndogo ya Mwala,Security
Zungumza! Ripoti unyanyasaji kwa walimu au piga simu 116.,Education
Maafisa mia moja arobaini na wanane wa hifadhi wamefunzwa ili kuimarisha ugunduzi wa mapema wa vitisho vinavyohusiana na ugaidi katika maeneo makubwa ya utalii.,Security
Zingatia usimulizi wa hadithi unaozingatia haki,Education
Onyo kwa umma: PSC haifanyi mahojiano kwenye WhatsApp. Tangazo lolote la kazi linaloomba 'ada za maombi' ni bandia na linapaswa kuripotiwa,Security
"Usajili wa wapiga kura wa IEBC katika kila shule Novemba 20, 2020, 3 ... Ofisi ya mkuu SASA!",Education
"HOTUBA YA MHESHIMIWA MHESHIMIWA UHURU KENYATTA, C.G.H., RAIS WA JAMHURI YA KENYA NA Amiri Jeshi Mkuu wa Majeshi ya Ulinzi Wakati wa Hotuba ya Kitaifa ya Siku ya Mashujaa mnamo, 20 Oktoba, 2021 DISTIN...",Education
"EACC Yaapa Kushughulikia Kesi Zote za Unyakuzi wa Ardhi, Yazihimiza Kaunti Kusaidia Kuondoa Wahalifu",Governance
Mifumo ya umeme yenye hitilafu huwadhuru wanyama. Kagua nyaya za umeme na ujaribu volteji iliyopotea mara kwa mara.,Security
"Ufikiaji wa soko na mwelekeo ni muhimu kwa utendaji bora wa kilimo. Ikumbukwe kwamba, wakulima walio karibu na masoko yanayofanya kazi vizuri huwa ...",Agriculture
KDF na NCTC waliandaa mpango wa ushirikishwaji wa jamii huko Lamu ili kujenga ustahimilivu dhidi ya itikadi kali na mvutano kati ya jamii.,Security
Kila mwanafunzi wa kidato cha pili lazima ajiunge na klabu ya elimu ya uraia ' — agizo la Wizara.,Education
Uchambuzi wa KIPPRA wa mageuzi ya polisi jamii,Security
KEPHIS inaimarisha usalama wa mbegu mipakani ili kuzuia vitisho.,Security
"Uhaba wa maji wakati wa ukame husababisha hasara. Wakulima wanapaswa kutumia mbinu za kuvuna maji kama vile mabwawa, sufuria, na hifadhi ya chini ya ardhi.",Security
Tangazo kwamba muungano wa Wizara ya Afya na SUNCSA utazindua kampeni ya afya ya umma inayojumuisha ujumbe wa usafi na lishe.,Health
Jifunze ujuzi wa msingi wa kuogelea - inaweza kuokoa maisha yako au ya mtu mwingine.,Security
"Ripoti ufisadi sasa - Ripoti Ufisadi Ripoti ufisadi sasa - Ripoti Ufisadi 1 2 3 4 5 MPENDWA MPIGANIAJI WA RUSHWA, KARIBU KWENYE JUKWAA LETU LA KUPIGA FICHA Katika msingi wa agizo la Watch ya Rushwa ni ripoti tunazopokea kutoka kwa umma.",Governance
"Macho yaliyozama, mdomo mkavu, na mkojo mdogo vinaweza kuonyesha upungufu wa maji mwilini. Mpe maji na utafute huduma.",Health
Maeneo yenye vilima kama Murang'a yanakabiliwa na maporomoko ya ardhi. Epuka kujenga kwenye miteremko mikali na zingatia maonyo ya uokoaji wakati wa mvua kubwa.,Security
Kilimo kimekuwa kikitetemeka mara kwa mara kutokana na mapinduzi mbalimbali ya kiteknolojia. Kipi cha hivi karibuni? Ujio wa teknolojia za kidijitali. Hadithi ya majaribio · Kuweka ...,Agriculture
Fuatilia mahudhurio ya wanafunzi baada ya COVID 2021.,Education
Acha Ukatili wa Kijinsia! Ripoti ukatili wa kijinsia shuleni kwa 116.,Education
Wasaidie watoto kuelewa ujio wa ndugu mpya ili kupunguza wivu na kukuza uhusiano wa karibu.,Health
"Una msongo wa mawazo kuhusu pesa? Usicheze kamari na afya yako ya akili! Wakati fedha zinapozidi, inakuvutia kutafuta ""suluhisho la haraka"" kama vile kamari au matumizi ya dawa za kulevya - lakini hizi hufanya mambo kuwa mabaya zaidi. Badala yake, chukua udhibiti kwa kutafuta ushauri wa kifedha bila malipo na kujenga tabia nzuri za pesa. Afya yako ya akili ni muhimu. Chagua suluhisho bora badala ya hatari za muda mfupi.",Health
Wizara ikiangazia jukumu la wafanyakazi wa afya ya jamii katika kutoa huduma za lishe kama sehemu ya Bima ya Afya kwa Wote.,Health
Fikia EduTV kupitia Wingu la Elimu la Kenya.,Education
Vibanda vya Mombasa Covid-19: Vibanda vya kupima bila kugusa vitasambazwa katika majimbo 6 ya uchaguzi. Vibanda havina mguso wowote kati ya daktari na mgonjwa. Vibanda visivyogusa vinaruhusu upimaji salama na wa haraka wa wingi. Vibanda vilivyokusanyika ndani ya eneo husika vinabadilisha mchezo.,Health
"Tunawasihi wananchi kutoa taarifa yoyote ambayo inaweza kusaidia katika kukamatwa kwao, ripoti hiyo ilisema kwa sehemu.",Governance
Kuunga mkono usambazaji wa umeme vijijini 2023.,Education
Akina mama wapya wanahimizwa kujadili chaguzi za uzazi wa mpango na watoa huduma za afya ili kuruhusu nafasi nzuri ya ujauzito na kuhakikisha mama anaendelea kupona.,Health
Ripoti ya serikali ya NCRC yagundua imani mchanganyiko ya umma kwa polisi licha ya miaka mingi ya ulinzi wa jamii,Security
Boresha vifaa vya elimu jumuishi 2024.,Education
Kufikia miezi 3 iliyopita KWS yakamilisha mashauriano ya umma kuhusu ada mpya za bustani. Mchakato wa michango ya umma utafikia kilele Ijumaa hii kwa jukwaa la kitaifa la uthibitishaji katika Kituo cha Mikutano cha Kimataifa cha Kenyatta (KICC) jijini Nairobi.,Governance
Tumia vifaa vya kufuatilia vitu vya thamani kama vile vifaa vya elektroniki na magari.,Security
"Kusitishwa kwa usafiri katika Eneo la Jiji la Nairobi, Mombasa na Mandera kwaongezwa kwa mwezi mmoja, baa zitaendelea kufungwa kwa siku 30 zaidi",Health
EACC inahamasisha raia kuhusu kuripoti ufisadi kupitia majukwaa ya kaunti.,Education
Kuelimisha kuhusu kutatua migogoro ya urithi wa ardhi kwa wanawake.,Security
Elimu ya uraia sasa ni somo la lazima katika vyuo vyote vya mafunzo ya ualimu.,Education
"Hata kwa muda mfupi, kumwacha mtoto kitandani au mezani bila mtu anayemtunza kunaweza kusababisha kuanguka na majeraha.",Health
Mhifadhi Jim Nyamu anawasihi wakazi wa Kaunti ya Marsabit kuwalinda tembo.,Governance
Akina mama wanaofanya kazi wanaweza kukamua na kuhifadhi maziwa ya mama ili kuhakikisha unyonyeshaji unaoendelea wakiwa mbali.,Health
Jifunze jinsi wakulima wanavyoweza kupata mikopo ya kaboni kwa kutumia mbinu za kilimo cha maziwa zinazoondoa kaboni dioksidi kutoka angani.,Agriculture
Huduma ya Wanyamapori ya Kenya inawasihi wageni wetu wote wa ajabu kwenye Hifadhi zetu za Kitaifa za kuvutia kuungana mkono katika kuhifadhi uzuri wa wanyamapori wetu na mandhari ya asili.,Governance
Waliomaliza kidato cha 4: Jiandikishe kama wapiga kura kabla ya Desemba 31 au upoteze kura yako ya 2027!,Education
Kusubiri dakika moja kabla ya kubana kitovu huboresha viwango vya chuma na kinga ya mtoto.,Health
"KUCCPS ilifungua lango lake kwa watahiniwa wa KCSE wa 2019 kutuma maombi ya kozi za stashahada na cheti cha TVET huku tarehe ya mwisho ikiwa Aprili 30, 2020.",Education
Gavana Fatuma Achani awataka wakazi wa Kwale kupanda miti.,Governance
Kampeni ya uhamasishaji umma kuimarisha ushiriki wa kijasusi na uaminifu kati ya jamii na mashirika ya usalama.,Security
Hatua za Polisi wa Kenya za kupambana na ugaidi na itikadi kali zikizingatia Kitengo cha Polisi cha Kupambana na Ugaidi.,Security
Fadhili programu! Saidia afya ya akili shuleni.,Education
NPS yahimizwa na IPOA na vyombo vya usimamizi kuimarisha polisi jamii ili kuboresha uaminifu wa umma,Security
Serikali inawahimiza wakulima kupanda aina za mahindi zinazokomaa mapema ili kukabiliana na mizunguko mifupi ya mvua.,Agriculture
Fundisha usalama! Jumuisha kuzuia biashara haramu katika mitaala ya shule.,Education
Umma unashauriwa kujizuia na unaonywa waziwazi dhidi ya majaribio yoyote ya kuingia bila idhini au kuingia JKIA kwani ni eneo lililolindwa chini ya sheria za Kenya.,Security
"EACC inahimiza Vyama vya Ushirika kwamba ili viendelee kuwa na faida kibiashara na biashara endelevu kwa ajili ya maendeleo ya kijamii na kiuchumi, lazima vikumbatie kanuni za utawala bora; zinazopatikana kupitia utoaji usio na ubinafsi, kukumbatia uadilifu, uwazi na uwajibikaji.",Governance
"Kutoa dawa za minyoo kwa watoto kila baada ya miezi sita huboresha ukuaji wao, viwango vya nishati, na utendaji wao shuleni.",Health
Boresha vifaa! Sakinisha mifumo ya maji safi shuleni.,Education
Himiza masomo ya ufundi stadi 2025.,Education
"Muhtasari wa kiasi ulielezea ratiba za maandamano, majeraha, vifo, kukamatwa, na matokeo ya kisheria ili kuainisha muktadha wa mwitikio wa serikali.",Security
Serikali ya Kaunti ya Kericho inawashauri wakazi wote kuendelea kuwa macho kutokana na mvua kubwa inayoendelea kunyesha kote kaunti.,Governance
"Mafunzo yaliyopanuliwa huko Kiambu yaliwaleta pamoja maafisa wa kaunti, vijana, vyombo vya habari, na asasi za kiraia ili kuimarisha mitandao ya kuzuia maambukizi ya virusi vya corona.",Security
Tuma TPAD ifikapo Juni 30 ili kuepuka ucheleweshaji.,Education
Fadhili programu za SNE 2023.,Education
"Wanafunzi wote wa TTC lazima wamalize moduli ya elimu ya uraia kabla ya kuhitimu ""agizo la KICD"".",Education
Tangazo la mpango wa upanuzi wa kutafuta chakula cha shule kutoka kwa wakulima wa eneo hilo huku ukijumuisha mazao yanayostahimili mabadiliko ya hali ya hewa.,Health
"Tahadhari ya kitaifa ilitolewa kuhusu ongezeko la ukosefu wa usalama, huku kukiwa na uhakikisho kwamba hatua za usalama zinaimarishwa katika kaunti zilizoathiriwa.",Security
"Ghorofa ya 4, Jengo la Benki ya Kilimo, 162 Independence Avenue, Wilaya ya Biashara ya Kati Abuja, Nigeria. aatf Simu: +234 9 4605480 ...Tazama zaidi",Agriculture
NACCSC ilianzisha mpango wa maadili na kupambana na ufisadi katika kaunti nzima.,Security
"Watoto wanakabiliwa na hatari mtandaoni. Wazazi wanapaswa kufuatilia matumizi, kutumia vidhibiti, na kuwafundisha tabia salama.",Security
Sakinisha umeme wa jua katika shule za mbali 2020.,Education
Shiriki katika mikutano ya mahakamani au vikao vya kiraia vinavyokuza kutovumilia kabisa ada za uwezeshaji,Security
Tangazo la kufungua maombi ya ruzuku kwa waajiri ili kuanzisha maeneo ya mazoezi ya viungo au mazoezi ya viungo kwa wafanyakazi.,Health
Usiache vyombo vya kupikia vikiwa vimefunikwa unapotumia mafuta ya kupikia.,Security
Epuka kujenga upya katika maeneo yanayokumbwa na maporomoko ya ardhi. Serikali inatoa ardhi mbadala kwa familia zilizoathiriwa.,Security
Wizara ya Afya yathibitisha chanjo za polio ni salama baada ya uchunguzi wa vifo vya watoto hivi karibuni,Health
Jifunze kutoka nyumbani! Pata majukwaa ya elimu mtandaoni kwa wanafunzi wa vijijini.,Education
"Watu 2,169 wamepatikana na virusi vya COVID-19 kutoka kwa sampuli 9,428, kiwango cha walioambukizwa kikiwa asilimia 23; Wizara ya Afya yasema hakuna kifo kilichorekodiwa",Health
Jifunze jinsi ya kupata huduma za ugani wa kilimo katika eneo lako kutoka kwa watoa huduma kama Maafisa wa Ugani wa Kaunti kwa ushauri na mafunzo.,Agriculture
Ripoti makosa ya mtihani kwa simu ya dharura ya KNEC 0800721490 wakati wa mitihani ya kitaifa.,Education
CBK inawakumbusha Wakenya kwamba benki halali hazifanyi matangazo kupitia visanduku vya barua pepe vya Facebook. Puuza jumbe zinazouliza maelezo ya akaunti ili 'kuamsha zawadi'.,Security
Kukuza elimu ya afya 2021.,Education
"Ushahidi unaonyesha kwamba wakulima waliowezeshwa na taarifa za kidijitali zenye ubora wa hali ya juu wataongeza mavuno, mapato, na ustahimilivu.",Agriculture
Zaidi ya wakulima 10000 wa familia huko Amerika Kusini hivi karibuni watapata suluhisho za kidijitali ili kushinda vikwazo wanavyokabiliana navyo katika kufikia masoko na ...,Agriculture
Wizara ya Maji inawahimiza raia kuripoti matukio yoyote ya ufisadi kwenye lango rasmi la serikali.,Governance
Mafunzo kuhusu uongozi 2023.,Education
"Sababu kuu za Kifua Kikuu ni pamoja na lishe duni, VVU, matatizo ya matumizi ya pombe, uvutaji sigara, na kisukari. Fahamu! Tunaweza kutokomeza Kifua Kikuu pamoja",Health
"Sehemu za kazi za serikali lazima zidumishe uvumilivu wowote kwa unyanyasaji kupitia mafunzo, uwajibikaji, na mifumo huru ya kuripoti.",Security
Wafundishe watoto jinsi ya kupiga simu kuomba msaada katika dharura (999 au 112).,Security
... upatikanaji wa soko ili kushughulikia upatikanaji wa chakula na uwezo wa kumudu gharama nafuu katika eneo hilo. Uzalishaji mdogo wa kilimo na masuala ya kiafya yanaibuka kuwa makubwa zaidi ...,Agriculture
Waziri wa Mambo ya Ndani afungua kituo kipya cha polisi cha Kasagam kinachoimarisha usalama na miundombinu ya COP huko Kisumu Mashariki,Security
Pakua karatasi za sampuli za KCSE kutoka kwa lango la KNEC.,Education
Majaribio yanayotegemea SMS yenye mandhari ya kiraia,Education
Tume inatoa wito kwa wagombea na umma kudumisha amani na utulivu wakati wa kampeni.,Governance
"Viazi vya mbegu vilivyoidhinishwa Vilivyopandwa Nakuru Kenya Hutumika kote Afrika Mashariki Mahindi yamekuwa zao kuu la Kenya kwa miongo kadhaa. Hata hivyo, pia yamekuwa chini ya tishio la mara kwa mara kutokana na magonjwa tangu wakati huo. Hili mara kwa mara limesababisha hasara kubwa ya mavuno na kuhatarisha usalama wa chakula nchini Kenya. Kwa hivyo, karibu mwaka wa 2008, mamlaka ya Kenya iliamua kutafuta mbadala wa utegemezi wake kwa mahindi na kuchagua viazi.",Agriculture
"Ubunifu, uwekezaji, na ushirikiano ni muhimu kwa teknolojia kuchukua jukumu muhimu katika kilimo. Upatikanaji wa teknolojia kwa wakulima wadogo ni ...",Agriculture
Hafla ya uzinduzi wa hadhara ilifanyika ili kutambulisha mpango wa MoreMilk2 unaolenga kuboresha utunzaji wa maziwa na upatikanaji wa soko katika kaunti muhimu zinazozalisha maziwa.,Health
Idara ya Jimbo imejitolea kutoa ruzuku kwa hifadhi inayotumia nishati ya jua kwa mazao yanayoharibika na yenye virutubisho vingi.,Health
Mkenya 1 kati ya 3 atapitia tatizo la afya ya akili wakati fulani. Tambua na uelewe dalili.,Health
Daima uwe na kizima-moto jikoni mwako na ujue jinsi ya kukitumia.,Security
Tumia minyororo ya usalama kwenye milango hata unapotarajia wageni.,Security
"Kamati ya Kitaifa ya Uratibu ikithibitisha ahadi za Kenya kuhusu mageuzi ya mfumo wa chakula, ufadhili wa lishe, na njia za ustawi.",Health
Wizi wa vifaa huathiri tija. Hakikisha vifaa na mashine zinapatikana na uripoti wizi mara moja.,Security
Weka njia za kutembea mbali na vikwazo ili kuzuia matembezi na kuanguka.,Security
Gavana Mutai aliwahakikishia wakazi kwamba hatua zimechukuliwa ili kuhakikisha mwendelezo wa huduma za afya.,Governance
"Hata hivyo, matumizi ya teknolojia ya kibayoteknolojia katika Kilimo yanaweza kubadilisha hali: matumizi ya teknolojia ya urekebishaji wa kijenetiki yanaweza kutumika kuendeleza.",Agriculture
Mafunzo kuhusu uendelevu 2024.,Education
"(Nairobi, Kenya, Mei 2024): Nchi za Afrika zimepewa changamoto ya kusukuma kwa ujasiri kupitishwa kwa sayansi ya kisasa katika kilimo na matumizi ya ...",Agriculture
NPS ilikanusha mabango mengi bandia yanayosambaa mtandaoni na kuwahimiza umma kuepuka kushiriki maudhui ambayo hayajathibitishwa.,Security
Utafiti huimarisha muundo na sera za programu kwa kutoa ushahidi kuhusu mikakati madhubuti ya kuzuia na kukabiliana na athari.,Security
Familia zilizoathiriwa na ukame zinaweza kupata chakula cha msaada cha serikali. Ripoti visa vya njaa kwa Mamlaka ya Kitaifa ya Usimamizi wa Ukame.,Security
Vikundi vya wakulima vinaweza kutekeleza mipango ya akiba ili kutoa mikopo ya ndani na kujenga ustahimilivu wa kifedha. Jifunze jinsi ya kuanzisha na kusimamia moja.,Agriculture
"WHO yaidhinisha chanjo ya pili ya malaria kwa watoto, kuwa na gharama ya chini ya Sh300",Health
Sherehe huku Kenya ikizidi lengo la WHO huku viwango vya unyonyeshaji pekee vikiongezeka zaidi ya 50%; ahadi imeongezwa ili kudumisha maboresho.,Health
"Usalama wa maziwa unahitaji usafi. Osha viwele, tumia vyombo safi, poza maziwa, na uyauze kwa wasindikaji walioidhinishwa pekee.",Security
"Lima mahindi pamoja na viazi vitamu (kilimo mseto) ili kuongeza matumizi ya ardhi, kupunguza wadudu, na kupanua mazao na mapato.",Agriculture
Lishe ya mama wakati wa ujauzito huathiri afya ya muda mrefu ya mtoto wake. Kula vyakula mbalimbali na vyenye lishe.,Health
Fanya tathmini za kusoma na kuandika 2020.,Education
Mradi huu unafanya kazi ya kutoa aina za mahindi zinazostahimili ukame na zinazolindwa na wadudu kwa wakulima wa Afrika.,Agriculture
"Sera na mafunzo mahali pa kazi huzuia unyanyasaji wa kijinsia kwa kuweka ufafanuzi ulio wazi, njia za kuripoti, uchunguzi, na huduma za usaidizi kulingana na mifumo ya kisheria ya kitaifa.",Security
"Serikali Yawahimiza Wastaafu Kujiandikisha kwenye Mtandao wa Kielektroniki ifikapo Mei 10 ili Kuepuka Kusimamishwa kwa Mishahara Kwa wastaafu wote wa serikali: Mnahimizwa kujiandikisha kwenye mfumo wa Kielektroniki wa Kiraia ifikapo tarehe ya mwisho iliyoongezwa ya Mei 10."" Isaac Mwaura Msemaji wa Serikali",Governance
"Wizara ya Afya yatuma wataalamu 10 wa Cuba katika kaunti za Kakamega, Siaya, Kisumu, Bungoma, Busia, Vihiga, Homa Bay na Migori katika mapambano dhidi ya malaria kwa njia za kibiolojia.",Health
MTRH yafanya upasuaji wake wa kwanza wa mionzi wa stereotactic kwa mgonjwa wa saratani ya ubongo,Health
Tume ya Utumishi wa Umma (PSC) imetangaza nafasi 86 za kazi kwa wataalamu wa Kenya chini ya Idara ya Mambo ya Nje na Diaspora.,Governance
Wizara ya Kilimo imetoa agizo linalowataka wakazi kuwasilisha maoni yao kuhusu.,Governance
Utayari wa maafa hupunguza hasara. Tambua njia za uokoaji na uhifadhi vifaa vya dharura.,Security
Ajentina inakuza mifumo ya ufugaji wa silvo ili kuboresha ustawi wa mifugo.,Agriculture
Tetea hatua kali zaidi za kupambana na rushwa ili kulinda haki za binadamu.,Security
Kilimo si tu mchangiaji wa mabadiliko ya tabianchi. Ni muhimu ... Teknolojia ya Dijitali na Kazi za Nyumbani huwasaidia wanawake wa vijijini nchini Guatemala kupona kutokana na ...,Agriculture
Panga siku za mwongozo wa kazi 2021.,Education
Saidia wahamaji! Fadhili programu kwa shule za wahamaji.,Education
"Uraibu wa dawa za kulevya au pombe unaweza kuzidisha hisia za kukata tamaa, kuzidisha hali ya afya ya akili, kudhoofisha uamuzi, na kuongeza hatari ya mawazo ya kujiua. Epuka dawa za kulevya na matumizi mabaya ya dawa za kulevya.",Health
Marufuku ya mikusanyiko yote ya umma yaongezwa hadi Mei 29 ili kupunguza kuenea kwa Covid-19.,Health
Serikali ya Kaunti ya Lamu Yaitaka Bodi ya Vinywaji Kuacha Kutoa Leseni katika Maeneo Yenye Hatari Kubwa.,Governance
Fadhili utafiti katika vyuo vikuu 2023.,Education
"Tunawashauri Wakenya kutoshiriki picha za vitambulisho vyao, NHIF au kadi za wapiga kura kwenye vikundi vya kazi vya Facebook. Maelezo haya yanakusanywa kwa ajili ya ulaghai.",Security
Hakutakuwa na watu wanaosafiri kwa ndege kutoka kaunti hadi Nairobi…Hakutakuwa na uwezo wa kuletwa Nairobi kwa matibabu kwani Nairobi yenyewe itakuwa tayari imezidiwa…Tunakoelekea hakutabiriki. Ni bora kuwa tayari kuliko kujuta.,Health
Kuripoti Darasa la 7 Januari 13: Leta cheti cha kuzaliwa pekee – hakuna orodha ya ununuzi inayoruhusiwa.,Education
EACC Yahimiza Kaunti Kuimarisha Mbinu za Kupambana na Ufisadi ili Kupambana na Ufisadi https://t.co/VmBOSZxrq2,Governance
Kukohoa kwa zaidi ya wiki mbili? Wanawake wajawazito wanapaswa kupimwa kifua kikuu mapema.,Health
"Kabla ya miezi 6, maziwa ya mama hutoa maji yote ambayo mtoto anahitaji.",Health
Uchambuzi wa matumizi ya mitandao ya kijamii ya polisi na mienendo ya uaminifu wa umma katika Kaunti ya Jiji la Nairobi,Security
Milango wazi! Wajumuishe wanafunzi wakimbizi katika shule za kitaifa.,Education
Mifumo ya Risiti za Ghalani (WRS) hukuruhusu kuhifadhi mazao na kutumia risiti kama dhamana ya mikopo. Jifunze jinsi WRS inavyofanya kazi kwa matunda.,Agriculture
Jifunze jinsi wakulima wanavyoweza kushiriki katika programu za mikopo ya kaboni kwa kutumia mbinu zinazotenga kaboni katika shamba la ng'ombe wa maziwa.,Agriculture
Mwongozo wa EU kuhusu hatua za kuzuia ukatili na kukabiliana na jinsia ndani ya mkakati wa kukabiliana na ugaidi.,Security
Fanya ukaguzi wa usawa 2023.,Education
"Serikali inawasihi wastaafu kujiandikisha ili kuepuka kusimamishwa kwa mishahara. Kwa wastaafu wote wa serikali, mnahimizwa kujiandikisha kwenye jukwaa la kielektroniki la Citizen ifikapo tarehe ya mwisho iliyoongezwa ya Mei 10, msemaji wa serikali alisema.",Governance
EACC huunda vilabu vya shule ili kukuza maadili ya kupambana na ufisadi.,Education
Wafunze raia kuhusu kupata hati za serikali.,Security
"Mbali na masuala ambayo tayari yanachunguzwa, EACC inamsihi mtu yeyote mwenye taarifa muhimu aturipoti haraka.",Governance
Njia tatu ambazo IFAD inaweza kusaidia kilimo cha kidijitali katika eneo la Asia-Pasifiki. Wakulima na biashara za kilimo katika eneo la Asia-Pasifiki wanazidi kupata ...,Agriculture
Kuunga mkono vyama vya walimu 2022.,Education
Kuandaa maonyesho ya sayansi kila mwaka 2022.,Education
"Jukwaa la umma huko Kakamega liliwawezesha raia kuripoti utovu wa nidhamu moja kwa moja kwa maafisa, na hivyo kuimarisha usimamizi wa jamii.",Security
Mashtaka ya hivi karibuni dhidi ya maafisa yanaonyesha kujitolea kwao kukabiliana na uhalifu wa kiuchumi.,Security
"Mbinu ya kilimo kinachozingatia mabadiliko ya tabianchi (CSA) inashughulikia kwa wakati mmoja usalama wa chakula na mabadiliko ya tabianchi, huku ikichangia katika kupunguza gesi chafuzi. FAO ...",Agriculture
Kamishna Msaidizi wa Kaunti Phebians Olungah aangazia Ahadi za Serikali kuhusu Elimu. Anawasihi Wakenya kuwa na mtazamo wa kweli kuhusu matarajio yao.,Governance
"Tunawahimiza wananchi kuunga mkono mapambano hayo kwa kutoa taarifa muhimu, NPS iliongeza.",Governance
Miongozo ya usalama kwa ajili ya kufungua tena shule 2021.,Education
Kilimo (UNDFF). Mashirika yanaweza kujiandikisha katika FO ... (3) kufanya mbinu za kilimo kidijitali zipatikane kwa wakulima wadogo na si tu viwanda vikubwa vya kilimo.,Agriculture
"Kaunti katika sehemu ya kaskazini mwa Kenya zinarekodi kiwango kikubwa cha malaria, hali ambayo inawatia wasiwasi wanasayansi, hasa kutokana na uvamizi wa aina mpya ya mbu nchini.",Health
Serikali yatoa wito wa kuvaa barakoa huku nchi ikipambana na wimbi la 6 la Covid-19,Health
Maoni na Maarifa. Kilimo cha kidijitali: ufunguo wa kuwasaidia wazalishaji wadogo kushinda changamoto za COVID-19 · Sauti za Vijijini. Kuendelea: Programu inayoungwa mkono na IFAD ...,Agriculture
Virutubisho vya chuma vya kila siku husaidia kuzuia upungufu wa damu wakati wa ujauzito na kuhakikisha ukuaji mzuri wa fetasi.,Health
Saidia programu za ustawi wa walimu 2021.,Education
Mkutano kuhusu Upishi Safi wa Kitaasisi.,Education
Dhana ya Kilimo Kinachozingatia Hali ya Hewa (CSA) imekuwa ikiwekwa kati ya sayansi na sera. CSA imeibua mjadala mkali katika ...,Agriculture
Kenya itarekebisha saa za kutotoka nje huko Turkana na Kainuk kutokana na usalama ulioimarishwa.,Security
Maafisa wa afya watuma ndege zisizo na rubani kupambana na malaria katika Kaunti ya Busia,Health
"Toleo la pili la Mkutano wa Afrika kuhusu Teknolojia ya Kilimo (ACAT) litafanyika Kigali, Rwanda kuanzia Juni 9-13, 2025.",Agriculture
"Shiriki katika kampeni na mafunzo ya usalama wa umma katika shule, masoko, na vituo vya usafiri",Security
Wanawake wana jukumu muhimu katika mnyororo wa thamani wa samaki. Jifunze kuhusu mipango na masoko maalum yanayounga mkono ushiriki na uwezeshaji wa wanawake.,Agriculture
Utambulisho wa chapa husaidia kutofautisha mboga zako. Jifunze jinsi ya kuunda utambulisho rahisi wa chapa na kuuza mboga zako kwa ufanisi.,Agriculture
"Shule zinazokabiliwa na mafuriko zinapata Ksh 10M kila moja kwa ajili ya mifereji ya maji ""kazi zinaanza Jumatatu!",Education
Punguza kasi karibu na shule wakati wa saa za kufungua na kufunga.,Security
Mpango wa Uadilifu wa Kenya unaweka ramani ya uboreshaji wa uwazi hadi 2028.,Security
Vilabu vyaandaa uchaguzi wa majaribio na mijadala,Education
Vikombe vya hedhi vya bure kwa wasichana milioni 1 wa shule 2020 vinavyokusanywa kutoka kituo cha afya wiki hii!,Education
"Wazazi lazima wawaandikishe wanafunzi wa Darasa la 6 kwa KPSEA ifikapo Februari 28, 2025.",Education
Boresha huduma za maktaba 2024.,Education
"Hifadhi maji shambani mwako kupitia mbinu kama vile matandazo, kuvuna maji ya mvua, na mazao yanayostahimili ukame kama vile mtama.",Agriculture
"Matumizi ya dawa za kulevya kwa muda mrefu yanaweza kuathiri utendaji kazi wa utambuzi kama vile kumbukumbu na kufanya maamuzi, ambayo yanaweza kuzidisha matatizo ya afya ya akili na kuathiri utendaji kazi wa kila siku.",Health
Shule salama! Jiandae kwa maporomoko ya ardhi katika maeneo yenye hatari kubwa.,Education
"Uchunguzi umebaini kuwa polisi wanajaribu kuripoti vibaya vifo vya waandamanaji kama ajali, na kuzua wasiwasi kuhusu kuficha kwa makusudi.",Security
"Inaangazia juhudi za kuongeza uelewa kuhusu usalama mtandaoni na usalama wa mtandao, ikisisitiza ulinzi wa watoto.",Security
"Amnesty Kenya iliwakumbusha maafisa kuheshimu haki za maandamano, kuwalinda madaktari na waandishi wa habari, na kuepuka kutumia nguvu kupita kiasi.",Security
Kituo cha Huduma cha Meru chazindua Wiki ya Huduma kwa Wateja: Umma umehimizwa kutafuta huduma mbalimbali za Serikali.,Governance
Lango la Lishe hufunua dashibodi za wakati halisi za viashiria vya ufuatiliaji chini ya KNAP na CNAP za kaunti.,Health
Kenya inaandaa mafunzo ya kikanda ili kuimarisha uwezo katika kupambana na ufadhili wa ugaidi kwa kushirikisha wataalamu kote Afrika.,Security
Kuwa mwangalifu kuhusu kushiriki taarifa binafsi kwenye simu.,Security
Akina mama wapya wanaweza kuanza mazoezi mepesi baada ya kushauriana na daktari wao ili kuboresha kupona na afya ya akili.,Health
"ETiMS ya KRA ni bure na inapatikana kwenye vifaa tofauti, na kurahisisha uhasibu bila kujali ukubwa wa biashara. Ili kujiandikisha, Jisajili kupitia *222# au Tembelea http://ecitizen.kra.go.ke #VukaeTiMS #KRAeTiMS AD",Governance
Daima angalia tarehe za mwisho wa matumizi ya bidhaa za chakula ili kuepuka sumu ya chakula.,Security
Huduma ya Polisi ya Kitaifa inawaonya wadau kuhusu kuboresha utoaji wa huduma na inawahimiza kuwa macho.,Governance
Uvaaji wa lazima wa barakoa katika maeneo ya umma na wazi sasa umeondolewa,Health
"Kisero Kennedy, Katibu Mkuu wa KeMUSA, anatoa wito kwa vijana wa Kenya kuandikisha wapiga kura kwa wingi.",Governance
Umma unahimizwa kuthibitisha ili kuwalinda raia.,Governance
Karibuni wakimbizi! Waandikishe watoto wakimbizi katika shule za mitaa.,Education
Kikohozi! Homa! Jasho la usiku! Maumivu ya kifua! Kupunguza uzito! Unaweza kuwa na TB. Upimaji na matibabu ni bure katika hospitali zote za umma! Pima leo!,Health
Uzinduzi wa mpango wa miaka minne wa kuboresha ubora wa maziwa katikati na magharibi mwa Kenya unaolenga wazalishaji wadogo.,Health
Ponyeni pamoja! Wafikieni washauri wa shule baada ya maandamano.,Education
Tahadhari ya ulaghai wa ufadhili wa masomo: Tuma maombi kupitia lango rasmi za kaunti pekee puuza matapeli wa WhatsApp.,Education
Vyuo vikuu vinashirikiana kutoa rasilimali za maktaba pepe zinazopatikana kwa wanafunzi wote waliojiandikisha.,Education
"Kambi ya bure ya marekebisho kwa watahiniwa 10,000 wa KCSE inaanza kesho — ' — "" jiandikishe sasa!",Education
Mradi wa PRAPS huko Sahel unakuza ufugaji endelevu kupitia afya bora ya mifugo na usimamizi wa malisho.,Agriculture
Mifumo ya ulinzi wa watoto lazima izuie unyanyasaji wa kingono na unyonyaji na kutoa msaada kamili kwa watoto walioathiriwa.,Security
Punguza ukubwa wa madarasa 2022.,Education
Mahakama imepokea malalamiko kuhusu wito bandia wa mahakama unaotumwa kupitia barua pepe. Wito haujawasilishwa kielektroniki au kupitia WhatsApp.,Security
"Tafuta kuhusu fursa za ufadhili, ruzuku, au mikopo yenye riba ya chini inayopatikana mahususi kwa vikundi vya wakulima vilivyosajiliwa.",Agriculture
Wote wanaweza kujifunza! Tumia braille na ramps kwa wanafunzi walemavu.,Education
Jua haki zako za kikatiba za kuandamana na kuzungumza kwa uhuru.,Security
Saidia elimu! Lipa karo za shule ili uendelee kujifunza.,Education
Raia wanashauriwa kuepuka kununua simu kutoka kwa watu wasio na mpangilio kwani Telko na Mashirika ya Usalama yanafuatilia vifaa vilivyoibiwa.,Security
"Katika saa 24 zilizopita tumewapima Wakenya zaidi ya 300, kati ya hao 22 wamepimwa na kukutwa na virusi vya covid-19 (wanaume 13, wanawake 9). Visa 21 kati ya 22 ni watu ambao kwa sasa wako karantini.",Health
Umoja wa Mataifa watoa wito wa uwajibikaji baada ya vifo vya waandamanaji.,Security
AATF (Wakfu wa Teknolojia ya Kilimo wa Afrika) ni shirika lisilo la faida la uhamishaji teknolojia barani Afrika linaloongozwa na wakulima katika Afrika Kusini mwa Jangwa la Sahara ...,Agriculture
"Mshahara wa walimu wa mafunzo ya ndani waongezeka hadi Ksh 50,000 kuanzia Januari TSC inathibitisha!",Education
Gharama ya upimaji unaolengwa wa Covid-19 na vituo vya karantini vya serikali italipwa na serikali kuanzia leo. Wakenya hawapaswi kuogopa kupimwa.,Health
"Serikali yazindua visima virefu huko Habaswein, kaunti ya Wajir. Katibu Mkuu Ronoh awahimiza wakazi kukumbatia kilimo cha umwagiliaji",Governance
[Lango la KUCCPS] Lango la KUCCPS litafunguliwa Machi 2025 kwa nafasi za chuo kikuu na uteuzi wa kozi kwa watahiniwa wa KCSE wa 2024,Education
"Tafuta kuhusu fursa za ufadhili, ruzuku, au mikopo yenye riba ya chini inayopatikana mahususi kwa vikundi vya maziwa vilivyosajiliwa.",Agriculture
Wazazi wamehimizwa kuwaandikisha watoto wote katika elimu ya msingi bila malipo kabla ya tarehe ya mwisho ya Januari 2025.,Education
Jisajili bila shida na ulipe ushiriki wa #EPC2024 kupitia jukwaa la e-CITIZEN la Bodi ya Wahandisi ya Kenya linalofaa kwa mtumiaji. Furahia urahisi na ufanisi unapojihakikishia nafasi yako katika tukio hili kuu la uhandisi. Ili kujiandikisha fuata kiungo hiki: https://t.co/NwCH9yDwTw #EPC2024 #EngineeringAt60,Governance
Waandishi wa habari kutoka kaunti nyingi walipata mafunzo kuhusu kuripoti kwa uwajibikaji kuhusu itikadi kali za kikatili ili kuzuia uchochezi na kupunguza madhara.,Security
Wakulima wanapaswa kutumia mazao yanayostahimili ukame na mbinu za kuhifadhi maji ili kupunguza mishtuko ya hali ya hewa.,Security
"Usimamizi mzuri wa viwavijeshi wa msimu wa vuli ni muhimu. Pata vidokezo kuhusu utambuzi, kinga, na njia salama za kudhibiti viazi vitamu vyako.",Agriculture
Tengeneza mpango wa biashara ulio wazi kwa ajili ya kitengo chako cha umwagiliaji au cha maziwa. Jifunze vipengele muhimu na jinsi vinavyosaidia katika kupata fedha.,Agriculture
Elimisha wanafunzi! Fundisha usalama wa maandamano shuleni.,Education
Kenya yazindua kituo cha mafunzo cha C-IED ili kuwafunza wafanyakazi wa usalama.,Security
"kutokana na hali nzuri ya hewa, ruzuku za serikali, na uboreshaji wa upatikanaji wa soko la bidhaa za kilimo. Mchango wa sekta hii ni ...",Agriculture
"Hakikisha wafanyakazi wanafahamu rasilimali zinazopatikana kwao, kama vile Programu za Usaidizi kwa Wafanyakazi (EAPs), simu za dharura za afya ya akili, au huduma za ushauri nasaha.",Health
"Kutumia ishara rahisi za mikono huwasaidia watoto kueleza mahitaji yao mapema, na hivyo kupunguza kuchanganyikiwa kwa mlezi na mtoto.",Health
"Shule salama! Jamii, linda shule dhidi ya ujambazi.",Education
Kuwafunza waandishi wa habari kuhusu kuripoti bila upendeleo; kudumisha uadilifu wa vyombo vya habari.,Security
Utafiti wa Chuo Kikuu cha Nairobi unaonyesha uhusiano mzuri kati ya mikakati ya COP na upunguzaji wa uhalifu katika Kaunti Ndogo ya Machakos,Security
"Mafunzo ya kikanda ya siku tano yalilenga kujitenga, kupunguza itikadi kali, na kuwaunganisha tena na jamii kwa wafanyakazi wa usalama kote Afrika Mashariki.",Security
Kichocheo cha chanjo dhidi ya surua: Kichocheo cha chanjo kitalenga watoto wenye umri kati ya miezi 9-18,Health
"Shinikiza Usajili wa SHA Mwakilishi wa Wanawake wa kaunti ya Nairobi Esther Passaris, anawasihi Wakenya kujiandikisha kwa SHA ili kurahisisha upatikanaji wa huduma za afya za serikali.",Governance
"Kusitishwa kwa misaada ya kigeni na serikali ya Marekani, hasa kupitia USAid, kumesababisha usumbufu mkubwa katika sekta ya afya ya Kenya, hasa katika programu za VVU, malaria, na kifua kikuu ambazo hutegemea sana msaada wa wafadhili.",Health
"Mbinu zinazozingatia walionusurika zinaunga mkono usalama, heshima, na uhuru katika maamuzi yote kuhusu kuripoti na matumizi ya huduma.",Security
"Tia nguvu mwili wako, lisha akili yako! Kile unachokula, jinsi unavyotembea, na kile unachoepuka huunda moja kwa moja afya yako ya akili. Chagua kula safi, endelea kufanya mazoezi, na useme HAPANA kwa vitu vyenye madhara. Utu wako wa baadaye utakushukuru!",Health
"Kwa hivyo, Mamlaka inawahimiza wananchi kuripoti visa vyote vya rushwa wanavyokabiliana navyo katika Mamlaka kwa kutumia njia zifuatazo; i.",Governance
Kuchukua dawa za mitishamba au zilizoagizwa bila agizo la daktari wakati wa ujauzito kunaweza kuwa hatari.,Health
Kutangaza uzinduzi wa mradi wa kaunti nyingi ili kuimarisha upatikanaji wa chakula chenye lishe wakati wa mishtuko na migogoro.,Health
"Usimamizi wa bustani na mashamba unaozingatia hali ya hewa unahusisha matumizi bora ya maji na nishati kwa shughuli za ufugaji, na usafiri na ...",Agriculture
Jenga mabweni ya shule za bweni 2022.,Education
Kufikia miezi 3 iliyopita wanawake wa Kitanzania walioolewa na Wakenya sasa wanapokea vitambulisho vya taifa Serikali imeanza mchakato wa kuwaandikisha wanawake wa Kitanzania walioolewa na wanaume wa Kenya katika Kaunti ya Taita Taveta.,Governance
"Kamati ya Uhusiano ya Vyama vya Siasa yaiunga mkono IEBC, yahimiza Jenerali Z kujiandikisha kama wapiga kura",Governance
"Kutangaza elimu ya lishe na nyongeza ya kila wiki ya asidi ya chuma-foliki inayotolewa kwa vijana kote Busia, Kitui na Nakuru.",Health
"Pata elimu na mafunzo husika. b. Kuwa na ... uzalishaji wa kilimo. o Vifaa vya kilimo vilivyopo vya usaidizi k.m. maabara za udongo, soko halisi ...",Agriculture
"Shule zote lazima zifanye mazoezi ya kuzima moto kabla ya Desemba 20 ""hakuna visingizio!"" Hakuna visingizio!",Education
"Aaroncheruiyot anaunga mkono hoja kuhusu Ripoti ya Kamati ya Upatanishi kuhusu Muswada wa Mgogoro wa Maslahi, akisema ilikuwa ni kitendawili kinachokosekana katika mapambano dhidi ya ufisadi, kama ilivyobainishwa na EACC. Anahimiza EACC kuchukua hatua na kuifanya Kenya isiwe na ufisadi.",Governance
Chapisha ripoti za kila mwaka za 2022.,Education
"Mkazo ulikuwa katika sera za kilimo, usalama wa chakula, upatikanaji wa pembejeo na masoko ya bidhaa, viwanda, biashara ndogo na ndogo na za kikanda na ...",Agriculture
"Tangazo la uzinduzi wa kampeni ya ""INATOSHA"" ambayo inalenga kukomesha njaa ya watoto kwa kupanua milo shuleni, kilimo kinachozingatia hali ya hewa, na utetezi wa lishe.",Health
"Maonyesho yalionyesha ushahidi wa picha za ukatili wa maandamano na mikusanyiko ya watu wengi, yakionyesha jinsi serikali ilivyojibu machafuko ya raia.",Security
Wanafunzi wenye mahitaji maalum wanapata vifaa vya usaidizi bila malipo ambavyo – hukusanywa kutoka ofisi ya kaunti!,Education
Wakazi wauliza maswali kuhusu haki za kikatiba,Education
"Kuimarika kwa afya ya akili nchini Kenya: Washauri 32 wahitimu huko Thika ili kukabiliana na mfadhaiko, kiwewe, na matumizi mabaya ya dawa za kulevya. Mkurugenzi wa Chuo cha Africana Dkt. Susan Gitau anahimiza serikali kufadhili vituo vya ushauri nasaha vya ngazi ya kaunti ili kupanua ufikiaji wa usaidizi wa kisaikolojia unaookoa uhai.",Governance
Kaunti zilizo kando ya mpaka wa Somalia zinakabiliwa na vitisho vya ugaidi vilivyoongezeka na usafiri muhimu pekee unashauriwa.,Security
Baadhi ya dawa zinazouzwa bila agizo la daktari zinaweza kumdhuru mtoto wako ambaye hajazaliwa. Daima wasiliana na mfanyakazi wa afya.,Health
"kuongeza tija ya kilimo kupitia kuongeza thamani, kuongeza upatikanaji wa soko na utumiaji wa teknolojia; kutumia uwezo wa umwagiliaji; kuongezeka ...",Agriculture
Uwepo wa polisi na vizuizi vya barabarani vimewekwa Machakos kabla ya maandamano ya Nane Nane yanayoendeshwa na vijana kama sehemu ya utayari wa COP na usimamizi wa umati,Security
Umma umearifiwa kuhusu shambulio la Al-Shabaab huko Garissa na kuhimizwa kuwa macho huku usalama ukiimarishwa.,Security
IEBC inawahimiza wananchi kuwasilisha maoni yao ili kuboresha utoaji wa huduma.,Governance
"Familia zinahimizwa kutambua njia za usafiri wa dharura mapema, iwapo uchungu wa kujifungua utaanza bila kutarajia. Kuchelewa kufika hospitalini kunaweza kusababisha matatizo.",Health
Shambulio la DusitD2 linasisitiza umuhimu wa kujua njia za kutokea na taratibu za dharura katika hoteli na majengo ya ofisi.,Security
Unganisha wote! Wasaidie wanafunzi wakimbizi katika shule za mitaa.,Education
Saidia programu za kusoma na kuandika za watu wazima 2025.,Education
Viazi vya mbegu vilivyothibitishwa Vilivyopandwa Nakuru Kenya Vinavyotumika kote Afrika Mashariki Mbinu yetu imetengenezwa kwa ajili ya wakulima wa viazi wa ukubwa wote na inalenga kupata faida zaidi kupitia matumizi ya viazi vya mbegu vyenye afya na mavuno mengi na kutumia mbinu nzuri za kilimo zinazozingatia mahitaji ya kila siku.,Agriculture
"AATF itatumia shughuli zake za maarifa, kimyakimya na wazi2 ili kuinua hadhi ya jukumu la sayansi, teknolojia, na uvumbuzi katika kilimo cha Afrika.",Agriculture
Fadhili vifaa vya maabara 2023.,Education
Heshimu walimu bora 2025.,Education
"Mitihani ya CBC jumuishi: Karatasi za Braille na lugha ya ishara tayari ""kukusanywa kutoka KNEC!",Education
Wizara ya Mambo ya Ndani ilishauri uhamishaji katika maeneo yanayokumbwa na migogoro na mafuriko na kupeleka timu za kukabiliana na dharura.,Security
Amri ya kutotoka nje iliyorekebishwa Turkana inalenga kudumisha amani.,Security
Viongozi wa kisiasa wanaoshirikiana na serikali pana waliwahimiza raia kuepuka siasa zinazowagawanya wapinzani.,Governance
Kijitabu cha Takwimu za Elimu ya Msingi 2020 kimetolewa.,Education
"Safisha shule, wanafunzi wenye afya njema! Dumisha usafi wa mazingira ili kuzuia kipindupindu.",Education
Epuka ajali katika maegesho yenye watu wengi; endelea kuwa macho.,Security
"Kenya yathibitisha visa vitatu vipya vya Mpox kutoka kaunti za Nairobi, Nakuru na Mombasa, hii inafikisha jumla ya visa 17, Waziri wa Afya Barasa anasema.",Health
CBK inafahamu kuhusu programu za simu zinazotoza ada za 'kibali cha CRB' mapema. Maombi ya CRB yanashughulikiwa kupitia ofisi zenye leseni pekee.,Security
"Teknolojia za TEHAMA na teknolojia za kidijitali pia huchangia katika matumizi mengi ambayo yanaweza kuwaruhusu wakulima kufikia wenzao, wanunuzi na wauzaji watarajiwa, ustawi ...",Agriculture
Ofisi ya Rais inawahimiza wananchi kufuata miongozo ya kuimarisha utawala.,Governance
Fanya ukaguzi wa usalama katika shule za bweni ifikapo Septemba 30.,Education
Mradi unaonyesha mapambano ya elimu na matumaini kwa wasichana wa vijijini.,Education
"Shule zitafunguliwa tena baada ya kufungwa kwa COVID-19 kwa Darasa la 4, 8, na kidato cha 4.",Education
Wakazi wa Kiambu wahimizwa kuchukua vitambulisho vyao vya kitambulisho,Governance
"Usajili Endelevu wa Wapiga Kura (CVR) utaanza tena Jumatatu, tarehe 29 Septemba, 2025.",Governance
Ushughulikiaji mbaya husababisha msongo wa mawazo na majeraha. Tumia sakafu zisizoteleza na vifaa sahihi vya kuzuia.,Security
"Mashamba ya utafiti yanahitaji ulinzi mkali. Tumia CCTV, ufikiaji unaodhibitiwa, na doria.",Security
Taasisi za kidini zinaathiri kanuni za jamii. Mafunzo na ushauri nasaha wa makasisi huunga mkono mazingira salama na yenye usawa.,Security
"Wizara ya Afya inasema Kenya yapokea dozi 10,700 za chanjo ya Mpox ili kupunguza kuenea kwa ugonjwa huo; visa 67 vimethibitishwa tangu Julai 2024.",Health
(v) kuboresha upatikanaji wa soko kwa wakulima wadogo kupitia usimamizi bora wa mnyororo wa ugavi. Maono yanalenga kuongeza thamani kwa mazao yetu ya shambani na mifugo.,Agriculture
"Kwa hivyo, hatua hii ni sehemu ya zoezi la usafi wa jiji lote ambalo, hadi sasa, limejumuisha maagizo yanayowataka wachuuzi kuondoka katika baadhi ya mitaa ya CBD na wamiliki wa biashara katika CBD ili kuweka majengo yao safi na kuepuka mifumo ya kelele kuwasumbua umma, miongoni mwa mengine.",Governance
"Wasiliana na huduma za dharura kupitia: Polisi (999), DCI (0800 722 203).",Security
Zaidi ya wanafunzi milioni 2 watapata vitabu vya kiada bila malipo Januari 6 – hakuna ununuzi unaoruhusiwa!,Education
Wazee wanahitaji mipango maalum ya uokoaji. Tambua walezi na makazi yanayoweza kufikiwa mapema.,Security
Ukaguzi ulifichua matumizi mabaya ya fedha za umma katika shughuli za polisi na kusababisha wito wa uwazi wa kifedha na mageuzi ya ununuzi.,Security
Utafiti unaoonyesha jinsi ushirikiano wa jamii ya polisi ulivyochangia kupunguza uhalifu katika Kaunti Ndogo ya Machakos,Security
CSA inatafuta kutambua na kuendeleza mikakati na desturi zilizorekebishwa ndani ya nchi ambazo zinaboresha mifumo ya uzalishaji na msingi wake wa maliasili na kwa njia endelevu ...,Agriculture
Huduma za ugani kutoa warsha za uelewa wa kidijitali kwa wakulima huko Bungoma.,Agriculture
Serikali yatoa ushauri kuhusu ubora wa chakula cha mifugo ili kuzuia uchafuzi wa sumu ya aflatoxin.,Agriculture
Kenya inakuza programu za kuzuia magonjwa ya mifugo.,Agriculture
"Picha Ubalozi Mkuu wa Kenya Tume hiyo iliwahimiza Wakenya kuendelea na shughuli zao halali za kila siku bila woga, ikibainisha kuwa hakuna tukio lolote lililowalenga raia wa Kenya lililoripotiwa hadi sasa.",Governance
"upatikanaji na usaidizi wa soko la kilimo katika programu za bima ya kilimo. Katika ngazi ya kaunti, vipaumbele vya muda wa kati vinazingatiwa ili kusaidia ...",Agriculture
Jaribu na ujifunze! Panga shule na maabara za sayansi.,Education
"Anza au uboreshe ufugaji wako wa nyuki. Jifunze kuhusu usimamizi wa mizinga, afya ya koloni, uvunaji wa asali, na uuzaji wa bidhaa za nyuki.",Agriculture
Mashindano ya upishi wa jamii huinua vyakula vyenye lishe vya asili na ujuzi wa lishe ya nyumbani.,Health
Kulala chini ya vyandarua vilivyotibiwa dawa za kuua wadudu huwalinda akina mama wajawazito na watoto wao ambao hawajazaliwa kutokana na malaria.,Health
"Mamlaka inahimiza makampuni yanayotaka kujihusisha na huduma za vifurushi na usafirishaji wa mizigo kuomba leseni zinazohitajika kutoka ofisi zetu jijini Nairobi, Kisumu, Eldoret, Nyeri na Mombasa na inawaonya wananchi kutafuta huduma za vifurushi na usafirishaji wa mizigo kutoka kwa watoa huduma walio na leseni za CA pekee.",Governance
Mkakati wa Kitaifa wa Usalama wa Mtandaoni ulichapisha ukielezea mipango ya kulinda miundombinu ya kidijitali.,Security
"Tumia mbinu ya 'Afya Moja' ukitambua uhusiano kati ya afya ya binadamu, wanyama, na mazingira katika kudhibiti magonjwa yanayosababishwa na chakula.",Agriculture
Panua vituo vya TVET 2024.,Education
Ushauri wa serikali kuhusu ufuatiliaji wa wadudu ili kudhibiti viwavi jeshi vya kuanguka.,Agriculture
"Jinsi tunavyosaidia kuboresha upatikanaji wa huduma za afya ya ngono Tunasukuma ushiriki wa kisiasa Tunawasaidia wanawake kupiga kura na kushiriki katika siasa kwa kushirikiana na serikali, vikundi vya jamii na vyama vya ndani.",Governance
"Hakikisha usalama! Shule, zuia hatari za usafirishaji haramu.",Education
"Weka hati za usajili wa gari na bima salama, si kwenye sehemu ya glavu.",Security
"Waziri wa Baraza la Mawaziri pia aliwataka wadau, hasa vyombo vya habari, kuchukua jukumu kubwa katika kuelimisha umma kuhusu hatari zinazohusiana na kujihusisha na biashara ya SACCO na vyombo visivyo na leseni, haswa vile vinavyofanana na mipango ya piramidi.",Governance
Muhtasari wa agizo la Kitengo cha Polisi cha Kupambana na Ugaidi la kuzuia kugundua na kuchunguza ugaidi kupitia ushirikiano na ufikiaji.,Security
Kuwa mwangalifu na wageni wanaokuomba kutumia simu yako kwa 'dharura'.,Security
Jukwaa la polisi jamii la Mombasa laitishwa na KEPSSI na viongozi wa eneo hilo ili kukabiliana na magenge ya vijana huko Likoni,Security
Tafadhali jisikie huru kuripoti visa vyovyote vya kughushi au ufisadi kupitia barua pepe report@integrity.go.ke au piga simu 1551.,Governance
Fanya mikutano ya wazazi na walimu mara mbili kwa mwaka.,Education
Maeneo ya uchimbaji madini yanahitaji sera kali na hatua za usalama ili kuzuia unyanyasaji na unyonyaji.,Security
Hazina ya Kitaifa inawasihi wananchi kuendelea kuwa macho ili kuhakikisha usalama wa umma.,Governance
Kampeni ya kitaifa ya kuhamasisha umma kuripoti shughuli zinazotiliwa shaka ili kuzuia uhalifu unaohusiana na ugaidi.,Security
Wasaidie wajitolea wa afya ya jamii ili kuhakikisha upatikanaji wa huduma vijijini.,Security
"Wizara ya Afya pia ilisema kampeni ya usambazaji wa vyandarua kwa wingi ya 2023/2024 ilizinduliwa katika Kaunti ya Homa Bay mnamo Novemba 15, 2023, huku vyandarua 830,862 vikisambazwa, vikijumuisha asilimia 91 ya kaya zilizosajiliwa.",Health
"Kilifi Yakataa Mradi wa Nyuklia Viongozi wa Kilifi wamepinga kwa kauli moja pendekezo la mtambo wa nyuklia wa Uyombo wenye thamani ya mabilioni ya shilingi, wakitaja hatari za kimazingira kwa jamii za wenyeji.",Governance
Mafunzo kuhusu maandalizi ya majanga shuleni 2020.,Education
NPS ilirudia mwongozo kwa maafisa kutumia nguvu sawia wakati wa maandamano na kuweka kipaumbele katika ushiriki wa amani.,Security
"Kupumua haraka, kuvuta kifua, au kukohoa kunaweza kuashiria nimonia. Mpeleke mtoto kliniki.",Health
"Ili kuhakikisha usalama wa umma wakati wa ukarabati, Serikali ya Kaunti imetoa agizo wazi: Wananchi wameagizwa kukaa angalau mita 30 kutoka eneo la hospitali.",Governance
Shule zote zapata Ksh 5M kwa ajili ya ukuta wa mzunguko + lango – kazi zinaanza Januari!,Education
"Wananchi wanashauriwa kujiendesha kwa njia halali. Vitendo vyote vya hujuma, wizi na uchochezi vitachukuliwa hatua.",Security
Fikia EduTV kupitia Kenya Education Cloud kila siku.,Education
Weka nambari za dharura zikionekana nyumbani kwako na mahali pako pa kazi.,Security
IEBCKenya inawasihi raia ambao hawajajiandikisha lakini wanastahili kutumia fursa ya wiki hii iliyopita kujiandikisha kama wapiga kura,Governance
Chagua vitu vya kuchezea ambavyo ni salama na vinafaa kwa umri wa mtoto wako ili kuzuia kusongwa na kuumia.,Health
Tathmini matokeo ya ufundi 2025.,Education
Shule za Garissa hupokea ulinzi wa silaha baada ya shambulio.,Security
EACC yahimiza kaunti kuimarisha hatua na ulinzi dhidi ya ufisadi https://t.co/ZCAhESe8wb,Governance
Shiriki katika programu za jamii zinazoondoa ufisadi kimfumo na kujenga upya uaminifu wa umma,Security
Uchambuzi wa kila mwaka hupitia mitindo ya ugaidi na kuwashauri wakazi na wasafiri kuhusu usalama.,Security
"Milioni 750 za mali za eneo la mradi wa Bwawa la Thiba zakabidhiwa kwa Serikali ya Kaunti ya Kirinyaga huku Waiguru akiahidi kulibadilisha kuwa hospitali Waiguru aiunga mkono Serikali ya Rais Ruto, awasihi wakazi kupinga viongozi wa mgawanyiko Sagana Industrial City ili kuwasaidia wakulima, kuunda ajira 150,000, Waiguru anasema huku Ruto akiahidi kuingiza Ksh.",Governance
Hakikisha njia za ulemavu 2020.,Education
Panua elimu ya awali 2022.,Education
Kampeni ya kukomesha unyanyapaa dhidi ya wagonjwa wa afya ya akili.,Security
"Nafasi 2,014 za kudumu na za kustaafu kwa walimu wa shule za upili.",Education
Ongeza STEM! Kukuza sayansi na teknolojia shuleni.,Education
"KIFUNGU CHA 19 kinalaani matumizi ya vurugu na vitisho kwa maafisa wa Kenya dhidi ya wanafunzi, umma, na waandishi wa habari.",Governance
"Kufikia siku 2 zilizopita EU inawasihi mamlaka za Tanzania kujizuia kutokana na machafuko ya baada ya uchaguzi. Ubalozi Mkuu wa Uingereza nchini Tanzania unashauri dhidi ya safari zote isipokuwa muhimu kwenda nchini humo, unataja usumbufu na machafuko kufuatia uchaguzi wa Oktoba 29.",Governance
Jiunge na matukio ya uhamasishaji umma yanayosisitiza athari za ufisadi kwa utu wa binadamu,Security
"Hakuna mwanafunzi atakayefungiwa nje kwa kukosa sare za shule, ""wakuu wa shule walionya!",Education
"Kuongeza uelewa kuhusu unyanyasaji mahali pa kazi, haki za binadamu, na majukumu ya kiraia.",Security
Mkakati wa Kenya wa kupunguza itikadi kali na kuzuia itikadi kali kupitia ushiriki wa jamii na majibu ya mashirika mengi.,Security
Jenga kwa usalama! Sakinisha miundo ya shule inayostahimili mafuriko.,Education
Tatua migogoro kwa amani! Ripoti malalamiko kwa bodi za shule.,Education
"Mitandao ya usaidizi wa jamii huwasaidia waathirika kwa kutoa nafasi salama, watu wa kujitolea waliofunzwa, programu za uwezeshaji, na marejeleo yaliyoratibiwa huku ikipa kipaumbele usalama na usiri.",Security
Amri ya kutotoka nje ya nchi nzima kuanzia jioni hadi alfajiri yaongezwa kwa siku 21 ili kupunguza kuenea kwa Covid-19,Health
"Kadiri vijana wanavyokua ndivyo mtaji unavyoongezeka, ikijumuisha maarifa na ujuzi wa uzalishaji wa mifugo, upatikanaji wa soko la mitaji na mifugo ...",Agriculture
Tumia kalenda au programu ya ukumbusho ili kufuatilia miadi na dawa za ANC.,Health
Mamlaka sasa zinawaomba wananchi kuunga mkono juhudi zinazoendelea za kupambana na uhalifu kwa kushiriki taarifa ambazo zinaweza kusaidia uchunguzi.,Governance
"Zaidi ya hayo, teknolojia zinazoongeza mavuno ya kilimo kama vile aina za mazao zinazozingatia hali ya hewa na mifugo inayoweza kubadilika; zinazoongeza ustahimilivu ...",Agriculture
"Kenya yazindua mpango wa chanjo ya mifugo kitaifa ili kupambana na magonjwa kama vile ugonjwa wa miguu na midomo, na kuimarisha afya ya wanyama na usafirishaji wa nyama nje ya nchi.",Agriculture
Maeneo ya Marsabit chini ya tamko la usalama; zingatia sheria.,Security
Mwongozo umetolewa kuhusu jinsi ya kuwasilisha malalamiko ya utovu wa nidhamu wa polisi na haki za walalamikaji.,Security
Timu ya mashirika mengi hufuatilia usalama wa shule wakati wa mitihani ya KCSE.,Education
"Huduma ya basi la shule bila malipo kwa wanafunzi 500,000 wa vijijini inaanza Januari!",Education
"Usalama ulioimarishwa kwa mitihani ya 2025: karatasi za kibinafsi, hakuna simu.",Education
Umma unaonywa dhidi ya kujihusisha na matapeli wanaodai kuuza karatasi halisi za mitihani kwani mitihani yote rasmi inasimamiwa kwa usalama na kulindwa na hatua kali za uadilifu.,Governance
Jamii za pwani zinapaswa kutambua ishara za onyo la tsunami (maji yanapungua) na kuhamia kwenye ardhi ya juu mara moja.,Security
Mtihani wa elimu ya uraia Desemba 10 – pakua karatasi ya zamani kutoka KNEC sasa!,Education
"Kilimo kinachozingatia mabadiliko ya tabianchi kinahitaji kuingizwa katika sera kuu za serikali, matumizi na mifumo ya mipango. Ili sera za CSA ziwe na ufanisi lazima ...",Agriculture
Katibu Mkuu wa Wizara ya Mambo ya Nje pamoja na Katibu Mkuu wa Ugatuzi Julius Korir na Katibu Mkuu wa Mipango Saitoti Torome walitembelea mradi wa maji wa Kiptogot Kolongolo katika Kaunti ya Transnzoia.,Governance
Inaonyesha michezo ya katuni za kiraia na maadili,Education
CDC yazindua kampeni ya kuhimiza usafi wa mikono ili kuzuia kuenea kwa magonjwa.,Health
Mkuu mpya wa polisi jamii Judy Jebet ateuliwa kuongoza juhudi za COP katika Kaunti ya Nairobi,Security
Maoni na Ufahamu wa Hivi Karibuni. Maoni na Ufahamu. Kuchunguza juhudi za kilimo cha kidijitali za IFAD katika eneo la Asia-Pasifiki. Kilimo cha kidijitali ni ...,Agriculture
Kuelimisha kuhusu matokeo ya kisheria ya uchochezi wa kikabila.,Security
Ndoa za utotoni hudhuru afya na mustakabali wa watoto. Jamii lazima ziripoti visa na kuunga mkono elimu ya wasichana.,Security
Waonye madereva kuhusu hatari za kuingiliana kati ya magari; kuwa macho.,Security
Waajiri wanapaswa kutoa mapumziko ya kunyonyesha na nafasi ili kusaidia afya ya mama na mtoto.,Health
Kukuza elimu ya mazingira katika mtaala.,Education
Kenya inaboresha mifumo ya ufuatiliaji wa magonjwa kwa ajili ya kugundua mapema magonjwa ya mifugo.,Agriculture
"Kamishna Francis Wanderi anahimiza vyombo vya habari, kwa roho ya uwazi, kutuma wafanyakazi katika vituo vyote vya kupigia kura kuripoti matokeo kama yalivyotangazwa na Wasimamizi na Maafisa wa Kurudi.",Governance
KICD inahimiza shule kukumbatia mifumo ya kujifunza mtandaoni ili kuhakikisha mwendelezo wa kujifunza wakati wa dharura zisizotarajiwa.,Education
Kuwa na rangi ya njano kwenye ngozi na macho kwa watoto wachanga kunapaswa kuchunguzwa na mfanyakazi wa afya. Homa kali ya manjano inaweza kuathiri ukuaji wa ubongo.,Health
WHO yaonya kuhusu mlipuko wa virusi; fuata ushauri wa usalama.,Security
Wasaidieni wanafunzi! Lipa ada ili kusaidia shughuli za shule.,Education
Tangazo kuhusu usambazaji wa dawa za mifugo kwa ajili ya kudhibiti magonjwa ya mifugo.,Agriculture
Mnamo mwaka wa 2015 alianzisha kwa pamoja Kilimo cha Precision for Development (PAD) ili kuanzilishia kilimo cha kidijitali kwa kiwango kikubwa na kuendeleza uvumbuzi na utafiti katika sekta hiyo ...,Agriculture
Maeneo yenye watalii wengi wakati mwingine huwanyanyasa watoto kwa ajili ya uchungu wa uzazi au ngono. Ripoti visa kama hivyo kwa Mamlaka ya Udhibiti wa Utalii.,Security
Kenya inakabiliwa na mgogoro huku amri ya Trump ikipunguza usambazaji wa dawa za HIV na malaria,Health
Hakikisha kufuata mwongozo wa usalama wa shule wa 2008.,Education
"Hivi karibuni tutaanzisha programu ya simu ambayo inaruhusu raia kuripoti matukio, hasa matukio yanayohusiana na barabara, moja kwa moja mtandaoni,"" alisema.",Governance
Punguza vikwazo! Omba ruzuku ya ada ya serikali kwa familia zenye kipato cha chini.,Education
Tetea huduma bora ya afya ya akili katika vituo vya kurekebisha tabia.,Security
Wizara ya Mambo ya Ndani inatoa wito kwa raia kutoa maoni yao kuhusu kuimarisha utawala.,Governance
Saidia mifumo ya kujifunza mtandaoni 2021.,Education
Kaunti za pwani zinashauriwa kuwa macho kuhusu shughuli za magenge.,Security
"Idara ya Met yaonya Wakenya kujiandaa kwa mvua kubwa, usiku wa baridi chini ya nyuzi joto 10 Kenya miezi 7 iliyopita na Didacus Malowa Wakenya wanapaswa kujiandaa kwa kipindi kirefu cha mvua kubwa na usiku wa baridi kali, huku halijoto ikitarajiwa kushuka chini ya nyuzi joto 10 katika baadhi ya maeneo.",Governance
Kampeni inayoongozwa na GAIN huko Mombasa ambayo inaboresha upatikanaji wa matunda na mboga za bei nafuu katika maeneo ya soko la mijini.,Health
Idara ya Jimbo ikithibitisha upanuzi wa maabara ili kutekeleza uimarishaji na uainishaji wa virutubisho katika masoko makubwa ya chakula.,Health
Akina mama vijana wako katika hatari kubwa ya kupata matatizo. Wahimize wasichana wadogo kuendelea na shule na kuchelewesha ujauzito.,Health
Serikali ilitoa taarifa mpya kuhusu shughuli za kupambana na majambazi za North Rift na kuthibitisha tena kujitolea kwa usalama.,Security
Elimisha wanafunzi! Fundisha usalama wa mafuriko shuleni.,Education
Vituo vya elimu ya watu wazima vitafunguliwa tena Januari 13 jiandikishe bure katika shule yoyote ya msingi ya umma.,Education
Kuokoa Misitu ya Marsabit: Hatua zilizozinduliwa kulinda misitu na vyanzo vya maji katika kaunti Wadau wahimizwa kuhamasisha wakazi kusaidia kupambana na uharibifu Wakazi wahimizwa kupanda miti ili kulinda maeneo ya vyanzo vya maji,Governance
Serikali yaanzisha miongozo ya bei nzuri kwa masoko ya mazao mabichi.,Agriculture
Wasanii wanaonyesha hadithi za haki ya kiraia,Education
Wanasayansi wamegundua kwamba aina ya mbu inayolaumiwa kwa maambukizi ya malaria mashariki na kusini mwa Afrika imekua na upinzani dhidi ya dawa ya kuua wadudu ambayo imekuwa ikitumika kwa muda mrefu katika eneo hilo.,Health
"Vikundi vya kujisaidia huko Thika, kaunti ya Kiambu vimepokea vinu vya posho kutoka kwa wasamaria wema kwa ushirikiano na viongozi wa eneo hilo. Hii ilikuwa katika juhudi za kusaidia vikundi vya makundi vinavyojumuisha vijana na wanawake kuanza kupata mapato. #NTVAtOne",Governance
Karibu sana katika Kituo cha Uadilifu au ofisi yoyote ya mkoa wetu. Unaweza kutembelea ili kuripoti ufisadi au kushiriki maarifa kuhusu jinsi tunavyoweza kupambana na ufisadi.,Governance
Kipaumbele cha ufadhili wa masomo kwa wanafunzi wa TVET wenye uhitaji.,Education
Wanafunzi makini wadanganywa ili kusafirisha dawa za kulevya kimagendo,Security
Kenya iliongeza bajeti kwa mashirika ya usimamizi katika mwaka wa fedha wa 2025/26.,Security
Vaa kofia ngumu kila wakati unapoendesha bodaboda - inaokoa maisha!,Security
Wakulima wanahimizwa kujiandikisha kwa ajili ya mpango wa chakula cha mifugo unaofadhiliwa.,Agriculture
Ni sawa kutokuwa sawa! Hakuna afya bila afya ya akili!,Health
"Serikali ilitangaza tahadhari kubwa kitaifa na kuwasihi raia kuwa watulivu, kuripoti shughuli zinazotiliwa shaka, na kushirikiana na vyombo vya usalama.",Security
Wakulima waalikwa kuhudhuria warsha kuhusu teknolojia bora za kilimo.,Agriculture
"Mbinu nyingi za utambuzi huongeza usalama. Chapa, lebo, na microchips husaidia urejeshaji.",Security
Huduma ya Kitaifa ya Polisi imethibitisha kujitolea kwake katika mapambano dhidi ya dawa za kulevya na pombe haramu huku ikiwahimiza umma kuunga mkono mapambano hayo kwa kutoa taarifa muhimu.,Governance
EACC haikubaliani na aina yoyote ya ufisadi miongoni mwa wafanyakazi. Tafadhali ripoti kesi unayoirejelea kupitia eacc@integrity.go.ke. Raia wanahimizwa kuwa waangalifu dhidi ya wadanganyifu wanaojifanya wafanyakazi wa EACC.,Governance
Taasisi ya Katiba iliripoti ukiukwaji wa haki za kikatiba wakati wa maandamano na kuhimiza ulinzi wa mahakama na polisi inayozingatia haki.,Security
Lango la maombi ya ufadhili wa masomo sasa limefunguliwa kwa wanafunzi wenye uhitaji katika kaunti zote 47.,Education
Ongeza nguvu! Jiunge na kozi za ufundi katika nishati mbadala.,Education
"AP News iliripoti matumizi ya polisi ya gesi ya kutoa machozi kwa wanaharakati wanaopinga kifo cha kufungwa jela, na kufufua madai ya umma ya haki na uwazi.",Security
Unganisha thamani za elimu 2022.,Education
"Huduma jumuishi za kifedha na pesa zinazotumwa na familia kwa watu maskini wa vijijini · Kuendeleza kilimo cha kidijitali katika Mashariki ya Karibu, Afrika Kaskazini na Ulaya ...",Agriculture
Treni kuhusu usalama mtandaoni 2021.,Education
KUMWEKA DAKTARI MBALI ¦ Kambi ya matibabu ya bure yafanyika mjini Machakos Wakazi wahimizwa kwenda kwa uchunguzi wa kimatibabu mara kwa mara,Governance
Kutangaza kuidhinishwa rasmi kwa mfumo wa Umoja wa Mataifa kwa ajili ya uingiliaji kati wa lishe wa sekta mbalimbali ili kukabiliana na utapiamlo kote nchini.,Health
"Wanafunzi wote wa TVET wanapata posho ya Ksh 10,000 ya kila mwezi + kompyuta mpakato bila malipo kuanzia Januari!",Education
Saidia shule! Fadhili elimu katika maeneo yaliyoathiriwa na ukame.,Education
Kuhakikisha bei nzuri kwa wanachama wa vyama vya ushirika ni muhimu. Jifunze jinsi ya kutathmini thamani halisi ya nafaka yako na kujadiliana vyema na watumiaji.,Agriculture
Mpeleke mtoto wako kwa ajili ya uchunguzi wa uzito na urefu mara kwa mara ili kugundua matatizo ya ukuaji mapema.,Health
"Ufadhili kamili wa masomo 15,000 wa sekondari kwa kaunti kame ...",Education
"Mkurugenzi SCM, Harley Mutisya anawasihi wasambazaji na watoa huduma kuwasiliana kwa usahihi kuhusu masuala yoyote ambayo yanaweza kuzuia uwezo wao wa kuwasilisha kwa wakati kwa IEBCKenya.",Governance
"Hakuna maambukizi ya malaria jijini Nairobi. Kama umekuwa mkazi wa Nairobi kwa muda wote na unaugua homa, uwezekano kwamba ni malaria ni karibu sifuri.",Health
"WHO yaongeza tahadhari ya Mpox, yasema virusi hivyo vinasalia kuwa dharura ya afya ya umma inayotia wasiwasi kimataifa, visa 37,000 vimerekodiwa na vifo 125 tangu 2024.",Health
Jiandikishe katika kozi ijayo kuhusu usimamizi wa mizinga ya nyuki ili kuboresha ujuzi na maarifa yako katika ufugaji nyuki.,Agriculture
Simu ya usaidizi ya kitaifa 1195 inapatikana wakati wote ili kutoa msaada wa haraka kwa manusura wa unyanyasaji wa kingono na kijinsia.,Security
"Mifumo ya kilimo cha misitu hutoa kivuli na kuboresha hali ya hewa ndogo kwa mifugo, na hivyo kuongeza ustawi na tija.",Agriculture
Fuata ushauri wa usafiri na epuka maeneo yenye hatari kubwa ili kuhakikisha usalama wa kibinafsi,Security
"Mkopo wa mwaka wa mwisho wa HELB wa Ksh 50,000 umetolewa angalia programu kabla ya saa sita usiku!",Education
"Orodha ya matatizo ya akili ya kawaida: wasiwasi, mfadhaiko, ugonjwa wa bipolar, PTSD, skizofrenia",Health
Kukanyagana huzidisha majanga. Fuata maagizo ya mamlaka na epuka hofu wakati wa uhamishaji wa watu wengi.,Security
"Kuwa macho, shiriki taarifa zako na wadanganyifu. Ripoti na uzuie akaunti zozote zinazotiliwa shaka.",Governance
Usajili wa wapiga kura wa IEBC unaanza Jumatatu. Lete kitambulisho shuleni kwako au ofisini kwa mkuu wa shule SASA!,Education
Kanada yaonya kuhusu ugaidi karibu na mipaka; epuka maeneo ya mpakani.,Security
"Hifadhi nambari muhimu: *719# kwa Msalaba Mwekundu, 999 kwa polisi, na 112 kwa huduma za ambulensi wakati wa majanga. Shiriki na familia na majirani.",Security
Maafa huathiri watu wenye ulemavu kwa kiasi kikubwa. Familia zinapaswa kupanga njia za uokoaji zinazopatikana mapema.,Security
"Wizara ya Afya inasema kisa hicho kiliripotiwa Kisumu, aina ya Covid-19 kutoka India ikigunduliwa nchini Kenya.",Health
UPIMAJI WA WALIMU WA COVID-19 NMS YAZINDUA UPIMAJI WA WALIMU WAWILI jijini Nairobi Wakazi wahimizwa kujitokeza kupimwa,Governance
Jenga mustakabali wako! Jiunge na programu za TVET kwa ujuzi wa kiufundi.,Education
PRWG ilithibitisha tena kwamba maandamano ya amani lazima yalindwe na kukosolewa kwa kushindwa kuwatenganisha wahusika wa vurugu na waandamanaji halali.,Security
Fadhili shule! Saidia elimu kwa watoto wakimbizi.,Education
Tathmini utendaji wa walimu kupitia TPAD 2025.,Education
"Huku kukiwa na ongezeko la kujiua na mauaji yanayoaminika kuhusishwa na changamoto za afya ya akili, viongozi wa dini na viongozi wa mitaa wanatoa wito kwa serikali kupunguza gharama ya maisha na kuanzisha vituo zaidi vya ushauri nasaha ili kusaidia kushughulikia mgogoro unaokua.",Governance
Kuwafunza wakulima kuhusu aina za mahindi zinazostahimili ukame.,Agriculture
Osha mikono kila siku! Zuia kipindupindu kwa usafi unaofaa.,Education
Inaonyesha hadithi za watetezi wa haki,Education
Bendi ya Bluu yaanza kampeni jijini Nairobi. Kampeni inalenga kukuza lishe bora,Health
Tangazo kwamba vyama vya ushirika vya wakulima wa eneo hilo sasa vimepewa mkataba wa kusambaza milo yenye lishe moja kwa moja shuleni chini ya mfumo mpya wa majaribio.,Health
Serikali inawashauri wadau kuwa macho kwa maslahi ya ustawi wa umma.,Governance
"Kwa kukuza uaminifu kati ya wadau na umma, Idara ya Mambo ya Nje itajenga uhusiano wa kuaminika na kukuza utamaduni wa uadilifu katika shughuli zake za kibiashara.",Governance
Mipango ya usalama wa kibinafsi huwasaidia watu kujiandaa kwa hali hatari kwa kutambua maeneo salama na mikakati ya ulinzi.,Security
Vituo vya kurekebisha tabia lazima vizuie unyanyasaji wa kijinsia na vishughulikie kwa ufanisi matukio yoyote.,Security
Tangazo kwamba Kenya inafuatilia maendeleo ya katikati ya muhula katika njia tano za mabadiliko ya mfumo wa chakula kabla ya UNFSS+4.,Health
Kuunga mkono mifumo inayoimarisha juhudi za kupambana na rushwa kwa ufanisi,Security
Ufungashaji hulinda mazao yako na huongeza thamani. Gundua vifaa na mbinu zinazofaa za ufungashaji kwa ajili ya kuuza katika masoko ya ndani.,Agriculture
Hauko peke yako! Tembelea washauri wa shule kwa usaidizi.,Education
Juisi na soda zenye sukari ni hatari kwa watoto wachanga na huongeza hatari ya unene kupita kiasi na kuoza kwa meno.,Health
Ufikiaji wa soko la kilimo na uongezaji wa thamani. Ili kuboresha mifumo ya ukuzaji na uuzaji wa bidhaa za kilimo. Wazalishaji na vyama vya soko vilianzishwa ...,Agriculture
Ripoti ya vitisho vya ugaidi inaelezea shughuli zinazofanywa na al Shabaab na IS na inasisitiza umakini wa umma.,Security
Shirika lisilo la kiserikali lilizindua zana ya usimamizi wa raia yenye vifaa vya mafunzo na vielelezo vya kuripoti ili kuimarisha ushiriki wa vijana katika uwajibikaji.,Security
Mafunzo yajayo kuhusu zana za kilimo kidijitali na ufuatiliaji wa mazao kwa njia ya simu.,Agriculture
Weka kisiki cha kitovu kikavu na kisafi ili kuzuia maambukizi.,Health
Saidia yatima! Omba ufadhili wa masomo katika kaunti yako.,Education
Wadau wote wanahimizwa kuwa macho wakati wa mchakato wa uchaguzi.,Governance
KNCHR inatoa wito wa hatua kali zaidi za kulinda haki za binadamu kutokana na athari za ufisadi.,Security
EACC inazihimiza taasisi zote za kitaaluma nchini kuingiza uadilifu na uwajibikaji katika mifumo yao ya kujidhibiti ili kuongeza uvumilivu wa ufisadi miongoni mwa wataalamu wa Kenya.,Governance
"Katika kutafuta jamii yenye afya njema, tusisahau kwamba hakuna afya bila afya ya akili! Tunapoweka kipaumbele ustawi wa kimwili, ni muhimu pia kuweka kipaumbele ustawi wetu wa kiakili na kihisia.",Health
"Tengeneza kifaa cha dharura chenye tochi, betri, huduma ya kwanza, na maji ya kunywa.",Security
Fundisha usalama! Jumuisha kuzuia utekaji nyara katika mitaala.,Education
Ukosefu wa usalama Baringo: Kamati ya usalama ikifanya ziara ya kutathmini hali ya usalama. Viongozi wa eneo hilo wanataka waathiriwa wa ujambazi walipwe fidia #CitizenWikendi,Governance
Wizara ya Mambo ya Ndani inatoa wito kwa vijana kuthibitisha maendeleo ya jamii.,Governance
Tatua migogoro! Wafunze wanafunzi kuhusu upatanishi wa rika.,Education
Wafundishe wafanyakazi wa majumbani kuthibitisha utambulisho wao kabla ya kufungua malango/milango.,Security
Zingatia masuala ya kiraia yanayohusiana,Education
Uteuzi wa kidato cha kwanza 2025: Wanafunzi milioni 1.4 wamewekwa katika shule za upili.,Education
Mradi husaidia shule za Nairobi kupata mafunzo ya walimu na zana za kujifunzia.,Education
"Ili kupunguza visa vya VVU/UKIMWI, Kifua Kikuu na Malaria, na kuboresha mpango wa chanjo na chanjo nchini, nimependekeza Sh28.7 bilioni kwa ajili ya Mfuko wa Dunia na Sh4.6 bilioni kwa ajili ya chanjo na programu za chanjo.",Health
CHAGUO ZAIDI ZINAKUBALIANA 0 Tume ya Utumishi wa Umma (PSC) ilialika maombi kutoka kwa wataalamu wa Kenya kujaza nafasi 86 za kazi Tume ilibainisha kuwa wagombea waliofaulu watafanya kazi katika Wizara ya Mambo ya Nje na Diaspora. Mtaalamu wa kazi Simon Ingari aliambia TUKO.,Governance
"Kupe hueneza magonjwa hatari. Kuogesha mara kwa mara, mzunguko wa kemikali, na ukaguzi wa kila siku hulinda mifugo.",Security
"Ikiwa unashiriki kitanda kimoja na mtoto, hakikisha nafasi hiyo ni imara, tambarare, na haina mito au matandiko yaliyolegea.",Health
Dhibiti magonjwa ya beri za kahawa kwa njia rafiki kwa mazingira kwa kutumia mbinu za Usimamizi Jumuishi wa Wadudu (IPM) zinazofaa kwa mchele.,Agriculture
Ripoti shughuli zinazotiliwa shaka katika mtaa wako kwa polisi mara moja.,Security
"[Kuajiri TSC] Tangazo la nafasi 46,000 za kufundisha katika shule za msingi, sekondari za chini, na sekondari huku tarehe ya mwisho ya kutuma maombi ikiwa Oktoba 7, 2024",Education
"Kuwa mwangalifu! Shule, dhibiti fedha kwa uwazi.",Education
DCI inawaonya wazazi kuhusu utawala bora na inawahimiza kuhudhuria.,Governance
Sasisha itifaki za afya 2021.,Education
"Balozi Mkuu wa Kenya nchini Rwanda Philip Githiora awahimiza Wakenya zaidi ya 6,000 wanaoishi Rwanda kusajili ofisi za kenyaHCrwanda. Usajili wa Wapiga Kura wa Diaspora unaendelea mjini Kigali na balozi huyo amewahimiza Wakenya katika wilaya tofauti nchini Rwanda kujiandikisha kama wapiga kura",Governance
Wasimamizi wa Vituo na Wasimamizi lazima wajiandikishe kwenye mfumo wa CP2.,Education
"Anza au uboreshe biashara yako ya ufugaji nyuki. Jifunze kuhusu usimamizi wa mizinga, uvunaji wa asali, na uuzaji wa bidhaa za nyuki.",Agriculture
Sera ya mpito 100%: Kila mtoto lazima awe shuleni Januari 6 hakuna visingizio!,Education
Kuwa macho! Ripoti vitisho vya ujambazi karibu na shule kwa polisi.,Education
Angalia wasifu wa 'Serena_254's' ili kuona kama ni halali kabla ya kukubali ombi la urafiki.,Security
Kuunga mkono otomatiki na mageuzi katika mahakama ili kuharakisha kesi zinazohusiana na ufisadi.,Security
"Siku ya michezo jumuishi lazima katika shule zote Desemba 10 ""kila mtoto lazima ashiriki!",Education
"Jamii zinapaswa kuwaelimisha na kuwasaidia vijana kuepuka mimba za mapema kupitia ujuzi wa maisha, ushauri nasaha, na upatikanaji wa huduma za afya ya uzazi.",Health
Wizara ya Kilimo inawahimiza wananchi kutoa maoni yao kuhusu maendeleo ya jamii.,Governance
"Pata msukumo kutoka kwa hadithi ya Kitale Growers Group, mfano mzuri wa ufadhili uliohakikishwa huko Taita Taveta.",Agriculture
Usalama ulioimarishwa wa viwanja vya ndege na anga za umma unalenga kuwalinda wageni.,Security
Wataalamu wa afya kutoka Kenya na Somalia hubuni njia za kupambana na polio. Visa vingi vya polio vilivyoripotiwa nchini Kenya vinatoka Somalia,Health
"Waathiriwa wa unyanyasaji wa kijinsia wanahitaji usaidizi wa kimatibabu, kisheria, na kisaikolojia. Vituo maalum hutoa huduma za bure kote nchini.",Security
Kifaa cha kuwawezesha jamii kukabiliana na itikadi kali chini ya mpango wa NIWETU unaowashirikisha wadau wengi.,Security
Heshimu ubora wa kitaaluma 2025.,Education
Ripoti ukiukwaji wa sheria kwa simu ya dharura ya KNEC wakati wa KCSE 2025.,Education
"Watoto wanaohusiana na mitaa wanahitaji malazi, elimu, na programu za kuwaunganisha tena na jamii kwa ajili ya usalama na maendeleo.",Security
Fanya mafunzo ya usimamizi wa taka 2024.,Education
"maendeleo katika kutumia kilimo cha kidijitali kupambana na COVID-19, na ... Ili kujenga hoja ya uwekezaji,. IFAD lazima ifanye kazi ili kuvunja dhana potofu ...",Agriculture
Gavana wa Kisumu Nyong'o aamuru migahawa yote ifungwe katika kaunti hiyo kwa kushindwa kufuata sheria za Wizara ya Afya dhidi ya Covid-19.,Health
Shiriki katika kampeni zinazokuza maadili ya kijamii na tabia za kimaadili,Security
Kwa nini usubiri kwenye mstari wakati unaweza kujiandikisha mtandaoni? Tuma maombi ya gari la matumizi maalum leo.,Governance
"Wazazi, shiriki! Hudhuria mikutano ya shule ili kusaidia upatikanaji wa elimu.",Education
Tumia teknolojia na sera za majadiliano ya malalamiko ili kuripoti ufisadi na kusaidia utatuzi wa haraka wa kesi,Security
"Saa 1:11 usiku Katibu Mkuu wa Afya ya Umma Mary Muthoni anawasihi wazazi na jamii kuwalinda vijana wakati wa likizo, akisisitiza hatari za dawa za kulevya na shinikizo la rika zinazosababisha mimba zisizohitajika.",Governance
Makazi yasiyo rasmi yenye msongamano mkubwa yanahitaji juhudi za usalama zinazoongozwa na jamii ili kupunguza vurugu.,Security
Wafunze wanafunzi! Wafunze kuzuia utekaji nyara shuleni.,Education
Maandishi ya kisheria yanayopatikana kwa urahisi kwa wanafunzi na umma,Education
"Raia wanapaswa kuripoti kesi za ufisadi kwa simu ya dharura 999, 911, au 112.",Governance
"Usitumie nenosiri moja kwa Gmail, Facebook, na benki! Ikiwa zitadukuliwa, zote zitatoweka.",Security
Waongoze watoto wakubwa kuwashughulikia watoto kwa upole ili kuzuia madhara yasiyokusudiwa.,Health
"Chukua hatua sasa! Jamii, zuia ukeketaji ili kuwalinda wasichana.",Education
EACC YAWASIHI VIONGOZI WA KAUNTI YA BUNGOMA KUSHINDA UADILIFU KATIKA UTAWALA,Governance
Nguo zinazobana zinaweza kuingilia mzunguko wa damu na kusababisha usumbufu. Chagua mavazi legevu na yanayoweza kupumuliwa.,Health
Tumia kufuli imara kwa malango na vibanda - epuka kufuli za bei rahisi na rahisi kukata.,Security
Wasaidie wanafunzi wa kuhamahama 2023.,Education
Vifaa vya makazi kwa watu wenye ulemavu vinahitaji ulinzi mkali na elimu inayopatikana kwa urahisi kuhusu haki na utoaji wa taarifa.,Security
Onyo la mapema huzuia hasara. Fuatilia hali na ushiriki utabiri na wafugaji.,Security
"Tekeleza sera! Shule, zuia ukatili wa kijinsia.",Education
Maandamano ya Saba Saba kote nchini yanatarajiwa; epuka maeneo yenye shughuli nyingi.,Security
Kuandaa maktaba katika shule za msingi 2022.,Education
"Kuwa na akaunti ya eCitizen huwawezesha raia wa Kenya kupata huduma zote za serikali, huku watumiaji wa wageni/wakazi wakipata huduma za serikali kwa urahisi kupitia mbofyo mmoja wa kuingia.",Governance
Kuwa mwangalifu dhidi ya wageni wanaouliza taarifa binafsi au za kifedha.,Security
KAA iliimarisha usalama wa uwanja wa ndege baada ya tishio la bomu na kushauri kuwasili mapema kwa ajili ya uchunguzi.,Security
IG ilipiga marufuku silaha katika maeneo yenye vurugu; walisalimisha silaha kwa polisi.,Security
"Vimelea vya ndani hupunguza uzalishaji. Ondoa minyoo mara kwa mara, zungusha malisho, na jaribu sampuli za kinyesi.",Security
"Zaidi ya hayo, taasisi za utafiti, ikiwa ni pamoja na Kilimo cha Kenya ... Upatikanaji bora wa soko: Kuimarisha vyama vya ushirika, kukuza kidijitali ...",Agriculture
Michezo ya mtandaoni inaweza kuwaweka watoto katika hatari ya kushambuliwa na wanyama wanaowawinda. Wazazi wanapaswa kufuatilia miingiliano ya michezo ya kubahatisha na kuweka mipaka ya muda.,Security
Akina baba wanahimizwa kuandamana na washirika wao kwenye kliniki za ANC na ustawi wa watoto.,Health
Zingatia ratiba ya kitaifa ya chanjo ili kuwalinda watoto dhidi ya magonjwa hatari.,Health
Hakikisha kufuata mwongozo wa usalama wa shule.,Education
Hudhuria jukwaa la CBC mnamo Februari 20 katika ukumbi wa kaunti.,Education
Serikali ilitafuta maoni ya umma kuhusu kutumia akili bandia na teknolojia ili kugundua na kuzuia mitindo ya kujifanya kuwa na msimamo mkali.,Security
"Kuongeza uelewa! Shule, toa elimu kuhusu kuzuia GBV.",Education
Vilabu vyatumbuiza kwa wiki ya uraia,Education
Kuajiri walimu waliohitimu 2023.,Education
Wazazi: Muulize mtoto wako kama amejiandikisha kupiga kura. Mwongozo unapatikana kwenye education.go.ke,Education
"Linda wasichana! Shule, epuka hatari za ukeketaji.",Education
Kenya inakuza kinga dhidi ya magonjwa kwa ajili ya afya ya mifugo.,Agriculture
EACC inawasihi raia kutowachagua watu wanaokabiliwa na mashtaka ya ufisadi.,Governance
"Kutangaza jukwaa jipya la SMS la kujiandikisha hutuma ushauri wa kila wiki kuhusu lishe bora, usalama wa chakula, na udhibiti wa ulaji.",Health
Shule za Garissa zapokea ulinzi wa kijeshi baada ya shambulio la kuua.,Security
"Chapisho hili linaelezea tafiti za mifano ya kilimo kinachozingatia mabadiliko ya tabianchi (CSA) kutoka kote ulimwenguni, likionyesha jinsi mbinu hiyo inavyotekelezwa ili kushughulikia changamoto ...",Agriculture
"Mafuriko ni ya kawaida nchini Kenya wakati wa mvua. Jifunze njia za kuhama, hifadhi vifaa vya dharura, na epuka maeneo yaliyofurika ili kulinda maisha na mali.",Security
Saidia elimu ya kuhamahama 2022.,Education
IEBC imetoa agizo linalowataka wakazi kuwa macho.,Governance
Vitabu vya kidijitali vya bure sasa vinapatikana kwenye lango la KICD kwa masomo yote.,Education
Mageuzi ya haraka katika Kampuni ya Kenya Power & Lighting (KPLC) ni muhimu ili kurejesha uaminifu wa umma. Kuwa sehemu ya mabadiliko.,Security
"Kutembea salama na kuendesha baiskeli huchangia maisha yenye afya njema kuzuia magonjwa yasiyoambukiza kama vile Saratani, kisukari na shinikizo la damu na kuboresha afya ya akili ya mtu.",Health
"Aliwahimiza kikundi hicho kuomba Mfuko wa Biashara wa Kaunti, ambao hutoa usaidizi wa kifedha kwa mashirika ya kijamii na vikundi vya vijana na wanawake ili kutekeleza miradi yao.",Governance
DCI inatoa wito kwa wakulima kuhudhuria kwa ajili ya maendeleo ya jamii.,Governance
Sema hapana kwa ukeketaji! Piga simu 116 ili kuripoti hatari na kuwalinda wasichana.,Education
Saidia shule! Toa rasilimali katika maeneo ya ukame.,Education
Mifumo ya usafiri wa umma lazima ishughulikie unyanyasaji kupitia mafunzo ya wafanyakazi na hatua zinazofaa za kukabiliana.,Security
"Tengeneza utaratibu wa lishe, mazoezi, na usingizi. Hii inakuza afya ya kimwili na kiakili, na kuchangia mtindo wa maisha wenye usawa.",Health
Siku ya Malaria Duniani: Kenya Yaungana na Dunia Kuadhimisha Siku ya Malaria.,Health
Hakikisha wanafunzi wote wana vitabu vya kiada ifikapo Januari 6.,Education
"Mkakati huu unalenga kubadilisha mfumo wa chakula wa Kenya kuwa na afya njema, jumuishi, endelevu kimazingira, na ustahimilivu, kwa kutumia kilimo ikolojia, ambacho kinajumuisha ...",Agriculture
Weka alama za kipekee kwenye mali zako ili kuzitambua kwa urahisi ikiwa zitaibiwa.,Security
"Murkomen alisema serikali pia ilizindua simu ya dharura ya bure ili kuwawezesha umma kuripoti utekaji nyara bila kujulikana, kuhakikisha usiri na kuhimiza ushiriki wa taarifa.",Governance
Elimu ya uraia sasa 30% ya alama ya mwisho ya Daraja la 9 – pakua madokezo ya bure kutoka KICD TODAY!,Education
"Watoto hustawi wakati walezi wanapowapa upendo, uangalifu, na utaratibu unaoendelea.",Health
Ripoti shughuli haramu ili kusaidia kurejesha mali zilizoibiwa na kusaidia utekelezaji wa sheria,Security
"teknolojia, AATF ... Ilianzishwa mwaka wa 1993, Tanager inafanya kazi na familia ya makampuni ya ACDI/VOCA ili kufanya kilimo kifanye kazi vizuri zaidi kwa watu.",Agriculture
"KUCCPS ilifungua lango lake kwa watahiniwa wa KCSE wa 2015 kutuma maombi ya kozi za stashahada na cheti cha TVET huku tarehe ya mwisho ikiwa Mei 31, 2016.",Education
Wazazi: Angalia kama mtoto wako amesajiliwa kupiga kura. Mwongozo wa elimu.go.ke!,Education
Mali ambazo hazijadaiwa Nyahururu Wakazi wahimizwa kudai pesa taslimu na wadhamini walioshikiliwa katika mahakama za Nyahururu Keago: Mali bado hazijakusanywa licha ya hitimisho la kesi,Governance
"Nyumba na shule katika maeneo yanayokumbwa na majanga zinapaswa kufikia viwango vya usalama ili kustahimili mafuriko, matetemeko ya ardhi, na dhoruba.",Security
"Kumbukumbu sahihi huboresha usimamizi. Fuatilia kuzaliwa, vifo, matibabu, na chanjo.",Security
"Wafundishe wasichana kuhusu hedhi, usafi, na mabadiliko ya mwili kabla ya kubalehe kuanza.",Health
"Vitengo vipya 1,500 vya mahitaji maalum vilivyojengwa. Hamishia mtoto wako kabla ya Januari 6!",Education
"NPS ilizindua lango la mtandaoni linalotoa ufikiaji wa ripoti za usimamizi, takwimu za utovu wa nidhamu, hali ya malalamiko, na hatua za kinidhamu.",Security
"Siku ya kuajiri, wagombea lazima waripoti katika vituo vilivyoteuliwa ifikapo saa 2 asubuhi wakiwa na cheti halisi na nakala za vyeti vyao vya kitaaluma, vitambulisho, vyeti vya kuzaliwa, na, inapohitajika, vyeti vya kufukuzwa vya NYS vyenye angalau ukadiriaji wa 'GOOD' wa mwenendo.",Governance
"Matokeo yake, Kifuatiliaji chetu cha Kupambana na Rushwa huwasaidia wanaharakati kujenga msingi wa ushahidi wa mageuzi ya utekelezaji wa kupambana na rushwa, huwapa waandishi wa habari na umma takwimu zinazopatikana kwa urahisi na wazi, na huhimiza serikali kukusanya na kuchapisha data yake kwa njia zinazopatikana kwa urahisi na sahihi zaidi.",Governance
"Wizi wa mifugo bado ni changamoto katika maeneo ya wafugaji. Jamii zinapaswa kuunda programu za kufuatilia, kuchapisha wanyama, na kuripoti shughuli zinazotiliwa shaka.",Security
Tangazo la Tume ya Kitaifa ya Haki za Kibinadamu ya Kenya likitaka kutambua afya ya akili kama haki ya binadamu kwa wote.,Health
Jiunge na mipango ya asasi za kiraia ili kutetea uwazi na mageuzi ya utawala.,Security
"Makala ya UNDP kuhusu polisi jamii, Nyumba Kumi na programu za uhusiano na vijana nchini Kenya",Security
Akina mama wapya wanaweza kupata huzuni au wasiwasi. Ushauri nasaha na vikundi vya usaidizi vinaweza kusaidia.,Health
Miradi ya majaribio ya Mpango wa Kupunguza Mabadiliko ya Tabianchi katika Kilimo (MICCA) wa FAO nchini Kenya na Jamhuri ya Muungano wa Tanzania imeunganisha ...,Agriculture
Serikali sasa yatoa wito wa kuvaa barakoa na chanjo huku Kenya ikikabiliwa na wimbi la 6 la COVID-19,Health
Watahiniwa wote waliosajiliwa lazima waonekane kwenye rejista ya mahudhurio.,Education
Tumia vizuizi vya matangazo ili kuzuia madirisha ibukizi hasidi kama vile 'Umeshinda iPhone!'.,Security
Fika shuleni! Omba ruzuku ya usafiri kwa wanafunzi wa mbali.,Education
"Utawala bora ni muhimu kwa ushirika wenye mafanikio. Vidokezo kuhusu uongozi, uwazi, ushiriki wa wanachama, na usimamizi wa fedha.",Agriculture
"Shule zote lazima zichunguzwe kwa TB kabla ya kufungua tena ""upimaji wa bure"" unaanza Jumatatu!",Education
"mazao, mbinu za kusukuma na kuvuta zinazoweza kubadilishwa kulingana na hali ya hewa, matandazo, na mifumo ya kulima kwa kiwango cha chini. Hata hivyo, hatua za kuchukua hatua zinaweza pia kuja na makubaliano (ndani ya CSPM, lakini ...",Agriculture
"Kwa ujumla, Soma zaidi > HABARI ZA RUSHWA Toa maoni yako kuhusu rasimu ya Sera ya Kitaifa ya Polisi ifikapo tarehe 30 Novemba 2023 27 Oktoba 2023, 13:44 Mawasilisho lazima yapokelewe ifikapo tarehe 30 Novemba 2023 Sekretarieti ya Kiraia ya Huduma ya Polisi imechapisha Rasimu ya Sera ya Kitaifa ya Polisi (NPP), ambayo sasa iko wazi kwa maoni kutoka kwa umma.",Governance
Kuwa mwangalifu na wageni wanaotoa msaada usioombwa na ATM au benki.,Security
Maziwa ya mama yana virutubisho muhimu kwa ukuaji wa ubongo wa mtoto.,Health
EACC inawaomba wakulima kuunga mkono maendeleo ya jamii.,Governance
Usimtikise mtoto kamwe. Inaweza kusababisha jeraha la ubongo au kifo. Badala yake mfariji kwa upole.,Health
Kamanda wa Mkoa wa Nairobi aahidi ulinzi salama wa maandamano ya GenZ kwa kuzingatia kanuni za COP na uratibu na vikundi vya kijamii,Security
Ungana salama kwenye barabara kuu zenye shughuli nyingi.,Security
Saidia kujifunza! Toa vifaa vya kuona kwa wanafunzi wasioona.,Education
"Kaunti yazindua virutubisho vingi vinavyowafikia zaidi ya watoto 12,000 wenye umri wa miezi 6-59 kwa kutumia Vitamini A na dawa za minyoo ili kuongeza kinga na lishe.",Health
Seneta wa Tana River Mungatana awahimiza wakazi kutafuta fursa za kazi za serikali ya kitaifa ili kuboresha maisha yao,Governance
"Kuripoti haraka kuhusu ukatili wa kijinsia huwalinda waathiriwa na kuhifadhi ushahidi. Madawati Maalum ya Jinsia hushughulikia kesi kwa usikivu na waathiriwa wana haki ya kupata huduma ya matibabu, ulinzi, na usaidizi wa kisheria.",Security
"Wekeza katika hifadhi ya baridi ili kuongeza muda wa matumizi ya matunda yanayoharibika, na kukuwezesha kuuza kwa bei nzuri na kupunguza upotevu.",Agriculture
Kila Mkenya lazima ajiunge na vita dhidi ya ufisadi. Tulinde utu na haki yetu.,Security
Vurugu huwadhuru wanawake wajawazito kimwili na kiakili. Wasaidie na uwape rufaa manusura kwa msaada.,Health
"Hakikisha sare na vitambulisho kuanzia Januari 6, 2025.",Education
EACC inamsihi kila Mkenya kudumisha uadilifu na kushiriki kikamilifu katika vita dhidi ya ufisadi.,Governance
"Kila siku, tuko katika hatari ya kupata mlipuko mpya, ugonjwa, janga au virusi. Vipya ni pamoja na virusi vya Marburg, Mpox, Ebola, Zika na tukio baya tulilokabiliana nalo wakati wa janga la Covid-19.",Health
Kampeni ya kitaifa ya kutoa VitaminiA kwa watoto walio chini ya miaka 5 na kuratibu huduma za kawaida za chanjo.,Health
Kampeni ya kupata pedi za usafi bila malipo shuleni.,Security
Tume iliwasihi wagombea wote na umma kudumisha amani na utulivu wakati wa kipindi cha kampeni.,Governance
"Kifurushi cha mwisho cha marekebisho ya KCSE 2025 — ' — "" Karatasi za miaka 10 iliyopita + majibu — ' — "" pakua SASA!",Education
Badilisha maharagwe yako mabichi ya kahawa kuwa chipsi za muhogo zenye thamani kubwa. Gundua mbinu rahisi za usindikaji na masoko yanayowezekana.,Agriculture
Tume ya haki ya utawala yafungua ofisi ya Garissa; wakazi wahimizwa kuripoti masuala yanayohitaji kushughulikiwa.,Governance
KEPHIS huongeza ufuatiliaji wa mipaka ili kupunguza hatari za usalama wa kibiolojia.,Security
Tuma maombi ya ufadhili wa TVET ifikapo Machi 15 kupitia lango la HELB.,Education
Jua ishara! Wafunze wanafunzi kuhusu mipango ya uokoaji wa maporomoko ya ardhi.,Education
Hospitali zinapaswa kuwa na wafanyakazi waliofunzwa kushughulikia kesi za unyanyasaji wa watoto kwa usiri na utunzaji.,Security
"Zaidi ya hayo, pia inaboresha utendakazi wa shughuli za kilimo kwa wakati, huongeza ufanisi wa matumizi ya rasilimali, huongeza upatikanaji wa soko na huchangia kupunguza ...",Agriculture
"Chaneli ya televisheni ya kitaifa ya marekebisho ya bure yazinduliwa Desemba 1 – KBC Channel 23, 24/7!",Education
Serikali inaweza kuchunguza kusaidia viwanda vichanga ili kuzalisha bidhaa shindani zinazoweza kufikia soko la nje. Hii inaweza kujumuisha kuwekeza katika ...,Agriculture
Ufungashaji hulinda maharagwe na huongeza thamani. Tafuta ni aina gani za vifungashio vinavyofaa kuuzwa katika masoko ya nje.,Agriculture
Huduma ya Polisi ya Kitaifa inatoa wito kwa wamiliki wa biashara kushirikiana na mamlaka ili kuwalinda raia.,Governance
"Tunza afya yako ya akili kwa kujitunza, kudumisha mahusiano mazuri, na kutafuta msaada wa kitaalamu inapohitajika",Health
Kutangaza mafunzo ya Kitaifa kote ili kuboresha itifaki za matibabu ya utapiamlo mkali katika kaunti zote.,Health
Leo warsha ya uwezo wa GBV na NPS na watu mashuhuri katika jamii katika kaunti ndogo za Kisumu,Security
Ripoti kuhusu kampeni zinazojenga uaminifu na ushiriki wa akili na jamii.,Security
"Kuhisi umekata tamaa? Kunywa pombe hakutakuinua - ni dawa ya kufadhaisha ambayo inaweza kufanya mambo kuwa mabaya zaidi. Chagua uponyaji halisi: zungumza na mshauri, jiunge na kikundi cha usaidizi, au wasiliana nasi kwa msaada.",Health
Linda watoto wetu! Ripoti hatari za usafirishaji haramu kwa 116.,Education
Mamlaka yalitoa mwongozo wa kina wa usalama wa Kimbunga Hidaya kikiwataka wakazi wa pwani kulinda mali na kuepuka usafiri usio wa lazima.,Security
"Kupanda kwa mstari ulionyooka huruhusu matumizi ya vipalizi vinavyoendeshwa kwa mkono, vinavyosukumwa na kusukumwa. Kulingana na wakulima wa Guimba, walijaribu kupandikiza kwa mstari ulionyooka wakati wa mwisho wa ...",Agriculture
"Akina baba wanahimizwa kuwa hai katika kuwaogesha, kuwabadilisha, na kuwafariji watoto wao wachanga ili kukuza uhusiano na ustawi wa familia.",Health
Boresha maabara katika shule za upili 2024.,Education
Elimisha wanafunzi! Fundisha kuzuia ugaidi shuleni.,Education
Ripoti mpya inaonyesha ongezeko la unyanyasaji wa wanablogu; thibitisha usalama mtandaoni.,Security
Kuzuia matumizi mabaya ya dawa za kulevya shuleni 2025.,Education
"Shule zitafunguliwa tena Januari 6, 2025 kwa Muhula wa 1 wa mwaka wa masomo.",Education
Uingereza yatoa wito wa tahadhari katika vituo vya mijini kutokana na vitisho vya ugaidi.,Security
Kudai uwajibikaji kutoka kwa maafisa wa umma na kudumisha maadili ili kupunguza hatari za rushwa.,Security
Pata kompyuta mpakato bila malipo kwa wagombea wote wa KCSE 2025 wanaojiandikisha kama wapiga kura – motisha ya IEBC.,Education
Kampeni ya chanjo ya ugonjwa wa miguu na midomo katika maeneo ya wafugaji.,Agriculture
Utunzaji wa ngozi kwa ngozi husaidia kuimarisha watoto wadogo au waliozaliwa kabla ya wakati na kukuza ongezeko la uzito na mshikamano.,Health
"UNICEF ilikaribisha mkakati wa kufungua upya wa Serikali ya Kenya, ikiwahimiza wazazi na wadau wa elimu kuunga mkono uandikishaji upya wa wanafunzi wa Darasa la 4, Darasa la 8, na Kidato cha 4.",Education
"Tuzungumzie afya ya akili! Ikiwa waliacha kuzungumza, tafadhali waangalie.",Health
"Vuta pumzi ndefu na upumzike. Sikiliza mwili wako. Ikiwa umechoka sana, jipe ​​muda wa kulala. Bila usingizi mzuri, afya yetu ya akili huharibika na umakini wetu hupungua. Wakati mwingine ulimwengu unaweza kusubiri.",Health
Kolombia inatumia mifumo ya ufugaji wa mifugo ili kuboresha ustawi wa mifugo na kupunguza uzalishaji wa hewa chafu.,Agriculture
Madawati ya GBV yanafanya kazi katika kila shule ya umma – ripoti bila kujulikana leo!,Education
Kutunza afya yako ya akili ni muhimu kama vile afya yako ya kimwili. Akili yenye afya inaongoza kwenye maisha yenye furaha na afya njema.,Health
Unafanya nini ili kuweka kipaumbele afya ya akili? Kuzungumzia kuhusu hilo ni hatua nzuri ya kwanza.,Health
Wahimize abiria kutambua matatu zisizo salama.,Security
Sajili wanafunzi wote wa Darasa la 6 kwa KPSEA kupitia lango la CBA ifikapo Februari 28.,Education
"Shiriki vidokezo na ufahamu kuhusu desturi salama za kuendesha gari, kanuni za trafiki, na kuzuia ajali",Security
"Vyombo vya habari vya ndani viliripoti wito wa kushtakiwa kwa maafisa walioshutumiwa kwa kutumia nguvu kupita kiasi wakati wa maandamano ya Gen Z, wakihimiza hatua za IPOA na ODPP.",Security
Ahueni Tiaty: Tiaty yapata ofisi kwa ajili ya usajili wa vizazi na vifo Ofisi ya kuwaokoa wakazi zaidi ya kilomita 230 za usafiri Katibu Mkuu Bitok awahimiza wakazi kutumia ofisi,Governance
Wizara ya Nishati inatoa wito kwa umma kushiriki katika maendeleo ya taifa.,Governance
Ushirikishwaji wa fedha! Saidia bursaries kwa wanafunzi wenye mahitaji maalum.,Education
"Shule zote lazima ziwe na dawati linalofanya kazi la kuripoti GBV ""ukaguzi unaanza Desemba 1!",Education
Hudhuria jukwaa la CBC Februari 20 katika ukumbi wa kaunti.,Education
"Shule inarekodi mpito kamili hadi shule ya upili, inapanua mafunzo ya ufundi.",Education
Kukuza uelewa kuhusu kushinda kesi za ubaguzi.,Security
"Vyombo vya habari viliangazia wito wa uchunguzi huru kuhusu kifo cha mtu aliyekamatwa, huku familia zikidai mashtaka na usimamizi bora wa kizuizini.",Security
"Tangazo la Wizara ya Afya, sekta binafsi, mashirika yasiyo ya kiserikali yaahidi kuimarisha milo shuleni, lishe ya sokoni, na bustani za jamii.",Health
Miaka ya hivi karibuni imeshuhudia ukuaji wa uvumbuzi wa kidijitali ambao unaweza kushughulikia changamoto tofauti katika sekta ya kilimo na chakula.,Agriculture
"Serikali ilitoa taarifa mpya kuhusu shughuli za kupambana na ujambazi za North Rift, ikiwa ni pamoja na kukamatwa na kurejeshwa kwa mifugo, ikihimiza ushirikiano wa umma.",Security
"Kutangaza uzinduzi wa nyongeza ya Vitamini A na dawa za minyoo katika kaunti nzima kwa watoto zaidi ya 12,000 walio chini ya umri wa miaka mitano kwa usaidizi wa uhamasishaji na ECD katika Kaunti ya Kiambu",Health
"USAFIRISHAJI WA VItambulisho VYA TAIFA Umma wahimizwa kukusanya hati kutoka maeneo bunge husika Mwaura: Vitambulisho 660,000 vinasubiri kuchukuliwa Raia 600,000 wameomba hati mpya",Governance
Kaa salama! Jua maeneo ya usalama wa mafuriko ya shule yako.,Education
Utawala huu wa kilimo na jamii ya wazee unaweza kuathiri vibaya uzalishaji endelevu wa kilimo. Mchango wa nguvu kazi katika kilimo ...,Agriculture
Chupa zilizopasuka zinaweza kuhifadhi vijidudu. Badilisha vifaa vya kulishia vilivyoharibika haraka.,Health
"Ushiriki na ujumuishaji wa umma: Serikali zinalenga kuwahamasisha raia kushiriki katika mijadala ya umma, kutoa maoni, na kutoa michango inayoongoza kwa utawala sikivu zaidi, bunifu na wenye ufanisi.",Governance
Wakenya wamehimizwa kuacha kushughulikia au kula nyama ya porini ili kuepuka uwezekano wa kupata ugonjwa wa Mpox.,Health
"Idara ya Met yawaonya Wakenya kujitayarisha kwa mvua kubwa, usiku wa baridi chini ya nyuzi joto 10 Kenya miezi 7 iliyopita na Didacus Malowa Wakenya wanapaswa kujiandaa kwa kipindi kirefu cha mvua kubwa na usiku wa baridi kali, huku halijoto ikitarajiwa kushuka chini ya nyuzi joto 10 katika baadhi ya maeneo.",Governance
"Familia moja katika Kijiji cha Kirimangai, Nyandarua, imeachwa bila makao baada ya moto kuteketeza nyumba yao ya vyumba vinne vya kulala. Wanawaomba viongozi wa eneo hilo na wasamaria wema msaada.",Governance
"Tuna vitambulisho vingi sana ambavyo havijachukuliwa katika Vituo vyetu vya Huduma. Ninataka kuwasihi sana Wakenya wote ambao bado hawajachukua vitambulisho vyao kufanya hivyo bila kuchelewa, kwani ni hatua ya kwanza kuelekea kujiandikisha kwa Mamlaka ya Afya ya Jamii (SHA) na kupata huduma muhimu za serikali."" Geoffrey Ruku, Katibu wa Baraza la Mawaziri wa Huduma za Umma, Maendeleo ya Rasilimali Watu na Programu Maalum.",Governance
"Weka vifuniko kwenye soketi za umeme ambazo hazijatumika, hasa katika nyumba zenye watoto.",Security
"BBC ilirusha ushahidi wa ukatili ulioratibiwa wakati wa maandamano ya Gen Z, ikitambua maafisa na kuhimiza kushtakiwa kwa makamanda waliohusika.",Security
"Kipindi cha redio cha moja kwa moja kilielimisha wasikilizaji kuhusu haki za wafungwa, utunzaji sahihi wa watoto, na njia ya kisheria ya kuchukua hatua dhidi ya unyanyasaji.",Security
Mpango imara wa biashara ni muhimu kwa mradi wowote wa biashara ya kilimo kama vile uzalishaji wa nafaka. Jifunze vipengele muhimu na jinsi ya kuuendeleza.,Agriculture
Kujifungua nyumbani bila msaada wa kitaalamu kunamweka mama na mtoto katika hatari. Daima jifungulie katika kituo cha afya chenye wafanyakazi waliofunzwa.,Health
Mitandao ya asasi za kiraia kote Afrika inasukuma uwazi. Saidia juhudi za kuimarisha utawala.,Security
"Mwakilishi wa Wanawake wa Murang Betty Maina anawasihi wakazi kuwa wavumilivu kwa viongozi wa eneo hilo ambao wamechukua misimamo tofauti ya kisiasa, akisisitiza kwamba ni haki yao kufanya hivyo.",Governance
"Hakikisha vitabu vya kiada ifikapo Januari 6, 2025.",Education
"Saratani ya shingo ya kizazi ni mojawapo ya saratani zinazoweza kuzuilika na kutibika zaidi inapogunduliwa mapema. Mwezi huu, tuungane pamoja ili kuongeza uelewa, kuhimiza uchunguzi wa mara kwa mara, na kuunga mkono mipango ya kuzuia na utambuzi wa mapema.",Health
"Sare za shule bila malipo kwa wanafunzi 500,000 wa Darasa la 7 – ukusanyaji unaanza Jumatatu.",Education
Usitumie vifaa vya umeme vilivyoharibika au vinavyoungua.,Security
Timiza sera za sare 2023.,Education
Usiandike manenosiri yako kwenye kitabu! Tumia programu kama 'SafePass' kuyahifadhi.,Security
Wizara ya Afya ikiagiza utoaji wa vitafunio vyenye matunda badala ya vyakula vyenye sukari katika shule za msingi za umma ifikapo mwaka 2026.,Health
Serikali inatoa wito kwa waajiri kuunganisha usaidizi wa afya ya akili katika viwango vya usalama kazini.,Health
EACC ilishirikiana na Kanisa Katoliki kukuza maadili wakati wa msimu wa Kwaresima wa 2025.,Security
"Kuimarisha upatikanaji wa soko kwa sekta binafsi ndani na kikanda kwa ... kutangaza mazao ya kilimo katika wigo mpana zaidi ya ngazi ya kaunti, na kuboresha ...",Agriculture
"Ongeza faida yako kutokana na maharagwe kwa kuelewa mahitaji ya soko, kupunguza hasara baada ya mavuno, na kuchunguza fursa za kuongeza thamani.",Agriculture
EACC ilitoa uelewa katika Onyesho la Eldoret la 2025 kuhusu kuripoti ufisadi.,Security
"Kenya imewasimamisha kazi maafisa waliohusika na ufisadi, na hivyo kuimarisha sera ya kutovumilia kabisa.",Security
Uchunguzi wa kesi za polisi jamii katika makazi yasiyo rasmi ya Nairobi unaohusiana na uzoefu mpana wa Nakuru.,Security
Wizara ya Mambo ya Ndani yaahidi kutekeleza mapendekezo ya mageuzi ya polisi ikiwa ni pamoja na miundo iliyopanuliwa ya COP,Security
Samba taulo za usafi kwa wasichana 2020.,Education
Tumia mbinu endelevu za kilimo mseto ili kulinda mazingira na kuhakikisha uzalishaji wa muda mrefu wa shamba lako dogo.,Agriculture
Kukuza elimu ya sanaa 2024.,Education
"Mfuko wa Kimataifa, kupitia Shirika la Ugavi wa Dawa la Kenya, unasambaza vyandarua vya mbu katika maeneo yaliyoathiriwa na malaria kote nchini.",Health
"Zaidi ya hayo, upatikanaji wa masoko yanayofanya kazi vizuri kuna uwezekano wa kuboresha faida ya wakulima na upatikanaji wao wa vyakula mbalimbali vyenye virutubisho. Karatasi hii ina ...",Agriculture
Wakazi wa Tana River wahimizwa kukataa majaribio ya wanasiasa ya kuwagawanya kwa misingi ya kikabila kwa ajili ya faida zao binafsi.,Governance
"Kiasi cha bure cha masomo ya sekondari kimeongezwa hadi Ksh 22,244 kwa kila mwanafunzi thibitisha na mkuu wako wa shule.",Education
Mamlaka iliwaarifu umma kuhusu shambulio la Al-Shabaab huko Garissa na kuhimiza kuwa macho huku wanajeshi wengine wakipelekwa.,Security
"Muhtasari wa mbinu zilizotumika katika mashambulizi ya Westgate, Garissa, na Dusit pamoja na mwongozo wa serikali kuhusu kuripoti, utayari, na majibu ya dharura.",Security
Marekani yaonya kuhusu kupelekwa kwa vikosi vya usalama; epuka maeneo ya maandamano.,Security
Umoja wa Mataifa na mashirika ya Kenya yaliandaa warsha ili kuwasaidia maafisa wa eneo hilo na jamii kushughulikia uchochezi na kuzuia itikadi kali.,Security
Osha vitu vya kunyonyesha mtoto kwa sabuni na maji safi ili kuzuia magonjwa ya kuhara.,Health
Madalali wa bima bandia wamekuwa wakiuza vifuniko vya magari visivyo halali katika vituo vya mabasi. Thibitisha kampuni yako ya bima kupitia usajili wa umma wa IRA.,Security
Dhana ya kilimo kinachozingatia mabadiliko ya tabianchi (CSA) inaonyesha azma ya kuboresha ujumuishaji wa maendeleo ya kilimo na mwitikio wa mabadiliko ya tabianchi.,Agriculture
Mamlaka yaonya kwamba watu wenye msimamo mkali wanaweza kuendelea kulenga miundombinu muhimu.,Security
Wizara ya Afya imewahakikishia umma kwamba hali ya Mpox nchini hailinganishwi na janga la COVID-19.,Health
"Tushirikiane na Polisi kuwakamata wahalifu waliojificha katika #Maandamano ili kuiba, kuharibu mali na kufanya uhalifu mwingine.",Security
Fanya mazoezi ya zimamoto shuleni 2020.,Education
"Ethekon aliwasihi Wakenya kusaidia kujenga upya imani katika IEBC mpya, akihakikisha kwamba tume imeimarisha mifumo ya uwajibikaji, ikiwa ni pamoja na utambuzi thabiti wa wapiga kura na teknolojia ya uwasilishaji wa matokeo.",Governance
Jenga shule bora! Wekeza katika madarasa na vifaa.,Education
Warsha ya Umoja wa Mataifa ilileta pamoja sekta nyingi ili kuboresha mikakati ya kuzuia itikadi kali za kikatili.,Security
Wakazi wa Kilifi wahimizwa kujiandikisha kwa SHA,Governance
"Uzinduzi rasmi wa kampeni inayojumuisha usafi wa mazingira na ujumbe wa lishe, iliyoratibiwa kupitia miungano ya asasi za kiraia.",Health
Thibitisha utambulisho wa wafanyakazi wa usafirishaji kabla ya kuruhusu ufikiaji wa mali.,Security
Biashara lazima ziepuke kuajiri watoto na badala yake ziunge mkono mipango ya elimu yao.,Security
Jifunze katika umri wowote! Jiunge na madarasa ya kusoma na kuandika ya watu wazima katika kaunti yako.,Education
Mapambano dhidi ya malaria yanakabiliwa na tishio jipya kutoka kwa aina mpya za mbu hatari,Health
Serikali na mashirika yasiyo ya kiserikali huwasaidia watoto yatima kwa huduma muhimu. Uasili na malezi ya watoto wa kambo hufuata miongozo ya kisheria.,Security
Wafundishe walimu! Waelimishe kuhusu kuzuia usafirishaji haramu wa binadamu.,Education
Ushauri wa Marekani unahimiza tahadhari zaidi kutokana na ugaidi na hatari za utekaji nyara na unapendekeza kupitia upya mipango ya usalama wa kibinafsi.,Security
Umma unahimizwa kujiandikisha kwa ajili ya kipindi hiki.,Governance
Akina mama wanahimizwa kutembelea vibanda vya chanjo wakati wa siku za soko ili kupata chanjo za watoto kwa urahisi.,Health
Uongozi wa mahakama uliidhinisha agizo la IPOA na kuahidi kuunga mkono ushirikiano imara zaidi kati ya mahakama na chombo cha usimamizi.,Security
Wakimbizi na watu waliohamishwa makazi yao wanahitaji hatua za ulinzi na ushirikishwaji wa jamii ili kupunguza hatari za vurugu.,Security
Nyumba na makazi salama hutoa malazi salama ya muda kwa manusura na watoto wao.,Security
Jua njia zako za mafuriko! Fanya mazoezi ya uokoaji shuleni kwa usalama.,Education
Kukuza amani! Jiunge na vilabu vya amani vya shule katika maeneo yenye migogoro.,Education
"... kilimo cha kidijitali ili kurahisisha uendelevu na ufanisi wa gharama. Je, kilimo kinachozingatia mabadiliko ya tabianchi kinatosha? Licha ya faida nyingi ...",Agriculture
Hakikisha upatikanaji wa elimu wakati wa COVID 2020.,Education
Ripoti hatari! Piga simu polisi au walimu ili kuzuia utekaji nyara.,Education
Osha mikono kwa sabuni na maji kabla ya kumshika mtoto ili kuzuia maambukizi.,Health
"Aliwasihi wakazi kuendelea kujiandikisha chini ya mpango huo ili kupata huduma za afya bila malipo, na kuwezesha mpango wa serikali kuwa bora zaidi kwa ajili ya utoaji bora wa afya.",Governance
Kufanya masoko yafanye kazi kwa ajili ya kilimo cha Afrika na kuwasaidia wakulima kupata teknolojia na pembejeo mpya kunaweza kuchochea mabadiliko ya uchumi mpana. Kupitia ...,Agriculture
Linda uwekezaji wako wa mifugo kwa kutumia bima ya kilimo. Elewa aina za bima zinazopatikana na jinsi ya kutoa madai.,Agriculture
Tumia kamera za usalama zenye hifadhi ya wingu ili kuhifadhi ushahidi inapohitajika.,Security
Polisi jamii hupunguza wizi wa mifugo. Shiriki akili na usaidie uchunguzi wa polisi.,Security
"Maktaba ya kitaifa ya kidijitali ya bure yazinduliwa – Vitabu 100,000, hakuna kuingia kunakohitajika!",Education
"Mtandao huu utazindua ripoti mpya ya Grow Asia, iliyoagizwa na IFAD, inayoonyesha jinsi teknolojia za kidijitali zinavyobadilisha kilimo katika eneo hilo.",Agriculture
"Bajeti ya Ksh 10,000 kwa kila mwanafunzi imetolewa kwa kaunti zote 47 ""wasiliana na ofisi yako ya CDF."" Mfuko wa shida wa HELB wa Ksh 10,000 watolewa ""tuma maombi kupitia lango la shule ndani ya sekunde 60!"" Omba kupitia lango la shule ndani ya sekunde 60!",Education
Mahakama yaonya kuhusu barua za kurejeshewa dhamana za uongo zinazotumwa kwa walalamikaji wasio na uhakika. Marejesho yanashughulikiwa kupitia sajili za mahakama pekee,Security
Raia wanahimizwa kuthibitisha kwa mujibu wa maagizo ya serikali.,Governance
Wakazi wa eneo la pwani waliomba kukumbatia zoezi hilo kwa lengo la kuokoa maisha yao.,Governance
"Mabango yaliyosambazwa kote nchini yalielezea haki za washukiwa, mipaka ya utafutaji wa kisheria, na jinsi ya kuwasilisha malalamiko kwa vyombo vya usimamizi.",Security
Weka vifaa vya kugundua moshi nyumbani kwako kwa tahadhari za mapema za moto.,Security
Kukuza elimu ya ujasiriamali 2024.,Education
Mabadiliko ya homoni wakati wa ujauzito yanaweza kuathiri afya ya kinywa. Mtembelee daktari wa meno kwa uchunguzi na udumishe usafi wa kinywa.,Health
Hakikisha afya na usalama wa kazini shambani mwako kwa wafanyakazi wanaoshughulikia masoko. Jua itifaki za msingi za usalama.,Agriculture
Mtihani wa elimu ya uraia uvujaji mtandaoni – pakua toleo rasmi kutoka KNEC kabla ya zile bandia kusambaa!,Education
Kumbuka kila wakati kwamba huduma ya kwanza ya Afya ya Akili ni muhimu kama vile huduma ya kwanza ya kimwili. St John Ambulance iko hapa kwa ajili yako!,Health
EACC yabaini visa vinavyoongezeka vya uigaji katika ofisi za ununuzi. Ripoti mtu yeyote anayedai 'kushawishi' matokeo ya zabuni,Security
"Uzinduzi wa programu ya simu mahiri ili kufuatilia hatua za kila siku, unyevu, ulaji wa chakula, na viwango vya msongo wa mawazo kwa kutumia ubao wa viongozi wa jamii.",Health
"Gavana wa Garissa atoa tahadhari kuhusu ongezeko la saratani, akihusisha na madai ya utupaji taka za nyuklia",Health
"Gazeti la Guardian liliripoti kukamatwa kwa polisi aliyehusishwa na kifo cha mwanablogu wa kisiasa akiwa kizuizini, jambo linaloonekana kama hatua adimu kuelekea uwajibikaji.",Security
Ubunifu huchochea maendeleo. Gundua maendeleo mapya katika biashara ya kilimo ambayo yanaweza kuwanufaisha wakulima wadogo.,Agriculture
Tekeleza hatua za kupunguza hatari za maafa katika shamba lako dogo ili kupunguza hasara zinazoweza kutokea kutokana na matukio kama vile ukame.,Agriculture
Elimu ya uraia sasa 25% ya darasa la mwisho la Daraja la 9 – soma au ushindwe!,Education
"IEBC itatoa kadi za wapiga kura 500,000 shuleni wiki ijayo ""kuwa tayari na kitambulisho!",Education
"Walimu wote wanapata uboreshaji wa bima ya matibabu bila malipo ""NHIF"" hadi kifurushi kamili Januari 1!",Education
Taarifa rasmi kwa vyombo vya habari kuhusu matokeo ya hivi karibuni ya DHS yanayoonyesha kupungua; wito wa kuwekeza tena katika vituo vya usaidizi wa uzazi na unyonyeshaji.,Health
"Ratiba ya bure ya marekebisho + maelezo kwa masomo yote — ' — "" pakua kutoka education.go.ke SASA!",Education
"Afya ya akili ni hali ya ustawi ambapo mtu hutambua uwezo wake mwenyewe, anaweza kukabiliana na matatizo ya kawaida ya maisha, anaweza kufanya kazi kwa tija au kwa matunda, na anaweza kutoa mchango kwa jamii yake.",Health
Mfumo wa sera wa Kenya unahakikisha usimamizi wa maafa ulioratibiwa. Elewa haki zako na majukumu ya serikali.,Security
"TAARIFA: Maombi ya huduma mbalimbali za NTSA kutoka kwa vyombo vya Serikali ya Kitaifa na Kaunti. Mamlaka imeanzisha dawati maalum la usaidizi katika Makao Makuu ya NTSA, ofisi zote za mkoa wa NTSA na Vituo vya Huduma. Kwa maswali ya barua pepe, wasiliana nasi kupitia numberplates@ntsa.go.ke",Governance
"Bima hupunguza hasara za kifedha kutokana na mafuriko, moto, au dhoruba. Gundua chaguzi za bima ndogo za bei nafuu.",Security
"Tamasha la bahari ya Afrika Mashariki: Wakazi wahimizwa kushiriki katika kusafisha fukwe Zoezi la usafi wa fukwe lililofanyika Nyali, Kaunti ya Mombasa",Governance
Saidia shule! Omba kutolewa kwa fedha za ruzuku kwa wakati unaofaa.,Education
"Kwa kutumia teknolojia ya kidijitali katika kilimo na mifumo ya chakula, ... IFAD 13 lazima iandae njia kwa ajili ya jukumu la IFAD katika kilimo bunifu.",Agriculture
"Boti ya elimu ya mpiga kura ya WhatsApp imezinduliwa — ' — "" hifadhi 0111222333 na andika HI sasa!",Education
Vyuo vikuu vyote lazima viwe na vituo vya usajili wa wapiga kura '¢' — agizo la IEBC.,Education
"Katika baadhi ya matukio, kuripoti ufisadi ni zaidi ya wajibu tu; ni wajibu wa kisheria: Sheria ya Kuzuia na Kupambana na Shughuli za Rushwa inawataka watu katika nafasi za mamlaka katika sekta za umma na binafsi kuripoti ufisadi na uhalifu mwingine ulioorodheshwa katika Sheria hiyo unaohusisha zaidi ya R100,000, kwa polisi.",Governance
Boresha usafi wa mazingira! Toa vyoo salama ili kuzuia kipindupindu.,Education
Mipangilio ya dharura huongeza hatari za unyanyasaji wa kijinsia na inahitaji mipango maalum ya kuzuia na kukabiliana na hali hiyo.,Security
Chelewesha kumwogesha mtoto mchanga kwa angalau saa 24 ili kulinda kinga asilia za ngozi.,Health
"Uzinduzi wa mpango wa kitaifa wa Utetezi, Mawasiliano na Uhamasishaji wa Kijamii kwa ajili ya uelewa bora wa umma kuhusu lishe.",Health
Linda Wi-Fi ya nyumbani kwa kutumia nenosiri kali kama 'Jamhuri@1963'.,Security
Kenya yathibitisha visa vitatu vipya vya Mpox huko Busia; Wizara ya Afya yaonya kuhusu hatari kubwa ya kuagiza virusi vya Marburg na Ebola kutoka nchi jirani za Tanzania na Sudan.,Health
Jamii zinapaswa kuwekeza katika visima na uvunaji wa maji ya mvua ili kuhakikisha upatikanaji wa maji wakati wa ukame.,Security
Matokeo ya kitaaluma kuhusu vichocheo vya mafanikio na vikwazo vya COP katika mpango wa Nyumba Kumi wa Kaunti ya Migori,Security
KRA inawakumbusha walipa kodi kwamba mawakala hawaruhusiwi kukusanya malipo ya pesa taslimu ana kwa ana. Tumia nambari rasmi za PayBill na risiti,Security
Weka nambari za daktari wako na hospitali karibu iwapo kutatokea dharura.,Security
"Uingereza yaonya kuhusu hatari kubwa ya ugaidi nchini Kenya, hasa ikilenga maslahi ya Uingereza.",Security
"Kuongeza tija katika ufugaji wa kuku kupitia aina bora za kuku, ufugaji, malazi, na mbinu za afya.",Agriculture
Tangazo kuhusu SNV kuahidi kuendelea kuunga mkono mabadiliko ya mifumo ya chakula nchini Kenya wakati wa Mkutano wa Kitaifa wa Nairobi.,Health
Wafundishe watoto kuepuka kushiriki maelezo ya kibinafsi na 'marafiki mtandaoni'.,Security
Kaunti ya Elgeyo Marakwet yazindua rasmi mpango wa CNAP unaolenga kupunguza udumavu wa watoto kutoka 30% hadi 22%.,Health
"Kuongezeka kwa Misitu Miti 14,000 iliyopandwa Kitui Wakazi wahimizwa kuendelea kupanda miti",Governance
AATF inatafuta mshauri wa kutengeneza na kupeleka kitovu cha kisasa cha usimamizi wa maarifa ambacho kitaboresha ushiriki wa taarifa za ndani na nje ...,Agriculture
"Chanjo maalum za ng'ombe na ndama, kolostramu bora, na programu maalum za kundi huboresha afya ya ndama na kupunguza vifo.",Agriculture
Fikiria kufunga sefu ya kuhifadhia hati muhimu na vitu vya thamani.,Security
"Ufafanuzi wa bipolar, sababu, dalili, vifaa vya uchunguzi na matibabu.",Health
Maji yaliyotuama huzaa mbu. Tumia vyandarua na uripoti maambukizi ya mbu kwa mamlaka za afya.,Security
Unganisha uandishi wa habari kidijitali katika mtaala wa 2025.,Education
Pata matokeo ya KPSEA kuanzia Desemba 1 kupitia lango la shule.,Education
"Ufuatiliaji hujenga uaminifu. Jifunze jinsi utunzaji rahisi wa kumbukumbu unavyoweza kusaidia kufuatilia maharagwe yako kutoka shambani hadi sokoni, na kuwafurahisha wanunuzi na watumiaji.",Agriculture
Ujumbe unaolengwa uliotumwa kabla ya vikao vya kaunti,Education
Mafunzo ya kupambana na ufisadi yaliwafikia maafisa na wakazi katika Kaunti ya Nandi.,Security
"Taulo za usafi za bure + nguo za ndani kwa wasichana milioni 2 — ' — "" kusanya kutoka kwa mwalimu wa darasa!",Education
Shule zote zinapata Ksh 15M kwa ajili ya uboreshaji wa maktaba ... Shule zote zinaweka CCTV + kuajiri walinzi ifikapo Desemba 31 – Maagizo ya Wizara au kufungwa kwa uso!,Education
Wizara inasasisha moduli ya mafunzo ili kuimarisha mwitikio wa utapiamlo katika ngazi ya jamii.,Health
Walimu wanawasilisha mipango ya masomo kwa ajili ya CBC 2023.,Education
Shiriki katika mipango ya ndani ili kuunga mkono juhudi na mikataba ya kimataifa ya kupambana na ufisadi.,Security
Wizara inaalika mashirika ya huduma kwa jamii kupitia SUNCSA kupanga mkakati wa ujumbe wa lishe kwa umma na usafi wa mazingira (Epuka Uchafu).,Health
"Upatikanaji wa mikopo: Upatikanaji wa mikopo ya kilimo unaweza kuwa na soko kubwa ..., upatikanaji wa huduma za ugani, na ufikiaji wa umwagiliaji. Zaidi ya hayo ...",Agriculture
"Mtaala mpya wa TVET wa nishati ya kijani ulizinduliwa ""upakuaji wa bure kwenye tovuti ya KICD sasa!",Education
"Katika uchumi huria, utoaji wa huduma katika sekta ya kilimo, ikiwa ni pamoja na ufadhili wa pembejeo, ukusanyaji wa mazao, na usindikaji na uuzaji ...",Agriculture
Majaji katika vituo vyote kwa wakati huo huo watapitia kesi zinazostahili ambazo tayari zimetambuliwa na mamlaka ya Magereza na kutoa amri zinazofaa za marekebisho katika juhudi za kupunguza msongamano wa magereza. Mahakama za Mahakimu pia zitapitia masharti ya dhamana kwa wale walio mahabusu.,Health
Tunawasihi raia kuendelea kutoa taarifa za kujitolea zitakazopelekea kukamatwa kwa Francis Gaitho.,Security
Tumia vipima muda kwa ajili ya taa ukiwa mbali ili kuonyesha kama kuna mtu nyumbani.,Security
Jifunze popote! Jiunge na shule zinazotembea za watoto wafugaji.,Education
Uingereza inawashauri wageni kuendelea kuwa macho kutokana na vitisho vya ugaidi vinavyolenga maeneo ya umma.,Security
Walimu: Wasilisha orodha ya wanafunzi wa kidato cha 3 na 4 ambao hawajasajiliwa kwa IEBC ifikapo Ijumaa!,Education
Badilisha mbinu zako za kilimo kwenye bwawa la samaki ili kukabiliana na athari za mabadiliko ya tabianchi kama vile ukame. Jifunze kuhusu aina na mbinu zinazostahimili.,Agriculture
Tuma maombi ya Leseni ya Msanidi Programu/Mendeshaji kupitia lango letu la E-Citizen - Kiungo cha Lango la E-Citizen -,Governance
Wakazi wahimizwa kukumbatia utatuzi mbadala wa migogoro,Governance
Usibebe kiasi kikubwa cha pesa taslimu - tumia njia za malipo za simu badala yake.,Security
Maoni ya Mwananchi: Umma washauriwa kusoma na kuelewa ripoti ya BBI,Governance
Lango la Lishe linaalika mawasilisho yanayotambua kaunti zinazoripoti matokeo ya CNAP chini ya mfumo mpya wa ufuatiliaji.,Health
"KUCCPS ilifungua lango lake kwa watahiniwa wa KCSE wa 2018 na wagombea wa zamani kuanzia 2000 hadi 2018 ili kutuma maombi ya kozi za TVET zinazofungwa Aprili 30, 2019.",Education
"Mei ni ukumbusho wa kuweka kipaumbele utunzaji wa kibinafsi na kukuza afya yako ya akili. Fanya mazoezi ya kuzingatia, shiriki katika shughuli zinazokuletea furaha, na utafute msaada inapohitajika.",Health
NPS ilikanusha bango bandia la onyo la ugaidi na kuonya dhidi ya taarifa potofu.,Security
"Serikali yaonya kwamba raia wanapaswa kujitayarisha kwa safari ngumu mbele, kwani shilingi bilioni 10 hadi 15 za ziada zitahitajika ili kutoa ruzuku kwa mafuta katika miezi ijayo.",Governance
"Kama sehemu ya mpango unaoendelea wa serikali wa kuwahimiza wakazi kusalimisha bunduki walizokuwa nazo kinyume cha sheria, Timu ya Usalama ya Kaunti Ndogo huko Tiaty Central, Kaunti ya Baringo, leo, tarehe 5 Novemba 2025, ilipokea bunduki mbili aina ya AK-47 na risasi tano.",Governance
Mwakilishi wa NGECKenya Winnie Wambua atoa wito wa ushirikiano na kuwaomba washiriki kufanya kazi pamoja ili kuhakikisha vurugu hazizuii wanawake kugombea viti vya kisiasa na kuwahimiza washiriki kuanzisha kampeni ili wanaume wawaunge mkono wanawake kupata nafasi za uongozi.,Governance
Njia tatu ambazo IFAD inaweza kusaidia kilimo cha kidijitali katika eneo la Asia-Pasifiki. Setembro 2021 - BLOG. Wakulima na biashara za kilimo katika eneo la Asia-Pasifiki ...,Agriculture
Huduma ya Polisi inawahimiza Wakenya wazalendo kuripoti visa vya wahamiaji haramu kwa ajili ya kukamatwa katika vituo vya polisi vilivyo karibu.,Security
IEBC yatangaza kuanza tena kwa usajili wa wapiga kura kuanzia Septemba 29,Governance
"Hydroponics huruhusu ukuaji wa ng'ombe bila udongo. Jifunze kuhusu mifumo, virutubisho, na kusimamia mpangilio wa hydroponics.",Agriculture
"Msajili @ORPPKenya, Anne Nderitu anahimiza bunge kuharakisha utekelezaji wa sheria zinazohusiana na uchaguzi. Kupitishwa kwa sheria kuchelewa kunaathiri vibaya upangaji wa uchaguzi.",Governance
Kanuni za Maadili kwa Utumishi wa Umma zinawataka wafanyakazi wote wa utumishi wa umma kuripoti ufisadi kwa mamlaka husika.,Governance
Angazia hadithi za mafanikio ya ujasiriamali wa wakimbizi.,Security
Mkakati wa usalama wa mtandao wa Kenya kulinda miundombinu muhimu ya taarifa na kuimarisha usalama wa umma mtandaoni.,Security
"Tangazo la maeneo ya ustawi yanayotoa lishe bora, ushauri nasaha, na huduma za kupunguza msongo wa mawazo katika vituo vikuu.",Health
Idara ya mifugo yatangaza kampeni ya chanjo ya mifugo kote Laikipia na Kajiado.,Agriculture
Matumizi yasiyofaa ya jenereta husababisha sumu ya monoksidi kaboni. Huendesha jenereta nje na mbali na madirisha.,Security
Uzinduzi rasmi wa mbolea ya kibiolojia ili kuongeza kiwango cha virutubisho katika mazao yanayolimwa katika kaunti sita.,Health
Uzinduzi wa huduma ya Jifunze Lishe ya kutuma vidokezo vya lishe na ustawi wa kila wiki kwa wanachama milioni 2.,Health
Linda uvumbuzi wako wa kilimo na aina mpya kwa kuelewa haki za Miliki Bunifu (IP) kama vile hati miliki na haki za wafugaji wa mimea.,Agriculture
Eleza haki za kisheria unapokamatwa kwa umma.,Security
"Ikiwa kisiki cha kamba kitatoka damu au kutoa usaha, tafuta matibabu mara moja.",Health
Australia yatoa wito wa tahadhari kali kutokana na uhalifu na ugaidi.,Security
Wazazi wanapaswa kusajili kuzaliwa kwa mtoto wao katika ofisi ya usajili wa kiraia iliyo karibu. Cheti cha kuzaliwa kinahakikisha utambulisho wa kisheria wa mtoto na upatikanaji wa huduma.,Health
"Wanafunzi wote wa TVET wanapata posho ya kila mwezi ya Ksh 8,000 kuanzia Januari thibitisha kwanza kujiunga!",Education
Sahihisha maelezo kwenye lango la CBA sasa.,Education
Pata taarifa za tahadhari za mapema kuhusu mafuriko kutoka KMD ili kuandaa na kulinda mifugo yako.,Agriculture
Wanawake katika siasa wanakabiliwa na vurugu zinazolenga kupunguza ushiriki. Sheria za uchaguzi huwalinda wagombea na wapiga kura kutokana na madhara yanayotokana na jinsia.,Security
Matukio ya ushiriki wa umma wa COP yanayoungwa mkono na IOM yanaleta pamoja jamii na mashirika ya usalama huko Garissa,Security
Viwanja vya ndege kote nchini vimewekwa katika tahadhari kubwa huku uchunguzi ukiimarishwa kufuatia taarifa ya usalama iliyofichwa.,Security
"Katika miezi sita, anza kula vyakula laini huku ukiendelea kunyonyesha. Hakikisha chakula ni salama, chenye lishe, na kinafaa kwa umri.",Health
Afisa Msimamizi wa Uchaguzi mdogo wa Wadi ya Bunge la Kaunti ya Nguu/Masumba (CAW) Moureen Kerebi Oyaro anawasihi wapiga kura na vyombo vya habari kuzingatia itifaki ya Covid-19.,Governance
Kuwa mwangalifu! Epuka wageni na uripoti hatari kwa walimu.,Education
"Serikali inakuza changamoto ya mazoezi ya kila siku katika kaunti zote, ikisisitiza harakati za afya.",Health
Weka vichaka na miti karibu na madirisha yaliyokatwakatwa ili kuondoa sehemu za kujificha.,Security
"Gazeti la The Guardian liliripoti kwamba Konstebo James Mukhwana ndiye afisa wa kwanza kushtakiwa kuhusu kesi ya kifo cha kifungo cha gerezani, jambo lililoashiria uchunguzi zaidi wa mwenendo wa polisi.",Security
Endelea kujifunza! Jiandikishe katika shule za kuhamahama kwa wafugaji.,Education
"Mkakati huu ni mbinu kamili na ya muda mrefu inayotumia kilimo ikolojia kushughulikia changamoto za mfumo wa chakula, ikilenga usalama wa chakula na kushughulikia masuala kama ...",Agriculture
Ripoti ya NCRC inaonyesha huku polisi jamii ikiongeza uaminifu wa umma katika ushiriki wa taarifa bado uko chini katika Kaunti ya Nairobi,Security
[Itifaki za Afya] Itifaki kamili za afya na usalama za COVID-19 kwa ajili ya kufungua shule ikiwa ni pamoja na barakoa za lazima na ufuatiliaji wa halijoto,Education
Kampeni ya kuwahimiza wazalishaji wa mafuta ya kula kupunguza kiwango cha sodiamu kupitia mpango wa ahadi ya hiari.,Health
Serikali ya kaunti ya Nairobi yawahimiza waliokiuka viwango vya ardhi kulipa huku ikilenga mapato ya kila mwaka ya bilioni 30,Governance
"Taarifa ya umma inayounga mkono mtama, mtama na kunde kwa ajili ya uendelevu na ustahimilivu wa lishe.",Health
Ripoti ukiukwaji wa sheria kwa simu ya dharura ya KNEC.,Education
Ufadhili wa masomo 200 wa Stipendium Hungaricum umefunguliwa kwa wanafunzi wa shahada ya kwanza wa Kenya.,Education
Makala Iliyoangaziwa. Habari za UK-CGIAR. Jinsi Teknolojia ya Mboga Integrated Pull Pull inavyobadilisha kilimo cha kunde Magharibi mwa Kenya. 16 Julai 2025.,Agriculture
Kupima mapema husaidia kumlinda mtoto ambaye hajazaliwa kutokana na maambukizi ya VVU.,Health
"... Upatikanaji wa Soko na Utofauti wa Lishe: Jukumu Linalowezekana la Wanawake katika Kuboresha Lishe ya Kaya nchini Kenya Evelyne Kihiu, Hillary Wakhungu na Juneweenex ...",Agriculture
Usiache magari yako wazi au vitu vya thamani vionekane.,Security
Kipindi cha 1: Kilimo cha Dijitali na Jukumu Lake katika Kukuza Vijijini Jumuishi na Ustahimilivu. Mabadiliko. Muda. Mada. Wazungumzaji. 09:00 -09:30.,Agriculture
Fundisha usafi! Waelimishe wanafunzi kuhusu kuzuia kipindupindu.,Education
Usiache vitu hatari karibu na watoto wadogo.,Security
Kupumua haraka na kuvuta kifua kwa watoto kunaweza kuashiria nimonia. Tafuta huduma ya matibabu mara moja.,Health
Kuongezeka kwa joto huongeza hatari ya kutokuwepo kwa malaria jijini Nairobi,Health
Kukuza usawa! Hakikisha upatikanaji sawa kwa wavulana na wasichana.,Education
Treni ya dharura 2021.,Education
Kunawa mikono kwa sabuni kabla ya kulisha na baada ya kubadilisha nepi huzuia maambukizi kwa watoto na akina mama.,Health
Ustawi wa akili ni muhimu kwa mahali pa kazi penye tija na afya. Panga afya ya akili kama vile unavyoweza kuipa kipaumbele afya ya mwili.,Health
NPS ilikanusha tahadhari ya uwongo ya ugaidi mtandaoni na kuhimiza uthibitishaji kupitia njia rasmi.,Security
Zingatia mifumo ya tahadhari za mapema kwa mvua ya mawe inayotolewa na KMD ili kuandaa na kulinda ng'ombe wako wa maziwa na mali zake.,Agriculture
Zingatia mbinu za utetezi wa kijamii,Education
"Kuboresha upatikanaji wa soko na miundombinu: Wekeza katika miundombinu ya vijijini, kama vile barabara na vifaa vya kuhifadhia vitu, na tangaza majukwaa ya kidijitali ...",Agriculture
Wizara ya Kilimo imewakataa watu wanaokusanya ada za usajili kwa 'mbolea zilizofadhiliwa. Orodha zote halali zinaonyeshwa katika ofisi za kata.,Security
Tangazo la Umma: Usajili umefunguliwa kwa ajili ya uidhinishaji wa ujuzi wa kilimo kidijitali.,Agriculture
Jamii huko Baringo zinapambana na malaria kwa kutumia suluhisho za kienyeji na vyandarua,Health
"Punguza upotevu wa matunda baada ya mavuno kupitia mbinu bora za utunzaji, uhifadhi, na usindikaji kuanzia mavuno hadi sokoni.",Agriculture
Itifaki za kufungua shule salama zililazimisha baada ya mafuriko.,Education
"Serikali ya Kaunti inatoa wito kwa wakazi wote kuwa waangalifu sana, kuepuka kuvuka barabara zilizofurika au kutembea karibu na mito iliyofurika, na kuripoti mara moja dharura au matukio yoyote kwa ofisi ya utawala ya karibu au kupitia simu ya dharura ya Kaunti.",Governance
Jenga maarifa! Anzisha maktaba katika kila shule.,Education
Sheria mpya huimarisha uwazi wa kifedha na hatua za kupambana na ugaidi za kufadhili.,Security
Hauko peke yako. Wasiliana na wapendwa au wataalamu wa afya ya akili kwa usaidizi.,Health
Tumia madirisha yanayofunguka kwa urahisi katika vyumba vya kulala kwa dharura.,Security
Miongozo ya ada ya shule ya upili: Hakuna ongezeko la ada ya bweni kwa mwaka wa 2025.,Education
"Jihadhari na matapeli wanaoomba rushwa kutoka kwa umma huku wakijifanya wafanyakazi wa tume, ilionya watafuta kazi.",Governance
Kubali uvumbuzi kwa athari kubwa zaidi. Uongozi wa kimaadili huanza na wewe.,Security
"Wazazi, kuwa mwangalifu! Wafuatilie watoto ili kuzuia utekaji nyara.",Education
Wizara ya Afya inathibitisha tena kujitolea kwa Kenya katika kuongoza sera za mazingira ya chakula za Afrika Mashariki ikiwa ni pamoja na uwekaji lebo kwenye pakiti.,Health
"Mwaliko wa umma na maelezo ya mkutano wa kitaifa wa Oktoba 2025 wenye mada ""Kulinda Mustakabali"" kuhusu afya ya akili kamili.",Health
Sasisha rekodi za shule kidijitali 2023.,Education
Uzinduzi wa mchanganyiko wa mahindi na soya ulioimarishwa umesambazwa katika shule za msingi ili kukabiliana na utapiamlo.,Health
Huduma hizi ni muhimu kwa ajili ya uundaji wa ajira kwa sababu zinaboresha upatikanaji wa kilimo ... Uhusiano na uratibu wa soko. Kuunganisha ...,Agriculture
Wizara ya Mambo ya Ndani yaangazia wiki ya utekelezaji mkali.,Security
Maafa ya hali ya hewa huongeza hatari za vurugu. Utayari lazima ujumuishe tathmini za hatari za vurugu na hatua za kupunguza athari.,Security
"Jumuisha vyakula vyenye madini mengi kama vile mchicha, ini, na maharagwe katika lishe ili kuzuia upungufu wa damu.",Health
"KUCCPS yafungua dirisha la kubadilisha kozi ya dharura — ' — "" badilisha kabla ya saa sita usiku!",Education
Kozi za bure za urembo na tiba ya urembo kwa vijana.,Education
Safiri salama! Tumia njia salama zilizotengwa kwenda shuleni katika maeneo yenye migogoro.,Education
Epuka kuendesha gari kupitia barabara zilizojaa maji. Maji ya sentimita 30 pekee yanaweza kufyonza magari. Tumia njia mbadala.,Security
Marekebisho ya moja kwa moja ya CBC ya Daraja la 9 huanza saa 5PM kila siku bila malipo kwenye kituo cha Elimu cha YouTube!,Education
"Siku hii ya Afya ya Akili Duniani, hebu tuweke kipaumbele ustawi wa akili kazini! Mazingira yanayounga mkono ni muhimu kwa afya mahali pa kazi. Wasiliana na wenzako leo!",Health
Pakua karatasi za sampuli za KJSEA kutoka kwa lango la CBA sasa.,Education
NSSF imewasimamisha kazi mawakala kadhaa wa shambani waliopatikana wakikusanya pesa kwa ajili ya 'usindikaji maalum. NSSF haitozi malipo kwa huduma za haraka,Security
"Punguza hatari za mafuriko kupitia utayarishaji sahihi wa ardhi, mifereji ya maji, na uchaguzi wa mazao unaofaa kwa maeneo yanayokumbwa na mafuriko kama vile viazi vitamu.",Agriculture
"Mambo muhimu ya kuzuia kuenea kwa Mpox: Epuka kugusana kwa karibu na watu wanaoonyesha dalili. Usishiriki vitu vya kibinafsi kama vile taulo, vyombo, au nguo. Dumisha usafi mzuri kwa kunawa mikono mara kwa mara.",Health
Linda usikivu wa mtoto wako kwa kumzuia asisikie mazingira yenye kelele.,Health
"Zaidi ya hayo, tunatamani kukuza uvumbuzi na ujasiriamali wa kidijitali katika kilimo, tukiamini kwamba suluhisho bunifu zaidi zitatoka.",Agriculture
Kliniki ya saratani yazinduliwa katika Kaunti ya Samburu. Visa 10 vya saratani vinaripotiwa kila mwezi huko Samburu. Kituo cha Barasa hufanya matibabu ya saratani yapatikane. Tumeweza kuwatibu wagonjwa wanne.,Health
Kaunti ya Mombasa ilizindua laini ya kuripoti kwa njia ya maandishi kwa waathiriwa kutuma malalamiko salama kwa maafisa wa usimamizi.,Security
"Piga 116 (Nambari ya Msaada kwa Mtoto) au 999 (Dharura) ili kuripoti unyanyasaji, kutelekezwa, au unyonyaji wa mtoto kwa msaada wa haraka.",Security
Mbinu za mandhari kwa ajili ya kilimo kinachozingatia mabadiliko ya tabianchi zinategemea kuboresha ushirikiano kati ya wadau na sekta mbalimbali katika mandhari.,Agriculture
Vijana wa vijijini wanaleta kilimo katika enzi ya kidijitali. Kutana na vijana watatu wa vijijini barani Asia ambao wamevunja kanuni ya umwagiliaji! Habari za majaribio · IFAD na ...,Agriculture
Kuelewa masuala ya afya ya akili kunaweza kukuwezesha kupinga dhana potofu. Shiriki taarifa sahihi na marafiki na familia ili kukuza uelewa na kupunguza unyanyapaa.,Health
"Baada ya mafuriko, vyanzo vya maji vinaweza kuwa vimechafuliwa. Tumia vidonge vya kusafisha maji au chemsha maji kabla ya kunywa.",Security
Ushirikiano na wasanii wa mijini,Education
Vifurushi vya data bila malipo kwa watahiniwa wote wa KCSE hadi Machi 2026 hakuna alama ya sifuri inayohitajika!,Education
Watetezi wanasema kwamba uhandisi wa kijenetiki una uwezo wa kutatua au kupunguza matatizo mengi muhimu yanayokabili kilimo: uhifadhi wa ...,Agriculture
"Katibu Mkuu wa Ulinzi Bw. Patrick Mariru amewasihi wafanyakazi wapya wa kiraia na wanafunzi wapya kuitumikia Wizara kwa bidii, ari na nguvu akisema ni fursa isiyo ya kawaida kutumikia katika utumishi wa umma.",Governance
Cheza taaluma yako! Jiunge na programu za ufundi umeme.,Education
Tume ya Utumishi wa Umma inawaonya wakulima kuhusu kipindi hiki na kuwahimiza kuhudhuria.,Governance
"Watoto wote wakimbizi nchini Kenya watajiunga na shule za umma kuanzia Januari ""hakuna ada.",Education
Ofisi ya WHO barani Afrika yatoa muhtasari wa pongezi unaounga mkono mageuzi ya uainishaji wa lishe nchini Kenya.,Health
KUCCPS yafungua dirisha la mwisho la marekebisho badilisha njia kabla ya saa sita usiku wa manane!,Education
"Kwa watoto waliozaliwa na uzito mdogo, Huduma ya Mama ya Kangaroo - mguso wa ngozi kwa ngozi - unapendekezwa ili kudhibiti joto la mwili, kuboresha unyonyeshaji, na kuongeza maisha.",Health
Polisi wa eneo hilo wazindua operesheni zinazoongozwa na COP za kuorodhesha magenge na kuongeza doria katika Kaunti ya Kisumu,Security
Ubalozi wa Marekani ulionya kuhusu machafuko yanayoweza kutokea wakati wa kura za mchujo na kuwasihi raia kuepuka mikusanyiko mikubwa.,Security
Mafunzo kuhusu uelewa wa kifedha 2020.,Education
"Ongeza faida yako kutokana na kahawa kwa kuelewa mahitaji ya soko, kupunguza hasara baada ya mavuno, na kuchunguza fursa za kuongeza thamani.",Agriculture
Rushwa inatishia usalama na ukuaji. Ripoti mwenendo usio wa kimaadili ili kulinda rasilimali za umma.,Security
Rekebisha vioo vya gari ili kuondoa madoa yasiyoonekana.,Security
Usionyeshe vitu vya thamani kwenye gari lako - viweke mbali na macho.,Security
"Elimu jumuishi sasa sheria ""kila shule ya umma lazima iwapokee wanafunzi wenye ulemavu!"" Sera ya elimu jumuishi ilizinduliwa ""kila shule lazima iwaandikishe wanafunzi wenye ulemavu!",Education
"Serikali ya Kaunti ya Nairobi inawasihi wananchi kutambua na kukusanya miili hiyo ndani ya wiki moja, la sivyo itazikwa kwenye makaburi ya jiji.",Governance
Kilimo cha usahihi kinabadilisha mazingira ya kilimo kwa kuboresha usimamizi wa pembejeo kulingana na mahitaji maalum ya eneo ...,Agriculture
Kutumia mbinu endelevu za mzunguko wa mazao hulinda mazingira na kuhakikisha uzalishaji wa muda mrefu kwa ng'ombe.,Agriculture
Makazi yasiyo rasmi yanakabiliwa na moto kutokana na msongamano wa nyumba na miunganisho haramu ya umeme. Ripoti hatari na utumie njia za kupikia salama kwa moto.,Security
Kufichua kazi ya kulazimishwa katika kilimo kupitia uchunguzi wa siri.,Security
"Fikia matokeo ya KPSEA kupitia lango la shule kuanzia Desemba 1, 2025.",Education
"APS ilijibu tishio la bomu la shule kwa kuwahamisha wanafunzi, kulinda eneo hilo, na kuanzisha uchunguzi kuhusu chanzo.",Security
"NPS ilichapisha Kijitabu chake rasmi cha Taarifa za Polisi Jamii ili kufafanua majukumu, matarajio na mifumo ya ushirikishwaji wa raia",Security
Wajitolea waliofunzwa husaidia katika shughuli za uokoaji. Jisajili na kamati za Msalaba Mwekundu wa Kenya au kamati za maafa za eneo husika.,Security
"Miguu iliyovimba, miguu myembamba, au uchovu wa kila mara kwa mtoto inaweza kuwa dalili za utapiamlo. Tafuta msaada mara moja.",Health
"Kaeni salama! Shule, wafundisheni wanafunzi kuhusu hatari za usafirishaji haramu wa binadamu.",Education
Linda data binafsi kwenye mitandao ya kijamii.,Security
Inasambazwa kupitia vibanda na WhatsApp,Education
Tangazo la mpango wa maziwa ya bure kwa wanafunzi wa shule za msingi huko Migori na Nakuru ili kuboresha lishe ya watoto na mahudhurio shuleni.,Health
Inatumika katika matukio ya uhamasishaji wa raia Mandera,Education
Kuna ongezeko la dharura ya hali ya hewa inayowakabili wakulima wadogo kote Asia Pasifiki - IFAD inafanya nini kuihusu? Kilimo cha kidijitali: ufunguo wa kusaidia wadogo ...,Agriculture
Mimea fulani huwa na sumu kwa mifugo. Wakulima wanapaswa kuondoa mimea yenye sumu na kutoa chakula mbadala wakati wa ukame. Uchambuzi wa mifugo unasaidia utambuzi.,Security
Ripoti matatizo ya ufikiaji katika majengo ya umma kwa watu wenye ulemavu.,Security
KNCHR inasimulia kuhusu programu za ushirikishwaji wa raia zinazoimarisha usalama na uhamasishaji wa haki za binadamu katika Kaunti ya Kisumu,Security
Endelea kupata taarifa kuhusu bei za sasa za soko la mboga katika masoko makubwa kama Mombasa. Maarifa ni nguvu katika mazungumzo.,Agriculture
DCI inawasihi wamiliki wa biashara kuwa macho ili kuboresha utoaji wa huduma.,Governance
"Uelewa wa afya ya akili ya wanaume ni muhimu sana kwa sababu wanakabiliwa na changamoto na shinikizo la kipekee kutoka kwa jamii. Utafiti unaonyesha kuwa wanaume wana uwezekano mdogo wa kuomba msaada kuhusu masuala ya afya ya akili kuliko wanawake. Hii mara nyingi ni kwa sababu jamii inatarajia wanaume kutoonyesha udhaifu au hisia. Hii inaweza kusababisha matatizo makubwa, ikiwa ni pamoja na kiwango cha juu cha kujiua miongoni mwa wanaume, ambao wana uwezekano wa karibu mara nne zaidi wa kufa kwa kujiua kuliko wanawake.",Health
Serikali yazindua usambazaji wa vyandarua. Serikali inalenga kusambaza vyandarua milioni 15.3 vilivyotibiwa,Health
Tofautisha mayai yako ya biashara huria sokoni kwa kuunda utambulisho imara wa chapa. Jifunze kanuni za msingi za chapa na mbinu za uuzaji.,Agriculture
Tumia simu rasmi za dharura na milango ya mtandaoni kuripoti ufisadi bila kujulikana kwa ajili ya hatua za haraka za utekelezaji wa sheria.,Security
Onyesha njia sahihi za kupita barabarani ili kuzuia ajali,Security
"Ukiona kebo ya umeme imeanguka, kaa mbali na upigie 999 mara moja.",Security
Wasaidie wanafunzi! Fadhili huduma za afya ya akili shuleni.,Education
"Visa vitano vipya vya Mpox vyagunduliwa nchini Kenya, mgonjwa mmoja akiwa ametengwa",Health
Kenya inakuza hatua za usalama wa kibiolojia ili kuzuia milipuko ya magonjwa ya mifugo.,Agriculture
Marathon ya utabiri wa moja kwa moja ya KCSE 2025 inaanza saa 12 jioni kila siku bila malipo kwenye kituo cha KICD!,Education
Karatasi za majaribio za KCSE 2025 bila malipo kwa masomo yote yaliyopakiwa – Pakua kabla ya ajali ya usiku wa manane!,Education
Panua akili! Hifadhi maktaba za shule zenye vitabu mbalimbali.,Education
IEBC inawasihi wanafunzi kutumia fursa hii kujiandikisha kama wapiga kura.,Governance
Utunzaji sahihi wa mbolea huzuia magonjwa. Mbolea kabla ya matumizi na uhifadhi mbali na vyanzo vya maji.,Security
Kenya yapitisha orodha mpya za vikwazo vya Umoja wa Mataifa na FATF zinazolenga ufadhili wa ugaidi.,Security
Huna haja ya kushughulika na dalali ili kupata huduma yoyote ya NTSA. Tafadhali ripoti kuhusu ufisadi na rushwa zinazohusiana,Governance
Panga programu za kubadilishana 2020.,Education
Kenya na Uingereza zilifungua kituo kipya cha Kikosi cha Polisi cha Kupambana na Ugaidi huko Mombasa ili kuimarisha shughuli.,Security
Tunawahimiza Wakenya kuangalia upya uhalali wa shirika lolote lisilo la kiserikali linaloomba michango kupitia malipo ya simu. Mengi yametajwa kwa ulaghai.,Security
Kuwa mwangalifu na mawakala wanaotoa usajili wa NHIF katika hatua za matatu. Waripoti watu kama hao kwenye kituo cha polisi kilicho karibu. Usajili wa NHIF ni bure.,Security
Akina mama wajawazito wanahimizwa kuanza ziara za utunzaji wa ujauzito wakati wa miezi mitatu ya kwanza ya ujauzito ili kufuatilia afya ya mama na mtoto. Uchunguzi wa mapema husaidia kutambua hatari na kuhakikisha kujifungua salama.,Health
Tumia taa za ukungu kwa usahihi ili kuongeza mwonekano.,Security
"Taasisi za elimu lazima zitekeleze programu za kuzuia zinazoshughulikia unyanyasaji, unyanyasaji, na unyonyaji katika mazingira ya kujifunzia.",Security
"Chunguza fursa kwa shamba lako dogo au ushirika kusambaza nyama mbichi kwa hospitali (shule, hospitali) kwa ajili ya programu zao za kulisha.",Agriculture
Kata vipande vya hati zenye taarifa binafsi kabla ya kuzitupa.,Security
Boresha mabweni! Sakinisha milango ya kutolea huduma za moto shuleni.,Education
"Jamii, kaeni salama! Zuia utekaji nyara karibu na shule.",Education
Kampeni za mawasiliano ya kimkakati zinakuza kanuni zisizo za vurugu na uandishi wa habari unaowajibika kuhusu vurugu zinazotokana na jinsia kwenye vyombo vya habari.,Security
"Hifadhi maji shambani mwako kupitia mbinu kama vile matandazo, kuvuna maji ya mvua, na mazao yanayostahimili ukame kama vile viazi vitamu.",Agriculture
"Kuhimiza matengenezo sahihi ya gari, usalama wa mtoto, na programu za elimu ya udereva",Security
Boresha miundombinu ya TEHAMA 2021.,Education
"Mfano wa kamati za polisi jamii katika kituo cha Narumoru (kinachohudumia Kaunti ya Nyeri), ukiungwa mkono na IMLU, ukiwashirikisha maafisa wa jamii",Security
"Jukwaa la mashirika mengi liliunganisha asasi za kiraia, vyombo vya usimamizi, na serikali ili kuunda mkakati wa mageuzi ya polisi ulioratibiwa.",Security
Kupunguza mmomonyoko wa udongo: Kupunguza ulimaji na kudumisha udongo unaofunika mabaki ya mazao kunaweza kupunguza mmomonyoko kwa hadi 80%. CA pia kwa ujumla huongeza udongo wa kikaboni ...,Agriculture
Mafunzo kuhusu usimamizi wa data 2023.,Education
Tumia skrini za faragha kwenye kompyuta mpakato hadharani ili kuzuia kuteleza kwenye mabega.,Security
"Usishiriki PIN yako ya MPESA na mtu yeyote. Safaricom na benki hazitaiomba kamwe. Ikiwa una shaka, piga simu kwa usaidizi rasmi.",Security
Tumia sehemu za kuingilia na taa za trafiki inapopatikana.,Security
"Ikiwa mtoto wako hajakaa, hajatambaa, au hajazungumza kwa umri unaotarajiwa, tembelea kliniki ya watoto kwa ajili ya tathmini.",Health
EACC iliwasilisha kesi 47 za madai ili kurejesha KSh 9.2B katika mali iliyoibiwa.,Security
"Ripoti ajira ya watoto, ndoa ya kulazimishwa, na unyanyasaji kwa mamlaka husika au simu za dharura.",Security
"Ombi ni ombi rasmi linalowasilishwa kwa Bunge la Kaunti na watu binafsi au mashirika kutoka kwa umma, wakitaka Bunge liingilie kati masuala yanayoangukia ndani ya mamlaka yake ya kisheria.",Governance
"Kila mtu ana haki ya kushiriki katika masuala ya serikali na umma, ikiwa ni pamoja na kutafuta kuchaguliwa na kupiga kura katika chaguzi za kidemokrasia za kweli.",Governance
Wakazi wanashauriwa kushiriki katika kipindi hiki.,Governance
Siku ya Kupambana na Rushwa ya Afrika ilihusisha rushwa na madhara ya haki za binadamu.,Security
Kelele za wanyama husumbua jamii. Makazi mazuri hupunguza kelele na kuzuia malalamiko.,Security
Karatasi za majibu za OMR za KPSEA 2025 sasa zinatumia miduara badala ya mistari.,Education
Matumizi ya teknolojia ya GM yamewasaidia wakulima kupata pesa kwa kuwapa mbegu bora zinazostahimili wadudu waharibifu kula mazao shambani.,Agriculture
Uchunguzi wa teknolojia zilizo na hati miliki zinazohusiana na bioteknolojia ya kilimo ulionyesha ongezeko kubwa la hati miliki za sekta ya umma na binafsi tangu wakati huo.,Agriculture
Pata kompyuta mpakato na vifaa vya bure kwa wahitimu wote wa uhandisi wa TVET wa 2025.,Education
KNEC yatoa ripoti za mtahini mkuu wa KCSE 2025 mapema – pakua kabla ya mitihani!,Education
Pata matokeo kupitia lango la shule kuanzia Desemba 1.,Education
"Pata utabiri sahihi wa hali ya hewa kwa eneo lako ili kupanga ufugaji wa ng'ombe wa maziwa kama vile kupanda, kunyunyizia dawa, au kuvuna kwa ufanisi.",Agriculture
Ongoza njia! Shiriki katika uchaguzi wa uongozi wa shule.,Education
Hospitali zahimizwa kukumbatia na kutoa huduma chini ya SHA,Governance
Andika na pinga kufukuzwa kinyume cha sheria; shiriki masomo uliyojifunza.,Security
Tishio kubwa la utekaji nyara unaolenga wageni katika maeneo ya kaskazini na pwani na wasafiri wanahimizwa kuepuka maeneo yenye hatari kubwa.,Security
Saidia ujumuishaji! Hakikisha shule zina njia panda na vifaa vya kusaidia wanafunzi wenye ulemavu.,Education
NPS ilichapisha orodha ya washukiwa wa ugaidi wanaotafutwa sana na kuhimiza watu wasiojulikana kuripoti.,Security
Uko tayari kusajili kikundi chako? Fuata mwongozo huu ili kuelewa mahitaji ya kisheria na mchakato wa kusajili ushirika nchini Kenya.,Agriculture
"Wingu la Bure la picha na vikaragosi…. Adobe Creative kwa wanafunzi wote wa vyuo vikuu — ' — "" dai kwa barua pepe ya .ac.ke SASA!",Education
"Tukigundua kuwa hujatangaza baadhi ya mali zako, tutakushtaki kwa hilo na kurejesha mali ambazo umeshindwa kutangaza - Mkurugenzi Mtendaji wa EACC Mohamud awaonya maafisa wa umma",Governance
"Waziri Miano anawasihi wakazi wa Ndaragwa kuendelea kujiandikisha na Mamlaka ya Afya ya Jamii (SHA), akisisitiza umuhimu wa Bima ya Afya kwa Wote.",Governance
Katibu Mkuu wa Afya asambaza vyandarua katika Kaunti ya Busia. Kiwango cha malaria huko Busia kimefikia 39%. Kaunti 22 zimelengwa katika kampeni ya hivi karibuni,Health
Mabadiliko ya wanafunzi wa Darasa la 9 baada ya matokeo ya KJSEA mwezi Desemba.,Education
"Huduma za Kilimo Endelevu Afrika (SFSA) ni kampuni ya ushauri, mafunzo na ushauri inayofanya kazi ndani ya sekta ya kilimo nchini Kenya na kwingineko barani Afrika. Tupo ili kukuza dhana za uendelevu katika mbinu za kilimo ili kuhakikisha faida kutokana na kilimo biashara leo huku tukihakikisha uzalishaji wa rasilimali zile zile kwa vizazi vijavyo.",Agriculture
Wafundishe walimu! Wafundishe itifaki za usalama wa maandamano.,Education
Uhusiano na uratibu wa soko. Kuwaunganisha wakulima na masoko kupitia mifumo ya kidijitali kunahitaji uratibu kati ya wadau mbalimbali.,Agriculture
"Ripoti ilirekodi matumizi mabaya ya nguvu wakati wa maandamano na kutoa wito wa mashtaka, mageuzi ya udhibiti wa umati, na mifumo imara ya utekelezaji wa mwenendo.",Security
"Wanafunzi wote wa TVET watapata posho ya Ksh 7,000 kila mwezi kuanzia Januari.",Education
Tafadhali endelea kutuma maombi ya kitabu cha kumbukumbu kutoka kwa akaunti yako. Tafadhali wasiliana nasi ikiwa unahitaji maelezo zaidi.,Governance
Tumia zana za kujifunzia kidijitali madarasani 2024.,Education
Usiruhusu watoto kucheza karibu na mawe wakati wa ujenzi.,Security
"Kilimo sahihi, taarifa za kilimo na maendeleo ya masoko ya kilimo ya kidijitali, miongoni mwa teknolojia zingine, huchangia katika uzalishaji wa data na.",Agriculture
Bima ya kilimo hulinda dhidi ya hatari kama vile ukame. Jifunze kuhusu bidhaa za bima zinazopatikana kwa ng'ombe wa maziwa na jinsi ya kuzipata.,Agriculture
Wanawake wazee hupata aina maalum za unyanyasaji. Mafunzo ya walezi husaidia kuzuia na kulinda.,Security
Pilot akitoa vifaa vya mbegu vinavyohamishika na mafunzo kwa vikundi vya wanawake ili kukuza chakula chenye lishe katika makazi yasiyo rasmi.,Health
"Ushauri wa Uingereza unahimiza kuendelea kuwa macho kutokana na vitisho visivyotabirika katika maeneo ya umma, hoteli, na maeneo ya kidini.",Security
Shiriki katika sherehe au kampeni za kitaifa zinazosisitiza maadili na uadilifu,Security
Toa ufadhili wa masomo kwa ajili ya michezo 2020.,Education
"Jamii, kuwa macho! Ripoti vitisho vya ugaidi karibu na shule.",Education
"Afya ya akili ya wanawake inaweza kuathiriwa na mabadiliko ya homoni yanayohusiana na mzunguko wa hedhi, ujauzito, na kukoma hedhi. Matumizi ya dawa za kulevya yanaweza kuvuruga mizania hii ya homoni, na hivyo kuongeza dalili za afya ya akili.",Health
Badilisha maisha ya watoto wa mitaani kupitia programu za makazi.,Security
Weka vichaka karibu na sehemu za kuingilia chini ili kudumisha mwonekano.,Security
"AATF inaamini kwamba teknolojia inaweza kuwa kichocheo cha mabadiliko ya sekta ya kilimo barani Afrika, kama ilivyokuwa katika sehemu zingine za dunia. ...",Agriculture
Serikali ya Kaunti imetoa agizo linalowataka wananchi kutumia fursa hiyo.,Governance
Shule kufanya uchaguzi wa majaribio kila muhula kulingana na sharti jipya la CBC.,Education
Makala Iliyoangaziwa. Habari za UK-CGIAR. Jinsi Teknolojia ya Mboga Integrated Pull Pull inavyobadilisha kilimo cha kunde Magharibi mwa Kenya. 16 Julai 2025. Habari Zaidi ...,Agriculture
NSSF yawatahadharisha wachangiaji kupuuza jumbe za WhatsApp wakidai kuna dirisha maalum la kujiondoa kwa wale walio na umri wa zaidi ya miaka 40. Hakuna kifungu kama hicho kilichopo.,Security
Vituo vya huduma ya afya lazima vichunguze vurugu na kutoa majibu salama na ya kina kwa waathirika.,Security
Endelea kunyonyesha usiku ili kukidhi mahitaji ya lishe ya mtoto na kudumisha utoaji wa maziwa.,Health
"Jifunze kuhusu huduma za ugani zinazopatikana katika eneo lako kutoka KALRO. Jua jinsi ya kupata ushauri, mafunzo, na usaidizi.",Agriculture
Kanada inashauri kuwa makini kote Kenya kutokana na vitisho vinavyoendelea vya itikadi kali na inaonya dhidi ya mikusanyiko mikubwa.,Security
Matumizi ya skrini kupita kiasi huathiri umakini na usingizi kwa watoto wadogo. Himiza kucheza kimwili badala yake.,Health
Tume inawaalika wapiga kura wote wapya wanaostahiki na wale wanaotaka kuhamisha hadhi ya usajili na kusasisha maelezo/taarifa za wapiga kura kutembelea ofisi zao za jimbo la IEBCKenya wanazopendelea wakiwa na kitambulisho chao cha kitaifa au pasipoti halali ya Kenya ili kujiandikisha.,Governance
Matumizi ya teknolojia za kidijitali na uvumbuzi mwingine katika sekta ya kilimo pia yanaweza kusaidia kuongeza tija ya kilimo. Zote mbili ...,Agriculture
Wafunze walimu! Jiandae kwa usalama wa maporomoko ya ardhi shuleni.,Education
Kuripoti mapema huzuia milipuko. Wasiliana na maafisa wa mifugo au Simu ya Bure ya Magonjwa ya Wanyama 0800721313.,Security
Vurugu za wapenzi wa karibu mara nyingi huongezeka polepole. Utambuzi wa mapema na mafunzo kwa wataalamu wa mstari wa mbele husaidia kuzuia na rufaa salama.,Security
Fadhili sherehe za sanaa 2022.,Education
"Zaidi ya hayo, aliahidi kufanya kazi kwa karibu na Gavana Timamy ili kukuza umoja katika Kaunti ya Lamu, akiwahimiza wakazi kuepuka siasa za mgawanyiko - hasa zile zinazoendeshwa na tofauti za kikabila, kidini, au kikanda - kwa ajili ya maendeleo.",Governance
IEBC imetoa agizo linalowataka wazazi kutoa taarifa kuhusu.,Governance
"Gharama ya kuwafikia wakulima wengi zaidi kwa kutumia ugani wa kidijitali ni ndogo, na kuna faida nyingine kadhaa pia. Zaidi ya hayo, kuna mengi ...",Agriculture
Kukuza vilabu vya uandishi wa misimbo 2024.,Education
"Huduma ya Kitaifa ya Polisi inapongeza ushirikiano unaoendelea wa wakazi wa eneo hilo katika kuunga mkono mpango huu wa kuimarisha amani, usalama, na utulivu katika eneo hilo. ""Tunawahimiza umma kudumisha usaidizi wao kwa kutoa taarifa katika kituo cha polisi kilicho karibu nao, au kwa kupiga simu 999, 911, au 112.",Governance
EACC yapinga utetezi wa wafanyakazi wa KERRA kwamba alikusanya 21 M kwa ajili ya mahari yaitaka mahakama isifungue mashtaka.,Governance
Wanasayansi kutoka ILRI na KALRO wanaelezea mikakati ya kutokomeza Pleuropneumonia ya Kuambukiza ya Ng'ombe nchini Kenya kupitia juhudi za pamoja za chanjo.,Agriculture
"Tunawahimiza watu kutafuta matibabu katika vituo vya afya mara tu wanapopata dalili zozote. Unapotafuta matibabu mapema, unajikinga dhidi ya malaria kali.",Health
Upanuzi wa madarasa ya mahitaji maalum katika shule 300 za umma.,Education
Akina mama wanashauriwa kuwanyonyesha watoto wao pekee kwa miezi sita ya kwanza bila kuwapa maji au chakula. Maziwa ya mama hutoa virutubisho na ulinzi wote ambao mtoto anahitaji.,Health
"Omba Pasipoti Omba Leseni ya Udereva Huduma za KRA Omba Cheti cha Kuzaliwa Omba Cheti cha Mwenendo Mzuri Hifadhi kwa Nyumba ya Bei Nafuu Sajili Biashara Omba Cheti cha Ndoa Zaidi ya huduma 22,000 za serikali sasa zinapatikana kutoka Wizara, Kaunti, Idara na Mashirika zaidi ya 100.",Governance
Wachanje wanafunzi dhidi ya surua 2020.,Education
"Teknolojia hizi zinaanzia kilimo sahihi na upigaji picha wa setilaiti hadi teknolojia ya ndege zisizo na rubani na akili bandia, zana za kidijitali na zinaweza ...",Agriculture
Kuongeza uelewa! Fundisha kuzuia utekaji nyara shuleni.,Education
Toa simu za dharura za kuripoti unyanyasaji wa polisi kwa usalama.,Security
Jiandikishe sasa! Jiunge na shule za kuhamahama kwa watoto wafugaji.,Education
Serikali inawashauri wadau kuwasilisha maoni yao kuhusu utawala bora.,Governance
"Kozi za bure za TVET katika AI, roboti na uandishi wa msimbo — ' — "" Nafasi 5,000 zimefunguliwa kote nchini.",Education
"Kufuatia uchunguzi wa IPOA, afisa mkuu na mwenzake walishtakiwa kwa mateso na matumizi mabaya ya ofisi, wakionyesha ufuatiliaji wa kimahakama.",Security
Pakua karatasi za sampuli za KPSEA kutoka kwa lango la KNEC CBA sasa.,Education
Akina mama na watoto wachanga wanapaswa kuhudhuria uchunguzi wa baada ya kujifungua ndani ya saa 48 baada ya kujifungua ili kugundua matatizo yoyote na kukuza afya njema.,Health
Egesa FM inaandaa kliniki ya kazi katika kaunti ya Nyamira. Wakazi wahimizwa kukumbatia kozi za kiufundi.,Governance
Akina mama wajawazito wanapaswa kufunga vifaa vya kujifungulia vilivyo safi ifikapo mwezi wa 7 wa ujauzito kwa dharura.,Health
Wakenya wanaonywa kuepuka wafanyabiashara wa fedha za kigeni mtandaoni wanaowaahidi faida iliyohakikishwa. CBK haiwape watu leseni ya kutoa huduma kama hizo.,Security
Saidia kujifunza kwa umbali 2024.,Education
Daima angalia utabiri wa hali ya hewa kabla ya kupanga shughuli za nje.,Security
Usiwaache watoto bila uangalizi karibu na vyanzo vya maji - kuzama hutokea kimya kimya.,Security
Tiaty imeathiriwa zaidi na 40% ya wakazi walioathiriwa. Watu 2 walipoteza maisha yao mwezi uliopita kutokana na Malaria. Serikali yasambaza vyandarua vilivyotibiwa kwa muda mrefu,Health
"Tangazo la kukuza uhamasishaji wa afya ya akili unaozingatia jamii kama mhimili wa kaulimbiu ya Mwezi wa Uhamasishaji wa Afya ya Akili nchini Kenya ya ""Jumuiya ya Usaidizi"".",Health
Kuza biashara yako! Jiunge na kozi za ufundi za kilimo.,Education
"Aprili 15 - Dakika 4 za kusoma Waziri Mkuu wa Elimu sasa awaonya maafisa wa shule 'wakorofi' Alisema shughuli za mtaala sambamba zinapaswa kutegemea sera, miongozo na kanuni za wizara.",Governance
Inaangazia hadithi kuhusu matumizi ya kaunti,Education
Walimu: Ripoti kuingiliwa kwa kisiasa shuleni kwa 0800721524.,Education
Tuma maombi ya ufadhili wa TVET ifikapo Machi 15.,Education
"Ukiona maji barabarani, usijaribu kuyavuka - Huenda yakawa na kina kirefu.",Security
"Hifadhi vitu vyenye ncha kali, sumu, au vinavyoweza kuvunjika mbali na watoto ili kuzuia majeraha.",Health
Mashine mpya ya kukaushia viazi vitamu kwa kutumia nishati ya jua inaonyesha matumaini ya kuboresha mavuno/faida ya viazi vitamu. Jifunze zaidi kuhusu matumizi na faida zake.,Agriculture
Hakikisha magari ya shule yana leseni ipasavyo na madereva wamechunguzwa ili kuzuia ajali na utekaji nyara.,Security
Kamishna Cherera awahimiza wanawake kuhamasisha na kuwaleta nje wale ambao hawajajiandikisha kujiandikisha kama wapiga kura,Governance
Kampeni ya mawasiliano ya umma katika mitandao ya redio na televisheni wakati wa mwezi wa kitaifa wa afya ya akili.,Health
"Shirika lisilo la kiserikali la JLTM lilirekodi zaidi ya watu 500 waliokamatwa kuhusiana na maandamano, likihimiza kuachiliwa kwa watoto na kupata uwakilishi wa kisheria.",Security
"EACC inathibitisha tena kujitolea kwake kupambana na ulaghai na kulinda uadilifu ndani ya sekta ya utumishi wa umma, taarifa kutoka kwa tume hiyo ilisema.",Governance
Kipaumbele cha ufadhili wa TVET kinatolewa kwa wanafunzi wenye uhitaji.,Education
Akili zenye afya huunda sehemu za kazi zenye afya. Tukuze mazingira yanayopa kipaumbele afya ya akili na kusaidia ustawi wa wafanyakazi.,Health
Kenya ilianzisha sheria inayodhibiti watoa huduma za mali pepe ili kupunguza hatari za utakatishaji fedha na ufadhili wa ugaidi.,Security
Weka vinywaji vya moto na vyungu vya kupikia mbali na watoto ili kuzuia majeraha ya kuungua.,Health
Hakikisha maji safi! Zuia milipuko ya kipindupindu shuleni.,Education
Jifunze mbinu sahihi za kuweka na kushikilia kutoka kwa wafanyakazi wa afya wakati wa ujauzito.,Health
Mafunzo kuhusu ufundishaji jumuishi 2023.,Education
Tangaza kwa ufanisi huduma au huduma zako za kujivinjari kwa kutumia mitandao ya kijamii. Pata vidokezo kuhusu kuunda maudhui yanayovutia na kuwafikia wateja.,Agriculture
"Programu za michezo lazima zizuie unyanyasaji, unyanyasaji, na unyanyasaji kupitia mipaka iliyo wazi na taratibu za kuripoti.",Security
Utafiti huu ulijaribu dhana kwamba kuingizwa kwa Desmodium spp. katika mfumo wa upandaji wa mahindi chini ya teknolojia ya kusukuma-kuvuta.,Agriculture
Uhamaji usioidhinishwa wa mifugo hueneza magonjwa. Wakulima wanapaswa kudai vibali na kufuata notisi za karantini.,Security
"Usimamizi Jumuishi wa Wadudu (IPM) unachanganya mbinu za kibiolojia, kitamaduni, na kemikali ili kudhibiti magonjwa ya beri za kahawa kwa ufanisi na kwa usalama.",Agriculture
Kuongezeka kwa wizi na machafuko wakati wa maandamano kunahitaji uangalifu.,Security
"Hizi ni hatua za kwanza za kulinda familia yako kutokana na Covid 19; 1. Osha mikono yako mara kwa mara kwa sabuni na maji yanayotiririka 2. Funika mdomo na pua yako kwa kiwiko au tishu iliyokunjwa, unapokohoa au kupiga chafya. 3. Epuka kugusana kwa karibu na mtu yeyote ambaye ana dalili za mafua au mafua.",Health
ACAT 2025 yatoa wito wa uwekezaji mkubwa na ushirikiano katika suluhisho za Kilimo-Teknolojia ili kuchochea kilimo barani Afrika · Wakulima wa Malawi wanashiriki ...,Agriculture
"Kila shule lazima ifanye uchaguzi wa majaribio Novemba 28 "" €"" washindi watapata vyeti kutoka IEBC!",Education
Kuhakikisha shule zinapata usalama dhidi ya wizi na uharibifu 2021.,Education
Kenya yazindua mtaala unaowawezesha maafisa kutambua na kukabiliana na itikadi kali.,Security
Matumizi mabaya ya dawa za mifugo husababisha upinzani. Nunua kutoka kwa vyanzo vilivyoidhinishwa na ufuate maagizo ya daktari.,Security
Shinikizo la Kenya la Kukuza Chakula cha Jadi ni Nzuri kwa Lishe na Urithi wa Utamaduni,Health
"Serikali ya Kaunti ya Mombasa Serikali ya kaunti ya Mombasa hutoa huduma bora, zinazoitikia na za kina za afya kwa raia wote kupitia mifumo bunifu, yenye ufanisi na yenye ufanisi 5.",Governance
Wahitimu wote wa TVET wamehakikishiwa mafunzo ya muda ya miezi 6 yanayolipiwa kuanzia Januari 2026.,Education
Tunabaki imara katika kuhakikisha usalama na ustawi wa Wakenya na tunamsihi yeyote anayeona wanyamapori wenye matatizo kuripoti mara moja tukio hilo kupitia simu ya dharura ya KWS saa 24/7 kwa 0800 597 000 au nambari ya WhatsApp +254 726 610509.,Governance
Akina mama wajawazito wanashauriwa sana kuepuka pombe kabisa. Kunywa pombe wakati wa ujauzito kunaweza kusababisha ugonjwa wa pombe ya fetasi na kuchelewa kwa ukuaji.,Health
Tume inatoa wito kwa wamiliki wa biashara kuwa macho wakati wa uchaguzi.,Governance
"Je, kuna fursa za kuuza nje matunda yako? Jifunze kuhusu viwango vya kimataifa, vyeti, na wanunuzi watarajiwa wa mazao ya Kenya.",Agriculture
Mazingira ya soko lazima yaanzishe mifumo na kamati za kuripoti ili kuzuia unyanyasaji na ulaghai.,Security
Machogu aliwasihi wakazi kuhakikisha kwamba wanaitunza miti hiyo hadi kukomaa baada ya kupanda na wasiiache kama jukumu la Serikali.,Governance
"Walezi wanapaswa kunawa mikono kwa sabuni kabla ya kuwashughulikia watoto, baada ya kubadilisha nepi, na kabla ya kuwalisha ili kuzuia maambukizi.",Health
Wito kwa wachuuzi wadogo wa vyakula kurekebisha bidhaa ili zikidhi viwango vya lishe na kuingia katika ushindani wa zawadi.,Health
Matangazo hayo ya kazi kwa 'mawakala wa mashirika yasiyo ya kiserikali wanaoajiri wahesabuji' bila mahojiano ni ulaghai. Thibitisha na mashirika yasiyo ya kiserikali kabla ya kutuma pesa.,Security
Waziri Tuya ahimiza Benki ya Dunia kuoanisha ufadhili na vipaumbele vya serikali,Governance
"Missing Voices ilirekodi ongezeko kubwa la kutoweka kwa watu na mauaji yaliyohusishwa na maandamano, ikihimiza haki kwa familia za waathiriwa waliopotea.",Security
Katibu Mkuu wa Mifugo awahimiza wasimamizi kuwafahamisha wakazi kuhusu miradi ya serikali,Governance
"Wazazi katika makazi duni: Ufadhili kamili 50,000 unapatikana – tuma maombi kabla ya Novemba 30!",Education
"Soma kuhusu WRA yaonya wanyakuzi wa ardhi wanaolenga matuta yaliyolindwa KNA2 Oktoba 7, 2025 Kaunti , Mazingira , Lamu 0 Mamlaka ya Rasilimali za Maji (WRA) imetoa agizo kwa watu binafsi wanaokaa na kugawanya kinyume cha sheria maeneo oevu na matuta ya mchanga yaliyotengwa na serikali katika Kaunti ya Lamu, ikiamuru kusitisha shughuli hizo au kushtakiwa.",Governance
"Shule zinapaswa kufanya mazoezi ya mara kwa mara ya kuzima moto na kuwa na mipango ya dharura kwa ajili ya mafuriko, moto, na migogoro.",Security
"Kuchukua muda kwa ajili yako mwenyewe si anasa, ni lazima. Kumbuka kuweka kipaumbele kwa afya yako ya kiakili, kihisia, na kimwili.",Health
Kenya yathibitisha visa vitatu vya Covid-19 Omicron; Waziri wa Afya Kagwe anasema imegunduliwa miongoni mwa wasafiri ambao wametengwa,Health
"Vita dhidi ya malaria vyaongezeka sana. Dawa mpya ya Argesun yatumika Nyanza. Dawa ya kuwasaidia wagonjwa wa ICU, watoto wenye Malaria",Health
Tumia EduTV 8–10 AM kwa masomo ya CBC.,Education
Weka filamu ya usalama kwenye milango ya kioo ili kuzuia uvamizi rahisi.,Security
Himiza ushiriki wa jamii 2025.,Education
Sakinisha kamera za usalama kwenye sehemu za kuingilia na uzifanye zionekane.,Security
Wanafunzi waliopata alama za D+ na D (wazi) katika Cheti cha Elimu ya Sekondari ya Kenya (KCSE) watastahiki kufuata kozi ya cheti wanayoipenda mwaka wa 2024. Vyeti hivyo hutolewa katika aina mbalimbali...,Education
Kuongeza uelewa kuhusu athari za rushwa ili kuhimiza mwenendo wa kimaadili miongoni mwa raia,Security
Jiandae kwa tathmini za KPSEA Daraja la 6.,Education
Shirika la Biashara Duniani (WTO) ni muhimu kwa juhudi za kimataifa za Serikali ya Kenya za kujadiliana kwa ajili ya upatikanaji bora wa soko kupitia biashara iliyoboreshwa ...,Agriculture
Vifaa vya mtihani salama 2021.,Education
"Ungana na wanunuzi wa taasisi kama vile hoteli ili kusambaza maziwa yako mara kwa mara. Elewa ubora, wingi, na mahitaji yao ya utoaji.",Agriculture
Kuongeza uelewa kuhusu pengo la malipo ya kijinsia katika makampuni ya Kenya.,Security
Basi + hosteli + milo ya bure kwa wanafunzi wote wa TVET wanaoripoti Januari!,Education
Masomo ya Radio Taifa CBC hurushwa hewani kuanzia saa 10:00 asubuhi hadi saa 11:00 asubuhi kila siku.,Education
"Evans Misati, Mwenyekiti wa Kamati ya Uongozi ya Kitaifa ya Kamati ya Uhusiano ya Vyama vya Siasa (PPLC) anawasihi watu wenye ulemavu kujiandikisha kama wanachama wa vyama vya siasa ili kudai sehemu yao halali katika uwakilishi wa kitaifa.",Governance
Changamoto za uvumbuzi za uzinduzi 2022.,Education
Anza biashara yako! Jiunge na kozi za ujasiriamali za TVET.,Education
"Dumisha afya ya udongo kupitia upimaji, uongezaji wa vitu vya kikaboni, na kuepuka mbinu hatarishi kwa ukuaji bora wa viazi vitamu.",Agriculture
"Wasilisha Barua ya Nia Ikiwa nchi itapita Vigezo vya Msingi vya Ustahiki na Ukaguzi wa Maadili na serikali ikatambua wizara au shirika linaloongoza, inapaswa kuashiria nia yake ya kushiriki katika OGP kwa kutuma Barua ya Nia, ambayo inaelezea rasmi nia ya serikali ya kujiunga na OGP.",Governance
"Shule zote za bweni lazima zifanye ukaguzi wa usalama ifikapo Septemba 30, 2025.",Education
Jisajili kwa arifa za SMS kutoka Idara ya Hali ya Hewa ili upokee maonyo ya mafuriko ya wakati halisi katika eneo lako.,Security
Kuwa mwangalifu kuhusu ulaghai wa kawaida kama vile ushindi bandia wa bahati nasibu au madai ya urithi.,Security
Usitumie majiko ya gesi ndani ya nyumba - yaweke katika eneo lenye hewa ya kutosha.,Security
Tumia mbolea kwa busara ili kuongeza ufyonzaji wa virutubisho na mahindi na kupunguza athari za mazingira. Jifunze kuhusu upimaji wa udongo na mbolea iliyosawazishwa.,Agriculture
"Heri ya Siku ya Malaria Duniani! Hapa ni kwa ajili ya kuongeza uelewa, kulinda jamii zetu, na kusukuma karibu na ulimwengu usio na malaria.",Health
Zaidi ya wanafunzi milioni 1.5 waliojiunga na shule ya upili ya junior angalia SMS *222# sasa.,Education
"Gavana wa Pokot Magharibi Simon Kachapin amekosoa sehemu ya viongozi wa eneo hilo, akiwashutumu kwa kujihusisha na siasa za mgawanyiko, sumu, na udanganyifu zinazolenga kuvuruga maendeleo na kukuza hujuma.",Governance
Wakazi wa Tharaka Nithi wahimizwa kupanda miti zaidi hasa katika ardhi za jamii.,Governance
"Sera ya Trump inaathiri mipango ya afya ya Kenya. Sera inasimamisha usambazaji wa dawa za VVU, Malaria na TB. Hatua hiyo pia inaathiri vifaa vya matibabu vya watoto wachanga. Barasa: Tutatafuta ufadhili kwingineko ikiwa Marekani itaondoa",Health
Ushauri wa umma kuhusu kutumia umwagiliaji wa matone ili kuhifadhi maji katika maeneo makavu.,Agriculture
Matumizi mabaya yanayowezeshwa na teknolojia yanahitaji mafunzo ya usalama wa kidijitali na ujuzi wa uandishi wa nyaraka kwa watu walioathiriwa.,Security
Kuhifadhi ardhi zilizoharibika: Wakazi wa Nakuru wahimizwa kusaidia katika kulinda ardhi iliyo karibu na mito.,Governance
Kuboresha miundombinu ya shule Viongozi wa Nyahururu watoa wito kwa serikali kujenga madarasa Wabunge wa eneo hilo waahidi kuwekeza sehemu ya NG-CDF kwenye miundombinu,Governance
"Jinsi ya kuimarisha kinga yako dhidi ya COVID-19; 1. Endelea kuwa na maji mwilini - kunywa lita 3-4 za maji kila siku. 2. Chukua lishe yenye vioksidishaji vingi - amla, guava, mboga za majani mabichi, mchicha, kitunguu saumu, chai ya kijani, pilipili hoho, manjano 3. Mazoezi 4. Kutafakari 5. Usingizi bora",Health
"Teknolojia hizi hupunguza uharibifu wa mazao na kupunguza hasara, kuongeza mavuno na mapato kwa wakulima. Upatikanaji wa soko: AI inaweza kuboresha soko ...",Agriculture
Wanawake wajawazito wanapaswa kula milo midogo mara kadhaa kwa siku ili kudhibiti kichefuchefu na kudumisha viwango vya nishati.,Health
Wanawake wajawazito katika miezi mitatu yao ya pili ya ujauzito wanapaswa kupokea dawa za minyoo ili kuboresha lishe na kupunguza matatizo.,Health
Vyuo vikuu vya michezo lazima viwe na sera dhidi ya unyanyasaji wa kimwili na kingono wa wanariadha wachanga.,Security
Wafunze walimu! Hakikisha taratibu za usalama wa mafuriko shuleni.,Education
"EACC inawasihi Wakenya kuripoti aina zote za ufisadi kwa ajili ya uchunguzi, ikisema wanashughulikia ripoti zote kwa usiri mkubwa na kuziweka chini ya mchakato wa uchambuzi wa kina.",Governance
Fikiria kujiunga au kuunda programu ya kuangalia biashara katika maeneo ya kibiashara.,Security
"Mnamo Mei 5, 2015, KUCCPS ilifungua lango lake kwa watahiniwa wa KCSE wa 2014 kuomba kozi za stashahada na cheti cha TVET huku tarehe ya mwisho ikiwa Juni 15, 2015.",Education
Fuatilia matokeo ya kujifunza 2025.,Education
KEMRI yazindua programu ya majaribio ya mafunzo kwa watu mashuhuri wa kidini katika kuzuia kujiua kama uhamasishaji wa ustawi wa akili.,Health
"Kuweka malengo ni jambo la kibinafsi. Ni muhimu kuunda malengo yanayokufaa wakati wa safari yako ya kupona. Ikiwa unahitaji usaidizi katika kuunda malengo halisi na yanayoweza kufikiwa, wasiliana na mshauri wako, mwenzako, au mtaalamu mwingine wa afya ya akili kwa mwongozo na vidokezo.",Health
"Kila shule lazima iwe na klabu hai ya demokrasia "" jiandikishe kwenye education.go.ke!",Education
Mkataba mpya wa kuuza nje kwa wakulima wa parachichi ili kuongeza mapato huko Murang'a na Kiambu.,Agriculture
Fikiria tiba au ushauri nasaha. Mtaalamu wa afya ya akili anaweza kutoa mikakati ya kukabiliana na unyanyapaa na kukusaidia kukuza taswira chanya ya wewe mwenyewe,Health
"KRA inakualika kuweka zabuni kwenye viwanja vya kusisimua kutoka ICCN, JKIA, CFS ""MSA, na Kanda ya Magharibi. Tembelea https://ibid.kra.go.ke ili kuona na kuweka zabuni. Weka zabuni kwa urahisi, kwa uwazi, na kutoka mahali popote!",Governance
"Kukamatwa kwa watu hao kunafuatia uchunguzi uliofanywa na EACC baada ya kupokea malalamiko mengi kutoka kwa madereva na umma kuhusu ulaghai uliokithiri unaofanywa na maafisa wanaolinda kizuizi cha barabarani, taarifa ya EACC ilisomeka kwa sehemu.",Governance
Ushauri wa umma kuhusu matumizi ya mbegu zilizoidhinishwa ili kuongeza uzalishaji wa chakula kitaifa.,Agriculture
Usipake vitu kwenye kamba. Iweke kavu na safi hadi ianguke kiasili.,Health
"Makasisi kuhusu kufunguliwa tena kwa shule: Makasisi wahimiza serikali kuhakikisha usalama wa watoto wa shule. Shule 10 bado zimejaa maji huko Budalangi, Kaunti ya Busia Odhiambo: Hakikisha watoto wako salama huku shule zikifunguliwa tena",Governance
Uchunguzi wa ufisadi katika Kaunti ya Siaya: Oguna ahimiza EACC kuchunguza matumizi mabaya ya fedha katika kaunti ya Oguna: tunatoa wito kwa EACC kukamilisha uchunguzi wa wizi wa Ksh. 600M,Governance
Ukame huharibu mifugo na riziki zao. Serikali hutoa huduma za maji kwa magari na chakula cha mifugo. Ripoti visa vikali kwa kamati za maafa za kaunti.,Security
Jifunze mbinu ya Heimlich ili kumsaidia mtu anayekabwa koo.,Security
"MUSWADA WA BUNGE NA MAADHIMISHO, 2024 Soma zaidi USHAURI WA KNCHR KUHUSU MUSWADA WA BUNGE NA MAADHIMISHO, 2024 Soma zaidi MUSWADA WA USHIRIKI WA UMMA, 2024 KNCHR kwa Ushirikiano na Ofisi ya Mwanasheria Mkuu inawaalika wananchi kutoa maoni yao katika rasimu ya Mswada wa Ushiriki wa Umma.",Governance
Shiriki barabarani kwa usalama na waendesha baiskeli.,Security
Kampuni ya Nigeria kutengeneza vifaa vya kupima VVU na malaria baada ya ufadhili wa Marekani kupunguzwa,Health
Maandamano ya Julai 7 yanatarajiwa; kuepuka miji mikubwa na maandamano.,Security
Washukiwa kadhaa wakamatwa Lamu wakati wa operesheni ya kukabiliana na ugaidi; umma wahimizwa kuripoti taarifa za watu waliokamatwa.,Security
Kutangaza uzinduzi wa Tovuti ya Lishe inayotoa moduli za mtandaoni na semina za mtandaoni ili kuwapa wagonjwa wa CHV zana za ushauri nasaha na njia za rufaa.,Health
Usafirishaji haramu wa binadamu kwa ajili ya unyonyaji wa kingono ni uhalifu mkubwa. Sheria za kitaifa hutoa adhabu kali na ulinzi kwa walionusurika.,Security
Wakazi wa Kaunti ya Kakamega wahimizwa kujisajili kwa nyumba za bei nafuu,Governance
"Wakati wa mafuriko, kipindupindu huenea kupitia maji machafu. Chemsha maji ya kunywa, osha mikono, na uripoti dalili kwa vituo vya afya mara moja.",Security
Huduma za usaidizi wa kisheria zinahakikisha walionusurika wanapata haki kupitia uwakilishi huru au ruzuku.,Security
Weka vizuizi kwenye madirisha na milango kwenye ghorofa za juu ili kuzuia watoto kuanguka.,Security
Wafunze walimu! Shughulikia ukatili wa kijinsia shuleni.,Education
"Tume iliwakumbusha wafanyakazi wake kwamba wao ni zaidi ya maafisa walio nyuma ya dawati ""wao ndio uso hai wa demokrasia ya Kenya, kuanzia kituo cha mbali zaidi cha kupigia kura huko Turkana hadi makao makuu jijini Nairobi.",Governance
Ni sawa kuzungumza! Punguza unyanyapaa wa afya ya akili shuleni.,Education
"Mkopo wa dharura wa HELB wa Ksh 5,000 umetolewa — ' — tuma maombi kupitia programu ndani ya dakika 2!",Education
Badilisha maembe yako mabichi kuwa chipsi za muhogo zenye thamani kubwa. Gundua mbinu rahisi za usindikaji na masoko yanayowezekana.,Agriculture
"Kutokwa na damu, maumivu makali ya kichwa, kuona vibaya, au uvimbe ni dalili za hatari - tafuta huduma mara moja.",Health
Fuata vidokezo maalum vya usalama unapoendesha gari wakati wa likizo.,Security
Mara nyingi manusura wa majanga hukabiliwa na kiwewe. Ushauri nasaha wa bure unapatikana katika vituo vya afya vya serikali na kupitia mashirika yasiyo ya kiserikali.,Security
EACC inawahimiza wataalamu kutumia utaalamu wao katika kuendeleza manufaa ya umma na kuacha kuwezesha ufisadi au tabia nyingine zenye madhara kwa jamii.,Governance
Watoto walio chini ya miezi sita hupata maji yote wanayohitaji kutoka kwa maziwa ya mama. Kumpa mtoto maji huongeza hatari ya kuambukizwa.,Health
Shinikizo la damu kubwa wakati wa ujauzito linaweza kusababisha preeclampsia. Uchunguzi wa mara kwa mara ni muhimu kwa ugunduzi wa mapema.,Health
"Tunahimiza shule zingine na umma kufuata mkondo huo na kuhakikisha plastiki zinasindikwa ipasavyo, alisema.",Governance
"Shule lazima zitekeleze sera za ulinzi, mifumo ya kupambana na uonevu, na huduma za ushauri nasaha ili kuwalinda wanafunzi.",Security
"Wizara ya Afya imethibitisha visa vitatu vipya vya Mpox katika Kaunti ya Busia, na kufikisha jumla ya visa 42 tangu mlipuko wa virusi hivyo Julai 2024.",Health
"Wizara ya Afya yazindua mbio za marathon za VVU/UKIMWI zitakazofanyika Desemba 1, huku ikilenga kutokomeza ugonjwa huo ifikapo mwaka 2030",Health
Onyo la IPOA lilisema kwamba ukimya ndani ya jeshi la polisi huwezesha kutokujali na lilitaka mageuzi ya kitamaduni na kuripoti kwa usalama.,Security
"Okoa rasilimali za maji zenye thamani kwa kuweka umwagiliaji wa matone kwa ajili ya viazi vitamu vyako. Jifunze kuhusu aina za mifumo, usakinishaji, na matengenezo.",Agriculture
"Mkopo wa kuhitimu wa HELB wa Ksh 30,000 umetolewa — ' — "" tuma maombi kupitia programu ndani ya dakika 2!",Education
Na David Njaaga mwezi 1 uliopita 'Puuza notisi za ulaghai': NPSC yaonya kuhusu tangazo bandia la kuajiri polisi Tume ya Kitaifa ya Huduma za Polisi (NPSC) imeonya dhidi ya notisi bandia ya kuajiri polisi inayosambaa kwenye mitandao ya kijamii.,Governance
"Ripoti ajali za barabarani, magari yasiyo salama, na uendeshaji wa magari bila kujali kwa mamlaka.",Security
"Unafikiria kuunda kikundi? Jifunze mchakato wa hatua kwa hatua wa kuanzisha ushirika wa mikopo, kuanzia kuajiri wanachama hadi usajili.",Agriculture
Fanya uandikishaji wa wanafunzi 2025.,Education
"tija ya kilimo. ... Hii inajumuisha kupitia upatikanaji wa fedha na ukuzaji wa ujuzi, fursa za upatikanaji wa soko, upatikanaji ulioboreshwa wa pembejeo na kuboreshwa.",Agriculture
Serikali ya Kaunti inawahimiza wananchi kuwa waangalifu kuhusu kuhakikisha usalama wa umma.,Governance
Kuna mwelekeo mzuri katika vita dhidi ya malaria baada ya Kenya kuorodheshwa pamoja na nchi zingine 12 za Afrika zinazotarajiwa kupokea dozi milioni 18 za chanjo ya kwanza kabisa ya malaria katika miaka miwili ijayo.,Health
Taarifa kwa umma: DCI imefunga kampuni ya ulaghai ya mali isiyohamishika inayofanya kazi kwa majina mengi huko Kiambu. Daima fanya utafutaji katika Wizara ya Ardhi.,Security
Ripoti maafisa wafisadi ili kuimarisha uvumilivu sifuri katika taasisi.,Security
Mwanafunzi asikose shule kutokana na ada piga 0800721490 ikiwa amezuiwa langoni.,Education
Madarasa ya kusoma na kuandika ya watu wazima yataanza tena Januari 13 jiandikishe bure katika ofisi ya mkuu wa shule sasa!,Education
Wanawake wajawazito wanapaswa kuanza huduma ya ujauzito katika trimester ya kwanza ili kugundua na kudhibiti matatizo yoyote ya kiafya mapema.,Health
Tahadhari ya mafunzo mara mbili: Wanafunzi wote wa TVET lazima wasaini mikataba ya tasnia ifikapo Desemba 31.,Education
EACC ilishirikiana na Kanisa Katoliki Kisumu kukuza maadili wakati wa Kwaresima.,Security
Vurugu za nyumbani huwadhuru watoto. Ripoti matukio kwa mamlaka za mitaa au simu za usaidizi kwa watoto.,Security
Washa taa za mbele kabla ya giza kuingia kwa ajili ya kuendesha gari kwa usalama zaidi.,Security
Tafuta msaada! Wasiliana na washauri baada ya vurugu za maandamano.,Education
Kaa salama! Fuata mipango ya uokoaji wakati wa kumwagika kwa kemikali.,Education
IEBCKenya inawasihi wafadhili wetu kuendelea kuiunga mkono Tume kutekeleza shughuli katika mzunguko wa uchaguzi wa 2023-2027.,Governance
"Siasa 'Sio vita vyenu': Mchunguzi wa kijeshi wa Ukraine awaonya Waafrika dhidi ya kujiunga na mapambano ya Urusi Huku Afrika Kusini ikichunguza jinsi raia wake 17 walivyoishia katika eneo la Donbas nchini Ukraine, mchunguzi wa kijeshi wa Kyiv Olha Reshetylova anawasihi Waafrika kupinga kuajiriwa na Moscow na kuepuka vita ambavyo haviwapi ulinzi wowote.",Governance
Akina mama vijana wanapaswa kutiwa moyo na kuungwa mkono ili kuendelea na masomo yao baada ya kujifungua.,Health
Wasaidie wakazi wanaopigania upatikanaji wa maji na huduma za msingi.,Security
Ulimaji wa bustani mijini huwawezesha wakazi wa mijini kulima chakula. Chunguza mbinu kama vile ulimaji wa vyombo na ulimaji wa vitunguu wima.,Agriculture
Piga simu ya bure 1551 au tuma barua pepe kwa report@integrity.go.ke ili kuripoti visa vya ufisadi.,Governance
"Mikataba ya ushirikiano wa maendeleo - Norway nchini Kenya Ruka hadi maudhui kuu Mikataba ya ushirikiano wa maendeleo Kama njia ya kuongeza uwazi na uwajibikaji, Wizara ya Mambo ya Nje inataka kutoa mikataba yake yote kwa umma.",Governance
Tangazo la huduma ya SMS inayotuma vidokezo vya lishe na ustawi vilivyoundwa mahususi kwa akina mama wapya.,Health
Serikali yasambaza vyandarua katika mapambano dhidi ya malaria. Kaunti ya Kilifi ni mojawapo ya wanufaika. Programu ya vyandarua iliangaziwa kwa ukiukwaji wa sheria za ununuzi. Wizara ya Afya inataka kusambaza vyandarua milioni 15 katika kaunti 22,Health
Familia zilizo katika mazingira magumu zinaweza kupata msaada wa pesa taslimu wa serikali wakati wa majanga kupitia mifumo ya pesa za simu.,Security
Tume inawataka wazazi kuwasilisha maoni yao wakati wa kipindi cha uchaguzi.,Governance
Wizara ya Afya inawahakikishia wazazi usalama wa chanjo baada ya watoto wawili kufariki kutokana na chanjo ya polio,Health
Kamwe usishiriki OTP.Hata na 'wafanyakazi wa benki'. Benki halali hazitaki kuziomba.,Security
"Ufafanuzi wa skizofrenia, sababu, dalili, vifaa vya uchunguzi na matibabu.",Health
Uhamisho wa Kazi za Kaunti: Serikali ya kitaifa kuhamisha kazi zilizobaki Rais Ruto asema fedha zitatengwa katika mwaka wa fedha wa 2025/26 Mali zilizogatuliwa zitahamishwa ifikapo Juni 2025 Rais Ruto ahimiza uhusiano mzuri kati ya serikali,Governance
Pakua vifaa vya mtaala wa CBC mtandaoni.,Education
"Gundua faida za kuunda vyama vya ushirika vya wakulima. Jifunze jinsi hatua za pamoja zinavyoweza kuboresha uwezo wa kujadiliana, kupunguza gharama, na kupata huduma.",Agriculture
"Weka funguo za gari mahali salama nyumbani, si karibu na milango/madirisha.",Security
KNCHR yahimiza hatua kuchukuliwa dhidi ya ukiukwaji wa haki za binadamu na hatari za usalama.,Security
Vitisho vya ugaidi vinabaki juu; epuka maeneo yenye msongamano mkubwa.,Security
Jenga kumbi za matumizi mbalimbali 2022.,Education
Kuwa mwangalifu! Ripoti shughuli zinazotiliwa shaka karibu na shule kwa mamlaka.,Education
"Masoko ya kikanda na kimataifa, kama vile Eneo la Biashara Huria la Bara la Afrika, hutoa ufikiaji mpana wa soko kwa watu bilioni 1.3.",Agriculture
"Waajiri wanaweza kutambua dalili za matatizo ya afya ya akili mahali pa kazi kwa kuona mabadiliko katika tabia, kama vile kuongezeka kwa kutokuwepo kazini, kupungua kwa tija, au kujiondoa kutoka kwa wafanyakazi wenzao.",Health
"Hati hii ya Mfumo inaelezea uundaji wa Muungano wa Kimataifa wa Kilimo Kinachozingatia Hali ya Hewa (hapa ""Umoja"") ambao unalenga kuboresha ...",Agriculture
"Tume inawasihi wapiga kura, wagombea na mawakala kudumisha utulivu katika vituo vyote vya kupigia kura, kuepuka kuvaa au kubeba vifaa vya kampeni na kuepuka kufanya kampeni wakiwa kwenye foleni #UchaguziMdogo wa Oktoba14.",Governance
Chanjo ya malaria iliyojaribiwa Kenya yaidhinishwa na WHO,Health
Tumia njia tofauti unaposafiri mara kwa mara ili kuepuka kuweka mifumo.,Security
"Jamii, saidia shule! Changieni malipo ya ada.",Education
Wizara ya Mambo ya Ndani inawaomba wapiga kura kufuata miongozo kuhusu maendeleo ya jamii.,Governance
Wanyanyasaji wa kingono huwalenga watoto mtandaoni na nje ya mtandao. Wazazi wanapaswa kufuatilia mwingiliano na kuwafundisha watoto kuhusu usalama wa miili yao.,Security
Mifugo ni muhimu kwa riziki. Waripoti wanyama walio katika hali ngumu kwa maafisa wa mifugo kwa ajili ya chakula na usaidizi wa kimatibabu.,Security
Kukuza ujasiriamali jumuishi; kuangazia wamiliki wa biashara wenye ulemavu wa kuona.,Security
Mabaraza ya ushirikishwaji wa usalama wa kaunti yaliimarisha ushirikiano kati ya jamii na mashirika ya usalama kwa ajili ya kutoa tahadhari mapema katika maeneo yenye hatari kubwa ya Lamu.,Security
Epuka vituo vya kuchajia USB vya umma. Vinaweza kuiba data yako.,Security
Kuongeza thamani kwenye uyoga kunaweza kuongeza mapato yako kwa kiasi kikubwa. Chunguza mbinu rahisi za usindikaji na fursa za soko la bidhaa zilizoongezwa thamani.,Agriculture
NCTC hutumia majukwaa ya mtandaoni ili kuongeza uelewa na utoaji wa taarifa.,Security
Fanya kazi na ujifunze! Jiunge na mafunzo ya ufundi katika Hifadhi ya Viwanda ya Kiambu.,Education
"Ushauri wa chanjo ya malaria: Watoto zaidi katika kaunti zilizoathiriwa na malaria watachanjwa. WHO imetoa idhini ya matumizi ya chanjo hiyo kwa upana zaidi. Watoto 275,000 wachapwa sehemu, 45,000 wamechanjwa kikamilifu. Data inaonyesha idadi ya visa vya malaria imepungua",Health
Tafadhali kumbuka unaweza kutuma maombi kupitia simu yako kupitia http://ntsa.go.ke chagua TIMS kisha sajili akaunti kisha weka nafasi kwa maelezo yako ya kibiolojia kuchukuliwa.,Governance
Hakuna kuchelewa kwa kufungua shule mwaka 2025 kutokana na mafuriko.,Education
Pata karatasi za zamani za KCSE 2025 bila malipo kabla ya ajali ya seva usiku wa leo!,Education
Endeleza biashara yako ya kilimo kwa kuzingatia matumizi ya ardhi ili kuboresha faida na uendelevu wa nafaka.,Agriculture
"Tangazo rasmi la mpango wa kuongeza asidi ya chuma-foliki kwa vijana linawafikia zaidi ya vijana 160,000.",Health
Hudumia kwa fahari! Jiandikishe katika kozi za ufundi stadi za ukarimu.,Education
"Ruzuku zinapatikana kwa ajili ya kuanzisha chafu. Tafuta vigezo vya kustahiki, mchakato wa kutuma maombi, na tarehe za mwisho kutoka SMEA.",Agriculture
Shule zote zaweka CCTV + kuajiri walinzi ifikapo Desemba 31 – Maagizo ya Wizara au tutalazimika kufungwa!,Education
Vyuo vikuu vinahimizwa kutengeneza na kutumia Rasilimali Huria za Elimu (OER) kwa ajili ya upatikanaji mpana wa vifaa vya kujifunzia.,Education
"Wakati huo huo, uchaguzi huwaruhusu raia kuunganisha maslahi yao ili kuwataka wale wanaotafuta ofisi kushughulikia masuala yanayohusiana na ustawi wa kiuchumi, kijamii na kitamaduni, pamoja na amani na usalama.",Governance
Baadhi ya jamii bado zinafuata mila hatari zinazowahusisha watoto. Ripoti visa kama hivyo kwa mamlaka mara moja.,Security
"Programu ya elimu ya mpiga kura bila malipo imezinduliwa — ' — "" skani msimbo wa QR darasani mwako leo.",Education
Wakazi wanashauriwa kuthibitisha kwa mujibu wa maagizo ya serikali.,Governance
Wakazi wa Laikipia wahimizwa kujiunga na NHIF ili kuepuka kuomba msamaha wa hospitali,Governance
"Chanja mtoto wako kabla ya kufungua tena Januari 6 — ' — "" chanjo ya polio na surua lazima!",Education
Kenya inakuza hatua za kudhibiti magonjwa kwa ajili ya afya ya mifugo.,Agriculture
"Ufikiaji wa soko, unaoathiriwa na miundombinu ya usafiri, una jukumu muhimu katika kukuza usalama wa chakula, tija, mabadiliko ya mapato, na bei ya chakula ...",Agriculture
Karibu nyote! Waandikishe wanafunzi wakimbizi katika shule za mitaa.,Education
Nyenzo za bure za marekebisho zimepakiwa kwa watahiniwa wa KCPE na KCSE.,Education
itaimarisha ulinzi wa wakulima dhidi ya unyonyaji na madalali kupitia vifungashio na pia kutoa miundombinu muhimu kwa ajili ya upatikanaji wa soko.,Agriculture
"Wanafunzi wenye mahitaji maalum: Tuma maombi ya ruzuku ya kila mwaka ya Ksh 50,000 kabla ya Desemba 15.",Education
"Sheria iko wazi kabisa, ni lazima tukumbatie kila kipengele cha ubinadamu katika utumishi wa umma, ikiwa ni pamoja na ushirikishwaji kamili na ushiriki wa watu wenye ulemavu, Dkt. Kiprono alisema.",Governance
"Anzisha mfumo wa hydroponic usiotumia udongo ili kukuza viazi vitamu kwa ufanisi kwa kutumia maji na nafasi kidogo, bora kwa kilimo cha mijini au kilimo cha ndani.",Agriculture
Hifadhi nambari za dharura kwenye simu yako.,Security
"Uchafuzi wa viwandani huwadhuru wanyama. Ripoti utupaji taka, uzio mbali na maeneo yaliyochafuliwa, na jaribu maji.",Security
"Walezi wanapaswa kufuata ratiba ya kitaifa ya chanjo ili kuwalinda watoto dhidi ya magonjwa hatari kama vile surua, polio, na kifua kikuu.",Health
Serikali inaelezea makosa yaliyoainishwa kama ugaidi chini ya Sheria ya Kuzuia Ugaidi na inahimiza uelewa wa umma kuhusu majukumu ya kisheria.,Security
Vijana wanashauriwa kukataa propaganda za alshabaab ili kuepuka kifo cha mapema au vifungo hivyo vikali vya jela.,Security
"IEBC itatoa kadi za wapiga kura milioni 1 shuleni wiki ijayo ""kuwa tayari!",Education
"KUCCPS ilifungua lango lake kwa watahiniwa wa KCSE wa 2020 kutuma maombi ya kozi za stashahada na cheti cha TVET huku tarehe ya mwisho ikiwa Aprili 30, 2021.",Education
Piga picha za vitu vyako vya thamani na uandike nambari za mfululizo kwa ajili ya utambulisho.,Security
Tengeneza masomo ya VR 2021.,Education
Aliwahimiza zaidi umma kuwa sehemu ya mchakato huo kwa kuripoti matukio yoyote ya rushwa au ufisadi kupitia simu husika za dharura.,Governance
Weka milango ya gari imefungwa na madirisha wazi unapoendesha gari katika maeneo yenye hatari kubwa.,Security
"Wakulima wengi hutegemea huduma za kidijitali, hasa zile zinazotolewa kupitia mifumo inayopatikana kupitia simu za mkononi, ili kupata taarifa hii.",Agriculture
Jifunze kuhusu haki za Ulinzi wa Aina za Mimea na jinsi zinavyohimiza uundaji wa aina mpya na zilizoboreshwa za mahindi.,Agriculture
NPS ilionya umma kuhusu tangazo bandia la kuajiri polisi mtandaoni na kuwashauri wanaotafuta kazi kutegemea majukwaa rasmi ya serikali pekee.,Security
Mfumo mpya wa sekta ya haki ulianzishwa ili kuunganisha juhudi za kupambana na ufisadi.,Security
Chunguza mipango ya mikopo iliyoundwa kwa ajili ya upanuzi wa biashara kutoka Benki ya Akiba ya Ofisi ya Posta ya Kenya. Linganisha viwango vya riba na masharti.,Agriculture
"Umwagiliaji wa matone hutoa maji moja kwa moja kwenye mizizi ya mimea, na hivyo kuokoa maji na kuboresha ufanisi kwa mbuzi.",Agriculture
"Tangazo la kampeni ya vyombo vya habari vya kidijitali inayoongozwa na watu wenye ushawishi inayokuza utunzaji binafsi, udhalilishaji, na ufahamu wa simu ya usaidizi katika wiki ya ustawi wa akili.",Health
Fanya shule zipatikane! Weka njia panda kwa wanafunzi wenye ulemavu.,Education
"Tunapokaa nyumbani na kusherehekea sikukuu ya Pasaka, tunakumbushwa kuhusu afya yetu ya akili. Kuwa makini na kile unachotumia kama taarifa wakati huu wa matatizo, kuwa makini na afya yako na ya wengine. Shiriki upendo, si hofu na hofu.",Health
Panua kozi za mtandaoni 2024.,Education
Wizara yatangaza vikao vya uhamasishaji ili kushughulikia upunguzaji wa udumavu na hatua mpya za kuimarisha na kudhibiti.,Health
Weka njia za dharura zikiwa wazi na hazijazuiwa katika maduka na ofisi.,Security
"Uzinduzi wa mwisho: Sera ya elimu jumuishi sasa inashughulikia taasisi zote za TVET ""kila mwanafunzi anakaribishwa!"" kila mwanafunzi anakaribishwa!",Education
IEBC yawahimiza Wakenya kuthibitisha orodha ya wafuasi wa BBI,Governance
"PRWG iliwasihi polisi kuzuia wavamizi waliovaa barakoa wakati wa maandamano, kudumisha udhibiti wa kitaalamu wa umati, na kuhakikisha uwajibikaji kwa utovu wa nidhamu.",Security
Endelea kupata lishe bora! Jiandikishe katika shule zenye programu za kulisha.,Education
Ukaguzi wa shule! Hakikisha kufuata viwango vya usalama wa moto.,Education
Vituo vyote vya afya vya umma nchini Kenya hutoa huduma za matibabu bila malipo kwa waathiriwa wa unyanyasaji wa kijinsia.,Security
Teknolojia ya kuvuta kwa kutumia sumaku ni mbinu inayohusisha kutumia mimea inayofukuza wadudu (silver leaf desmodium) ili kuwafukuza wadudu kutoka kwenye zao kuu na ...,Agriculture
"Tangazo la mfululizo wa mabaraza ya kujifunza ya kaunti yanayosisitiza usaidizi wa kunyonyesha, usafi wa jamii, na elimu ya lishe ya watoto wachanga.",Health
Kuwa macho! Fuata itifaki za usalama shuleni wakati wa tahadhari za ugaidi.,Education
Jenga shule bora! Saidia miradi ya miundombinu katika mikoa ya ASAL.,Education
Jua haki zako! Jifunze kuhusu Katiba ya Kenya shuleni.,Education
Maboresho ya bajeti ya mahakama yataendesha mahakama kiotomatiki na kuharakisha ushughulikiaji wa kesi za ufisadi.,Security
Umeme huua wanyama wanaochunga. Weka fimbo za umeme na epuka kuwafunga wanyama kwenye miti iliyotengwa.,Security
"Wanawake wana jukumu muhimu katika sekta ya maziwa. Jifunze kuhusu programu, rasilimali, na masoko mahususi yanayowalenga wanawake katika kilimo.",Agriculture
"Uhamiaji wa wafugaji unahitaji mipango. Pata vibali, chagua njia salama, na epuka maeneo yenye migogoro.",Security
Fanya ukaguzi wa nishati 2024.,Education
Shule zitaendelea kufungwa kwa mwaka mzima na kufunguliwa tena mwaka wa 2021. Mitihani yote ya kitaifa itakayofanywa mwaka wa 2020 imefutwa ~ Waziri George Magoha,Education
Kukuza baiskeli salama shuleni 2024.,Education
Mwaareganigwe mwensi koenana amang'ana igoro y'obokurumi ase enchera yesimu ya bosa 1551 gose otome rirube riembeo report@integrity.go.ke,Governance
Pata elimu! Waandikishe watoto wafugaji katika shule zinazohamishika.,Education
Wanawake wajawazito wanahitaji kalsiamu kwa mifupa na meno yenye nguvu - kwa wao wenyewe na mtoto.,Health
Miundo ya majaribio kwenye vipimo vya kibiolojia vya maabara na vipimo vya nusu shamba ili kutathmini uwezekano na ufanisi wa mfumo wa mazao wa kusukuma-kuvuta dhidi ya.,Agriculture
"Gavana Dkt. Bii aliwasihi wakazi kuendelea kuwa macho na kutumia huduma za afya za kaunti, hasa wakati wa sherehe na msimu unaoendelea wa sherehe za kuaga mwili.",Governance
"Jinsi Teknolojia ya Kusukuma Mboga Integrated Pull inavyobadilisha kilimo cha kunde Magharibi mwa Kenya. Mradi wa iSPARK, ulioagizwa na Kituo cha Uingereza-CGIAR, ni ...",Agriculture
Shule zinaweza kuwa mahali salama pa elimu ya afya ya akili,Health
Upatikanaji jumuishi wa teknolojia za kidijitali na elimu ni muhimu katika kupunguza ukosefu wa usawa wa kijinsia na kuwawezesha wanawake na wasichana wa vijijini.,Agriculture
MAPATO YA UFISADI EACC YAMkabidhi Rais Mali ya Sh5B zilizopatikana kutokana na mapato ya ufisadi Rais Ruto awahimiza wabunge kupitisha Mswada wa Mgogoro wa Maslahi katika umbo lake la asili,Governance
"Tangazo la umma la kampeni ya kitaifa inayolenga wasagaji wa mchele, unga na mafuta kuzingatia viwango vya urutubishaji wa virutubisho, ikiwa ni pamoja na tuzo kwa waliofanya vyema.",Health
Samba vitabu vya kiada bila malipo kwa wanafunzi wote 2022.,Education
Utafiti wa Chuo Kikuu cha Methodist cha Kenya/IJRISS unaonyesha kwamba polisi jamii inaboresha kwa kiasi kikubwa utoaji wa huduma na uaminifu katika Kaunti ya Nairobi,Security
AP News iliripoti kuhusu kuachiliwa kwa Mwangi kwa dhamana na ukosoaji wa makundi ya haki za binadamu kuhusu matumizi mabaya ya shtaka la ugaidi wakati wa maandamano.,Security
Jifunze jinsi rushwa inavyoathiri huduma na ushiriki katika elimu ya jamii ili kuizuia.,Security
Tengeneza vifaa vya michezo 2021.,Education
Hakikisha wanafunzi wote wanavaa sare na wana vitambulisho kuanzia Januari 6.,Education
Raia wanahimizwa kushiriki katika sherehe hii ya kihistoria ya Siku ya Madaraka inayotarajiwa kufanyika katika Kaunti ya Bungoma kwa mara ya kwanza. - Katibu Mkuu wa Mambo ya Ndani Dkt. Raymond Omollo,Governance
Marathon ya marekebisho ya darasa la 8 ya CBC inaanza saa 4 usiku kila siku jiunge bure kwenye KICD YouTube!,Education
KUCHUNGUZA UADILIFU Rais Kenyatta ahimiza Serikali ya Kitaifa na serikali za kaunti kufanya kazi pamoja ili kushughulikia mabadiliko ya hali ya hewa nchini Kenya,Governance
Panga vilabu vya mijadala 2020.,Education
"Upatikanaji wa soko la bidhaa zinazoingizwa kutoka nje katika soko la Kenya umeimarika tangu mageuzi hayo, na kusababisha ukuaji mkubwa wa uagizaji. Hata hivyo, uwezo wa kuagiza chakula umeongezeka ...",Agriculture
"Mikutano yote ya hadhara, michezo, matukio, mikutano ya kanisa imesimamishwa. Makanisa yanaweza kuwa na ibada mradi tu yana vitakasa mikono. Shule zitaendelea kufunguliwa lakini michezo kati ya shule imefutwa",Health
Jukwaa la kusoma na kuandika lapanuka hadi shule za umma za Kenya.,Education
"Leo, tumerekodi visa vipya 447 chanya kati ya sampuli 3803 na kufikisha jumla ya visa chanya nchini kufikia 8,975. Sampuli zilizojaribiwa nchini sasa zina zaidi ya 200,000.",Health
Wanafunzi wote wa kidato cha 3 lazima wajiandikishe kama wapiga kura wiki hii - hakuna visingizio!,Education
Uchambuzi unabainisha shughuli za kigaidi zinazoendelea katika kaunti zinazopakana na Somalia na unahimiza uzingatiaji wa mapendekezo ya usalama.,Security
"Serikali ilitoa maagizo kuhusu matumizi ya silaha, ikiwa ni pamoja na amri ya kupigana risasi hadi mguu.",Security
Hudhuria mafunzo na warsha za usimamizi dhidi ya rushwa ili kuongeza uelewa na mabadiliko ya tabia,Security
"Elewa umuhimu wa kutumia mbegu zilizoidhinishwa kwa ajili ya chai ili kuhakikisha kuota kwa wingi, usafi wa aina mbalimbali, na uwezo wa kutoa mavuno mengi.",Agriculture
Wawezeshe wanawake! Jiandikishe katika mafunzo ya ufundi stadi kwa wanawake.,Education
NPS ilichapisha Nakala rasmi ya majukumu na matarajio ya polisi jamii ili kuwasaidia wakazi na maafisa kufanya kazi pamoja kwa ufanisi zaidi,Security
KNEC itatoa mafunzo kwa walimu kuhusu zana mpya za tathmini ya kielektroniki kwa ajili ya tathmini endelevu.,Education
Tuma maombi ya ufadhili kwa wanafunzi wenye uhitaji 2022.,Education
"Tumia mbinu ya 'Afya Moja', ukitambua muunganiko wa afya ya binadamu, wanyama, na mazingira, hasa katika kudhibiti magonjwa ya wanyama.",Agriculture
"Elimu Scholarship 2026: Nafasi 9,000 zimefunguliwa – tuma maombi mtandaoni kabla ya Desemba 31.",Education
"Muhtasari wa ensaiklopidia uliandika sababu, vifo, vichocheo vya kiuchumi, na idadi ya kukamatwa kutokana na maandamano ya 2025.",Security
"Wazazi, endeleeni kuwa macho! Lindeni watoto dhidi ya hatari za ujambazi.",Education
Serikali yazindua Taasisi ya Kitaifa ya Afya ya Umma ya Kenya ili kuimarisha kinga dhidi ya magonjwa,Health
Ushiriki wa mshirika wakati wa utunzaji wa ujauzito na baada ya kujifungua huboresha matokeo ya afya ya familia.,Health
Matumizi ya dawa za kulevya kwa watoto wachanga husababisha uhalifu na matatizo ya kiafya. Shule na wazazi wanapaswa kuwaelimisha watoto kuhusu hatari za matumizi mabaya ya dawa za kulevya.,Security
"SEEDS itafanya uchambuzi wa kina wa sera na mazingira ya udhibiti yanayoathiri utumiaji wa uvumbuzi wa kidijitali katika kilimo cha wakulima wadogo, ...",Agriculture
Kupima uzito mara kwa mara katika kliniki husaidia kugundua matatizo ya ukuaji mapema. Walezi wanahimizwa kuhudhuria kliniki za ustawi wa watoto kila mwezi.,Health
DCI iliwasihi raia kuwasilisha malalamiko ya uhalifu au vidokezo moja kwa moja kwa ofisi za DCI au barua pepe ili kuboresha majibu ya uchunguzi.,Security
Hakikisha ujumuishaji! Toa ufikiaji wa kidijitali kwa wanafunzi wote.,Education
Tangazo la kuhimiza ulaji wa kila siku wa sehemu tano za matunda/mboga kwa ajili ya ustawi na kinga dhidi ya magonjwa.,Health
Toa rasilimali! Fadhili programu za afya ya akili mashuleni.,Education
"Tunatoa wito kwa mamlaka ya polisi kufanya uchunguzi wa haraka na wa uwazi kuhusu vitendo hivyo, na serikali iwajibike kwa majaribio yake ya kudhibiti maoni ya kisiasa, kujieleza kisanii, na kuzuia upatikanaji wa taarifa kwa umma,' alisema Mugambi Kiai, Mkurugenzi wa Kanda wa IBARA YA 19 Afrika Mashariki.",Governance
Watoto wanaohusika katika michakato ya kisheria wanapaswa kupokea msaada maalum wa kisheria kupitia Ofisi ya Mkurugenzi wa Mashtaka ya Umma.,Security
Serikali yatangaza kuongeza usambazaji wa mazao biofuti kwa shule na kaya kwa ajili ya kuboresha lishe ya mama na mtoto.,Health
Wahalifu wanaweza kutumia machafuko. Linda mali yako na uripoti waporaji kwa polisi mara moja.,Security
Kuwa mwangalifu na wahalifu wanaotumia mashirika yasiyo ya kiserikali kutakasa pesa,Security
"Mkopo wa Ksh 20,000 wa HELB umetolewa kwa wanafunzi 500,000 ""lango la shule sasa!"" Ksh 22,244 mwanafunzi kwa siku - msomi ametolewa ""Wakuu wa shule hawapaswi kuomba pesa za ziada!",Education
"Ulijua? Ubora wa usingizi wako huathiri moja kwa moja afya yako ya akili! 1. Lenga kulala kwa saa 7-9 kila usiku. 2. Epuka vichocheo kama vile kafeini au dawa za kulevya kabla ya kulala - vinavyovuruga hisia zako za Zzz! Zipe kipaumbele pumziko lako, chaji akili yako, na uamke ukiwa umeburudika!",Health
IEBC inawasihi umma kushirikiana na mamlaka kabla ya kipindi hiki.,Governance
Hakuna uchomaji moto shuleni! Weka vifaa vya kuwaka moto mbali na mabweni.,Education
"Tangazo la kuweka lengo la kitaifa la kuongeza uzalishaji wa maziwa hadi lita bilioni 10, kusaidia maisha ya maziwa na lishe.",Health
NPSC inatoa wito kwa wakazi kushiriki katika utoaji bora wa huduma.,Governance
EACC inaanzisha njia nyingi za kuripoti kwa wafichuzi.,Education
"Usasishaji unaweza kufanywa kwa mwaka 1 kupitia raia wa kielektroniki, kwa smart dl fungua akaunti ya TIMS na utumie http://online. Ili kuunda akaunti http://ntsa.go.ke bofya TIM sajili akaunti.",Governance
"Usalama wa kibiolojia huzuia milipuko ya magonjwa. Safisha vijidudu kwenye bafu za miguu, karantini wanyama wapya, dhibiti ufikiaji wa wanyamapori, na toa ripoti kwa wanyama wagonjwa haraka. Utupaji sahihi wa mizoga ni muhimu.",Security
Gavana aliwasihi wananchi kushiriki kikamilifu katika safari ya maendeleo ya kaunti.,Governance
"Shule zinaanza muhula wa tatu Agosti 25, 2025.",Education
Gavana wa Pokot Magharibi Kachapin awahimiza wakazi kujiandikisha kwa ajili ya huduma ya TAIFA huku kaunti ikirekodi idadi ndogo ya waliojitokeza kwa ajili ya usajili wa SHA,Governance
Hakuna mtoto aliyeachwa nyuma: Mpito wa 100% kutoka shule ya msingi hadi shule ya upili unatekelezwa kote nchini.,Education
Wasaidie wanafunzi! Toa ushauri nasaha baada ya maandamano.,Education
Serikali ya Kaunti inawasihi wamiliki wa biashara kuwa macho ili kuboresha utoaji wa huduma.,Governance
"Teknolojia ya ""kusukuma - kuvuta"" ni mfano mmoja wa hili, kwa kutumia spishi moja ya mimea inayosukuma viwavi jeshi kutoka mahindi na spishi nyingine inayowavuta ...",Agriculture
"Tazama jinsi kilimo mseto kinavyowawezesha wakulima wadogo katika jamii za vijijini, kuboresha maisha na usalama wa chakula.",Agriculture
EACC INAAGIZA mashirika yote ya Serikali kusitisha malipo ya ada ya mwisho kwa watumishi wa umma wanaojiuzulu kutoka serikalini ili kukwepa mashtaka kwa kughushi hati za masomo.,Governance
Huduma ya Misitu ya Kenya inatoa wito kwa umma kutoa taarifa kuhusu maendeleo ya jamii.,Governance
"Mtaji wa kuanzisha biashara bila malipo Ksh 200,000 kwa wahitimu 1,000 bora wa TVET!",Education
"Wakazi walisihiwa kushiriki katika mchakato wa kutengeneza bajeti kupitia ushiriki wa umma, ili kufahamu miradi iliyoanzishwa na Serikali ya Kaunti.",Governance
"Umma unahimizwa kuripoti matukio yoyote ya ukiukwaji wa sheria za ajira kwa Kituo cha Polisi kilicho karibu au piga simu 0709099000, 999, 911,112 au #fichuakwaDCI 0800722203.",Governance
Serikali ilitafuta maoni ya umma kuhusu kutumia akili bandia na teknolojia mpya ili kuimarisha kuzuia itikadi kali na kushughulikia hatari zinazoongezeka za kuajiri watu mtandaoni.,Security
Tumia mbinu sahihi za breki katika dharura.,Security
Zoom Pro ya Bure kwa walimu wote wa Kenya – dai kwa nambari ya TSC leo!,Education
Kaunti za pwani zinakabiliwa na migogoro; endelea kuwa macho.,Security
"Makampuni yanapaswa kuwa na mipango ya mwendelezo, jenereta mbadala, na mafunzo ya usalama wa wafanyakazi kwa dharura.",Security
"Vipaza sauti vya kijijini, arifa za SMS, na matangazo ya redio husaidia kusambaza maonyo ya maafa haraka.",Security
KRA yaonya walipa kodi kutotumia mawakala wanaodai wanaweza kufuta adhabu kwa ada. Misamaha yote ya kodi hutolewa kupitia njia rasmi.,Security
Usipinge wakati wa wizi wa kutumia silaha - usalama wako una thamani zaidi kuliko mali.,Security
"Upatikanaji wa Haki Haki kwa Uwajibikaji Haki Huria Ushiriki wa Umma Kuwapa umma fursa za kutoa maoni katika maamuzi ya serikali husababisha utawala bora zaidi, utoaji bora wa huduma za umma, na matokeo ya usawa zaidi.",Governance
Kukuza ujifunzaji wa maisha yote 2025.,Education
Sasisha mtaala wa teknolojia mpya 2021.,Education
Kenya kutoa mbu waliobadilishwa vinasaba ili kupambana na malaria,Health
Thibitisha mashirika ya kutoa misaada kabla ya kutoa michango mtandaoni.Michango bandia ni ya kawaida.,Security
EACC inaanzisha programu ya simu kwa ajili ya kurahisisha kuripoti ufisadi.,Education
Kuzindua mfumo wa kuongoza ukusanyaji na utoaji wa taarifa za matokeo ya lishe.,Health
Fuatilia ubora wa hewa shuleni 2024.,Education
Angazia masuala ya ufisadi katika kaunti yako na uwasihi viongozi kutekeleza uwajibikaji,Security
Kagua mabasi ya shule 2020.,Education
Amri ya kutotoka nje iliwekwa katika Kaunti ya Mandera ili kukabiliana na ongezeko la ukosefu wa usalama na kurahisisha shughuli za usalama zinazoendelea.,Security
"Tofauti za Kijinsia Husababisha Kupitishwa kwa Teknolojia ya Kilimo Kaskazini mwa Nigeria ... (Nairobi, Kenya, Mei 2024)- Utafiti wa kina uliofanywa Kaskazini mwa Nigeria na ...",Agriculture
"Mbunge Geoffrey Ruku, ambaye ni mshirika wa SHA anayependelea jamii zilizotengwa, anawasihi wakazi wa Mbeere Kaskazini kujiandikisha na Mamlaka ya Afya ya Jamii (SHA).",Governance
Endelea kuwa na afya njema! Hakikisha shule zina maji safi na usafi wa mazingira.,Education
CBK inawakumbusha Wakenya kwamba uwekezaji wowote unaokuhitaji kuajiri wengine ili kupata faida huenda ni mpango wa piramidi. Ripoti shughuli kama hizo mara moja.,Security
Wape madereva wa mabasi ya shule na vifuatiliaji maandishi ya usalama.,Security
Weka majibu kwenye miduara kwenye karatasi za OMR kwa KPSEA 2025.,Education
Wizara ya Uchukuzi imepokea ripoti za maajenti bandia wa NTSA wakikusanya rushwa kwenye barabara kuu. Ripoti shughuli yoyote ya kutiliwa shaka kupitia 999 au lango la NTSA,Security
Makubaliano rasmi kati ya IPOA na Chama cha Wanasheria cha Kenya yalilenga kurahisisha majibu ya kisheria na kuboresha usaidizi wa mashtaka.,Security
Mahakama sasa hufanya mikutano ya kila siku inayosisitiza kutovumilia rushwa.,Security
"nyongeza; Taarifa duni za soko zinazosababisha upatikanaji mdogo wa soko na rasilimali finyu za kilimo, madini, asilia na misitu; (iii) ...",Agriculture
"Kuwawezesha wakulima wanaoishi na VVU/UKIMWI ni hatua muhimu kuelekea kilimo endelevu, ustawi wa jamii",Health
Mifumo ya ufugaji wa silvo nchini Brazili huunganisha miti na mifugo ili kupunguza ukataji miti na kuongeza ufyonzaji wa kaboni.,Agriculture
Linda wanafunzi! Unda mazingira ya shule yasiyo na GBV.,Education
Walezi wa watoto wa kulea lazima wachunguzwe ili kuhakikisha mazingira salama kwa watoto walio katika mazingira magumu.,Security
"Fanya kazi pamoja! Jamii, hakikisha mazingira salama ya shule.",Education
"Ingawa ni nadra, matetemeko ya ardhi yanaweza kutokea. Kuanguka, Kufunika, na Kushikilia wakati wa mitetemeko. Epuka majengo yenye nyufa na uripoti udhaifu wa kimuundo kwa mamlaka.",Security
Waziri wa Elimu Magoha asema vyuo vikuu vitafungwa hadi Januari 2021 kwani havifuati sheria za Covid-19,Health
Kuondolewa kwa ada za shule: Shule zote za umma lazima zizingatie sera ya elimu bila malipo.,Education
Kuingilia kati dhidi ya ukatili wa majumbani; kuunga mkono mipango ya kijamii.,Security
Maandamano yalisababisha usumbufu; kaa macho na fuata mwongozo wa usalama.,Security
Kenya yathibitisha visa 12 zaidi vya COVID-19 na kufanya jumla ya idadi kufikia 246. Waziri wa Afya Mutahi Kagwe anasema 5 kati yao ni wafanyakazi wa hoteli.,Health
Panga kwa usalama! Tengeneza mipango ya kufungwa shuleni kwa ajili ya vitisho vya ugaidi.,Education
Kuwa mwangalifu na ulaghai wa 'dharura' ambapo wapiga simu hujifanya kuwa familia iliyo katika shida.,Security
Wanafunzi wote wa kidato cha nne lazima wajiandikishe kama wapiga kura kabla ya kuondoka shuleni - maagizo ya IEBC.,Education
"Mabaraza ya umma ya kaunti jijini Nairobi yalipitia Mkakati wa Kitaifa uliosasishwa wa Kuzuia na Kupambana na Ugaidi unaozingatia jinsia, vijana, na teknolojia.",Security
Kuhimiza ushirikiano wa sekta binafsi chini ya mifumo ya uadilifu kwa ajili ya hatua za pamoja za kupambana na rushwa,Security
Mpito wa Darasa la 6 baada ya matokeo ya KPSEA.,Education
"Wakati wa usafirishaji hadi sokoni, viashiria muhimu vya upatikanaji wa soko vilikuwa. Kuna ushahidi ambao umeonyesha kwamba upatikanaji wa masoko ya kilimo, ...",Agriculture
Tangazo kwamba mtaala wa uuguzi wa kabla ya huduma sasa unajumuisha moduli za lishe na ustawi kwa ajili ya utunzaji wa jamii.,Health
Chunguza chaguzi za kuhifadhi mayai kwa muda mrefu ili kutumia fursa ya bei bora za soko au mapengo ya usambazaji wa daraja.,Agriculture
"Wanawake wanaoishi na VVU wanakabiliwa na hatari na vikwazo vilivyoongezeka. Huduma jumuishi za afya, ushauri nasaha, na sheria hutoa msaada muhimu.",Security
Fuatilia lishe katika programu za kulisha shuleni 2020.,Education
Mkurugenzi Mkuu Awahimiza Mabalozi Wapya Kudumisha Uadilifu na Utaalamu,Governance
"Uchunguzi wa Ajali na Usindikaji wa WIBA Wakati ajali inatokea, na mfanyakazi akaumia, mwajiri lazima aripoti kwa ofisi za Kaunti ya DOSHS ndani ya saa 24 ikiwa ajali hiyo ni mbaya, na ndani ya siku 7 kwa ajali zisizo mbaya.",Governance
Human Rights Watch ilibainisha ukosefu wa mashtaka kwa vifo vinavyohusiana na maandamano ya 2023 na kuhimiza utekelezaji wa mapendekezo ya IPOA.,Security
Usiache ngazi au vifaa nje ambavyo vinaweza kuwasaidia wezi kupata njia ya kuingia.,Security
"Mfumo wa kusukuma na kuvuta unaoweza kubadilishwa na hali ya hewa hudhibiti kwa ufanisi viwavi jeshi wa kuanguka, Spodoptera frugiperda (J E Smith), katika mahindi katika Afrika Mashariki. Ulinzi wa Mazao, 2018. CAB ...",Agriculture
Wiki ya kupambana na uonevu inaanza Jumatatu '¢' — ripoti kupitia 0800721524 au mshauri wa shule!,Education
WITO WA UMOJA WA MALINDI WAWAKILISHA Wakazi kuwa waangalifu na wanasiasa wanaopanda mbegu za kutoelewana Viongozi wa eneo hilo wanataka hatua zichukuliwe dhidi ya wanasiasa wanaoeneza chuki,Governance
"mitandao ya kijamii ili kuwasaidia wakulima kupata taarifa kuhusu bei za soko, mifumo ya hali ya hewa, na taarifa nyingine muhimu za soko. Zaidi ya hayo, msaada ...",Agriculture
"Mazungumzo haya kuhusu kilimo cha kidijitali na uwezo wake wa kupunguza umaskini vijijini yalimhusisha Profesa Michael Kremer, mshindi wa Tuzo ya Nobel ya 2019 katika ...",Agriculture
IPOA ilikagua maabara za uchunguzi wa kimatibabu na faili za kesi ili kuboresha uadilifu wa ushahidi na uwazi katika uchunguzi wa jinai.,Security
Jisajili kwa mifano ya KCSE mapema mwaka wa 2025.,Education
CBK inawaonya Wakenya dhidi ya kutuma pesa kwa vikundi vya mitandao ya kijamii na kuahidi malipo ya kila wiki kutoka kwa mipango ya uwekezaji. Hizi hazidhibitiwi na ni kinyume cha sheria.,Security
Jifunze kilimo! Jumuisha elimu ya kilimo shuleni.,Education
Wanawake wajawazito wanaoishi na VVU wanapaswa kuhudhuria kliniki mapema ili kupata tiba ya kupunguza makali ya virusi vya ukimwi na kuzuia maambukizi kwa mtoto.,Health
Sakinisha taa zinazowezesha mwendo katika maeneo yenye giza karibu na nyumba yako.,Security
Sheria mpya zinawataka maafisa kutangaza zawadi na kuepuka migongano ya maslahi.,Security
Ukaguzi wa fedha za shule kwa uwazi 2023.,Education
Funga samani nzito kwenye kuta ili kuzuia ajali za watoto zinazotokea wakati wa kuanguka.,Security
"Kupuuza huharibu ukuaji wa mtoto. Wazazi na walezi lazima watoe mahitaji ya msingi, upendo, na usalama ili kuzuia majeraha ya muda mrefu.",Security
"Rais Ruto awakosoa wakosoaji wa mpango wa matibabu wa SHA, awahimiza wakazi wa Kakamega kujiandikisha",Governance
Walaghai wanaojifanya waangalizi wa uchaguzi wamekuwa wakiomba pesa kutoka kwa wagombea kwa ajili ya kibali bandia. IEBC haitozi ada kwa fomu za kibali.,Security
Elimu kwa wote! Jiunge na shule za kuhamahama kwa watoto wafugaji.,Education
Umma unahimizwa kufuata miongozo ya kuimarisha utawala.,Governance
Mamlaka ya Mawasiliano imetoa agizo linalowataka umma kushiriki.,Governance
Usalama umeimarishwa Lamu kufuatia mashambulizi ya hivi karibuni na wasafiri wanahimizwa kuwa macho na kuepuka njia fulani za barabarani.,Security
Tumia EduTV Channel kila siku kuanzia saa 8:00 AM hadi saa 10:00 AM kwa masomo ya CBC.,Education
"KUCCPS ilifungua lango lake kwa watahiniwa wa KCSE wa 2023 kutuma maombi ya programu za diploma za Chuo cha Mafunzo ya Ualimu zenye tarehe ya mwisho ya Aprili 21, 2024.",Education
Serikali yazindua malipo ya Mpesa ya kielektroniki kwa wanufaika wa Inua Jamii kuanzia Januari; Katibu Mkuu wa Ulinzi wa Jamii Motari anawasihi wanufaika kusajili laini za Safaricom.,Governance
Kuongeza thamani kwenye mboga kunaweza kuongeza mapato yako kwa kiasi kikubwa. Chunguza mbinu rahisi za usindikaji na fursa za soko la bidhaa zenye thamani.,Agriculture
Toa ufikiaji! Wape wanafunzi zana za kidijitali za Braille.,Education
"Shirika la Misheni ya Dawa na Ugavi Muhimu lasimamisha oda za dawa muhimu zinazofadhiliwa na USAID, hatua ambayo inaweza kuathiri usambazaji wa dawa za VVU na malaria",Health
Wananchi wanahimizwa kuunga mkono maendeleo ya jamii.,Governance
"Unavutiwa na kilimo hai? Unaelewa mchakato wa uidhinishaji, viwango, na fursa za soko kwa uyoga hai.",Agriculture
Uzazi chanya hupunguza hatari za unyanyasaji. Hudhuria programu za uzazi zinazofadhiliwa na serikali ili kujifunza mikakati ya ulinzi wa watoto.,Security
Ruzuku za utafiti za usaidizi 2025.,Education
Jamii zinaweza kukusanyika pamoja ili kuwasaidia watu wanaokabiliwa na matatizo ya afya ya akili na changamoto za matumizi ya dawa za kulevya kupitia mikakati kadhaa.,Health
"Kwa IFAD, hii inaonyesha kwa nini kilimo cha kidijitali kinahitaji kuwa kitovu cha kazi yake. Huku watu maskini zaidi duniani wakikabiliwa na ongezeko la chakula ...",Agriculture
Sehemu za Marsabit zilitangazwa kusumbuliwa; kufuata itifaki za usalama.,Security
Kuhitimu katika Chuo Kikuu cha South Eastern Kenya.,Education
Jifunze kilimo! Jiandikishe katika kozi za ufundi za kilimo.,Education
Kundi la haki za binadamu liliandaa sajili ya majeraha iliyothibitishwa yenye picha na data ya kimatibabu ili kusaidia juhudi za uwajibikaji na mashtaka.,Security
"201. Athari za mifumo tofauti ya uvunaji wa desmodium na mahindi kwenye mavuno na sifa zao za ukuaji ndani ya kilimo mseto cha ""Push-Pull"" ...",Agriculture
"Jamii za wenyeji zinapaswa kuanzisha kamati za ulinzi wa watoto ili kufuatilia na kuripoti kesi za unyanyasaji, zikifanya kazi kwa karibu na mashirika ya serikali.",Security
Wasimamie watoto kila wakati wanapotumia vifaa vya uwanja wa michezo.,Security
"Canisius Kanangire Waziri wa Kilimo na Maendeleo ya Mifugo wa Kenya Mithika Linturi mnamo Machi 2023 aliwahimiza Wakenya kula mchele, viazi, na ...",Agriculture
Watoto wanaovuta moshi wana uwezekano mkubwa wa kupata pumu na maambukizi ya njia ya upumuaji.,Health
IEBC inawahimiza umma kuripoti matukio yoyote kabla ya wakati ujao ili kuimarisha utawala.,Governance
Mtaala Mpya Unaozingatia Umahiri wa TVET ulizinduliwa na – pakua bure kutoka KICD.,Education
Mamlaka ya Mawasiliano yaonya kuhusu programu za kamari zilizotengenezwa kwa njia ya kloni zinazosambaa kwenye Telegram. Nyingi huiba data ya simu yako na taarifa za benki,Security
"Mapitio yalielezea kwa kina mafanikio ya IPOA, changamoto, na mwelekeo wa kimkakati na kuainisha hatua zinazofuata katika mageuzi ya uwajibikaji wa polisi.",Security
Shughuli za kibinadamu husababisha moto mwingi wa porini. Epuka miale ya moto iliyo wazi katika misitu na uripoti moshi kwa Huduma ya Misitu ya Kenya.,Security
"Uzinduzi rasmi wa FNRP ya dola bilioni 5 ili kusaidia usalama wa chakula katika kaunti 24 za ASAL, ukilenga Wakenya milioni 5 walio katika mazingira magumu.",Health
Wafundishe walimu! Wafundishe kuzuia kipindupindu shuleni.,Education
Tembelea nyumba za kukodisha ana kwa ana. Orodha za mtandaoni zinaweza kuwa bandia.,Security
Shule zaagizwa kufanya uchaguzi wa majaribio ili kufundisha mchakato wa kidemokrasia.,Education
"Akina mama wanaokamua maziwa ya mama wanapaswa kuhakikisha vyombo vinasafishwa, vinahifadhiwa vizuri kwenye jokofu, na taratibu sahihi za kupasha joto ili kuzuia uchafuzi.",Health
Saidia jamii zilizotengwa 2022.,Education
Fanya ukaguzi wa usalama kwa kutumia Mwongozo wa 2008 ifikapo Septemba 30.,Education
"Je, unajua kujiua ni chanzo cha tatu cha vifo miongoni mwa vijana wa miaka 15-29? Ni wakati wa kuongeza uelewa na kusaidia afya ya akili.",Health
Unajisikia msongo wa mawazo? Piga simu 1195 kwa usaidizi wa afya ya akili bila malipo.,Education
Endelea kuwa safi! Tumia vifaa vya usafi wa shule ili kuzuia kipindupindu.,Education
"IPOA ilianzisha uchunguzi wa kina kuhusu madai ya utovu wa nidhamu wa polisi wakati wa maandamano ya Juni, ikiwa ni pamoja na matumizi ya risasi za moja kwa moja na kuwekwa kizuizini kwa wingi.",Security
"Akihutubia nchi hiyo siku ya Jumatatu, Novemba 3, 2025, baada ya siku za ghasia zilizoacha mvutano wa miji kadhaa, Rais Samia alisema serikali ilikuwa ikifuatilia kwa makini hali hiyo na kuwahimiza wananchi kudumisha umoja na utulivu wakati mashirika ya usalama yanapoendelea kufanya kazi ili kurudisha amani.",Governance
APS ilihamisha shule mara moja kufuatia tishio la bomu na kuanzisha uchunguzi huku ikiimarisha itifaki za usalama.,Security
Wakalimani wa lugha ya ishara bila malipo katika shule 500 – ombi kupitia mkuu wa shule!,Education
Wizara yatangaza ajenda ya kufichua ajenda ya virutubisho vingi (MMS) ili kupunguza upungufu wa damu kwa mama na kuboresha matokeo ya uzazi.,Health
Rekebisha mustakabali! Jiunge na kozi za ukarabati wa magari.,Education
NTSA inawahimiza wananchi kuthibitisha kupitia njia rasmi.,Governance
"Udhaifu, kuathiriwa, uwezo wa kukabiliana na mabadiliko, ustahimilivu, na kukabiliana na mabadiliko ya tabianchi. Kukabiliana na mabadiliko ya tabianchi kunapaswa kuimarisha na kujenga juu ya afya na ...",Agriculture
Onyesha hadithi za mafanikio za wakimbizi waliojiunga na jamii za Kenya.,Security
Marekebisho ya Bunge ya kuimarisha mifumo ya kisheria ya kupambana na ufadhili wa ugaidi na kudhibiti mali pepe.,Security
Kingo zenye maji marefu hunasa wanyama. Weka miteremko laini na uzio maeneo hatari.,Security
Baadhi ya mimea ya kitamaduni inaweza kuwa na madhara wakati wa ujauzito. Daima wasiliana na mtaalamu wa afya aliyehitimu kabla ya kutumia.,Health
"Tume ya Haki za Kibinadamu ya Kenya ilimkosoa IG kwa kupuuza mamlaka ya Tume ya Huduma za Polisi, ikionya kwamba inadhoofisha usimamizi wa kikatiba.",Security
"Kipindi cha televisheni cha elimu ya mpiga kura bila malipo kinaanza Jumatatu saa 1 mchana kwenye KBC — ' — "" usikose!",Education
"Ripoti shughuli zinazotiliwa shaka zinazohusiana na magenge, ugaidi, au maandamano ya vurugu.",Security
"Shule nchini Kenya zitafunguliwa tena kuanzia tarehe 12 Oktoba, kuanzia darasa la 4, darasa la 8 na kidato cha 4.",Education
"Katibu Mkuu wa Mambo ya Nje @AmbMKamau, Katibu Mkuu, Ugatuzi Julius Korir, na Katibu Mkuu wa Mipango Saitoti Torome kwa sasa wanakagua mradi wa Uwanja wa Ndege wa Kitale katika Kaunti ya Transnzioia katika Tathmini ya Mradi wa NDITC unaoendelea na PS",Governance
"TENGENEZA AMANI 'Sio vita yako': Mchunguzi wa kijeshi wa Ukraine awaonya Waafrika dhidi ya kujiunga na mapambano ya Urusi Huku Afrika Kusini ikichunguza jinsi raia wake 17 walivyoishia katika eneo la Donbas nchini Ukraine, mchunguzi wa kijeshi wa Kyiv Olha Reshetylova anawasihi Waafrika kupinga kuajiriwa na Moscow na kuepuka vita ambavyo haviwapi ulinzi wowote.",Governance
Shule zitabaki wazi licha ya ongezeko la viwango vya maambukizi ya Covid-19,Health
Kila mtu anastahili heshima na usaidizi katika safari yake ya afya ya akili. Tuvunje unyanyapaa na tujenge ulimwengu ambapo tunaweka kipaumbele ustawi kwa wote.,Health
"Huku wasiwasi ukiongezeka kuhusu mlipuko wa Mpox, Wizara ya Afya imeahidi kupata chanjo milioni mbili kabla ya mwisho wa mwaka.",Health
"Hakikisha usalama! Shule, shughulikia sababu za machafuko haraka.",Education
"Wizara ya Afya inatangaza kwamba 86% ya watoto walipokea virutubisho vya Vitamini A wakati wa COVID-19 kupitia huduma za simu, na hivyo kuboresha huduma kwa kiasi kikubwa.",Health
Kunyonyesha ni jambo la kawaida na linapaswa kuungwa mkono hadharani. Jamii zinapaswa kutoa nafasi salama na safi kwa akina mama.,Health
"na teknolojia, na kuongezeka kwa fedha za umma kwa ajili ya kilimo. Shinikizo kama hilo la vitendo linahitajika sasa ili kujiandaa ... kushiriki katika mvuto wa soko la ...",Agriculture
Fikia matokeo kuanzia Desemba 1 kupitia lango.,Education
"Serikali ya kaunti ya Nyandarua inawasihi wakulima kufanya upimaji wa udongo, kufuatia kutiwa saini kwa Mkataba wa Makubaliano na Chama cha Wakulima wa Nafaka.",Governance
Matembezi ya Saratani ya Gertrudes: Matembezi yafanyika ili kuchangisha fedha kwa ajili ya watoto wenye Saratani. Maelfu walijitokeza kwa ajili ya matembezi hayo jijini Nairobi,Health
Kemikali na mafuta yanapaswa kuhifadhiwa mbali na nyumba ili kuzuia moto na uchafuzi wa mazingira.,Security
Uvumi unazidisha hofu. Tegemea masasisho rasmi kutoka kwa mashirika ya serikali na vyombo vya habari vilivyothibitishwa.,Security
Walimu: Wasilisha ripoti ya usajili wa wapiga kura ifikapo Novemba 30 la sivyo watachukuliwa hatua za kinidhamu!,Education
Egesha gari katika maeneo yenye mwanga wa kutosha usiku na angalia mazingira kabla ya kutoka.,Security
Uzinduzi wa majaribio ya bustani ya hydroponic ili kusambaza mboga mbichi katika mikahawa ya shule katika maeneo makavu.,Health
Zima Bluetooth yako wakati huitumii! Wengine wanaweza kufikia simu yako.,Security
"Tangazo kwamba hospitali zitajumuisha mboga za asili za Kiafrika (k.m., mchicha, mmea wa buibui, mti wa mtu wa Kiafrika) katika milo ya wagonjwa ili kuboresha lishe.",Health
Wasifu wa bure wa madarasa ya kusoma na kuandika ya watu wazima katika majimbo yote kuanzia Januari 2025.,Education
Seneta wa Kirinyaga Kamau Murango akosoa uamuzi wa kuorodhesha Kiwanda cha Mpunga cha Mwea kwa ajili ya ubinafsishaji. Anahimiza serikali kushauriana na wakazi wa Kirinyaga kabla ya kuendelea na mchakato huo.,Governance
"Daima weka kadi ya afya ya mtoto wako na cheti cha kuzaliwa salama kwa mahitaji ya shule, huduma ya afya, na kisheria.",Health
Mambo muhimu ya kibinafsi yalijumuisha kutoa hotuba kuu katika mkutano wa pamoja wa kwanza kabisa wa Mawaziri wa Fedha na Kilimo wa G20 huko Washington D.C. na ...,Agriculture
"Wakazi wa Nairobi, jihadharini na watu wanaodai kutoa mikopo ya biashara ndani ya saa moja. Serikali haina mpango kama huo wa pesa taslimu.",Security
Wanawake baada ya kujifungua wanapaswa kutumia dawa za minyoo ili kuboresha lishe na ubora wa maziwa.,Health
Tangazo la umma la shindano la kutangaza mapishi yenye virutubisho vya kienyeji kwa kutumia viungo vilivyoongezwa virutubisho au vya asili.,Health
Kitengo cha Polisi cha Kupambana na Ugaidi kinatoa mafunzo ya maandalizi na kinahimiza uangalizi unaoendelea.,Security
"Madawati ya kuripoti ukatili wa kijinsia yameanzishwa katika shule 1,000.",Education
Madarasa ya moja kwa moja ya marekebisho ya CBC ya Darasa la 8 yanaanza saa 6PM kila siku – jiunge kupitia kiungo cha YouTube kwenye wasifu.,Education
Saidia mitandao ya wahitimu 2025.,Education
DCI yaonya dhidi ya matapeli wanaouza 'ardhi bandia ya kanisa' huko Kayole na Ruai. Thibitisha hati za umiliki katika Wizara ya Ardhi kabla ya kufanya malipo yoyote.,Security
"Kenya miongoni mwa nchi 12 za Afrika kupata dozi milioni 18 za chanjo ya malaria ifikapo mwaka 2025, WHO inasema kipaumbele kitaelekezwa kwa nchi zenye uhitaji mkubwa zaidi.",Health
Bunge la Kitaifa linaimarisha sheria za kugundua na kuzuia ufadhili wa ugaidi na kuboresha uwazi katika mifumo yote ya fedha.,Security
Viongozi wa jamii huko Garissa walipokea mafunzo kuhusu viashiria vya mapema vya uasi na taratibu za kuripoti chini ya programu za PCVE.,Security
Fuatilia programu za lishe 2024.,Education
Mbunge wa Bura Awahimiza Wakazi wa Tana River Kujiandikisha kama Wapiga Kura,Governance
"IPOA iliangazia kesi kubwa ya utovu wa nidhamu huko Mombasa, ikitaka uwazi na mageuzi ya nidhamu ya kimfumo.",Security
Taasisi za elimu ya juu lazima zishughulikie unyanyasaji wa kijinsia chuoni kupitia mikakati kamili na kuripoti bila majina.,Security
Maoni na Ufahamu wa Hivi Karibuni. Maoni na Ufahamu. Kilimo cha kidijitali: ufunguo wa kuwasaidia wazalishaji wadogo kushinda changamoto za COVID-19. Tunapokaribia ...,Agriculture
Watoto katika maeneo kama Kaskazini mwa Kenya wanakabiliwa na utekaji nyara na kuajiriwa katika vikundi vyenye silaha. Mashirika ya usalama lazima yape kipaumbele usalama wao.,Security
Angalia 'https://' na aikoni ya kufuli kabla ya kuingiza maelezo ya malipo mtandaoni.,Security
Fuata amri za kutotoka nje na maagizo ya usalama ili kuunga mkono hatua za usalama za eneo husika.,Security
Jiunge! Jiunge na vilabu vya shule ili kujifunza kuhusu utawala.,Education
"Kozi za bure za AI na roboti kwa vijana 8,000 — ' — "" jiandikishe kupitia lango la TVETA LEO!",Education
"Miili tofauti ya uchaguzi nchini Kenya, kuanzia ECK, IIEC, hadi IEBC, imekuwa na uhusiano wa uaminifu na umma usio na matumaini.",Governance
"Vifaa vya bure vyenye thamani ya Ksh 100,000 kwa wahitimu wote wa TVET wa 2025 katika kozi za ufundi.",Education
Kataa rushwa! Ripoti vitendo vya ufisadi kwa EACC.,Education
"Wameanza kufanya kazi na vyumba vya kilimo na biashara vya ndani kupitia lango la serikali la Soko la Kilimo Dijitali, ambapo hupakia ...",Agriculture
"Viashiria vya msongo wa mawazo: kukasirika kwa urahisi, wasiwasi, mashambulizi ya hofu, matatizo ya usingizi, kujitenga na watu, kuwashwa",Health
"Wanawake wajawazito wanapaswa kutafuta huduma ya haraka ikiwa watapata maumivu makali ya kichwa, uvimbe, kutoona vizuri, au kutokwa na damu. Hizi zinaweza kuwa ishara za matatizo makubwa.",Health
Huduma ya Polisi ya Kitaifa inatoa wito kwa wapiga kura kushiriki katika maendeleo ya jamii.,Governance
"NTSA inawasihi madereva kukamilisha miamala inayosubiriwa kwenye TIMS ifikapo Ijumaa, Desemba 15, 2023 kabla ya kuunganishwa kwa huduma zote kwenye e-Citizen ifikapo Januari 2, 2024.",Governance
Mpango wa Uadilifu wa Kenya unapanua usimamizi na mafunzo katika kaunti zote.,Security
Ushauri nasaha bila malipo kwa msongo wa mawazo wa mtihani piga simu 0800721524 au tembelea mshauri wa shule!,Education
Arifa bandia za vifurushi vya DHL ni ulaghai wa kawaida.Thibitisha kupitia huduma rasmi kwa wateja.,Security
Wakulima wahimizwa kuunda vyama vya ushirika ili kuongeza upatikanaji wa soko la bidhaa za bustani.,Agriculture
Shughuli za usalama ziliimarishwa Kitale na North Rift ili kupambana na wizi wa mifugo huku vikosi maalum vikiwekwa.,Security
Anzisha kampeni za kusoma 2022.,Education
Tekeleza hatua kali za usalama wa kibiolojia kwenye kitengo chako cha kuku ili kuzuia kuanzishwa na kuenea kwa wadudu na magonjwa yanayoathiri kuku.,Agriculture
Kukuza ushirikishwaji wa vijana katika kufanya maamuzi; kushiriki katika utawala wa ndani.,Security
"Gundua zana za kidijitali kama vile M-Farm ambazo zinaweza kuwasaidia wakulima wadogo kwa bei za soko, utabiri wa hali ya hewa, ushauri wa ugani, na miamala ya simu.",Agriculture
Kuhimiza kupitishwa na utekelezaji wa sheria zinazopiga marufuku watu waliohukumiwa kufanya ununuzi wa umma,Security
Fuata taratibu sahihi gari lako linapoharibika.,Security
Serikali inawashauri wananchi kujiandikisha ili kuboresha utoaji wa huduma.,Governance
Ulimaji wa bustani mijini huwawezesha wakazi wa mijini kulima chakula. Chunguza mbinu kama vile ulimaji wa vyombo na ulimaji wa mbuzi wima.,Agriculture
"Tulia, piga simu kuomba msaada, na fuata hatua salama za kujifungua ikiwa kujifungua kutaanza bila kutarajia.",Health
Jiandikishe katika programu za TVET kwa ajili ya ukuzaji wa ujuzi 2025.,Education
"Kambi za mafunzo ya uandishi wa habari bila malipo kwa vijana 10,000 jiandikishe kupitia lango la TVETA sasa.",Education
Vijana wa vijijini wanaleta kilimo katika enzi ya kidijitali. Kutana na vijana watatu wa vijijini barani Asia ambao wamevunja kanuni za umwagiliaji!,Agriculture
Wamiliki wa umma na mali wanakumbushwa kuweka kipaumbele usalama wa miundo katika majengo ya makazi.,Governance
"Wizara ikitoa mkakati kamili kufuatia mafanikio ya KNAP 2018–2022, ikilenga uingiliaji kati wa sekta mbalimbali ili kupunguza zaidi viwango vya utapiamlo.",Health
Mashambulizi ya kigaidi yana uwezekano mkubwa wa kutokea wakati wa sikukuu kuu na umma unahimizwa kudumisha uelewa mkubwa na kuepuka nafasi zilizojaa watu.,Security
"Kutoka: Huduma ya Dijitali ya Serikali Imesasishwa: 17 Oktoba 2025 Wakati unahitaji kuthibitisha utambulisho wako kwa Kampuni House Wakati unahitaji kuthibitisha inategemea jukumu lako, na wakati ulianza jukumu hilo.",Governance
Kliniki ya Kazi ya Egesa: Watangazaji wa Egesa FM waendesha programu ya uhamasishaji huko Kisii Watangazaji waliwasihi wakazi kukumbatia kozi za kiufundi,Governance
NPS iliwakumbusha maafisa kuepuka matumizi mabaya ya nguvu wakati wa maandamano na kudumisha weledi.,Security
"Katika miezi sita, mtangulie vyakula laini na vyenye virutubisho vingi huku ukiendelea kunyonyesha. Epuka vitafunio vyenye sukari na hakikisha usafi wakati wa kunyonyesha.",Health
Heshimu waelimishaji wa jamii 2025.,Education
"Shirikiana: Serikali na wadau wasio wa kiserikali wanapaswa kufanya mazungumzo yanayoendelea ambapo umma huchangia katika kutambua vipaumbele, kuweka ajenda na kuendeleza ahadi.",Governance
Jiunge nasi! Jiandikishe katika kozi za ufundi za mabomba.,Education
Chuo Kikuu cha Nairobi kutoa vifaa zaidi vya kozi vinavyopatikana kama Rasilimali Huria za Elimu (OER).,Education
Hakikisha unywaji salama! Toa maji safi shuleni.,Education
"Serikali haiongezi faida za SHA kwa wagonjwa wa Saratani, inaongeza ufuatiliaji wa madai ya wakati halisi",Health
Mafunzo kuhusu afya ya akili kwa walimu 2021.,Education
Bidhaa hizi za kilimo zinapaswa kusamehewa kutoka kwa mifumo husika ya kupunguza ushuru au kukabiliwa na mifumo ya kupunguza ushuru isiyohitaji sana sokoni ...,Agriculture
"Usaidizi kutoka kwa baba, babu na bibi, na ndugu huimarisha matokeo kwa mama na mtoto.",Health
"ElectionAccess.org inasimamiwa na Wakfu wa Kimataifa wa Mifumo ya Uchaguzi (IFES), shirika lisilo la faida la kimataifa lililojitolea kuimarisha demokrasia ya uchaguzi na kuunga mkono haki ya raia kushiriki katika uchaguzi huru na wa haki.",Governance
"Serikali ya Kaunti ya Kakamega yaamuru kufungwa kwa vyumba vyote vya kuhifadhia maiti vya umma, Gavana Oparanya awashauri wakazi kuzika wafu wao mara moja.",Health
Wafunze walimu! Saidia ujifunzaji wa kidijitali kwa wanafunzi wote.,Education
Kukuza usawa wa kijinsia 2023.,Education
Tunza viwanja vya michezo kwa usalama mwaka 2021.,Education
Katibu Mkuu wa Utawala wa Elimu Zac Kinuthia alitangaza kwamba waandishi wa habari wanaotaka kuripoti habari zinazohusiana na shule lazima sasa wapate kibali cha awali kutoka Wizara ya Elimu.,Education
Wafunze wanafunzi! Wafunze kuzuia kipindupindu shuleni.,Education
Wakazi wa kaunti ya Embu wamehimizwa kujitokeza kwa wingi kumkaribisha Rais.,Governance
Tengeneza orodha ya vitu vya nyumbani ukitumia picha na risiti za bima.,Security
"Wizara ya Afya ya Kenya imewasihi raia kuzingatia kwa makini hatua za kinga za mpox huku idadi ya visa ikiendelea kuongezeka, huku watoto wakiwa katika hatari zaidi.",Health
Bunge laimarisha mifumo ya kupambana na utakatishaji fedha haramu na kupambana na ugaidi.,Security
Mlipuko wa Mpox Mombasa. Watu wawili wamefariki kutokana na ugonjwa wa Tumbili. Kaunti ya Mombasa imeripoti visa 98 vya Tumbili. Kuna maambukizi mengi ya kijamii yanayoendelea,Health
"Fungua akaunti ya TIMS kupitia akaunti ya kujiandikisha ya http://ntsa.go.ke kisha omba huduma ya smart dl, weka miadi ya kuweka miadi kisha tembelea ofisi zetu kwa usajili wa kibiometriki.",Governance
Wanafunzi kadhaa wamepoteza karo kutokana na akaunti bandia za shule zinazoshirikiwa kwenye WhatsApp. Lipa karo za shule kila wakati kupitia akaunti za benki zilizoteuliwa rasmi.,Security
Ripoti matukio ya unyanyasaji mara moja.,Education
Kenya inakuza programu za kudhibiti magonjwa ya mifugo.,Agriculture
Marekani yaonya kuhusu kufungwa kwa CBD; tathmini usalama wa kibinafsi.,Security
Siku ya Kupambana na Rushwa ya Afrika 2025 ilihimiza hatua za pamoja dhidi ya unyanyasaji wa utu wa binadamu.,Security
KUCCPS yafungua dirisha la dharura la uhamisho wa vyuo vikuu – kozi za kuhama kabla ya Desemba 10!,Education
Linda shule! Weka uzio ili kuzuia ujambazi.,Education
Hakuna mtoto wa kurudia Daraja la 6 – kupandishwa cheo kiotomatiki kwa JSS kunatekelezwa kote nchini!,Education
"Uamuzi wa mahakama ulibaini maafisa wa zamani kuwa na hatia ya mauaji, na hivyo kuimarisha uwajibikaji kwa utovu mkubwa wa nidhamu.",Security
Shinikizo la kijamii na ubaguzi wa kijinsia vinaweza kuchangia msongo wa mawazo na changamoto za afya ya akili.,Health
"ATPU hufanya kazi ya kuzuia vitisho, uhamasishaji, na shughuli nyingi za mashirika.",Security
Kukamatwa katika kitongoji cha Yatta kumepatikana baada ya taarifa za umma kuhusu wizi mfano wa ushirikiano wa raia na polisi,Security
Wanaume wanahimizwa kuandamana na wenzi wao kwenye kliniki za ujauzito na kuwasaidia wakati wa ujauzito na baada ya kujifungua. Ushiriki wa wanaume huboresha matokeo.,Health
Kujumuishwa kwa wanafunzi wenye ulemavu katika mfumo wa tathmini ya CBC.,Education
Darasa la 6 lazima lijiandikishe kwa KPSEA ifikapo Februari 28.,Education
"Usimamizi sahihi wa ufugaji huzuia majeraha. Tumia mifugo yenye afya, tunza usafi, na uandike tarehe za ufugaji.",Security
Wizara ya Nyumba haijawapa kazi mawakala wowote wa kukusanya malipo ya nyumba za bei nafuu. Maombi yanafanywa kupitia lango la Boma Yangu pekee.,Security
Umma ulihimizwa kuwasilisha taarifa yoyote muhimu waliyo nayo kuhusu uchaguzi au mchakato wa uchaguzi.,Governance
Jifunze jinsi ya kupata huduma za ugani wa kilimo katika eneo lako kutoka kwa watoa huduma kama Washauri Binafsi kwa ushauri na mafunzo.,Agriculture
Tumia biometriki (alama za vidole/kitambulisho cha uso) badala ya PIN inapowezekana.,Security
Wanafunzi waliopata alama ya C- na chini katika mtihani wao wa Cheti cha Elimu ya Sekondari cha Kenya (KCSE) cha 2023 wanaweza kufuata kozi za diploma na cheti katika uwanja wa matibabu. Kozi hizo zinatolewa katika Kenya Me...,Education
Kukuza shule za kijani 2024.,Education
Tangazo la mpango wa mafunzo ya TOT kwa wafanyakazi 26 wa afya kutoka kaunti nne chini ya BFHI inayoungwa mkono na USAID.,Health
Marekebisho ya tatu ya KUCCPS yanafunguliwa kesho badilisha mwelekeo wako kabla haijachelewa!,Education
Panga vifaa vya kulisha ili kuepuka uhaba. Hifadhi malisho na tumia aina zinazostahimili ukame.,Security
Wasilisha data ya TPAD ifikapo Juni 30 ili kuepuka ucheleweshaji wa mishahara.,Education
"Watoto waliozaliwa kabla ya wiki 37 wanahitaji kupashwa joto, usaidizi wa kulisha, na uchunguzi wa afya mara kwa mara kwa ajili ya ukuaji sahihi.",Health
Kuwapa watoto wachanga mimea kunaweza kuchelewesha matibabu sahihi na kuzidisha ugonjwa. Tafuta ushauri wa daktari.,Health
"Tunawasihi Wakenya kuthibitisha ofa za kazi kutoka kwa mashirika ya ndege, hasa Emirates na Qatar Airways. Ulaghai mwingi unaoahidi ajira za viwanja vya ndege umeripotiwa.",Security
Huiga chaguzi halisi za fedha za kaunti,Education
Dhibiti magugu kwa njia rafiki kwa mazingira kwa kutumia mbinu za Usimamizi Jumuishi wa Wadudu (IPM) zinazofaa kwa vitunguu.,Agriculture
Kufikia miezi 4 iliyopita Serikali yawataka wakazi wa Angata Barikkoi kusajili ukodishaji wa ardhi Serikali sasa inataka jamii zinazoishi katika eneo lenye matatizo la Angata Barikkoi huko Trans Mara kusajili rasmi ukodishaji wa ardhi kwa Msajili wa Ardhi ili kuepuka migogoro.,Governance
"Utafiti wa NCRC unaonyesha Wakenya wanataka COP kukabiliana na matumizi mabaya ya dawa za kulevya, taaluma na uchunguzi wa polepole",Security
"Kufikia siku 3 zilizopita EU inawasihi mamlaka za Tanzania kujizuia kutokana na ghasia za baada ya uchaguzi. Ubalozi Mkuu wa Uingereza nchini Tanzania unashauri dhidi ya safari zote isipokuwa muhimu kwenda nchini humo, unataja usumbufu na machafuko kufuatia uchaguzi wa Oktoba 29.",Governance
Vyandarua milioni 10.9 vilivyotibiwa vitasambazwa katika kaunti 22 ili kupambana na Malaria,Health
"Sera ya elimu jumuishi yazinduliwa ""kila shule lazima iwaandikishe wanafunzi wenye ulemavu!",Education
Bima ya mifugo inayotegemea faharasa huwalinda wafugaji kutokana na upotevu wa ukame kwa kutumia vichocheo vya data vya setilaiti.,Security
Uingereza yahimiza tahadhari kutokana na hatari za ugaidi na utulivu wa umma.,Security
"Tahadharisha mamlaka kuhusu hatari za kiusalama wakati wa maandamano, wizi, au machafuko katika eneo lako",Security
Ubalozi wa Marekani ulionya raia kuhusu kuongezeka kwa vitisho vya ugaidi katika maeneo ya watalii na kushauri uelewa zaidi.,Security
Serikali inawashauri wananchi kushirikiana na mamlaka ili kuongeza uwazi.,Governance
Vituo vya maji huvutia wezi. Wanyama hunyweshwa maji mchana na hulinda maeneo yenye hatari kubwa.,Security
Gavana Wanga awahimiza wakazi wa Kasipul kudumisha amani wakati wa kampeni za uchaguzi mdogo,Governance
"Chunguza fursa kwa shamba lako la maziwa au ushirika wa kusambaza mayai mabichi kwa vyuo (shule, hospitali) kwa ajili ya programu zao za kulisha.",Agriculture
Endelea shuleni! Epuka maeneo ya maandamano kwa ajili ya usalama.,Education
APS ilianzisha mfumo wa kadi za njano unaowaruhusu raia kuripoti utovu wa nidhamu bila kujulikana wakati wa doria.,Security
Kuunganisha Kilimo Kinachozingatia Lishe (NSA) katika minyororo ya thamani ya Kilimo kwa ajili ya kuboresha utofauti wa lishe na tabia za lishe barani Afrika.,Agriculture
Kutangaza uzinduzi wa Tathmini ya Soko la Kenya ikiangazia hitaji la lebo za tahadhari chini ya mfumo mpya wa uainishaji wa virutubisho.,Health
[Wingu la Elimu la Kenya] Jukwaa la kujifunza kidijitali linalotoa maudhui ya kielimu bila malipo wakati wa janga la COVID-19 kwa ajili ya mwendelezo wa kujifunza kwa mbali,Education
Fanya sehemu yako! Wafundishe wanafunzi kuhusu majukumu ya kiraia.,Education
Sheria za Kenya zinabadilika ili kulinda haki za watoto vyema. Endelea kupata taarifa kuhusu mabadiliko ya kisheria yanayoathiri ustawi wa watoto.,Security
"Maombi ya mikopo ya HELB TVET yanafungwa Machi 15, 2025.",Education
Wafunze wanafunzi! Fanya mazoezi ya uokoaji wa mafuriko shuleni.,Education
Ungana na wengine na uwe sehemu ya mahusiano chanya. Kujenga mahusiano chanya na watu ni jambo zuri kwa ustawi wako wa akili.,Health
"Kama sehemu ya kipindi chake cha 13 cha Ujazaji (2025-2027), IFAD imejitolea kuunganisha ICT4D, kilimo cha kidijitali na mbinu za kitabia ...",Agriculture
"Jiunge na kampeni za kuhamasisha afya ya umma, usafi wa mazingira, na mazingira salama ya shule.",Security
Chanjo ya mara kwa mara hulinda mifugo kutokana na magonjwa makubwa. Huduma za mifugo hutoa kampeni za bure wakati wa misimu yenye hatari kubwa na wakulima wanapaswa kuweka kumbukumbu.,Security
Mkakati wa kitaifa wa ACSM ulianzishwa ili kukuza ujumbe wa lishe na uelewa wa umma katika sekta mbalimbali.,Health
"Ikiwa una visa vyovyote maalum vya ufisadi unavyohitaji kuripoti, tafadhali fanya hivyo kupitia barua pepe report@integrity.go.ke au piga simu 1551.",Governance
Walezi wanapaswa kubadilisha nepi mara kwa mara na kusafisha ngozi ya mtoto kwa upole ili kuepuka vipele na maambukizi.,Health
Fuatilia uadilifu wa mtihani 2023.,Education
Sekta hii inakabiliwa na ufikiaji duni wa soko kwa wakulima wengi hasa wale walio katika maeneo ya mbali kutokana na miundombinu duni na ukosefu wa ulinganifu wa taarifa. Uganda ...,Agriculture
"Chanjo ya malaria iliyojaribiwa nchini Kenya yapata sifa ya awali ya WHO, ikigharimu hadi Sh300, na kuwa chanjo ya pili duniani kwenye orodha ya chanjo zilizoidhinishwa awali duniani.",Health
Hakikisha uwiano wa mwalimu na mwanafunzi 2025.,Education
"Jielimishe kuhusu masuala ya afya ya akili, ili uweze kuwa balozi wa mabadiliko, ukipinga unyanyapaa wa afya ya akili. Unyanyapaa na ubaguzi ni vikwazo vikubwa vya kupata huduma za afya ya akili. Chagua kuishi maisha yenye uwezo, pambana na unyanyapaa.",Health
Vocha ya ruzuku ni utaratibu wa utoaji unaowapa wakulima ufikiaji wa kilimo ... utafiti wa soko unapaswa kuzinduliwa ili kuchunguza soko kwa upande wa ...,Agriculture
Tunawasihi raia kushirikiana na wafanyakazi wa usalama wanapotekeleza majukumu yao na kutumia njia halali kushughulikia malalamiko yao.,Security
Jiandae kwa ada! Saidia shule kwa kulipa ada kwa wakati licha ya ucheleweshaji wa fedha.,Education
Wasikilizaji hushinda muda wa matangazo kwa kujibu maswali ya kiraia,Education
"Jiunge nasi katika Kaunti ya Nandi: ongeza uelewa, endeleza maadili, na usimame nasi dhidi ya ufisadi.",Security
Mafunzo kuhusu usikivu wa kijinsia 2021.,Education
Vilabu vya demokrasia lazima vikutane kila wiki agizo la Wizara likianza kutumika mara moja!,Education
Bima ya kilimo hulinda dhidi ya hatari kama vile mlipuko wa wadudu. Jifunze kuhusu bidhaa za bima zinazopatikana kwa kuku na jinsi ya kuzipata.,Agriculture
Dawa zote zinapaswa kuwekwa mbali na watoto ili kuzuia sumu ya bahati mbaya.,Health
Shule zote zapata Ksh 5M kwa ajili ya uboreshaji wa maabara ya sayansi – tuma maombi kabla ya Desemba 5!,Education
Zuia uvujaji wa mtihani 2020.,Education
"Tumia nishati mbadala kama vile nishati ya jua kwa mahitaji ya taa kama vile pampu za maji, taa, au vifaa vya kuhifadhia.",Agriculture
Sasisha sera za mitihani 2021.,Education
"Pampu za maji zinazotumia nishati ya jua hutoa njia safi na ya kuaminika ya kumwagilia ndizi zako, na kupunguza utegemezi wa dizeli au mbinu za mikono.",Agriculture
Ungana ili ujifunze! Toa Wi-Fi ya bure shuleni.,Education
Elimisha wazazi! Fundisha hatari za ukeketaji ili kuwalinda wasichana.,Education
"Baada ya mafuriko, safisha nyumba ili kuzuia ukungu na magonjwa. Vaa vifaa vya kujikinga wakati wa usafi.",Security
Usitumie 'Jina la ukoo la Mama' kwa maswali ya usalama! Tumia jibu la kubuni.,Security
"Kambi ya bure ya marekebisho kwa watahiniwa 20,000 wa KCSE inaanza Desemba 1 — ' — "" jiandikishe sasa!",Education
Toa vifaa vya kusaidia! Toa vifaa vya lugha ya ishara kwa wanafunzi viziwi.,Education
Taulo za usafi za bure zinazowasilishwa kwa shule zote za umma – wakuu wa shule lazima wazisambaze leo.,Education
NPS ilipuuza bango lililokuwa likieneza onyo la ugaidi kama ulaghai na kuwahimiza umma kuthibitisha taarifa kabla ya kuzisambaza.,Security
Mahakama zitaendelea kushughulikia vyeti vya dharura na kupokea malalamiko ya kesi kubwa.,Health
"... huduma za kifedha za kidijitali, kilimo kinachozingatia mabadiliko ya hali ya hewa na zana zingine za kidijitali zinazofanya minyororo ya thamani ya kilimo iwe na ufanisi zaidi na jumuishi.",Agriculture
Okoa maji! Wafundishe wanafunzi uhifadhi wa maji katika maeneo yanayokabiliwa na ukame.,Education
"IEBC yazindua programu ya elimu ya wapiga kura kidijitali ""pakua sasa"" kwenye Google Play.",Education
Vituo vya afya vinatoa virutubisho vya chuma na foliki bila malipo kwa wanawake wote wajawazito ili kuzuia upungufu wa damu na kasoro za kuzaliwa. Tembelea kituo kilicho karibu nawe leo.,Health
Sakinisha vifaa visivyopitisha maji kwenye soketi zote za umeme nyumbani.,Security
Serikali yamwagiza Mama Mbogas kuacha kukata mboga kwa ajili ya wateja wake kutokana na hofu ya COVID-19,Health
Mafunzo yametolewa kwa maafisa wa Kitengo cha Polisi cha Kupambana na Ugaidi ili kuimarisha ufahamu wa kiitikadi na ujuzi wa uendeshaji chini ya mfumo wa kitaifa wa CVE.,Security
Wakenya kadhaa wameripoti simu za ulaghai zinazodaiwa kutoka kwa wasafirishaji wa kimataifa wanaoomba malipo ya kibali cha forodha. Thibitisha simu hizo moja kwa moja na KRA au msafirishaji.,Security
"Dai uwajibikaji! Hakikisha usimamizi wa fedha za shule ni wazi. Vilabu vya demokrasia lazima vikutane kila wiki na agizo la Wizara la """""" litaanza kutumika mara moja!",Education
Utafiti unaonyesha kwamba kupitishwa kwa polisi jamii jijini Nairobi kunaboresha kwa kiasi kikubwa utoaji wa huduma na uwajibikaji wa polisi,Security
Wizara ya Utumishi wa Umma inawakumbusha wanaotafuta kazi kwamba nafasi zote za mafunzo ya vitendo ni bure kuomba. Epuka mtu yeyote anayeomba rushwa au muda wa maongezi kama malipo.,Security
Walimu zaidi! Saidia kuajiri katika maeneo ambayo hayana huduma za kutosha.,Education
Kuunganisha moja kwa moja na wasindikaji wa chakula kunaweza kutoa masoko thabiti. Jifunze jinsi ya kukidhi mahitaji ya wasindikaji wa nyama.,Agriculture
Tumia baa za usalama au grille kwenye madirisha na milango iliyo hatarini.,Security
Uamuzi wa kisheria ulithibitisha mamlaka ya kipekee ya IPOA kuchunguza utovu wa nidhamu wa polisi na kukataa majaribio ya kupunguza mamlaka yake.,Security
Sera ya mpito 100%: Hakuna mtoto kurudia Darasa la 8 kuanzia 2025.,Education
Weka dawa na kemikali mbali na watoto ili kuepuka matukio ya sumu kwa bahati mbaya.,Security
"Viwanja vya mnada huvutia wahalifu. Tumia viwanja vilivyoidhinishwa, thibitisha wanunuzi, na utunze rejista.",Security
Soma ili ufanikiwe! Hakikisha kila mwanafunzi ana vitabu vya kiada.,Education
"Saidia elimu! Jamii, fadhili ada za shule.",Education
Kukuza amani! Tumia majukwaa ya shule kutatua migogoro ya wanafunzi.,Education
"Tunawaomba wadau wote viongozi wa kisiasa, wagombea, na raia kujizuia, kuonyesha heshima kwa sheria na kuweka maslahi ya taifa mbele ya yote. Tukumbuke: Uchaguzi si vita vya nguvu, bali ni mashindano ya mawazo.",Governance
Onyo la Umma: Hakuna kazi za Serikali ya Kaunti zinazotolewa kupitia mawakala mjini. Mtu yeyote anayeomba ada ya uwezeshaji anaendesha ulaghai.,Security
"AP iliangazia familia za waathiriwa wa maandamano zikielezea huzuni, kukatishwa tamaa na kutokujali, na madai ya haki na mageuzi ya usimamizi.",Security
Chapisha nyenzo za kujifunzia 2022.,Education
Ripoti kuhusu ajira zisizo za kawaida na matumizi mabaya ya ofisi ya umma. Uajiri wa haki hujenga uaminifu na uwajibikaji.,Security
"... Rasilimali za Kilimo; Kutoa Kilimo ... Dhamira ""Kutoa huduma za usaidizi kwa wakati unaofaa zinazoongeza tija, kuongeza thamani na ufikiaji wa soko kwa ...",Agriculture
Uwindaji wa wanyamapori husababisha hasara. Wakulima wanapaswa kujenga vizimba visivyoweza kuwindwa na wanyama waharibifu na kutumia wanyama wa ulinzi. Fidia inapatikana kwa visa vilivyothibitishwa.,Security
"Mwenyekiti wa IEBCKenya Wafula Chebukati anawasihi watu wenye ulemavu kutembea na Tume katika harakati zake za kuelekea demokrasia imara na kusisitiza kujitolea kwa IEBC katika kutoa Uchaguzi Mkuu wa 2022 ulio huru, wa haki na wa kuaminika unaokidhi matarajio ya kidemokrasia ya raia wa Kenya.",Governance
Matumizi mabaya ya viuavijasumu husababisha usugu. Fuata maagizo ya daktari na utupe dawa kwa usalama.,Security
Jifunze kwa usawa! Toa braille na vifaa vya usaidizi kwa wanafunzi walemavu.,Education
Mtihani wa elimu ya uraia umepangwa Desemba 5 – pakua madokezo ya bure kutoka lango la KICD leo.,Education
"UANDIKISHAJI WA SHA Naibu Msemaji wa Serikali Mwanaisha Chidzuga amewasihi raia kujiandikisha katika SHA, ambayo inalenga kuboresha huduma za afya na kutoa ulinzi dhidi ya gharama kubwa za matibabu.",Governance
Madarasa ya mahitaji maalum yameongezwa hadi 500 – yanaomba uhamisho kabla ya Desemba 20!,Education
Kuzungumza na kumwimbia mtoto wako mara kwa mara huimarisha ukuaji wa ubongo wake na ujuzi wake wa lugha ya awali.,Health
Elimisha jamii! Fundisha kuzuia ujambazi karibu na shule.,Education
"Virusi vya Korona: Kufungiwa nchini Kenya ni chaguo, lakini kodi hazitaondolewa",Health
"Juhudi za polisi za kulinda jamii kwa kupunguza kwa kiasi kikubwa mauaji, unajisi na uhalifu mwingine mkubwa katika Kaunti ya Mwala Machakos",Security
Siku 2 kabla ya kuanza tena kwa Usajili Endelevu wa Wapiga Kura (CVR). Jiandikishe katika ofisi yoyote ya Eneo Bunge la IEBC (isipokuwa katika maeneo yenye uchaguzi mdogo kwa sasa),Governance
Marekani yaonya kuhusu kufungwa kwa barabara na ulinzi mkali katika eneo la katikati mwa jiji la Nairobi.,Security
Tumia EduTV Cloud ya Elimu ya Kenya kwa masomo ya CBC ya Darasa la 4–8.,Education
"Tumia mbinu ya 'Afya Moja', ukitambua muunganiko wa afya ya binadamu, wanyama, na mazingira, hasa katika kudhibiti magonjwa yanayosababishwa na chakula.",Agriculture
Wafundishe watoto hatua za usalama wa moto na hakikisha nyumba zina vifaa vya kugundua moshi vinavyofanya kazi ili kuzuia majanga.,Security
"Majirani, walimu, na jamaa lazima wazungumze dhidi ya unyanyasaji wa watoto ili kuunda mazingira salama kwa watoto.",Security
"Kundi hilo liliwasihi wabunge kuongeza ufadhili kwa Idara ya Mambo ya Nje ya Diaspora ili kuwezesha usajili wa wapiga kura, huduma za ubalozi wa simu na vituo vya ziada vya kupigia kura.",Governance
Kutokwa na damu nyingi baada ya kujifungua kunahatarisha maisha. Tafuta huduma ya dharura mara moja.,Health
Kila mtoto lazima awe na kadi ya chanjo. Itunze salama na uipeleke kwenye kila ziara ya afya.,Health
Pasi za basi bila malipo + kompyuta mpakato kwa waandishi wote wa TVET mwezi Januari kusanya kutoka chuo!,Education
Wote ni wa lazima! Waandikishe watoto wakimbizi shuleni leo.,Education
Waelimishe wenzao kuhusu marekebisho yanayowataka maafisa wa umma kutangaza zawadi na kuzuia migongano ya kimaslahi,Security
EACC yaonya kuhusu matapeli wanaotoa nafasi za kazi katika mashirika ya umma kwa pesa taslimu mapema. Orodha zote rasmi za kazi huchapishwa kwenye tovuti za PSC na mashirika.,Security
Jifunze kuhusu haki za Ulinzi wa Aina za Mimea na jinsi zinavyohimiza uundaji wa aina mpya na zilizoboreshwa za maembe.,Agriculture
Kutangaza mkutano wa kuunda mkakati wa programu za lishe baada ya 2025.,Health
"Inakuwa Chuo Kikuu cha Ufundi cha Mombasa, kinachotoa TVET ya kisasa.",Education
"Wanawake wanacheza katika sekta ya kilimo, wana ufikiaji usio sawa wa mali za kilimo. ... (2020), Upatikanaji wa soko la kilimo na utofauti wa lishe nchini Kenya: ...",Agriculture
"Bioteknolojia ya kilimo ni muhimu katika kushughulikia uhaba sugu wa chakula katika Afrika Kusini mwa Jangwa la Sahara. Teknolojia ya GM inatumika katika nchi chache tu za Afrika, ...",Agriculture
Darasa la 6 jiandikishe kwa KPSEA ifikapo Februari 28.,Education
Maboresho ya miundombinu yamehusishwa na uboreshaji wa upatikanaji wa soko na bei ya chini ya chakula. Uwekezaji wa usafiri mara nyingi husababishwa na kilimo.,Agriculture
Msongo wa mawazo ni ugonjwa wa kawaida wa akili na mojawapo ya sababu kuu za ulemavu duniani kote. WHO inakadiria kuwa duniani kote watu milioni 264 wameathiriwa na msongo wa mawazo.,Health
Weka alama kwenye mali yako kwa kalamu za UV au mchoro ili kusaidia kurejesha ikiwa imeibiwa.,Security
Programu za kuzuia zinazozingatia jamii huhamasisha viongozi wa eneo husika na vikundi ili kuunda mazingira salama zaidi.,Security
IGAD imejitolea kuboresha usalama wa chakula na lishe barani Afrika. Takwimu zinaonyesha 21% ya watu katika nchi wanachama wa IGAD hawana uhakika wa chakula,Health
Sajili akaunti ya TIMS na utume maombi ya dl smart mtandaoni.,Governance
"Mkuu wa polisi pia aliwasihi umma kuwa macho, akiongeza kuwa watu wote waliookolewa wameandikishwa na kuruhusiwa kurudi nyumbani huku uchunguzi ukiendelea.",Governance
Shona mustakabali wako! Jiunge na kozi za ufundi wa nguo huko Kitui.,Education
Watoto wanaopitia kiwewe wanahitaji usaidizi wa kisaikolojia unaopatikana kupitia huduma za ushauri nasaha bila malipo.,Security
"Karibisho la likizo la bure kwa wanafunzi 50,000 wa Darasa la 8 linaanza Desemba 1 – jiandikishe sasa!",Education
Mazingira ya tasnia ya uvuvi yana hatari ya unyonyaji. Maboresho ya usalama kwenye gati yanaunga mkono ulinzi wa wafanyakazi.,Security
Karibu asilimia 45 ya majanga ya asili duniani hutokea katika eneo hilo. Blogu ya majaribio · Kilimo cha kidijitali: ufunguo wa kuwasaidia wazalishaji wadogo ...,Agriculture
Rushwa hudhoofisha kaunti. Chukua msimamo! Kudumisha maadili katika utumishi wa umma na kuunga mkono mipango ya kupambana na ufisadi.,Security
"Kuwa mwangalifu! Jamii, ripoti hatari za usafirishaji haramu kwa 116.",Education
Sherehekea Siku ya Walimu 2025.,Education
Wape watoto wenye umri wa miezi 6 hadi miaka 5 virutubisho vya vitamini A kila baada ya miezi 6 ili kuimarisha kinga.,Health
WITO WA UHIFADHI Wakazi wa Embu wahimizwa kufuata utamaduni wa upandaji miti,Governance
[Elimu ya Mahitaji Maalum] Uzinduzi wa programu za elimu jumuishi zenye teknolojia saidizi kwa wanafunzi wenye ulemavu,Education
EACC inamsihi mtu yeyote mwenye taarifa zinazoweza kushughulikiwa kuhusu ufisadi kuripoti kwa ajili ya kushughulikiwa kwa mujibu wa sheria.,Governance
Jifunze kutambua dalili za kiwewe na kutoa huduma ya kwanza ya kisaikolojia kwa manusura wa majanga.,Security
Sakinisha CCTV shuleni 2020.,Education
Hutangaza jinsi vilabu vya Jumuiya katika kaunti nyingi vinavyoshiriki mapishi na vidokezo vya lishe kwa kutumia nafaka zilizoongezwa virutubisho na vitafunio.,Health
"Huduma za Idadi ya Watu Kenya zazindua vikao vya elimu ya virutubisho vya Iron-Folate na lishe kwa vijana huko Busia, Kitui na Nakuru.",Health
Kuripoti kidato cha kwanza kunaanza Januari 6 – leta barua ya udahili na cheti cha kuzaliwa pekee.,Education
Chemsha na upoeze maji yanayotumika kutayarisha maziwa ya mtoto ili kuepuka maambukizi.,Health
Kuunda uelewa wa wakulima wadogo kuhusu na kutumia teknolojia ya kusukuma-vuta hupunguza uvamizi wa viwavi jeshi la kuanguka (Spodoptera frugiperda) kwenye ...,Agriculture
"Kadi za chanjo lazima kwenye lango la shule Januari 6 — ' — "" hakuna chanjo, hakuna kuingia!",Education
Zunguka kwenye mizunguko kwa usalama; jua sheria.,Security
Hakikisha kuna njia za siri kwa wafanyakazi kutafuta msaada wa afya ya akili bila hofu ya kulipiza kisasi au hukumu.,Health
Timiza kanuni za maadili 2023.,Education
"Mkaguzi Mkuu aliahidi kutekeleza mapendekezo ya IPOA ili kuimarisha usimamizi, michakato ya nidhamu, na uwajibikaji kwa malalamiko ya utovu wa nidhamu.",Security
"Teknolojia hutumika katika hatua zote za uzalishaji wa mazao na wanyama. Lengo la ujumbe huo lilikuwa kutambua teknolojia za kilimo za Kichina, kutathmini umuhimu wake.",Agriculture
"Hatua ya pamoja inahitajika katika vita dhidi ya ufisadi. Simama imara, ripoti ufisadi.",Security
"Mabadiliko ya hali ya hewa huathiri afya ya akili. Majanga ya asili, kuhama makazi na msongo wa mawazo sugu husababisha kuongezeka kwa wasiwasi, mfadhaiko, na PTSD. Kushughulikia mabadiliko ya hali ya hewa ni muhimu katika kulinda ustawi wa akili",Health
"Sera mpya ya serikali inayoagiza ratiba inayobadilika, mafunzo ya usimamizi wa msongo wa mawazo, na mapumziko ya ustawi katika ofisi za serikali.",Health
"Uandishi wa Kitabu hiki cha Chanzo kuhusu Kilimo, Misitu na Uvuvi Kinachozingatia Hali ya Hewa umekuwa juhudi za ushirikiano zinazohusisha wataalamu kutoka ndani ya ...",Agriculture
Hakikisha usambazaji sawa wa rasilimali 2020.,Education
"Uamuzi wa mahakama ulimfanya sajenti wa polisi kuwajibika katika kesi ya kupigwa risasi na kusababisha kifo, na kuweka mfano wa mashtaka ya utovu wa nidhamu.",Security
Muswada wa marufuku ya ununuzi unalenga kuzuia ufisadi kupitia adhabu kali.,Security
Inaelezea shughuli za Kitengo cha Polisi cha Kupambana na Ugaidi zinazolenga uchunguzi na ushirikiano wa umma.,Security
Waandaaji wa matukio wanapaswa kutoa nafasi salama kwa watoto na taratibu za watoto waliopotea wakati wa mikusanyiko mikubwa.,Security
"Katika majanga (mafuriko, moto), watoto ndio walio hatarini zaidi. Hakikisha wanahamishwa salama na wanapata usaidizi wa kisaikolojia.",Security
Kliniki za afya zinazohamishika huleta huduma muhimu za ujauzito na baada ya kujifungua karibu na jamii za mbali.,Health
"Je, unajua? Kwamba unaweza kuomba nambari maalum za simu? Tuma maombi mtandaoni kupitia serviceportal.ntsa.go.ke",Governance
Jumuisha yote! Toa kompyuta mpakato kwa wanafunzi wa vijijini.,Education
Kusaidia maendeleo ya utotoni 2020.,Education
"Kaunti za Nairobi, Kajiado, Machakos, Kiambu na Nakuru zimetangazwa kuwa eneo lililoathiriwa na magonjwa moja moja na kwa pamoja. Kutakuwa na kusimamishwa kwa usafiri kwa barabara, reli, hewa kuingia na kutoka katika maeneo haya kuanzia saa sita usiku.",Health
Shule za vijijini zinapokea kompyuta kibao na muunganisho ili kuongeza ujifunzaji wa kidijitali.,Education
Chapisha matokeo ya mtihani mara moja 2024.,Education
"Masuala ya Usalama Akizungumzia masuala ya usalama, Katibu Mkuu huyo alifichua kwamba serikali iko tayari kuzindua programu ya simu inayowawezesha raia kuripoti matukio yanayohusiana na barabara moja kwa moja mtandaoni.",Governance
"Tangazo kwamba vilabu vitatoa elimu inayoongozwa na wenzao, marejeleo ya ushauri nasaha na mipango ya mkahawa yenye afya.",Health
Usitumie simu yako unapotembea barabarani! Angalia pande zote mbili kabla ya kuvuka barabara.,Security
Kutangaza mpango wa kaunti ya Nairobi wa kufadhili bustani za mboga katika shule za msingi ili kuboresha utofauti wa lishe na ujifunzaji.,Health
"Utafiti wa kina uliofanywa Kaskazini mwa Nigeria na AATF, na washirika umeangazia tofauti kubwa za kijinsia miongoni mwa wakulima wa mahindi.",Agriculture
Daima uwe na mpango wa dharura wa kuhamisha watu mahali pako pa kazi.,Security
"Naibu Rais William Ruto siku ya Jumatano aliamuru Wizara ya Elimu kununua jenereta mpya kwa ajili ya Chuo cha Wakufunzi wa Ufundi cha Kenya (KTTC). Agizo hilo la Ruto lilikuja baada ya hotuba yake, w...",Education
Chakula kilichochafuliwa husababisha hasara. Jaribu sumu ya aflatoxins na uhifadhi chakula kwa usalama.,Security
Inaelezea kazi ya kuzuia na uchunguzi wa Kitengo cha Polisi cha Kupambana na Ugaidi kwa kutumia timu maalum.,Security
"CSPM inaongoza katika usimamizi mzuri na wa gharama nafuu wa wadudu waharibifu wa mazao wapya na waliopo, na hivyo kupunguza upotevu wa mazao na kuongeza usalama wa chakula na wakulima ...",Agriculture
Chapisho hili linatoa tathmini na ramani ya miunganisho ya CSA-SDG. Hizi hutoa sehemu za kuanzia kwa mipango ya CSA inayolengwa ili kuongeza ushirikiano.,Agriculture
Kamishna Francis Wanderi anawasihi PO na DPO kuheshimu sheria na kutokuwa na upendeleo kwa wagombea wote na kuahidi kuwaunga mkono ili kutoa uchaguzi mdogo wa Bunge la Kaunti ya Nguu/Masumba (CAW) unaoaminika kwa ajili ya uchaguzi mdogo wa #Oktoba14.,Governance
Wizara ya Mambo ya Ndani ililaani mashambulizi dhidi ya vituo vya usalama.,Security
"Mkurugenzi Elimu ya Mpiga Kura, Ushirikiano na Mawasiliano Rasi Masudi anawasihi washiriki kuangazia shughuli zote za mchakato wa uchaguzi katika warsha ili kupitia Maswali Yanayoulizwa Mara kwa Mara na Mwongozo wa Elimu ya Mpiga Kura",Governance
Serikali yatangaza Kongamano la Kitaifa la Lishe ili kushiriki mikakati kuhusu huduma ya afya kwa wote (UHC) na lishe ya jamii.,Health
Faragha salama ya data 2021.,Education
Uchunguzi wa Mateso wa Kituo cha Uokoaji: Wanaharakati wa haki za binadamu watoa wito kwa viongozi wa eneo hilo kuacha kuhusisha siasa na madai ya mateso yanayodaiwa kufanywa katika Kituo cha Uokoaji cha Eldoret.,Governance
Nyongeza za mishahara ya polisi zinalenga kuimarisha usalama wa taifa.,Security
Tangazo kwamba huduma ya umma sasa itatoa huduma za ushauri nasaha kwa njia ya simu na ana kwa ana kupitia Vituo vya Huduma na simu ya dharura 1919.,Health
"Waziri wa Afya Mutahi Kagwe anasema amri ya kutotoka nje ikiwa visa vya virusi vya corona vitaongezeka, anawahimiza Wakenya kupunguza mwingiliano wa kijamii.",Health
Sakinisha filamu ya usalama ya dirisha ili kufanya kioo kiwe kigumu kuvunjika.,Security
EACC inawasihi wananchi kutokubali madai ya rushwa kutoka kwa maafisa wa umma wakati wowote bali waripoti masuala kama hayo kila wakati.,Governance
Kuongezeka kwa wizi wakati wa maandamano kunahitaji mipango imara ya usalama.,Security
"Ruzuku ya kila mwaka ya Ksh 50,000 kwa wanafunzi wenye mahitaji maalum — ' — tuma maombi kabla ya Desemba 10!",Education
Tuma maombi ya ufadhili wa TVET ifikapo Machi 15 kupitia HELB.,Education
"Kamwe usibofye viungo vinavyotiliwa shaka kama 'Umeshinda KSh 100,000!' katika SMS.",Security
Mitandao salama isiyotumia waya 2021.,Education
Shirika hilo pia liliwaomba umma kuripoti watu au shughuli zozote zinazotiliwa shaka ambazo zinaweza kusaidia katika uchunguzi unaoendelea.,Governance
Taasisi ya Mafunzo ya Ufundi ya Bonde la Ufa inaongoza katika TVET inayotegemea uwezo.,Education
Sigalagala National Polytechnic yafungua maabara ya mafunzo ya AI.,Education
"Maendeleo ya bioteknolojia yanabadilisha kilimo na kuboresha usalama wa chakula miongoni mwa nyanja zingine. Hata hivyo, bioteknolojia ya kilimo ni ...",Agriculture
Chanjo za Polio na BCG zitafika Juni baada ya Serikali kutoa Ksh.900M,Health
Uzinduzi wa mpango wa MaziwaPlus katika Kaunti ya Nyeri ili kupunguza matukio ya ugonjwa wa mastitis na kupunguza matumizi ya dawa za kuua vijidudu kupita kiasi kwa ng'ombe wa maziwa.,Health
Sahihisha maelezo kwenye lango la CBA ili kuepuka kufutwa.,Education
Sherehekea hatua muhimu za elimu 2025.,Education
"Visa vitano vipya vya Mpox vimethibitishwa katika kaunti 12, ikiwa ni pamoja na Nakuru na Mombasa, na kufanya jumla ya visa kufikia 28; Waziri wa Afya Deborah Barasa anaripoti kifo kimoja na wanane wakiwa chini ya uangalizi.",Health
Weka taa za usalama kuzunguka mali yako ili kuzuia wezi.,Security
Gavana Joho aweka vibanda vya usafi kwa watembea kwa miguu Mombasa.,Health
KUCCPS yafungua kiingilio cha moja kwa moja cha chuo kikuu kwa wahitimu wa TVET – kutuma maombi kabla ya Desemba 31!,Education
"Tunawashauri wananchi kuvaa barakoa wanapoingia kwenye matatu, mtu anashauriwa kuvaa barakoa. Uzalishaji wa barakoa na vifaa vya kujikinga umeanza.",Health
KNEC yatoa mpango wa kusahihisha KCSE 2025 mapema – pakua kabla ya kuvuja!,Education
Watoto wenye ulemavu wanakabiliwa na hatari kubwa zaidi za unyanyasaji. Hakikisha elimu jumuishi na mifumo ya kuripoti inayopatikana kwa urahisi kwa ajili ya ulinzi wao.,Security
"Kwa sasa, fungua baa na jaribu umbali wa kijamii. KCPE na KCSE si tiketi ya kwenda mbinguni",Health
"Teknolojia ya kuhifadhia chakula baridi ya AkoFresh huwasaidia wakulima kuhifadhi chakula chao kipya kutoka shambani kwa hadi siku 21. Teknolojia hii inaaminika kwani inaendeshwa kwa nishati ya jua, na ...",Agriculture
"Kushughulikia masuala ya afya ya akili kwa watu wenye ulemavu ni muhimu. Je, unamjua mtu ambaye atahitaji mtu wa kuzungumza naye? Tuma ujumbe mfupi wa usaidizi kwa 20767 ili kupata mshauri nasaha.",Health
"Gundua faida nyingi za kujiunga au kuunda michango, ikiwa ni pamoja na ununuzi wa jumla, uuzaji wa pamoja, na ufikiaji wa mikopo.",Agriculture
"Mkutano wa kutangaza kuthibitisha uongozi wa Afrika Mashariki katika uwekaji lebo za vyakula, vikwazo vya masoko na mageuzi ya lishe.",Health
Kuelimisha umma kuhusu mageuzi ya kisheria yanayoendelea yanayokuza usawa.,Security
Kuongeza uelewa! Waelimishe wanafunzi kuhusu usalama wa maandamano.,Education
Mzigo wa Malaria kwa jinsia: Mafuriko ya hivi karibuni yaongeza hatari kwa wanawake na wasichana,Health
"Ufadhili wa Ksh 15,000 kwa kila mwanafunzi mwenye uhitaji watolewa ""wasiliana na mkuu wako wa shule LEO!",Education
"Hata hivyo, aliwahakikishia umma kwamba Wizara ya Elimu imeweka hatua za dharura ili kuhakikisha watahiniwa katika maeneo yaliyoathiriwa wanaendelea na mitihani yao bila kukatizwa.",Governance
"Tunapofungua na kuzungumzia kinachoathiri afya yetu ya akili, masuala hayo yanakuwa rahisi kuyavumilia. Yanakuwa hayana usumbufu mwingi, hayalemei sana na hayana wasiwasi mwingi. Wasiliana nasi kwa 1199 nasi tutakuwepo kwa ajili yako.",Health
Wakazi wa kijiji cha Gatundu wachangia na kujenga daraja la muda. Wanawahimiza viongozi wa eneo hilo kujenga daraja la kudumu #KBCniYetu,Governance
Badilisha mbinu za kuendesha gari kwa ajili ya hali ya mvua.,Security
"Jenga ustahimilivu wa ukame kupitia mbinu kama vile uvunaji wa maji, mazao yanayostahimili ukame (viazi vitamu), na uhifadhi wa kimkakati.",Agriculture
Serikali imeweka hatua kadhaa kali baada ya visa vya virusi vipya vya korona nchini Kenya kupanda hadi 15 katika saa 72 zilizopita. Maagizo hayo mapya yalikuja baada ya watu wengine wanane kupimwa na kupatikana na COVID-19.,Health
Mkakati wa Masoko ya Kilimo wa Kenya (AMS) 2023-2032 unaangazia matumizi ya teknolojia za kidijitali ili kuboresha upatikanaji wa soko kwa wakulima wadogo.,Agriculture
"Msalaba Mwekundu wa Kenya ulitoa data kuhusu majeraha yanayohusiana na maandamano na mwitikio wa EMS, ukihimiza uboreshaji wa upangaji wa awali wa rasilimali za matibabu.",Security
"Hakuna aibu kutafuta msaada kwa ajili ya mfadhaiko. Kwa kweli, kutafuta msaada ni ishara ya nguvu, si udhaifu. Ikiwa wewe au mtu unayemjua anapambana na mfadhaiko, tafadhali wasiliana na mtaalamu wa afya ya akili au simu ya dharura ya dharura.",Health
"Malisho ya mzunguko huiga mifumo ya asili ya mimea inayokula mimea, kuboresha afya ya udongo na kupunguza mmomonyoko katika mifumo endelevu ya mifugo.",Agriculture
Usizidishe soketi za umeme kupita kiasi - inaweza kusababisha moto.,Security
Wizara ya Afya inapanga kufanya kampeni kubwa ya chanjo ya malaria baada ya WHO kuonya kuhusu ongezeko la magonjwa yanayoenezwa na mbu kutokana na ongezeko la joto duniani.,Health
Kituo cha Kitaifa cha Kupambana na Ugaidi kilifanya kazi na Wizara ya Elimu ya Msingi kutoa mafunzo kwa walimu kuhusu kutambua na kupunguza hatari za itikadi kali shuleni.,Security
"Jifunze huduma ya msingi ya kwanza kwa matukio ya kuungua, kukatwa, na kusongwa na koo.",Security
WHO yahimiza umakini katika kukabiliana na mlipuko wa virusi.,Security
Soma popote! Fikia maktaba za simu katika maeneo ya vijijini.,Education
Wafugaji salama! Linda shule zinazotembea kutokana na hatari.,Education
"IEBCKenya yawahimiza wapiga kura wanaostahiki kutoka nje ya nchi nchini Marekani, Ujerumani, Afrika Kusini, Tanzania, Uganda, Rwanda, Burundi na Sudan Kusini kujitokeza na kujiandikisha kabla ya tarehe ya mwisho ya Februari 4.",Governance
Mfumo Ikolojia wa Baringo: Wakazi waanza ajenda ya uhifadhi Wakazi wahimizwa kujilinda dhidi ya unyonyaji,Governance
Wafugaji wa kuku nchini Marekani wanatumia chanjo za ugonjwa wa Marek ili kuwalinda kuku kutokana na maambukizi ya virusi.,Agriculture
"IEBCKenya inawasihi wapiga kura, wagombea na mawakala kudumisha utulivu katika vituo vya kupigia kura na kuepuka kuvaa au kubeba vifaa vya kampeni",Governance
KDF yawahimiza wakazi kutoa taarifa za kijasusi baada ya shambulio la IED huko Lamu,Governance
"OFISI YA KENYA (MKUU). Kampasi ya ILRI, Barabara ya Naivasha S.L.P. 30709-00100. Nairobi, Kenya · OFISI YA NIGERIA. Ghorofa ya 4, Jengo la Benki ya Kilimo, 162 Uhuru ...",Agriculture
Majaribio yanachunguza uwajibikaji wa bajeti,Education
Wanyama waliopotea huharibu mali. Dumisha uzio imara na uripoti uharibifu haraka.,Security
"Salamu kwa ufanisi: Huduma zote za serikali zikiwa zimeunganishwa pamoja katika sehemu moja. Kuanzia programu hadi taarifa, pata kila kitu unachohitaji katika kituo kimoja cha huduma za kidijitali za serikali. Jisajili kwa eTiMS leo kupitia Tovuti ya @eCitizenKenya leo hapa; kra.ecitizen.go.ke #GavaMkononi #KRAKwaGavaMkononi",Governance
Ripoti ukiukwaji wa mazingira na uunge mkono utetezi wa jamii kwa ajili ya ulinzi wa maliasili.,Security
Tunawasihi wananchi kumripoti mtu yeyote anayeomba 'huduma za NHIF za haraka' badala ya pesa taslimu. NHIF haitozi malipo kwa ajili ya usindikaji.,Security
Kuripoti ufisadi husaidia kurejesha mali na kuimarisha utekelezaji wa sheria. Tumia njia rasmi.,Security
"Tuma maombi ya ufadhili wa TVET ifikapo Machi 15, 2025.",Education
KUCCPS inafungua dirisha la mwisho la kubadilisha kozi – shahada ya kubadili kabla ya seva kuanguka!,Education
"Weka alama kwenye kalenda zako kwa ajili ya Maonyesho ya Kilimo yajayo, tukio muhimu kwa wadau katika sekta ya mifugo.",Agriculture
"Walimu wapya 3,000 wenye mahitaji maalum waliotumwa ""mtoto wako anapata usaidizi kutoka Jan!",Education
Simba faili nyeti kabla ya kuzishiriki mtandaoni.,Security
"Lakini kwa kuwa wafanyakazi wengi wa ugani ni wanaume, ni vigumu zaidi kwa wanawake kupata ushauri huu muhimu wa kilimo. Huduma za ugani za kidijitali kupitia ...",Agriculture
"Una uwezekano mara sita zaidi wa kupata malaria ukitembelea kaunti za Busia, Tana River, Kakamega, Bungoma, Kilifi, Kisumu, Trans Nzoia, Elgeyo Marakwet na Nandi, kulingana na data ya hivi karibuni kutoka Wizara ya Afya.",Health
Kampeni bandia za kibinadamu zinazotumia picha zilizoibiwa zimeripotiwa kwenye Twitter. Daima thibitisha wafadhili kupitia majukwaa yanayoaminika kama M-Changa au Msalaba Mwekundu Kenya.,Security
"Lima mahindi pamoja na ndizi (kilimo mseto) ili kuongeza matumizi ya ardhi, kupunguza wadudu, na kupanua mazao na mapato.",Agriculture
Shule ya Viziwi: Wakfu wa Safaricom wafadhili ukarabati wa shule Shule ya Chikombero ina wanafunzi wenye ulemavu wa kusikia Viongozi wa eneo hilo watoa wito wa uwekezaji katika shule za mahitaji maalum,Governance
Miungano ya asasi za kiraia ilifungua kliniki za kisheria zinazotoa uwakilishi huru kwa familia za waliouawa na wafungwa wa maandamano.,Security
Kunywa maji salama! Zuia kipindupindu shuleni.,Education
Jumuisha kila mtu! Hakikisha shule zinawapa nafasi wanafunzi wenye ulemavu.,Education
Serikali ya Kaunti ya Mandera inawahimiza vijana wote wanaostahiki kutumia fursa hii inayobadilisha maisha na kuchangia katika maendeleo ya kaunti.,Governance
Janga la COVID-19 linaweza kusababisha msongo wa mawazo zaidi kwa watu wengi. Jifunze dalili za kawaida za mgogoro wa afya ya akili na njia unazoweza kusaidia.,Health
Ripoti ufisadi bila kujulikana kupitia simu za dharura na milango ili kusaidia uchunguzi wa haraka.,Security
AATF ilihimizwa kuzingatia kuendeleza programu za kilimo bora na imara ambazo zinasisitiza mifumo ya chakula cha asili kama hatua ya kuingilia kati.,Agriculture
"Walimu: Wafunze wanafunzi 50 kila mmoja kuhusu haki za wapiga kura kabla ya Novemba kuisha kwa agizo la ""agizo""!",Education
"Waziri wa Mambo ya Ndani aliifahamisha Seneti kuhusu utayari wa usalama wa taifa, akisisitiza juhudi za kupambana na ugaidi na uratibu ulioimarishwa wa kijasusi.",Security
IG inapiga marufuku umiliki wa silaha katika maeneo yaliyotengwa.,Security
Kuza ujuzi! Panga shule na maabara ya mafunzo ya kilimo.,Education
"Kudumisha afya njema ya wanyama ni muhimu. Jifunze kuhusu magonjwa ya kawaida, ratiba za chanjo, na usalama wa kibiolojia kwa kuku.",Agriculture
Ziba pengo! Jenga shule zaidi katika maeneo ya vijijini kama Kitui.,Education
Watoto wenye umri wa miaka 1 hadi 5 wanapaswa kusafishwa minyoo kila baada ya miezi sita ili kuzuia maambukizi ya minyoo ambayo yanaweza kusababisha utapiamlo na ukuaji wa kudumaa.,Health
"Mwezi huu wa Uhamasishaji wa Afya ya Akili ya Wanaume, hebu tuvunje ukimya. Mara nyingi jamii huwaambia wanaume ""kuwa imara,"" lakini nguvu halisi iko katika kutambua mapambano yako na kufikia lengo. 1. Kuzungumza si udhaifu - ni ujasiri. 2. Hisia zako ni halali. 3. Huna haja ya kukabiliana nayo peke yako. Iwe ni msongo wa mawazo, wasiwasi, mfadhaiko, au kuhisi tu kuzidiwa - afya yako ya akili ni muhimu. Zungumza na rafiki, mshauri, au kikundi cha usaidizi. Kuomba msaada ni ishara ya nguvu, si kushindwa. Wewe ni binadamu. Unastahili usaidizi. Hauko peke yako.",Health
Mchakato wa kujitangaza kiotomatiki sasa unaendelea. Dumisha uadilifu kwa kufuata sheria mtandaoni leo.,Security
"Shiriki katika mipango ya kupinga ubaguzi, ujumuishaji wa wakimbizi, na uwezeshaji vijana",Security
"Teknolojia ya kusukuma na kuvuta. Majaribio ya ufanisi. Usanidi wa mitego ya pheromoni. ZARI, DoA, CABI, CIMMYT. Zambia. Uundaji wa uelewa. Uratibu. Kituo cha simu.",Agriculture
Kuzungumzia afya ya akili huvunja unyanyapaa na kuwasaidia wengine kufunguka. Tujenge mazingira ya usaidizi kwa wote.,Health
"Michezo na mazoezi hutoa mbinu mbalimbali za kuzuia matumizi ya dawa za kulevya wakati wa mapumziko ya shule. Hutoa muundo, huimarisha afya ya akili, hukuza miunganisho ya kijamii na huwasaidia wanafunzi kujenga tabia zenye afya zinazowalinda dhidi ya tabia hatarishi.",Health
Uzinduzi rasmi wa programu ya mafunzo kwa wanakijiji wakiwemo wanawake kwa ajili ya bustani za nyumbani zinazotoa mazao yenye virutubisho vingi kwa kaya na shule.,Health
Wizara ya Afya inalenga kuongeza idadi ya watoto wanaotumia chanjo ya malaria miongoni mwa watoto wenye umri kati ya miezi 6 hadi miaka 14.,Health
Bwenzi wote lazima wawe na njia za dharura za kutokea - ukaguzi unaanza Desemba 1!,Education
Madarasa ya bure ya marekebisho ya darasa la 9 ya CBC mtandaoni yanaanza Jumatatu – jiandikishe kupitia e-Citizen.,Education
"KNEC yatoa ratiba rasmi ya KCSE 2025 ""pakua kabla ya zile bandia kusambaa!",Education
Mamlaka zilionya jamii za Magharibi na Nyanza kuhusu tuhuma za kuajiri watu wanaoshukiwa kuwa magaidi na kuhimiza kuripotiwa kwa tabia zinazoshukiwa.,Security
Hazina ya Kitaifa inawasihi wanafunzi kushiriki katika kuboresha uwazi.,Governance
Utafiti wa KEMRI unaonyesha ivermectin hupunguza kwa kiasi kikubwa maambukizi ya malaria,Health
"Timu za kukabiliana na dharura za kaunti na mashirika ya usalama yanaendelea kufanya kazi, na kusaidia kuwahamisha wakazi waliokimbia makazi yao katika maeneo salama na kusambaza chakula, blanketi, na vifaa vingine muhimu.",Governance
Maji hupitisha umeme. Epuka kugusa nyaya za umeme au vifaa vya umeme wakati wa mafuriko.,Security
"Viongozi wa kidini chini ya Baraza la Makanisa Duniani wanahimiza serikali na nchi wafadhili kuongeza usaidizi wa Mfuko wa Dunia, ili kusaidia majibu endelevu kwa VVU, kifua kikuu, na malaria.",Health
Polisi wa Kenya wana madawati maalum ya kushughulikia kesi zinazohusiana na watoto kwa unyeti na usiri. Ripoti kesi katika kituo chochote cha polisi.,Security
KEPSSI ilishirikiana na NPS kutoa mafunzo kwa kamati za polisi jamii katika kaunti ndogo sita za Mombasa kuhusu kupambana na uhalifu wa vijana,Security
Saidia elimu ya wakimbizi 2021.,Education
Kipaumbele cha ufadhili wa masomo kwa wanafunzi wenye uhitaji.,Education
Ofa bandia za kazi kama vile 'Pata KSh 50k kila siku kutoka nyumbani' ni ulaghai. Epuka malipo ya awali.,Security
"Ushiriki wa Umma na Ushiriki wa Wadau: Kwa mujibu wa Kifungu cha 10(2) cha Katiba ya Kenya, Wizara ya Barabara na Uchukuzi inawaalika wananchi na wadau kushiriki katika mijadala ya umma.",Governance
Vyombo vya habari vinapaswa kuepuka kuwaweka watoto katika hatari ya kupata maudhui hatari na kuheshimu faragha yao wanaporipoti visa vya unyanyasaji.,Security
"Tumia majukwaa ya jamii kuelimisha kuhusu maandalizi ya maafa, nambari za dharura, na itifaki za usalama",Security
Harakati ya vijana iliandaa maandamano ya amani wakidai haki kwa waathiriwa wa maandamano na mageuzi ya itifaki za matumizi ya nguvu.,Security
Chunguza mipango ya mikopo iliyoundwa kwa ajili ya upanuzi wa biashara kutoka Benki ya Ushirika. Linganisha viwango vya riba na masharti.,Agriculture
Watoto wachanga hawapaswi kamwe kuathiriwa na moshi wa sigara. Moshi wa sigara unaotoka kwa mtu mwingine huongeza hatari ya pumu na ugonjwa wa kifo cha ghafla cha watoto wachanga.,Health
"Kenya yasimamisha mikusanyiko yote ya umma, michezo, matukio, na mikutano ya kanisa; michezo ya shule imepigwa marufuku baada ya kisa cha kwanza cha COVID-19 jijini Nairobi",Health
Usiache funguo za ziada katika sehemu zinazoonekana wazi kama vile chini ya mikeka ya mlango au vyungu vya maua.,Security
"MAADHIMISHO YA KWANZA YA WANANCHI Ninawasihi Wakenya wote wajiandikishe sasa kwa sababu eCitizen inamaanisha huduma bila mkazo. Huduma yoyote ya serikali unayohitaji, eCitizen ndiyo jukwaa lako kuu. -Julius Bitok, Katibu Mkuu wa Huduma za Uhamiaji na Raia #KBCniYetu^EM",Governance
"Wanawake wana jukumu muhimu katika chai. Jifunze kuhusu programu, rasilimali, na masoko mahususi yanayowalenga wanawake katika kilimo.",Agriculture
Mada ambayo haijawahi kuwa mada ya ushiriki wa umma Bungeni hata baada ya kuanzishwa kwa Kamati ya Deni la Umma na Ubinafsishaji katika Bunge la Kitaifa (Bunge la 13).,Governance
Wafunze wanafunzi! Wafundishe kuzuia GBV shuleni.,Education
Dhibiti ghadhabu za barabarani kwa vidokezo vya kisaikolojia vya vitendo.,Security
KLIF iliwashirikisha washirika wa sekta binafsi ili kuendeleza Mpango wa Uadilifu wa Kenya.,Security
Linda watoto dhidi ya ndoa za kulazimishwa; ongeza uelewa.,Security
Baadhi ya desturi za kitamaduni wakati wa ujauzito na kujifungua zinaweza kuhatarisha maisha. Jamii zinahimizwa kufuata desturi za kiafya zinazotegemea ushahidi.,Health
"Madaktari 20 kutoka Cuba wanatarajiwa kuwasili Nairobi usiku wa leo, Waziri wa Afya Kagwe anasema watakuwa katika Hospitali ya Chuo Kikuu cha Kenyatta kwa miezi 6 ili kusaidia kudhibiti janga la Covid-19.",Health
"Weka alama kwenye kalenda yako kwa ajili ya Mkutano wa Ugatuzi, mkutano mkubwa kwa wadau katika sekta ya ufugaji samaki ili kuungana na kujifunza.",Agriculture
Serikali ya Kaunti inawaonya wadau kuhusu kuboresha utoaji wa huduma na inawasihi watoe maoni yao kuhusu.,Governance
Programu inatoa pointi za kujifunza na kuripoti,Education
Utafiti unaonyesha kwamba polisi jamii katika Kaunti ya Nairobi inaboresha kwa kiasi kikubwa utoaji wa huduma katika vituo vya polisi,Security
"Sabuni kali zinaweza kuwasha ngozi ya mtoto. Tumia chaguo laini, zisizo na harufu.",Health
Umoja wa Mataifa uliitaka Kenya kuheshimu haki za binadamu wakati wa maandamano na kutoa wito wa kufanyika kwa uchunguzi huru kuhusu mauaji na kupotea kwa watu.,Security
IEBC inawasihi raia kukumbatia uchaguzi wa amani bila masharti na kuepuka vurugu ambazo zinarudisha nyuma ukuaji wetu wa uchumi na mshikamano wa kijamii.,Governance
Wizara ya TEHAMA inawakumbusha raia kwamba malipo yote ya kielektroniki ni otomatiki. Usitume pesa kwa nambari za kibinafsi kwa huduma.,Security
"KEVEVAPI ya Kenya yazindua mpango wa miaka mitano wa kuongeza uzalishaji wa chanjo za mifugo, na kuongeza usalama wa chakula.",Agriculture
Ripoti kupitia barua pepe report@integrity.go.ke au piga simu 1551 ikiwa una kesi maalum za ufisadi zinazohitaji hatua.,Governance
Maambukizi ya sikio yanayorudiwa yanaweza kusababisha upotevu wa kusikia. Mtembelee mfanyakazi wa afya haraka.,Health
KeNHA iliwahakikishia umma kwamba miradi hiyo itatekelezwa kwa uwazi na uwajibikaji katika kila hatua.,Governance
Ujumbe unaowahimiza raia kutambua na kuripoti tabia za kutiliwa shaka ukibainisha kuwa uangalifu huimarisha usalama wa jamii.,Security
Weka vifaa vya huduma ya kwanza nyumbani na ujifunze taratibu za msingi za huduma ya kwanza.,Security
"Serikali yaongeza muda wa kutotoka nje nchini kote, kupiga marufuku mikusanyiko ya umma hadi Mei 29",Health
Tafuta sehemu zilizo karibu zaidi za kukusanya chai ambapo wanunuzi hukusanya chai kwa wingi. Hii inaweza kupunguza gharama za usafiri na kuboresha upatikanaji wa soko kwa wazalishaji wadogo.,Agriculture
Usiache vitu vya thamani vikionekana kwenye gari lako unapoegesha gari.,Security
Umma ulishauri kutosambaza picha za picha baada ya shambulio la DusitD2 ili kulinda heshima ya waathiriwa.,Security
Unahitaji usaidizi kuhusu kodi zako? Huduma zetu zinapatikana pia katika Vituo vyote vya Huduma wakati wa saa zilizoongezwa. Tembelea kwa urahisi wako na tukuruhusu kukusaidia kuendelea kufuata sheria.,Governance
Fungua shule! Waandikishe watoto wakimbizi katika elimu.,Education
Vijana na umma wameshirikishwa kupitia vilabu vya uadilifu katika Eldoret Show.,Security
"Usiache milango na madirisha wazi usiku, hata kama ni joto sana.",Security
Fanya siku za urithi 2020.,Education
"Ushauri wa Uingereza unahimiza tahadhari katika hoteli, maduka makubwa, na vituo vya usafiri na unahimiza matumizi ya mwongozo wa kukabiliana na ugaidi.",Security
Tuendelee kuchukua jukumu letu katika kuzuia ugaidi kwa kushiriki taarifa kuhusu shughuli zinazotiliwa shaka na mamlaka husika.,Security
Sajili kuzaliwa kwa mtoto wako mapema ili kupata utambulisho halali na upatikanaji wa huduma.,Health
Weka vizuizi vya macho kwenye milango ya nje ili kuwatambua wageni kabla ya kufungua.,Security
"Data ya bure ya GB 100 kwa watahiniwa wote wa KCSE 2025 — ' — "" anzisha kwa nambari ya mgombea SASA!",Education
Wakazi wa Meru wahimizwa kuwachagua viongozi waadilifu.,Governance
Kaunti zina vituo maalum vya uokoaji. Tafuta makazi yako ya karibu na weka vifaa vya dharura tayari.,Security
"Uzinduzi wa umma wa uzalishaji wa mazao ya umwagiliaji na malisho ya mifugo huko Naoros, ambapo visa vya utapiamlo miongoni mwa watoto walio chini ya umri wa miaka mitano vilipungua kwa 41% kutokana na hatua jumuishi za kilimo na lishe.",Health
"Ushiriki wa vijana ulichukua nafasi muhimu katika Kaunti ya Kisumu wiki hii huku viongozi wakipuuza vikwazo, wakiwahimiza wakazi vijana kubadilishana viti vya watazamaji na meza ya mbunifu katika utawala.",Governance
Wahamasishe walimu! Toa bonasi kwa nafasi za shule za vijijini.,Education
Kituo cha Kitaifa cha Kupambana na Ugaidi kinatoa wito wa kuripotiwa haraka kwa shughuli zinazotiliwa shaka.,Security
"Maumivu makali ya kichwa, uvimbe, au kutokwa na damu wakati wa ujauzito kunahitaji matibabu ya haraka.",Health
"Ripoti ya WHO inaonyesha kuwa kiwango cha vifo kutokana na malaria kinaongezeka hadi viwango vya kabla ya janga, kwa mujibu wa ripoti hiyo.",Health
Kuweka shule salama! Weka hatua za usalama dhidi ya ujambazi,Education
Unganisha elimu ya akili bandia (AI) 2024.,Education
"Kulingana na Sakaja, ili kuzuia hali kama hizo, serikali ya kaunti inawahimiza wakazi kujiandikisha na SHA, kuhakikisha kwamba mpango huo unaweza kufidia hospitali kwa wagonjwa ambao hawawezi kulipa.",Governance
Usiache pochi au pochi bila mtu yeyote kwenye mikokoteni ya ununuzi au sehemu za umma.,Security
"Jukwaa la Ushahidi hujenga imani zaidi katika mfumo kwa sababu huwawezesha raia kuripoti kuhusu matukio yoyote ya ufisadi kwa wakati halisi, na kusaidia kufuatilia kura.",Governance
Wakulima wahimizwa kutumia mazao yanayostahimili wadudu ili kupunguza hasara ya mavuno.,Agriculture
Panua sekondari ya chini 2022.,Education
"Ni Sawa Kuzungumza. Juni ni Mwezi wa Afya ya Akili kwa Wanaume. Wanaume, ni sawa kuzungumzia afya yako ya akili. Kushiriki hisia zako kunaweza kuwa hatua ya kwanza kuelekea uponyaji.",Health
"Tafadhali tuma maombi kupitia lango la TIMS, nenda http://ntsa.go.ke, bofya akaunti ya kujisajili ya TIMS kisha utume maombi ya Smart DL yako.",Governance
Tumia mbinu bora katika ufugaji samaki (ufugaji samaki) kwa spishi kama vile samaki aina ya kambare ili kuongeza mavuno na faida endelevu.,Agriculture
"Kuanzishwa kwa vyama vya ushirika vya maziwa kutaimarisha uchumi wa kiwango, kutoa ufikiaji wa soko na ufadhili. Vyama vya ushirika huunda zaidi ...",Agriculture
Ripoti ya Darasa la 7 na Kidato cha 1: Lete cheti cha kuzaliwa PEKEE + barua ya udahili. Hakuna orodha ya ununuzi inayoruhusiwa!,Education
CRJ ilisema umma unakaribishwa kutoa taarifa yoyote ya kimaandishi inayomhusu yeyote kati ya wagombea walioorodheshwa.,Governance
Tumia majukwaa ya vyombo vya habari kufichua ufisadi na kulinda mali za umma,Security
Wizara inawahimiza wakulima kutumia mbinu za umwagiliaji za kuvuna maji.,Agriculture
Uzinduzi wa majaribio ya kutoa maziwa ya bure mara mbili kwa wiki kwa watoto wa shule za msingi katika kaunti za Migori na Nakuru.,Health
Mwani wa kijani kibichi huwadhuru wanyama. Epuka vyanzo vya maji vilivyochafuliwa na uripoti visa.,Security
Walezi wanashauriwa kuweka kitovu kikiwa safi na kikavu. Usipake vitu kama majivu au mimea kwani vinaweza kusababisha maambukizi.,Health
Saidia elimu kwa watoto wa mitaani; hadithi za mafanikio huhamasisha vitendo.,Security
Zindua programu za ushauri 2024.,Education
Jifunze kazini! Jiunge na programu za uanagenzi katika tasnia.,Education
"Sehemu ya jamii ya Isiolo ""Meru"" imeibua wasiwasi kuhusu kile wanachokielezea kama utawala mbaya uliokithiri ndani ya utawala wa kaunti. Viongozi hao waliwashutumu maafisa wa eneo hilo kwa usimamizi mbaya na kushindwa kutimiza ahadi muhimu za maendeleo.",Governance
KIKAO CHA ASUBUHI. • Kutumia Miradi ya Benki ya Dunia Kuongeza Matumizi ya Data na Teknolojia za Kidijitali katika Kilimo.,Agriculture
"Zaidi ya 80% ya wagonjwa hawana dalili na wanaweza kutibiwa nyumbani. Wizara ya Afya imekamilisha mchakato wa itifaki za utunzaji wa nyumbani. Ninawasihi Wakenya, kwamba tunapotoa itifaki hizo na tunaona watu wakirudi nyumbani, hakuna haja ya unyanyapaa.",Health
Jerusha Momanyi wa Nyamira Aitaka EACC Kuzidisha Vita dhidi ya Ufisadi huko Nyamira.,Governance
Njia sahihi za kuchinja hulinda usalama wa nyama. Tumia vichinjio vilivyoidhinishwa pekee au fuata miongozo ya afya ya umma kwa ajili ya kuchinja nyumbani.,Security
Wakazi wa Lamu wahimizwa kulinda wanyamapori kwa manufaa ya vizazi vijavyo,Governance
"Tumia mbolea kwa ufanisi kwa maharagwe yako kwa kuelewa mahitaji ya udongo, kuchagua aina sahihi, na kutumia kiasi sahihi kwa wakati unaofaa.",Agriculture
"Pima udongo wako na Maabara ya Kupima Udongo ya KALRO ili kuelewa viwango vyake vya virutubisho na pH, na kukuongoza kwenye mbolea sahihi kwa maharagwe.",Agriculture
Utunzaji usiofaa wa maiti unahatarisha mlipuko wa magonjwa. Fuata Ujumbe wa maandishi kutoka kwa mamlaka za afya wakati wa vifo vya watu wengi.,Security
Mahakama ya Kenya inaendesha mahakama kiotomatiki ili kuboresha uwazi kote nchini.,Security
Wafundishe walimu! Jiandae kwa vitisho vya ugaidi shuleni.,Education
Utafiti wa Chuo Kikuu cha Nairobi unatambua mawasiliano kama ufunguo wa uaminifu wa jamii na ufanisi wa COP katika Mji wa Ruai,Security
"Ikiwa unatafuta huduma kwa wateja, tumia nambari zilizo kwenye tovuti ya kampuni.",Security
Kenya iliongeza ufadhili kwa mashirika ya kupambana na ufisadi kwa ajili ya uwajibikaji imara zaidi mwaka wa 2025.,Security
"Washauri wapya 2,000 wa afya ya akili waliotumwa katika shule za upili ""weka nafasi leo!",Education
Watoto wanapaswa kujifunza kulinda taarifa binafsi mtandaoni na kuripoti miingiliano inayotiliwa shaka kwa watu wazima wanaowaamini.,Security
"Watu Waliohamishwa Ndani ya Nchi (IDPs) wako katika hatari ya kupata magonjwa. Hakikisha maji safi, usafi wa mazingira, na vifaa vya matibabu katika kambi.",Security
"Kwa kutambua ubinadamu wa watu wenye magonjwa ya akili, tunaweza kukuza jamii yenye huruma na uelewa zaidi. Ikiwa wewe au mtu unayemjua anahitaji usaidizi wa kisaikolojia, tafadhali usisite kuwasiliana nasi kwa nambari yetu ya simu isiyolipishwa, 1199.",Health
Wananchi wanahimizwa kutoa taarifa kuhusu kuboresha utoaji wa huduma.,Governance
"Akizungumza baada ya tuzo hizo jijini Nairobi, leo, CECM for Finance Jones Omwenga alisema kaunti itaendelea kuwashirikisha umma katika maamuzi yake ya athari.",Governance
Mapendekezo mbalimbali katika mazungumzo ya upatikanaji wa soko la kilimo ya Shirika la Biashara Duniani yanaelezwa na athari zake kwa kupunguzwa kwa ushuru kwa masharti ...,Agriculture
Ripoti vitisho vya usalama wa kibiolojia kama vile ulanguzi wa mbegu au mifugo kwa KEPHIS au mamlaka za mitaa,Security
"Hati za upekuzi ni zana za uchunguzi, si kesi za jinai. Tetea sheria, tetea uadilifu.",Security
Maarifa yanayoonekana kuhusu teknolojia ya kilimo barani Afrika,Agriculture
Teknolojia ya 'kusukuma-kuvuta' inahusisha upandaji mseto wa mahindi na mikunde desmodium (Desmodium uncinatum) huku nyasi ya Napier (Pennisetum purpureum) ikipandwa ...,Agriculture
"Wizara ya Afya imethibitisha visa viwili vipya vya Mpox, na kufanya jumla ya maambukizi kufikia 33 tangu mlipuko huo uanze.",Health
Pasi za basi bila malipo kwa wanafunzi wote wa TVET wanaoripoti Januari kusanya kutoka kwa mkuu wa shule.,Education
"Kila mtoto ana haki ya kupata elimu, huduma ya afya, na ulinzi. Jamii lazima ziripoti ukiukwaji.",Security
"KRA inawasihi wazalishaji wote walioidhinishwa, waagizaji, wasambazaji, wauzaji rejareja na umma kwa ujumla kwamba vinywaji vyote vya maji ya chupa vinavyotengenezwa au kuingizwa nchini Kenya kuanzia tarehe 13 Novemba 2019 lazima viambatishwe na Stempu ya Ushuru kwa mujibu wa Kanuni za EGMS.",Governance
"Uzinduzi wa cheti cha hiari kinachowatambua waajiri wanaotekeleza viwango vya lishe, afya ya akili, na siha.",Health
"Elimu ya uraia sasa ina uzito wa 20% katika tathmini ya Darasa la 9 — ' — "" soma kwa bidii.",Education
Usimamizi mzuri wa ushirikiano hutegemea sheria zilizo wazi na utawala bora. Jifunze mambo muhimu ya kuendesha kikundi cha mikopo chenye mafanikio.,Agriculture
Acha Unyanyasaji wa Kijinsia! Ripoti vurugu shuleni kwa mamlaka au piga simu 116.,Education
Kuwa na sauti! Jiunge na bodi za shule ili kushawishi sera.,Education
Wakazi wa Embu wahimizwa kujisajili na NHIF ili kuongeza UHC,Governance
Wafunze wafanyakazi! Shughulikia vurugu za wanafunzi kwa njia ya kujikinga.,Education
Inatumika wakati wa sherehe za Nairobi,Education
"Wafundishe watoto majina yao kamili, anwani za wazazi, na anwani ya nyumbani.",Security
"Kaunti ya Nairobi kutoa chakula cha mchana cha kila siku kwa wanafunzi 400,000 wa shule za msingi kupitia jikoni mpya ili kuondoa njaa na kuwasaidia wakulima wa eneo hilo.",Health
Ulimaji wa bustani mijini huwawezesha wakazi wa mijini kulima chakula. Chunguza mbinu kama vile ulimaji wa kwenye vyombo na ulimaji wima wa parachichi.,Agriculture
Simone Sala. Upakuaji wa Picha. Picha ya Wasifu. Maoni na Ufahamu wa Hivi Karibuni. Maoni na Ufahamu. Mtazamo wa teknolojia za kidijitali zinazobadilisha kilimo.,Agriculture
Ushauri unaangazia vitisho vinavyoendelea vya al Shabaab na kuhimiza uelewa wa hali ya juu.,Security
Serikali yaanzisha aina mpya za mahindi zenye mavuno mengi kwa maeneo yenye ukame wa nusu.,Agriculture
"Akina mama wapya wanaopitia huzuni, kujitenga, au kukata tamaa wanapaswa kutafuta msaada wa afya ya akili. Mfadhaiko baada ya kujifungua unaweza kutibiwa.",Health
Mkurugenzi Mtendaji wa Taasisi ya Utafiti wa Baharini na Uvuvi ya Kenya (KMFRI) Dkt. James Mwaluma anawasihi wakazi wa eneo la pwani kupanda mikoko na nyasi za baharini ili kuongeza uzalishaji wa Kaboni ya Bluu.,Governance
Wanawake wajawazito wanapaswa kupata chanjo ya pepopunda ili kujikinga na watoto wao kutokana na pepopunda ya watoto wachanga.,Health
"Warsha ziliwafunza waandishi wa habari wachanga katika uthibitishaji wa maadili, uwekaji wa nyaraka salama, na mbinu za ulinzi wakati wa kuripoti maandamano.",Security
"Mombasa, Sauti Yako Ni Muhimu! Kaunti ya Mombasa inawaalika raia wote kushiriki katika mijadala ya Muswada wa Fedha wa 2025, ADP, na CBROP. Viongozi wa vijana na waleta mabadiliko husoma, kushirikisha na kushawishi maamuzi yanayounda mustakabali wa kaunti yetu. Tujitokeze, tuzungumze na tujenge Mombasa tunayostahili.",Governance
Ukaguzi wa usalama katika shule zote za kitaifa unaanza Jumatatu shirikianeni na maafisa!,Education
Tumia kufuli za usukani kama njia ya ziada ya kuzuia wizi wa gari.,Security
Serikali na sekta ya maziwa kwa pamoja wanatangaza kufufua usambazaji wa maziwa shuleni ili kuboresha lishe ya watoto na kusaidia tasnia ya maziwa ya ndani.,Health
"Maktaba ya bure ya kidijitali yenye vitabu 50,000 yazinduliwa – hakuna haja ya kuingia!",Education
Mafunzo kuhusu utatuzi wa migogoro 2021.,Education
"Upatikanaji wa vyakula vyenye afya: Boresha upatikanaji wa chakula chenye lishe na cha bei nafuu kupitia bustani za jamii, masoko ya wakulima, na programu za usaidizi wa chakula. iii.",Agriculture
Uzazi wote unapaswa kufanywa na wakunga wenye ujuzi katika vituo vya afya. Hii inahakikisha uzazi salama na huduma ya haraka iwapo kutatokea matatizo.,Health
Dumisha viwango vya usafi shuleni 2024.,Education
Linda sayari yetu! Jiunge na vilabu vya mazingira vya shule.,Education
Weka nambari za dharura zikionekana karibu na simu na zimewekwa kwenye vifaa vya mkononi.,Security
Katibu Mkuu wa Mambo ya Ndani awahimiza wakazi wa Kuria kufanya kazi kwa karibu na utawala wa eneo hilo,Governance
Kuelimisha kuhusu dhamana na haki za dhamana.,Security
Ripoti ada zozote za shule zinazotoza zaidi ya Ksh 0 hadi 0800721490 – tunaangalia!,Education
Kitabu cha Chanzo cha Kilimo Kinachozingatia Hali ya Hewa kinajumuisha maarifa na utaalamu mbalimbali kuhusu dhana ya CSA ili kuwaongoza vyema watunga sera.,Agriculture
Mabaraza ya jamii yaliyofadhiliwa na IOM yaliboresha uaminifu na ushiriki wa kijasusi kati ya wakazi na usalama.,Security
"Rais alisema serikali inaboresha SHA kila mara ili kuifanya iwe na ufanisi zaidi, ikiondoa vipengele vya uhalifu kwa kutumia mianya katika mfumo huo ili kuwalaghai umma.",Governance
Idara ya Jimbo inakuza mchanganyiko wa mtama na mtama kama menyu ya majaribio katika kukabiliana na lishe zinazostahimili mabadiliko ya hali ya hewa.,Health
Kenya inakuza utoaji wa dawa za minyoo na chanjo ili kudhibiti vimelea vya mbuzi na kondoo.,Agriculture
Kuongezeka kwa upatikanaji wa simu za mkononi na upatikanaji wa taarifa sahihi na za wakati unaofaa za kilimo kumefanya iwe rahisi na rahisi zaidi kwa wakulima ...,Agriculture
"Katibu Mkuu wa Utawala wa Afya, Dkt. Rashid Aman, leo ameashiria magari yaliyonunuliwa kupitia usaidizi wa @gavi ili kuimarisha shughuli za mpango wa kitaifa wa chanjo na chanjo katika Kaunti za Garissa, Lamu, Mandera, Wajir, Pokot Magharibi na Nandi. #KomeshaCorona sasisho.",Public Health
Kaunti ya Wajir: Taarifa ya Onyo la Mapema kuhusu Ukame kwa Februari 2023,Disaster/Health
"Serikali ya Kenya (GoK) kwa msaada kutoka Benki ya Dunia (WB) inatekeleza 'Mradi wa Kuboresha Ubora wa Elimu ya Sekondari ya Kenya' (SEQIP). Mradi huu umeundwa ili kukamilisha miradi na shughuli nyingine zinazofadhiliwa na Serikali chini ya Mpango wa Kitaifa wa Mkakati wa Elimu (NESP), ruzuku ya Global Partnership for Education (GPE), na programu nyingine zinazoungwa mkono na Washirika mbalimbali wa Maendeleo katika sekta ya Maendeleo (DPs). Katiba ya Kenya (2010) ina Mswada wa Haki katika msingi wake, wakati Dira ya 2030 ya nchi inakubali haja ya kurekebisha mfumo wa elimu na mafunzo ili uendane vyema na matarajio ya vijana, na yale ya nchi juu ya kuwa taifa la watu wenye kipato cha kati kilichoendelea kiviwanda.",General
"Taarifa ya Bei ya Kenya, Januari 2024",Disaster/Health
"Katika mazingira ambapo matatizo yanaweza kwenda bila kutambuliwa na huduma ya wakati mara nyingi haipatikani, usaidizi wenye ujuzi unaweza kumaanisha tofauti kati ya maisha na kifo.",Disaster/Health
"COVID-19 inaweza kuzidisha uhaba wa chakula, utapiamlo barani Afrika14 Mei 2020",General
Kenya | Jibu la DG ECHO 2022 - Ramani ya Kila Siku ya DG ECHO | 02/12/2022,Disaster/Health
Kaunti ya Mandera: Taarifa ya Onyo la Mapema kuhusu Ukame ya Oktoba 2023,Disaster/Health
Badilisha nafaka zako mbichi kuwa divai ya asali yenye thamani kubwa. Gundua mbinu rahisi za usindikaji na masoko yanayowezekana.,Agriculture
"Kenya | Mgogoro wa Ukame na Njaa - Sasisho la Operesheni (miezi 6), Operesheni ya DREF n° MDRKE049",Disaster/Health
Kaunti ya Kilifi: Taarifa ya Onyo la Mapema kuhusu Ukame kwa Aprili 2023,Disaster/Health
Nilichukua hatua hiyo kwa watoto wangu watano wanaonitegemea.,Disaster/Health
Kaunti ya Samburu: Taarifa ya Onyo la Mapema kuhusu Ukame kwa Machi 2022,Disaster/Health
Kenya: Ukame - Msururu wa Ramani za Kaunti (18 Apr 2023),Disaster/Health
Kaunti ya Marsabit: Taarifa ya Onyo la Mapema kuhusu Ukame kwa Januari 2024,Disaster/Health
Uganda inalinda huduma muhimu za afya wakati wa kukabiliana na mlipuko wa Ebola,General
"kupata majeraha ya ajali ya kijiti cha sindano, pamoja na wafanyikazi wa afya.",General
"HAZINA YA TAIFA YAANZISHA MAPITO YA UHASIBU WA MSINGI UTAYARISHAJI Hazina ya Kitaifa inafuraha kutangaza kuanza kwa mageuzi kutoka kwa uhasibu wa msingi wa fedha kwenda kwa viwango vya kimataifa vya uhasibu katika sekta ya umma (IPSAS), kuashiria hatua muhimu katika mageuzi ya usimamizi wa fedha za umma.",Governance
Kaunti ya Embu (Mbeere): Taarifa ya Onyo la Mapema kuhusu Ukame kwa Agosti 2024,Disaster/Health
"Uhamisho wa watu katika kaunti ni changamani, unachangiwa na hatari za asili kama vile ukame au mafuriko, ukosefu wa usalama na uhaba wa rasilimali.",Governance
"Mtazamo wa KCC unaongozwa na ufahamu kwamba jinsi usaidizi unavyotolewa, ukubwa wa utoaji, na washirika gani wanashirikishwa, huchangia faida na hasara kubwa zaidi katika ufanisi na ufanisi.",Disaster/Health
"PAUSTI ambayo inaandaliwa katika Chuo Kikuu cha Kilimo na Teknolojia cha Jomo Kenyatta huko Nairobi, Kenya, ilifungua milango yake kwa wanafunzi waanzilishi mnamo Novemba 2012. Kundi la waanzilishi walihitimu katika muda wa rekodi mnamo Novemba 2014.",General
Kushinda uhaba: jinsi ubunifu wa ndani unavyobadilisha mandhari ya kilimo ya Magharibi mwa Kenya (Desemba 2025),Disaster/Health
"Taasisi ya Chuo Kikuu cha Pan African cha Sayansi ya Msingi, teknolojia na Ubunifu (PAUSTI) inajivunia kama kitovu cha uzamili cha utafiti na uvumbuzi unaojumuisha kitivo cha anuwai, na wanafunzi wanaotolewa kutoka Afrika nzima.",General
H.E. pia itahusisha umuhimu wa kuongeza kasi ya utengenezaji wa chanjo nchini na upatikanaji wa chanjo ya baadaye ya Covid-19. #KomeshaCorona sasisho.,Public Health
Tunatoa wito kwa serikali za Kaunti kutumia miongozo kuhusu Usimamizi wa lishe wa COVID-19 ili kuelimisha jamii kuhusu jinsi wanavyoweza kuimarisha kinga yao. health.go.ke #KomeshaCorona sasisho,Public Health
Kaunti ya Kilifi: Taarifa ya Onyo la Mapema kuhusu Ukame kwa Juni 2022,Disaster/Health
Ukaribu wa kijiografia wa sehemu hizi za kuingilia ulisisitiza hatari kubwa ya maambukizi ya kuvuka mipaka inayoendeshwa na mwingiliano wa mara kwa mara wa kijamii na kiuchumi.,Health
"Kenya - Mafuriko, sasisho (Kenya Met, vyombo vya habari) (ECHO Daily Flash ya 26 Aprili 2024)",Disaster/Health
"Wacha tuendelee kuzingatia hatua za kuzuia za kunawa mikono, kudumisha umbali wa kijamii na mwili na uvaaji wa barakoa kati ya zingine. #KomeshaCorona sasisho.",Public Health
"Uthibitishaji wa kutokomeza maambukizi ya VVU kutoka kwa mama kwenda kwa mtoto, kaswende na hepatitis B",General
"Kaunti ya InMarsabit(North Horr), KRCS inaripoti kufikia kaya 5,200+ kupitia vifurushi hivyo vilivyounganishwa, ikiwa ni pamoja na usaidizi unaolengwa wa malisho pamoja na maji na chakula cha dharura, mbinu iliyobuniwa kuleta utulivu wa mapato na kuzuia upotevu mkubwa wa mali huku hali pana zikisalia kuwa kiwango cha mgogoro.",Disaster/Health
"Uzoefu wa kimataifa unathibitisha ukweli huu. Wakati wa mzozo wa Ebola katika Afrika Magharibi, matokeo yalianza kuboreka wakati jamii ziliposhiriki kikamilifu katika kukabiliana na ugonjwa huo. Viongozi wa jumuiya, mashirika ya ndani, na mamlaka za kitamaduni zilisaidia kujenga upya uaminifu na kuleta masuluhisho ya mahitaji ya watu.",General
"Ukame mkali nchini Kenya unachochea ndoa za utotoni, na kuongeza hatari ya utumwa wa kisasa",Disaster/Health
Kaunti ya Kajiado: Taarifa ya Onyo la Mapema kuhusu Ukame la Mei 2023,Disaster/Health
"Kutoa Mafundi, Mafundi, Mafundi na Wataalamu wa Teknolojia wa kutosha na wanaofaa katika ngazi zote za uchumi kupitia mafunzo ya vitendo na uzoefu wa kazi;",General
Kaunti ya Kwale: Taarifa ya Onyo la Mapema kuhusu Ukame kwa Oktoba 2024,Disaster/Health
Kaunti ya Laikipia: Taarifa ya Onyo la Mapema kuhusu Ukame kwa Agosti 2024,Disaster/Health
Kaunti ya Garissa: Taarifa ya Onyo la Mapema kuhusu Ukame kwa Machi 2022,Disaster/Health
Kenya | Majibu ya kibinadamu 2024 - Ramani ya Kila Siku ya DG ECHO | 06/12/2024,Disaster/Health
Elimu ya Ufundi na Ufundi Maendeleo na Usimamizi wa Sera,General
"Lengo letu ni kuhakikisha kwamba kila Mkenya anapata huduma za afya za hali ya juu."" Rasilimali hizo mpya zitaimarisha huduma ya rufaa ya dharura, kupanua uwezo wa oksijeni, kusaidia kupunguza vifo vya kina mama na watoto wachanga katika kaunti zenye mzigo mkubwa, na kuboresha utayari wa Kenya kukabiliana na kipindupindu, Mpox na vitisho vingine vya afya ya umma.",Health
"Maambukizi yanapozidi kudhoofisha mfumo wa kinga, mtu anaweza kupata dalili na dalili zingine, kama vile nodi za limfu zilizovimba, kupungua uzito, homa, kuhara na kikohozi. Bila matibabu, wanaweza pia kupata magonjwa makali kama vile kifua kikuu, uti wa mgongo wa cryptococcal, maambukizo makali ya bakteria na saratani kama vile lymphomas na sarcoma ya Kaposi, miongoni mwa mengine.",General
Kaunti ya Meru: Taarifa ya Onyo la Mapema kuhusu Ukame kwa Septemba 2024,Disaster/Health
Mifugo kwa ajili ya Afya nchini Kenya: Kustahimili utendaji mzuri - Lishe na ustahimilivu,Disaster/Health
Kaunti ya Laikipia: Taarifa ya Onyo la Mapema kuhusu Ukame Julai 2022,Disaster/Health
Ramani ya Hatua ya Kutarajia ya Kenya 2024 - 2029,Disaster/Health
"Taarifa ya Bei ya Kenya, Mei 2023",Disaster/Health
Kaunti ya Kilifi: Taarifa ya Onyo la Mapema kuhusu Ukame Julai 2024,Disaster/Health
Pokot Magharibi: Taarifa ya Onyo la Mapema kuhusu Ukame kwa Machi 2024,Disaster/Health
Kaunti ya Mandera: Taarifa ya Onyo la Mapema kuhusu Ukame la Januari 2023,Disaster/Health
"Katibu Mkuu amehuzunishwa sana na ghasia mbaya zilizoripotiwa kuhusiana na maandamano, maandamano ya mitaani nchini Kenya",Disaster/Health
Kaunti ya Kitui: Taarifa ya Onyo la Mapema kuhusu Ukame kwa Machi 2023,Disaster/Health
"Abdullahi alikimbia vita mwaka 1994 katika eneo la vijijini la Juba ya Chini kusini mwa Somalia, ambapo familia yake ilikuwa ikitegemea mifugo ambayo imepoteza.",Agriculture
Kaunti ya Kajiado: Taarifa ya Onyo la Mapema kuhusu Ukame ya Oktoba 2022,Disaster/Health
Kaunti ya Garissa: Taarifa ya Onyo la Mapema kuhusu Ukame kwa Agosti 2023,Disaster/Health
"Kenya - Mafuriko (CatNat, vyombo vya habari, NOAA-CPC) (ECHO Daily Flash ya 26 Machi 2024)",Disaster/Health
Athari za janga na uchanganuzi wa ufaafu wa gharama wa chanjo ya COVID-19 nchini Kenya,Disaster/Health
Kenya: Wakimbizi waliosajiliwa na wanaotafuta hifadhi (kuanzia tarehe 31 Agosti 2024),Disaster/Health
"Kenya: Sheria na Masharti ya Utafiti - Mpango wa Pamoja wa Ufuatiliaji wa Soko RCID KEN 2207 (Juni 2022, V1)",Disaster/Health
Kaunti ya Baringo: Taarifa ya Onyo la Mapema kuhusu Ukame kwa Oktoba 2023,Disaster/Health
Idara ya Jimbo kwa Elimu na Mafunzo ya Ufundi Stadi,General
"Kwa kuwa hakukuwa na usafiri na mwendo wa saa sita kwa miguu kufika kwenye huduma, hakuwa na budi ila kujifungulia nyumbani, akisaidiwa na mkunga wa jadi pekee.",Disaster/Health
"CPA JOHN MBADI NG'ONGO, EGH KATIBU WA BARAZA LA MAWAZIRI TAARIFA KWA UMMA KUWASILISHA MAONI, MAONI NA KUMBUKUMBU JUU YA MAENEO YANAYOWEZEKANA KWA MABADILIKO YA SHERIA YA MANUNUZI NA UTUMAJI WA MALI YA UMMA 2015.",Governance
"WIZARA/ SEKTA WIZARA, IDARA NA MAWAKALA Tarehe ya Kuwasilisha Muda wa kuwasilisha ENEO LA KUWASILISHA Taasisi ya Kukuza Chanjo za Mifugo Kenya 19.08.2024 9:30 a.m. - 10:00 a.m.",Health
Kaunti ya Embu (Mbeere): Taarifa ya Onyo la Mapema kuhusu Ukame ya Mei 2024,Disaster/Health
"Watoto milioni 16 wanaolindwa katika kampeni ya chanjo ya surua, rubela na typhoid nchini Kenya",General
Kujenga ustahimilivu katika Dadaab: warsha hujenga uwezo wa viongozi wa mitaa kukabiliana na hatari za mijini,Disaster/Health
Kaunti ya Garissa: Taarifa ya Onyo la Mapema kuhusu Ukame kwa Julai 2023,Disaster/Health
Sasisho la Hali: Kuongezeka kwa Utapiamlo na Uhaba Mkali wa Chakula katika Kaunti za ASAL nchini Kenya Huku Kukiwa na Ukame Unaozidi: Hatua za Haraka za Sekta Mbalimbali Zinahitajika ili Kuokoa Maisha (18 Februari 2026),Disaster/Health
"Wizara ya Elimu, Idara ya Jimbo la Elimu ya Juu na Utafiti inaendelea na mchakato wa kuajiri wenyeviti na wajumbe wa mabaraza ya vyuo vikuu vya umma na vyuo vikuu.",General
Kaunti ya Tana River: Taarifa ya Onyo la Mapema kuhusu Ukame kwa Februari 2024,Disaster/Health
"Kuosha mikono, kusafisha, inapowezekana, kudumisha umbali wa kijamii na kimwili, inapaswa kuwa sehemu ya maisha yetu ya kila siku. #KomeshaCorona.",Public Health
"Jeshi la Wokovu likikabiliana na mafuriko yasiyotarajiwa huko Turkana, kaskazini mwa Kenya",Disaster/Health
Kaunti ya Makueni: Taarifa ya Onyo la Mapema kuhusu Ukame kwa Agosti 2024,Disaster/Health
"Kenya - Maporomoko ya ardhi (CatNat, media, KMD) (ECHO Daily Flash ya 3 Novemba 2025)",Disaster/Health
Kenya: utekaji nyara wa raia wanaoshukiwa kuhusika na maandamano unakiuka haki za binadamu,Disaster/Health
Piga 719 kwa ushauri na maelezo ya kitaalamu ikiwa unafikiri kuwa unaweza kuwa umeambukizwa COVID-19. #KomeshaCorona sasisho.,Public Health
"Katibu Mkuu, Idara ya Jimbo la Ufundi, Elimu ya Ufundi na Mafunzo",General
Ripoti ya Mwaka ya World Vision Kenya 2021,Disaster/Health
Kenya Tsetse na Baraza la Kutokomeza Trypanasomiasis 19.08.2024 10:00 a.m. - 10:30 a.m.,Disaster/Health
"Je, nivae na kuvua vipi barakoa ya uso? Kabla ya kuvaa barakoa, osha mikono yako kwa sabuni na maji au kusugua mikono iliyo na pombe. Funika mdomo na pua yako na barakoa ili kuhakikisha kwamba ni safi na inalingana vyema na uso wako. #KomeshaCorona",Public Health
Sauti kutoka Mandera: Hadithi za matumaini na amani kutoka Kaunti ya Mandera nchini Kenya,Disaster/Health
Dashibodi ya Kukabiliana na Ukame Kenya (Januari hadi Machi 2023),Disaster/Health
"Kaunti kame zinazonufaika na mpango huu ni 10 ambazo ni , Baringo, Elgeyo Marakwet, Garissa, Isiolo, Mandera, Marsabit, Samburu, Turkana, TanaRiver, Wajir, Westpokot.",General
Kaunti ya Lamu: Taarifa ya Onyo la Mapema kuhusu Ukame kwa Septemba 2024,Disaster/Health
Kaunti ya Kajiado: Taarifa ya Onyo la Mapema kuhusu Ukame kwa Machi 2023,Disaster/Health
"Taarifa ya Bei ya Kenya, Machi 2023",Disaster/Health
"Nairobi—Kenya inashughulikia mapengo makubwa katika upatikanaji wa huduma za afya ya ngono na uzazi na haki katika kaunti sita zilizopewa kipaumbele, zikiwemo zile zenye wateja wa afya ambao ni vigumu kufikiwa. Wizara ya Afya inasisitiza…",General
Mitindo ya kimsingi na endelevu ya kuzuia VVU kwa watu kutoka makundi muhimu,Disaster/Health
Kaunti ya Laikipia: Taarifa ya Onyo la Mapema kuhusu Ukame kwa Machi 2023,Disaster/Health
Taarifa ya Tahadhari ya Mapema ya Kitaifa (Juni 2022),Disaster/Health
FAO na Ubelgiji zinasaidia jamii nchini Kenya kuepusha janga la njaa,Disaster/Health
"Kaya katika kaunti zilizoathiriwa na ukame za Wajir, Mandera na Tana River zina wasiwasi mkubwa.",Disaster/Health
Kaunti ya Nyeri (Kieni): Taarifa ya Onyo la Mapema kuhusu Ukame Juni 2023,Disaster/Health
"Kaunti na maeneo yaliyoathiriwa ni Tana River, Mombasa, Kwale, Tharaka Nithi, Elgeyo-Marakwet, Kiambu, Mashariki, Kati, Pwani, Nairobi na Rift Valley.",Disaster/Health
Kenya inakuza utengenezaji wa bidhaa na teknolojia za afya nchini,General
Mpango wa nchi wa mtandao wa IFRC wa Kenya 2024-2026,Disaster/Health
Kaunti ya Kilifi: Taarifa ya Onyo la Mapema kuhusu Ukame kwa Desemba 2023,Disaster/Health
"Mfuatano wa jenomu ni muhimu katika kupambana na COVID-19, kuruhusu serikali na mamlaka za afya kuchukua maamuzi ya haraka na ya kuarifu ya afya ya umma kama vile hatua za kuimarisha utayari wa ongezeko linaloweza kutokea kutokana na lahaja zinazoambukiza zaidi au kuongeza chanjo, uchunguzi na matibabu.",Health
Kenya: Dashibodi ya Ufuatiliaji wa Flow Raundi ya 2 (Sep-Des 24),Disaster/Health
(e) kuboresha utawala na usimamizi wa taasisi na kuweka mfano wa kuigwa kwa vyuo vingine vya elimu ya juu; na,General
"Kenya: Misukosuko ya hali ya hewa yasababisha Utapiamlo Muhimu Sana miongoni mwa watoto na kuongezeka kwa idadi ya uhaba mkubwa wa chakula - IPC Ukosefu wa Chakula Mkali na Uchambuzi wa Utapiamlo Mkali (Januari - Desemba 2026), Iliyochapishwa tarehe 12 Machi 2026",Disaster/Health
Kaunti ya Embu (Mbeere): Taarifa ya Onyo la Mapema kuhusu Ukame la Januari 2023,Disaster/Health
Kenya: Kielezo cha Suluhisho na Uhamaji - Kaunti ya Tana River (Juni 2025),Disaster/Health
"Kwa Makena, nyakati kama hizi zinaonyesha umuhimu wa kuwafikia wanawake popote walipo.",Disaster/Health
"USHAURI WA KUTATHMINI UWEZO WA JOMO KENYATTA FOUNDATION KUDHIBITI, KURATIBU NA KUSIMAMIA MASHIRIKA YANAYOHUSIKA KATIKA UTOAJI WA WASOMI CHINI YA MRADI WA KUBORESHA UBORA WA ELIMU YA SEKONDARI.",General
TAHADHARI Dalili za #COVID19 na dalili za Ugonjwa wa Virusi vya Corona ni Kama una homa Kukohoa Maumivu ya Kichwa Mwili kuuma Ugumu wa kupumua Piga - 719 Tuma neno *719# Fuata #KomeshaCorona cc | @WHOKenya | @MsemajiGoK | @KenyaGavana |,Public Health
"Uingiliaji kati wa d'urgence face à la sécheresse à Mandera, dans le nord du Kenya - Kenya Cash Consortium",Disaster/Health
"Maendeleo ya kikundi chao yanachochea shauku kutoka kwa wanajamii wengine, na kuwatia moyo kujifunza kutoka kwa kikundi cha Wanawake cha Kariamakeris.",Disaster/Health
Green Climate Fund inaangazia miradi miwili mikuu inayoongozwa na FAO ya kuimarisha ustahimilivu wa hali ya hewa nchini Kenya na Serbia,Disaster/Health
Wanachama wa GNDR wakabiliana na mafuriko nchini Kenya,Disaster/Health
"Wafanyakazi wa kujitolea wa afya katika Kangatotha CHU wamehamasishwa kuhusu jinsi ya kunawa mikono, katika Kaunti Ndogo ya Turkana ya Kati, @TurkanaCountyKE . Kunawa mikono mara kwa mara kwa sabuni na maji yanayotiririka kunapendekezwa na @WHO kama mojawapo ya njia bora za kuzuia kuenea kwa COVID-19. #KomeshaCorona",Public Health
"Katibu wa Baraza la Mawaziri Julius Migos Ogamba aagiza madarasa mapya katika Shule ya Uthiru Comprehensive na Shule ya RukubiComprehensive katika Kaunti Ndogo ya Kabete, Kaunti ya Kiambu.",General
Dashibodi ya Kukabiliana na Ukame Kenya (Novemba 2022),Disaster/Health
HBS & RELON: Muhtasari wa Sera: Kuimarisha Mwitikio wa Kijinsia kati ya RLOs nchini Kenya na Uganda Juni 2024,Disaster/Health
"Kenya: ""Haki kama mtu mwingine yeyote"" - Uhalifu wa chuki na ubaguzi dhidi ya wakimbizi wa LGBTI",Disaster/Health
MPANGO WA KUNDI HALISI NA WALIO PEKEO KWA MALAKOTE KATIKA KAUNTI YA GARISSA.,General
"Maono ya Baadaye ya Dadaab: Kuimarisha Kujitegemea kwa Wakimbizi na Jamii zinazowahifadhi huko Garissa, Kenya (Agosti 2022)",Disaster/Health
"Masharti ya Utafiti: Tathmini ya Mahitaji ya Kisekta KEN2206, kambi za wakimbizi za Dadaab na Kakuma, Kenya (Oktoba 2022, V1)",Disaster/Health
Kenya - Kaunti ya Turkana - Ramani ya Miundombinu ya Kambi ya Wakimbizi ya Kakuma (29/08/2024),Disaster/Health
Kaunti ya Makueni: Taarifa ya Onyo la Mapema kuhusu Ukame la Januari 2023,Disaster/Health
"Tathmini ya Mahitaji ya Haraka ya Samburu na Baringo, Julai 2023",Disaster/Health
(a) kujenga uwezo wa kitaasisi ili kutoa elimu bora ya baada ya kuhitimu yenye umuhimu kwa soko la ajira;,General
Kaunti ya Narok: Taarifa ya Onyo la Mapema kuhusu Ukame Julai 2023,Disaster/Health
"Kenya - Mafuriko, sasisho (Kenya Met, vyombo vya habari) (ECHO Daily Flash ya 15 Desemba 2023)",Disaster/Health
"Hanaano ambayo ina maana ya 'kulea' katika Kisomali ni mpango wa miaka mitatu wa kuzingatia lishe kuvuka mipaka, kusaidia wanawake katika kukabiliana na changamoto hizi, kuhimiza unyonyeshaji kama desturi iliyokita mizizi na kustahimili hali ya hewa.",Health
"Kenya - Mlipuko wa Kipindupindu (DG ECHO, Wizara ya Afya ya Kenya, WHO) (ECHO Daily Flash ya 09 Aprili 2025)",Disaster/Health
"Muhtasari wa Nchi wa WFP wa Kenya, Juni 2026",Disaster/Health
Kaunti ya Baringo: Taarifa ya Onyo la Mapema kuhusu Ukame kwa Februari 2023,Disaster/Health
Tangazo hili limewekwa kwa habari ya jumla ya umma.,Disaster/Health
Kaunti ya Garissa: Taarifa ya Onyo la Mapema kuhusu Ukame kwa Januari 2024,Disaster/Health
Kenya: Ukame - Mtandao wa Kibinadamu wa ASAL Mwitikio wa Ukame - Shughuli ya Ward (kuanzia tarehe 23 Agosti 2023),Disaster/Health
Kaunti ya Makueni: Taarifa ya Onyo la Mapema kuhusu Ukame la Mei 2023,Disaster/Health
MSF Yajibu Ongezeko la visa vya Kala-azar katika Kaunti za Wajir na Marsabit nchini Kenya,Disaster/Health
Kaunti ya Turkana: Taarifa ya Onyo la Mapema kuhusu Ukame kwa Mei 2022,Disaster/Health
Usimamizi wa Elimu ya Watu Wazima; Taasisi za Elimu ya Juu na Mashirika ya Serikali,General
Kenya inajenga uwezo wa kuzalisha chanjo zake,Disaster/Health
Kaunti ya Lamu: Taarifa ya Onyo la Mapema kuhusu Ukame Juni 2022,Disaster/Health
GIEWS Muhtasari wa Nchi: Kenya 18-Juni-2025,Disaster/Health
Hali ya ukame katika maeneo ya Kenya ASAL sasa katika kiwango cha mgogoro,Disaster/Health
Kenya: Wakimbizi waliosajiliwa na wanaotafuta hifadhi (tangu 30 Juni 2025),Disaster/Health
"Nchini Angola, vipaumbele kadhaa vya kimkakati vinahitajika. Ya kwanza ni kusikiliza kwa karibu zaidi jamii na kujumuisha wasiwasi wao, mitazamo, na uzoefu katika uundaji wa sera na programu za afya. Kipaumbele cha pili ni kuimarisha nafasi ya wahudumu wa afya ya jamii, viongozi wa dini, mamlaka za kimila, na mashirika ya kiraia kama washirika wa kudumu katika kukuza afya na kuhamasisha jamii. Ni muhimu vile vile kuunganisha mawasiliano katika huduma ya afya ya msingi, kuleta huduma karibu na watu.",General
"Yeye ni mmoja wa waendelezaji wa afya ya jamii 4,250 ambao walifanya kazi ili kuhakikisha hadi watoto milioni 13 kote nchini Kenya wanapokea dawa za kukabiliana na magonjwa ya tropiki yaliyosahaulika.",Health
Kaunti ya Nyeri (Kieni): Taarifa ya Onyo la Mapema kuhusu Ukame Februari 2023,Disaster/Health
Kenya: Rufaa Changamano ya Dharura (MDRKE068),Disaster/Health
Kaunti ya Kwale: Taarifa ya Onyo la Mapema kuhusu Ukame kwa Machi 2022,Disaster/Health
"Kenya - Mafuriko, sasisho (UN OCHA, Idara ya Hali ya Hewa ya Kenya) (ECHO Daily Flash ya 20 Juni 2024)",Disaster/Health
Kaunti ya Meru (Meru-Kaskazini): Taarifa ya Onyo la Mapema kuhusu Ukame Februari 2024,Disaster/Health
Kenya: Wakimbizi waliosajiliwa na wanaotafuta hifadhi (kuanzia tarehe 31 Mei 2022),Disaster/Health
"Licha ya uboreshaji wa ndani kufuatia mvua ya Machi-Mei, ukame unaendelea kuwa mkali katika kaunti za kaskazini kama vile Mandera na Wajir.",Disaster/Health
"Kenya | Muhtasari wa Soko wa Mpango wa Pamoja wa Ufuatiliaji wa Soko (JMMI), Q3 2025 (Julai - Septemba 2025)",Disaster/Health
Kenya: Ukame - Ardhi Kame na Nusu Kame (ASALs) (3 Jul 2023),Disaster/Health
Aina Mpya ya Bima ya Ukame kwa Wanawake katika Nyanda Kame za Kenya,Disaster/Health
Kaunti ya Kajiado: Taarifa ya Onyo la Mapema kuhusu Ukame la Januari 2023,Disaster/Health
"Mwakilishi wa UNICEF Zambia Saja Farooq Abdullah alisisitiza kuwa kampeni hiyo haikusudiwi kuwa uingiliaji wa kujitegemea. ""Ijapokuwa duru hizi ni muhimu kukomesha maambukizi ya virusi vya polio, ulinzi wa kudumu unategemea mifumo thabiti ya chanjo ya kawaida ambayo inaendelea vizuri zaidi ya kipindi cha kampeni. Na hapa walezi wana jukumu muhimu, kudumisha mafanikio kwa kuwaweka watoto hadi sasa na chanjo zote muhimu zinazotolewa na huduma za kawaida,"" alisema.",General
Maoni ya msemaji wa Ofisi ya Haki za Kibinadamu ya Umoja wa Mataifa Jeremy Laurence kuhusu maandamano ya Kenya,Disaster/Health
Afrika inakabiliwa na upungufu wa chanjo ya COVID-19 milioni 470 mnamo 202117 Septemba 2021,General
"Zaidi ya wakimbizi wanne kati ya watano huko Kakuma, Kalobeyei, na Dadaab ni masikini wa pande nyingi, wanakabiliwa na kunyimwa kwa elimu, ajira, makazi, maji na lishe.",Health
Miradi ya Vituo Bora vya Elimu ya Juu Kusini mwa Afrika Mashariki (Ace II).,General
"Ni mfumo wa kwanza wa chakula na chanjo ya kwanza ya mtoto, inayotoa lishe isiyo na kifani na ulinzi wa kinga. Muhimu, kunyonyesha pia kunazingatia hali ya hewa - kitendo kinachoweza kurejeshwa, kisicho na sifuri, cha kaboni ya chini ambacho kinanufaisha watu na sayari.",Health
"Kenya: Operesheni ya Serikali Dhidi ya Wanamgambo wa Wafugaji katika Mkoa wa Kaskazini mwa Ufa, 31 Machi 2023",Disaster/Health
SEHEMU YA II - UTEUZI WA MAMLAKA ZA USIMAMIZI 6- Mamlaka za udhibiti. 7- Kazi za mamlaka husika za udhibiti. 8- Kanuni elekezi za mamlaka husika ya udhibiti.,Disaster/Health
"Mradi utafanya kazi chini ya mwongozo na uangalizi wa jumla wa Kamati ya Uongozi ya Mkoa. RSC inajumuisha wanachama kutoka nchi zinazoshiriki, sekta binafsi na wataalam wa kitaaluma wa hadhi ya kimataifa.",General
Kaunti ya Kwale: Taarifa ya Onyo la Mapema kuhusu Ukame kwa Desemba 2022,Disaster/Health
Kenya : IFRC imepata ufadhili wa milioni 15 wa hali ya hewa na hali ya hewa ambayo ni ya mamilioni ya watu au bord du gouffre. | IFRC,Disaster/Health
"Kampeni ya #KomeshaCorona Kwa masasisho sahihi kuhusu #COVID-19 fuata @MOH_Kenya , @SpokespersonGoK , @WHO. #COVID19 inazuilika. Jilinde, familia na jamii. PIGA SIMU - 719 MAANDISHI *719# | @MsemajiGoK | @KenyaGavana | @StateHouseKenya | @WHOKenya |",Public Health
Kufuatilia Athari za Mishtuko kwa Kaya nchini Kenya,Disaster/Health
"Mipangilio dhaifu na inayoathiriwa na uhamishaji inakabiliwa na shinikizo zilizounganishwa za uharibifu wa mazingira, majanga ya hali ya hewa, uhaba wa rasilimali na mivutano ya kijamii.",Health
"Tathmini ya Mwisho ya Mtandao wa Kibinadamu wa ASAL MPCT, Kenya, Januari 2022",Disaster/Health
Kaunti ya Marsabit: Taarifa ya Onyo la Mapema kuhusu Ukame kwa Mei 2022,Disaster/Health
"Kenya - Mafuriko, sasisho (Wizara ya Mambo ya Ndani na Utawala wa Kitaifa, Kenya Met, vyombo vya habari) (ECHO Daily Flash ya 23 Machi 2026)",Disaster/Health
MPANGO WA KUNDI HALISI NA WALIO PEKEO KWA OGIEK KATIKA KAUNTI YA BUNGOMA.,General
"Muhtasari wa Nchi wa WFP Kenya, Oktoba 2023",Disaster/Health
Kaunti ya Nyeri (Kieni): Taarifa ya Onyo la Mapema kuhusu Ukame kwa Septemba 2024,Disaster/Health
"Ushirikiano Sawa: Miji ya Kati ya Afrika kama Watendaji na Washirika katika Utawala wa Uhamiaji Mijini - Ripoti ya Jiji: Garissa, Kenya",Disaster/Health
"Maoni husaidia sana ikiwa yanaonyesha kanuni mahususi au kundi la kanuni ambalo yanahusiana nayo, yana mantiki iliyo wazi , na inapotumika kutoa pendekezo la maneno mbadala.",Disaster/Health
Kuunganisha makabiliano ya hali ya hewa ya mifugo na kujenga amani: Zana ya Unyeti wa Usalama wa Hali ya Hewa kwa Mifumo ya Mifugo (CSSTxLS),Disaster/Health
"Ushauri wa jumla! Kuvaa barakoa ya matibabu ni moja wapo ya hatua za kuzuia kuzuia kuenea kwa magonjwa fulani ya kupumua, pamoja na COVID-19. Matumizi ya barakoa lazima yaunganishwe na usafi wa mikono, umbali wa kijamii, kukaa nyumbani, nyuso safi na hatua zingine. #KomeshaCorona",Public Health
Kaunti ya Meru (Meru-Kaskazini): Taarifa ya Onyo la Mapema kuhusu Ukame kwa Agosti 2024,Disaster/Health
"Muhtasari wa Nchi wa WFP Kenya, Januari 2024",Disaster/Health
"Kenya - Kaunti ya Garissa - Dadaab - Kambi ya Wakimbizi ya Hagadera - Ofisi za Utawala, Taasisi za Kifedha, Miundombinu ya Masoko na Vifaa vya Jamii - kufikia Mei 2022",Disaster/Health
"Taarifa ya Bei ya Kenya, Mei 2022",Disaster/Health
Kaunti ya Wajir: Taarifa ya Onyo la Mapema kuhusu Ukame kwa Mei 2023,Disaster/Health
Muhtasari wa Mradi: Kuimarisha Afya ya Udongo na Agroecology nchini Kenya - Mei 2025,Disaster/Health
"Je, una wasiwasi au kufadhaika kuhusu Janga la #COVID-19 linaloendelea? @KenyaRedCross telecounselor wako tayari kukupa usaidizi wakati wowote. Ushauri BURE Piga 1199 Zaidi kuhusu #Coronavirus 719 - Tuma SMS MALIPO - 719 health.go.ke/covid-19/ #KomeshaCorona",Public Health
Kuunda vitovu vya amani katika Mkoa wa Kaskazini mwa Ufa nchini Kenya,Disaster/Health
"Kambi ya Wakimbizi ya Dadaab na Kakuma nchini Kenya | Mpango wa Pamoja wa Ufuatiliaji wa Soko (JMMI) Q1 (Januari - Machi, 2024)",Disaster/Health
Ripoti ya Kiufundi ya Kituo cha Utabiri wa Hali ya Hewa na Maombi cha IGAD (ICPAC) kuhusu Athari ya Mafuriko inayoendelea katika Mkoa wa IGAD (Kuanzia tarehe 26 Aprili 2024),Disaster/Health
"Maabara hizi huhakikisha kwamba sampuli za kinyesi na mazingira zinajaribiwa kwa haraka kwa virusi vya polio, kuongoza kampeni za chanjo na mwitikio wa mlipuko.",Health
"Imejikita katika mwongozo wa kawaida wa WHO, vipaumbele vya kadi ya alama ya EWENE ya Kenya, na hakiki za hivi majuzi za utendakazi, na kubainisha ushindi wa haraka na mageuzi ya kichocheo ili kuziba mapengo ya haraka zaidi katika ubora, utayari na usawa wa huduma.",Disaster/Health
Hii ndiyo sababu unapaswa kuzingatia hatua za umbali wa kijamii na kimwili. #KomeshaCorona sasisho.,Public Health
"Watu wamekufa kutokana na ugonjwa huu kwa hivyo ninashukuru kwamba watoto wetu wana nafasi ya kuuepuka."" Kwa Eunice Aoko, mama wa watoto watano, ambaye alimpeleka mtoto wake mdogo Scovia katika kituo cha afya cha Chemelili kwa ajili ya chanjo, chanjo hiyo ni fursa ya afya kwa watoto na familia zao.",Health
"Pre-exposure prophylaxis au ""PrEP"" ni matumizi ya dawa za kupunguza makali ya VVU na watu wasio na VVU ili kupunguza hatari ya kupata VVU.",General
Kaunti ya Makueni: Taarifa ya Onyo la Mapema kuhusu Ukame kwa Februari 2023,Disaster/Health
IsraAID Kenya inaunga mkono jamii zilizohamishwa kufuatia ghasia za kikabila,Disaster/Health
COVID-19 mpya inajaribu kibadilisha mchezo kwa Afrika22 Oktoba 2020,General
Kaunti ya Samburu: Taarifa ya Onyo la Mapema kuhusu Ukame kwa Juni 2022,Disaster/Health
Kaunti ya Embu (Mbeere): Taarifa ya Onyo la Mapema kuhusu Ukame Machi 2024,Disaster/Health
Kaunti ya Wajir: Taarifa ya Onyo la Mapema kuhusu Ukame kwa Agosti 2023,Disaster/Health
"Thamani ya Kijamii na Kiuchumi ya Huduma za Hali ya Hewa, Ushahidi kutoka Kenya na Uganda - Muhtasari wa Sera, Desemba 2023",Disaster/Health
Mbinu ya hatua kwa hatua iliruhusu Kenya kuimarisha mifumo na kuboresha ubora wa data kabla ya kupanua ufuatiliaji.,Disaster/Health
IRC Re:BUILD - Sera Mufupi: Upatikanaji wa Kazi Yenye Heshima - Njia ya Suluhisho la Kudumu kwa Wakimbizi wa Mjini.,Disaster/Health
Kaunti ya Kwale: Taarifa ya Onyo la Mapema kuhusu Ukame kwa Februari 2023,Disaster/Health
"Kwa usaidizi na utunzaji wa Makena, Leaungokiok alijifungua salama mtoto wa kike mwenye afya njema.",Health
Kenya Cash Consortium - Miaka Minne kuanzia: Uchunguzi Kifani wa Majibu ya Ndani (Desemba 2022),Disaster/Health
Ni wakati wa kubadilisha afya ya akili nchini Kenya. Leo mkutano wa Kikosi Kazi kuhusu Afya ya Akili ulifanyika katika Ukumbi wa YMCA wa Nyeri baada ya kumuenzi Gavana Mutahi Kahiga na Wakuu wa Mikoa @syengomutisya @kenya_mental @Drsimonnjuguna2 @IAsin @JNJAfrica,Public Health
Kenya: Mlipuko wa Magonjwa Yanayoenezwa na Vekta - DREF n° MDRKE050 - Usasishaji wa operesheni n° 1,Disaster/Health
Kaunti ya Marsabit: Taarifa ya Onyo la Mapema kuhusu Ukame kwa Machi 2024,Disaster/Health
Tumia mafuta ya kuzuia jua na epuka jua kati ya saa 10 asubuhi na saa 4 jioni.,Security
Vitendo vya Kutarajia Maombi ya Kenya DREF - Mlipuko wa EVD (MDRKE052) - Sasisho la Uendeshaji,Disaster/Health
Watafiti wa MIT watoa ripoti kwa CFK Afrika juu ya kuimarisha shule katika makazi yasiyo rasmi nchini Kenya,Education
"Kadiri ugumu wa fedha za umma unavyoongezeka, mapungufu haya yanaonekana zaidi.",Governance
"Harare—""Jumuiya itafaidika kutokana na maarifa yaliyoboreshwa nitakayoshiriki. Shukrani kwa mafunzo ya hivi karibuni, kazi yetu itakuwa yenye ufanisi zaidi kuliko hapo awali,"" anasema Audrey Musorowembudzi, muuguzi wa afya ya msingi huko Hurungwe …",General
"Maafisa wa afya ya umma wa @MOH_Kenya leo wametekeleza zoezi kubwa la ufukizaji na kuua vijidudu huko Kawangware ili kuzuia kuenea kwa #COVID19 kwa jamii. Hivi sasa, eneo hilo lina kesi 20 chanya. #KomeshaCorona",Public Health
Mapendekezo yaliyopokelewa katika maeneo yaliyoorodheshwa hapo juu yataarifu mageuzi yatakayofanywa katika usimamizi wa mapato na uhakiki wa sheria na Hazina ya Kitaifa ili kukuza ukuaji wa uchumi jumuishi kwa ustawi wa Wakenya wote ili kuwasilishwa Bungeni.,Governance
Kaunti ya Isiolo: Taarifa ya Onyo la Mapema kuhusu Ukame kwa Septemba 2024,Disaster/Health
"Taarifa ya 2 ya UNICEF ya Kibinadamu ya Kenya (Majibu ya Mafuriko ya Msimu), 30 Juni 2024",Disaster/Health
Rufaa ya Kenya ya Kiwango cha Ukame: Oktoba 2021-Oktoba 2022 (Iliyorekebishwa Mei 2022),Disaster/Health
Kenya Lamu - Harakati za Idadi ya Watu: Operesheni ya DREF (MDRKE064),Disaster/Health
Dai uwajibikaji! Hakikisha fedha za shule zinatumika kwa busara.,Education
"Aliishukuru Serikali ya Kenya, Benki ya Dunia, na washirika wote wanaoendeleza usawa wa kidijitali katika madarasa yetu.",General
Kufufua Ziwa Victoria: Mbinu ya Kikanda ya Usafi wa Mazingira Jumuishi,Disaster/Health
"Mwitikio wa Pesa wa Malengo Mbalimbali wa Kenya Cash Consortium kwa Wakimbizi Walioathiriwa na Mafuriko nchini Kenya: Msingi - Kaunti za Baringo, Garissa, Marsabit na Tana River, Januari 2024",Disaster/Health
Taarifa ya Tahadhari ya Mapema ya Kitaifa (Julai 2023),Disaster/Health
"Majirani wanaopokea chakula hutuletea, na wengine huleta mafuta.",Disaster/Health
Taarifa ya Hatari ya Kila Mwezi ya Hazina ya Anza (Imetolewa tarehe 29 Aprili 2022),Disaster/Health
Lahaja za Rife COVID-19 huchangia kuongezeka kwa wimbi la Afrika02 Julai 2021,General
Kaunti ya Isiolo: Taarifa ya Onyo la Mapema kuhusu Ukame la Mei 2022,Disaster/Health
Suluhu Muhtasari: Mabingwa wa Utetezi wa Jumuiya,Disaster/Health
"Katika nchi nyingi, watu hawa wakuu wanakabiliwa na unyanyapaa na ubaguzi katika mazingira ya afya ya umma, ambayo inadhoofisha upatikanaji na matumizi yao ya VVU na huduma nyingine za afya.",Health
Kenya Takwimu Infographics | Mei 2026,Disaster/Health
Kituo cha Utafiti Unaoongozwa na Wakimbizi (RLRH) - Mashirika Yanayoongozwa na Wakimbizi katika Afrika Mashariki: Maoni ya Jamii nchini Kenya - Novemba 2022,Disaster/Health
"Miradi ya uchanganuzi ambayo ili kukidhi mahitaji ya afya ya idadi ya watu, zaidi ya wataalamu 114,000 wa ziada wa afya katika majukumu 31 tofauti watahitaji kufunzwa, kuajiriwa, na kubakizwa ndani ya mfumo wa afya ifikapo 2031.",Health
"Kenya - Mafuriko (UN OCHA, Kenya Met Department) (ECHO Daily Flash ya 23 Aprili 2024)",Disaster/Health
"Hadithi za #COVID19 Vs Ukweli. Hadithi Kula kitunguu saumu husaidia kuzuia maambukizi ya virusi vya corona. Ukweli Kitunguu saumu ni chakula chenye afya ambacho kinaweza kuwa na mali ya antimicrobial. Walakini, hakuna ushahidi kwamba kula kitunguu saumu kumewalinda watu dhidi ya #COVID19. #KomeshaCorona sasisho.",Public Health
Kaunti ya Baringo: Taarifa ya Onyo la Mapema kuhusu Ukame la Mei 2023,Disaster/Health
"Upimaji wa uchunguzi wa kimaabara na wa uhakika wa maambukizi ya magonjwa ya zinaa, ikiwa ni pamoja na VVU",General
"Misiba ya Moto ya Mara kwa Mara nchini Kenya, kutoka kwa Majibu hadi Kinga",Disaster/Health
"Eneo la EHAGL: Ripoti ya Uchambuzi wa Maoni ya Jamii, Julai - Septemba 2024",Disaster/Health
"Kulinda kwa vitendo: kutarajia, kupunguza na kupunguza hatari katika utafiti wa ujauzito wa vijana katika makazi yasiyo rasmi ya mijini huko Nairobi, Kenya.",Disaster/Health
Hali ya uhamaji wa mifugo nchini Kenya: Kuchora ramani ya njia za mifugo na tafiti kuhusu vizuizi vya uhamaji,Disaster/Health
"WHO Africa, UNICEF na Washirika wako tayari kuendeleza utekelezaji wa Mpango wa Hospitali ya Mtoto katika nchi",Disaster/Health
Kenya: Nafasi ya kiraia na heshima ya uhuru wa kimsingi muhimu kwa uchaguzi wa amani - wataalam wa UN,Disaster/Health
Zaidi ya idadi: athari halisi ya dunia ya chanjo ya malaria nchini Kenya,Disaster/Health
Kaunti ya Tharaka Nithi: Taarifa ya Onyo la Mapema kuhusu Ukame kwa Machi 2022,Disaster/Health
Uchambuzi huo unatokana na taarifa inayopatikana kuanzia tarehe 30 Aprili 2026.,Disaster/Health
"Alithibitisha tena kwamba ahadi ya pamoja itazaa uwajibikaji, matokeo bora ya kujifunza na kuunda mazingira bora ya kujifunza ambayo yatawezesha kila mwanafunzi kuimarika na kufikia uwezo wake kamili.",General
Kaunti ya Kajiado: Taarifa ya Onyo la Mapema kuhusu Ukame kwa Machi 2022,Disaster/Health
Wazee wanapongeza juhudi za dharura za afya ya umma za WHO,General
"Fungua akaunti ya #TIMS http://ntsa.go.ke, bofya akaunti ya kujisajili ya TIMS kisha omba DL mahiri.",Governance
Idadi ya sasa ya shule za msingi inakadiriwa kuwa watoto milioni 10.4 katika shule za msingi za serikali na za kibinafsi. Ukuaji huu wa kasi wa idadi ya wanafunzi wa shule za msingi umechangiwa kwa kiasi kikubwa na kuanzishwa kwa Elimu ya Msingi Bila Malipo na Serikali mwaka 2002 na afua zingine. Uandikishaji katika shule zetu unaonyesha kuwa Kenya iko mbioni kuafikia Ahadi za Elimu Kwa Wote (EFA) na Malengo ya Maendeleo ya Milenia (MDG) kufikia 2015.,General
Bofya hapa ili Kupata Nafasi ya Kidato cha Kwanza: kiungo 1,General
"Mbali na elimu kwa umma, timu hizo zingetangaza mahali na tarehe ambapo jumuiya inaweza kupata chanjo.",Health
"IRC Re:BUILD - Wave 1 RCT Muhtasari wa Utafiti - Mei 2025: Manufaa ya pesa taslimu pekee na pesa+ushauri kwa wajasiriamali wadogo wa Kenya na wakimbizi huko Nairobi, Kenya.",Disaster/Health
Jiunge au anza programu ya ulinzi wa ujirani katika eneo lako.,Security
Pokot Magharibi: Taarifa ya Onyo la Mapema kuhusu Ukame kwa Mei 2023,Disaster/Health
"Kenya - Hali ya hewa kali na mafuriko (vyombo vya habari, NOAA-CPC) (ECHO Daily Flash ya 2 Aprili 2026)",Disaster/Health
Mbinu za Uchumi wa Kibiolojia wa Mviringo kwa ajili ya Riziki Yenye Ustahimilivu na Ujenzi wa Amani katika Mipangilio Hafifu na Iliyoathiriwa na Migogoro - Mifumo Yenye Ustahimilivu wa Chakula Katika Mazingira Hafifu | Muhtasari wa Utafiti (Mei 2026),Disaster/Health
Yeye na familia yake waliondolewa kwenye orodha ya wanaostahiki baada ya kuainishwa na mamlaka kuwa na uraia wa Kenya.,Governance
Duka moja linaongeza vita dhidi ya maambukizi ya pamoja ya TB/VVU nchini Niger,General
Ushauri wa Vyombo vya Habari: Msaidizi wa Katibu Mkuu wa Masuala ya Kibinadamu Ujumbe wa Martin Griffiths nchini Kenya,Disaster/Health
"Kwa kwenda mbele tutahitaji kuangalia athari za mafuriko, mwendelezo wa utunzaji na kutoa kujenga uwezo wa kustahimili jamii.",Health
Wanawake na wasichana wanaokimbia ukame wa Somalia wanakabiliwa na unyanyasaji wa kijinsia katika kambi za wakimbizi za Daadab,Disaster/Health
Kuboresha Lishe kwa Mbinu ya Kuhitimu: Muhtasari wa Mafunzo ya Kiufundi (Desemba 2023),Disaster/Health
"Kati ya 2020 na 2024, kaunti za Wajir na Mandera zilikabiliwa na ongezeko la watu waliohama kutokana na ukame wa muda mrefu na mafuriko yaliyofuata.",Education
Mashujaa wa COVID-19: Wazee wanawajibika kwa afya zao,General
Vyombo vya habari pia vinaripoti familia kadhaa zilizohamishwa na miundombinu iliyoharibiwa katika maeneo yote yaliyoathiriwa.,Disaster/Health
Tahadhari ya Muungano wa Fedha wa Kenya Msaada wa Pesa kwa Jamii Zilizoathiriwa na Maafa katika Kambi za Wakimbizi za Dadaab na Kakuma: Msingi (Januari 2025),Disaster/Health
Nchi za Afrika zinazojihusisha na mpango wa kwanza wa chanjo ya COVID-193 Septemba 2020,General
Kaunti ya Kilifi: Taarifa ya Onyo la Mapema kuhusu Ukame kwa Oktoba 2022,Disaster/Health
Kaunti ya Tharaka Nithi: Taarifa ya Onyo la Mapema kuhusu Ukame Julai 2024,Disaster/Health
"Huku wakikumbwa na migogoro mingi, makumi ya maelfu ya Wasomali wanamiminika kwenye kambi za wakimbizi nchini Kenya",Disaster/Health
"Sasisho la Hali ya Kenya | Aprili 2024: Vikosi vya Usalama vya Kenya Kupambana na al-Shabaab, Wanamgambo wa Wafugaji, na Vurugu za Umati",Disaster/Health
"Mtazamo wa Usalama wa Chakula nchini Kenya, Oktoba 2022 hadi Mei 2023",Disaster/Health
Zana ya utekelezaji ya kuzuia kabla ya kuambukizwa ya maambukizi ya VVU - kuunganisha huduma za STI,General
Kaunti ya Baringo: Taarifa ya Onyo la Mapema kuhusu Ukame la Januari 2023,Disaster/Health
Taarifa ya Kila Wiki kuhusu Mlipuko na Dharura Zingine: Wiki 28: 8 - 14 Julai 2024,General
"Kwa jumla, usaidizi wa WHO Kenya wa siku 10 na ufuatiliaji uliongeza idadi ya chanjo kwa makadirio 300,000.",Health
"Kulingana na Ainisho Jumuishi la Awamu ya Usalama wa Chakula, uhaba wa chakula unasalia kuwa kipengele bainifu cha hatari katika kaunti zote za ASAL.",Disaster/Health
Kaunti ya Mandera: Taarifa ya Onyo la Mapema kuhusu Ukame kwa Septemba 2022,Disaster/Health
Tafiti zetu @KEMRI_Kenya zinahusika katika utafiti wa kupata chanjo ya COVID-19; Rais Uhuru Kenyatta. #KomeshaCorona sasisho,Public Health
"KARATASI LA KIKAO KUHUSU MFUMO WA SERA KWA MABADILIKO YA ELIMU NCHINI KENYA, 2024.",General
Kenya - Maandalizi ya Q2 2023,Disaster/Health
"Mkakati huo pia unasisitiza ufanyaji biashara wa chanjo zinazotengenezwa nchini kupitia Kenya Biovax, ikitegemea PPB kupata hadhi ya ML-3.",Health
Maeneo ya Matokeo (RAs) kwa Mpango ni: (i) kusawazisha fursa za kujifunza: kuboresha matokeo ya masomo katika kaunti lengwa; (ii) kuboresha ushiriki wa wasichana katika masomo; na (iii) kuimarisha uwezo wa kutekeleza mageuzi yaliyoanzishwa.,General
"Mpango wa mchezo wa hatua 5 wa kushinda coronavirus Tafadhali osha mikono yako mara kwa mara. Tafadhali funika pua na mdomo ukipiga chafya au kukohoa Epuka kugusa macho, pua na mdomo Weka umbali wa mita 1 kutoka kwa kila anayekohoa Kama unajisikia vibaya, kaa nyumbani #KomeshaCorona",Public Health
"Taarifa ya Ujumbe Muhimu wa Kenya: Kupanda kwa bei ya mahindi kunapunguza uwezo wa kununua kaya, hasa katika maeneo ya wafugaji, Julai 2022.",Disaster/Health
"Katika kanda ya Afrika, idadi ya wanawake na wasichana wanaoishi na VVU hupata mimba kila mwaka. Kwa kukosekana kwa uingiliaji kati, kiwango cha maambukizi ya VVU kutoka kwa mama anayeishi na VVU hadi kwa mtoto wake wakati wa ujauzito, leba, kujifungua au kunyonyesha ni kati ya 15% hadi 45%. Kwa hivyo, utambuzi wa maambukizi ya VVU lazima ufuatwe mara moja na utoaji wa uhusiano wa matibabu na matunzo ya maisha yote, ikiwa ni pamoja na usaidizi wa kubaki katika huduma na kukandamizwa na virusi na kutoa huduma za washirika.",General
"Katibu Mkuu alisema mijadala yao inalenga katika kuimarisha ushirikiano ili kuimarisha utoaji wa elimu bora, jumuishi, na inayowalenga wanafunzi kotekote katika kaunti.",General
Kaunti ya Taita Taveta: Taarifa ya Onyo la Mapema kuhusu Ukame kwa Septemba 2022,Disaster/Health
Kaunti ya Kitui: Taarifa ya Onyo la Mapema kuhusu Ukame kwa Septemba 2024,Disaster/Health
Kenya: Ukame - Muhtasari wa Itifaki ya Hatua ya Mapema (EAP2022KE02),Disaster/Health
Kenya - Kaunti ya Garissa - Ramani ya Miundomsingi ya Kaunti Ndogo ya Fafi (29/08/2024),Disaster/Health
Jumuisha wanafunzi viziwi! Toa mafunzo ya lugha ya ishara.,Education
"Katika eneo ambalo masoko hayawezekani, dhaifu au hayapatikani, KRCS inafanya usambazaji wa chakula cha asili na kusaidia ulinzi wa mifugo kupitia virutubisho vya kulisha mifugo, ufikiaji wa mifugo na upatikanaji wa maji wa kimkakati.",Agriculture
Juhudi za Benki ya Maendeleo ya Kimataifa ili Kusimamia Makabiliano ya Hali ya Hewa,Disaster/Health
Kingamwili mbili za monoclonal (Inmazeb na Ebanga) ziliidhinishwa kwa matibabu ya maambukizo ya Zaire ebolavirus kwa watu wazima na watoto na Utawala wa Chakula na Dawa wa Merika mwishoni mwa 2020.,General
"Sasisho la Mtazamo wa Usalama wa Chakula Kenya, Agosti 2023",Disaster/Health
"Katika jitihada zinazoendelea za kukomesha janga la UKIMWI, uchunguzi upya wa ushahidi unaonyesha kuwa VMMC inasalia kuwa afua muhimu, pamoja na afua zingine zenye ufanisi za kitabia na za kimatibabu za kuzuia VVU. VMMC inapaswa kuungwa mkono kama chaguo kuu la kuzuia VVU, ndani ya kuzuia mchanganyiko kwa vijana wa miaka 15 na zaidi na wanaume watu wazima katika mazingira yenye milipuko ya jumla ya VVU.",General
"Kanuni ya 1 ya Kanuni za Usimamizi wa Fedha za Umma (Michezo, Sanaa na Mfuko wa Maendeleo ya Jamii) za mwaka 2018, ambazo zitajulikana baadaye kama ""Kanuni kuu"" inafanyiwa marekebisho kwa kufuta maneno ""Sanaa na Maendeleo ya Jamii"" yanayoonekana mara baada ya neno ""Michezo"" na kuweka badala ya maneno ""na Sanaa"". 3.",Governance
Karatasi ya Ukweli: Usaidizi wa Fedha wa Tahadhari ya Kenya Cash Consortium kwa Jamii Zilizoathiriwa na Maafa huko Dadaab na Kakuma-Kalobeyei eneo la kuhifadhi wakimbizi: Endline (Februari 2026),Disaster/Health
Kenya Wakimbizi waliosajiliwa na wanaotafuta hifadhi | Julai 2025,Disaster/Health
Maombi ya mafunzo lazima yaambatane na dakika za Kamati ya Ushauri ya Usimamizi wa Rasilimali Watu (HRMAC).,Disaster/Health
Jinsi ya kujikinga na COVIDー19 @WHOKenya @KNH_hospital @MTRHofficial @Kemsa_Kenya @KEMRI_Kenya @KenyaAirports @PDUDdelivery @SpokespersonGoK,Public Health
"Madhumuni ya ufuatiliaji huu ni kutathmini kiwango cha maambukizi ya ukinzani wa dawa za VVU miongoni mwa watoto wachanga wasio na ujuzi wa matibabu walio na umri wa chini ya miezi 18 (bila kujali uzuiaji wa maambukizi kutoka kwa mama kwenda kwa mtoto), ambao wamegunduliwa hivi karibuni na VVU kwa kutumia utambuzi wa watoto wachanga mapema katika kipindi cha miezi 12.",General
Rais wa IFAD na Rais wa Kenya wakubali kuharakisha kilimo na kukabiliana na hali ya hewa,Disaster/Health
"Abdullahi anakanusha hili, akisema yeye, mke wake, wala mama yake si raia wa Kenya, na kwamba watoto wake wote bado ni watoto.",Governance
"MASHARTI YA REJEA – USHAURI WA UTHIBITISHO HURU WA MATOKEO KATIKA MFANO WA SHULE ZILIZOPANGIWA-WALIMU WALIOPEWA WALIMU, HUDUMA ZA MSAADA WA WALIMU WA SHULE, UTOAJI WA VITABU, NA WANUFAIKA WA USOM NA USHAURI.",General
Kaunti ya Makueni: Taarifa ya Onyo la Mapema kuhusu Ukame kwa Oktoba 2024,Disaster/Health
"Kampala—Katika zahanati ya afya huko Arua, mji wa mpakani kaskazini mwa Uganda, wafanyakazi wako katika hali ya tahadhari baada ya kumhudumia bila kutarajia mgonjwa ambaye baadaye aligundulika kuwa na ugonjwa wa Ebola uliosababishwa na virusi vya Bundibugyo. Ilikuwa…",General
Kaunti ya Kwale: Taarifa ya Onyo la Mapema kuhusu Ukame kwa Juni 2024,Disaster/Health
"Ukame katika Pembe ya Afrika: Majibu ya ACTED kwa uhaba wa maji katika Kaunti ya Samburu, Kaskazini mwa Kenya",Disaster/Health
"Kenya, Afrika | Dharura Changamano - Rufaa ya Dharura: Mkakati wa Utendaji (MDRKE068)",Disaster/Health
SEHEMU YA VI – KURIPOTI NA KUFICHUA 32— Kuripoti. 33- Kufichua. 34 - Uwazi wa kifedha.,Disaster/Health
"Virusi huharibu na kudhoofisha utendaji wa seli za kinga, watu walioambukizwa hatua kwa hatua huwa na upungufu wa kinga. Mwili unazidi kushindwa kupambana na maambukizi na magonjwa na kuathiriwa na magonjwa nyemelezi na saratani. Utendaji wa kinga kwa kawaida hupimwa kwa hesabu ya seli za CD4.",General
"Ndani ya Afrika Mashariki, Kenya ni nchi ya asili, usafiri, na marudio ya watu wanaohama, huku Nairobi ikitumika kama mji mkuu na kitovu cha uchumi wa nchi.",Disaster/Health
"KRCS imeweka kipaumbele cha upatikanaji wa maji salama na safi kupitia mchanganyiko wa lori la dharura la maji, ukarabati wa vituo vya kimkakati vya maji kama vile uwekaji jua wa visima na uanzishwaji wa vioski vya kufanyia kazi na vituo vya kunyweshea mifugo.",Disaster/Health
"Uagizaji wa mbolea tayari umecheleweshwa, na hivyo kuathiri utumiaji wake kwa wakati mwanzoni mwa msimu wa mazao wa 2026, haswa katika maeneo ya kilimo yenye mwelekeo wa soko wa maeneo ya magharibi mwa nchi.",Agriculture
"Katika sehemu hii ya mbali ya Kenya, umbali mrefu, ardhi ngumu na ukosefu wa usalama unaendelea kuzuia upatikanaji wa huduma za kitaalamu wakati wa kujifungua, hivyo kuwaweka akina mama na watoto wachanga katika hatari kubwa.",Security
COVID-19 inagusa huduma za afya zinazookoa maisha barani Afrika05 Novemba 2020,General
"Mtazamo wa jumla wa serikali, unaoongozwa na Rais William Ruto, ni kuhakikisha kwamba tunafanya kazi katika sekta zote ili kupunguza machungu kwa wengi,"" asema Hilary Limo, meneja wa Kituo cha Operesheni za Dharura za Afya ya Umma.",Health
"Vyombo vya habari viliripoti, kufikia tarehe 4 Mei, vifo 18, kati yao tisa viko katika eneo la Mashariki, vitatu katika eneo la kati, na viwili kila kimoja katika mikoa ya Pwani, Nairobi na Bonde la Ufa.",Disaster/Health
VIDEO:Mpango wa Kuboresha Shule (Kenya) Hati kuhusu Mtaala na Maagizo,General
"Usimamizi wa Sera ya Elimu ya Msingi (Utoto wa Awali, Msingi na Sekondari).",General
Kenya inasonga mbele kuunganisha hatua za hali ya hewa na kupunguza hatari za majanga,Disaster/Health
Afrika inashuhudia kupungua kwa muda mrefu zaidi kwa kesi za COVID-1914 Avril 2022,General
"JAMHURI YA KENYA RASIMU YA HAZINA YA TAIFA NA MIPANGO YA UCHUMI 2024 MARUDIO NA MTAZAMO WA BAJETI SEPTEMBA 2024 2 ©2024 Karatasi ya Mapitio ya Bajeti na Mtazamo (BROP) Ili kupata nakala za hati, tafadhali wasiliana na: Ofisi ya Mahusiano ya Umma Hazina ya Kitaifa ya Hazina ya Kitaifa.",Governance
"Maeneo yanayohifadhi wakimbizi, kama vile kambi ya wakimbizi ya Dadaab katika Kaunti ya Garissa, kambi ya wakimbizi ya Kakuma na Makazi Jumuishi ya Kalobeyei katika Kaunti ya Turkana, ambapo hali ya kibinadamu inaendelea kubadilika huku kukiwa na vikwazo vya ufadhili na mabadiliko ya sera.",Governance
"Ajira kwa wakimbizi ilipungua kwa nusu kati ya mawimbi ya utafiti, ikishuka kutoka 13% hadi 7% katika kambi na kutoka 50% hadi 37% katika maeneo ya mijini.",Disaster/Health
"Hadithi za #COVID19 Vs Ukweli. Hadithi ya Gargling maji moto yenye chumvi inaweza kusaidia kuzuia #COVID19. Ukweli kwamba virusi vya kupumua haviathiriwi na maji ya chumvi, data juu ya hali kama hizo zinaonyesha. Baadhi ya madai kwamba kusugua na bleach au ethanol kunaweza kusaidia pia ni uwongo na hatari. #KomeshaCorona",Public Health
Kaunti ya Lamu: Taarifa ya Onyo la Mapema kuhusu Ukame ya Novemba 2022,Disaster/Health
Hawana baba na hawana msaada.,Disaster/Health
Kaunti ya Lamu: Taarifa ya Onyo la Mapema kuhusu Ukame kwa Agosti 2023,Disaster/Health
Kaunti ya Meru (Meru-Kaskazini): Taarifa ya Onyo la Mapema kuhusu Ukame Machi 2024,Disaster/Health
"Mvua kubwa imekuwa ikiathiri kaunti kadhaa za Kenya tangu tarehe 21 Aprili, na kusababisha mito kufurika (haswa mto Tana).",Disaster/Health
"Kwa pamoja, TUNAWEZA KUSHINDA, KWA PAMOJA, TUNA IMARA ZAIDI. Piga #719 ikiwa unahitaji usaidizi. #KomeshaCorona sasisho.",Public Health
Kutoa ujuzi na ustadi unaofaa na wa kutosha katika taaluma za kimkakati ili kuchochea maendeleo ya kiviwanda na kiuchumi kulingana na matarajio ya Wakenya.,General
Kenya: IPC Ukosefu wa Chakula Mkali na Uchambuzi Mkali wa Utapiamlo (Februari - Juni 2023) Limechapishwa tarehe 20 Februari 2023,Disaster/Health
"Mwaka wa 2025 ulipoendelea huku kukiwa na hali ya kutokuwa na uhakika na changamoto za kibinadamu zinazoongezeka kikanda, Ujumbe wa ICRC wa Mkoa wa Nairobi uliendelea kufanya kazi pamoja na washirika na jamii ili kudumisha ubinadamu mahali palipohitajika zaidi.",Disaster/Health
"Annex: Roadmap 2024 -Programu ya Kikanda ya Kuimarisha Hali ya Hewa ya Uwekezaji kwa Uwezeshaji wa Kiuchumi kwa Wakimbizi, Waliorejea na Wakaribishaji/Wanawake wa Jumuiya ya Kurudi Mashariki na Pembe ya Afrika na Ukanda wa Maziwa Makuu.",Disaster/Health
Kenya: Dashibodi ya Ufuatiliaji Mtiririko (Ago-Sep 24),Disaster/Health
Wanawake wa Kenya wanaongoza juhudi za amani katika migogoro ya muda mrefu,Disaster/Health
"ukusanyaji sahihi, utunzaji, usafirishaji na uhifadhi wa vielelezo; na",General
"Spika, ni heshima na fursa hii kuwasilisha kwa Waheshimiwa Wabunge wa Bunge hili Tukufu na wananchi wa Kenya, bajeti ya pili ya Utawala wa Kenya Kwanza chini ya uongozi wa Mheshimiwa Dkt.",Governance
Kutana na Anne Ngugi Msambazaji na Mhudumu wa Madaktari katika @StJohnKenya Yeye ni sehemu ya watoa huduma wa kwanza wa mashirika mbalimbali ya Coronavirus ( #COVID-19) kwenye hali ya kusubiri Asante YU Piga Simu ya #COVID19 Simu BILA MALIPO - 719 Au Tuma SMS - *719# #StaySafe #KomeshaCorona @WHOKenya @SpokespersonGoK,Public Health
Taarifa Muhimu ya Kenya Januari 2024: Upatikanaji wa chakula na mapato ya kaya unatarajiwa kuboreshwa hadi angalau Mei 2024,Disaster/Health
"Tunatoa wito kwa vijana kuunga mkono juhudi za Serikali. Pia tunawahimiza wachuuzi wa soko, vinyozi, saluni na waendeshaji matatu kukumbuka mazungumzo yetu ya awali ya kuvaa vinyago na kuweka umbali wa kijamii. #KomeshaCorona sasisho",Public Health
USAID Keneya Nieta (Afya ya Kaya na Jamii),Disaster/Health
World Vision na washirika wa KOICA kukabiliana na ukame unaosababishwa na mabadiliko ya hali ya anga katika Kaunti ya Narok kwa uwekezaji wa KSh 177 milioni.,Disaster/Health
Shirika lisilo la faida la CFK Africa Yachangisha Pesa Kuwasaidia Wafanyabiashara Waliohamishwa na Toi Market Fire nchini Kenya,Disaster/Health
"Kwa kuzingatia mafunzo yaliyopatikana kutoka kwa Jielimishe GEC, lengo la jumla la Jielimishe GEC T ni kuboresha nafasi za maisha za wasichana, 2,390 katika shule ya msingi na 7,730 katika shule ya sekondari kwa kutumia mbinu ya jumla kukamilisha mzunguko wa elimu, mpito hadi ngazi inayofuata na kuonyesha kujifunza, pamoja na kutoa njia mbadala. Kando na kulenga wasichana kama wanufaika wa moja kwa moja, mradi pia unalenga wavulana 6,980 (3,190 wa shule za msingi za juu na 3,790 katika shule za sekondari).",General
"Kenya - Mafuriko (vyombo vya habari, Kenya Met Department, NOAA - CPC) (ECHO Daily Flash ya 9 Machi 2026)",Disaster/Health
"Kupitia hatua hii, KCC inalenga kuimarisha jukumu lake kama mtoaji wa usaidizi wa kibinadamu unaobadilika na unaofaa, kutumia ushirikiano dhabiti na uratibu ili kuongeza athari, kuimarisha uthabiti, na kuendeleza mwitikio thabiti na unaotazamia mbele zaidi kwa mizozo ya mara kwa mara nchini Kenya.",Disaster/Health
"WHO inapendekeza mbinu ya kuzuia mchanganyiko, iliyoundwa kwa idadi ya watu na kuakisi ugonjwa wa mazingira.",General
Kenya: Hatua za Kutarajia Kuhusu Ugonjwa wa Virusi vya Ebola Ripoti ya Mwisho ya DREF (MDRKE052),Health
Kenya: Mpango wa Kujitayarisha kwa Janga la Jamii na Janga (CP3) - Matokeo ya Ubora ya Utafiti wa KAP,Disaster/Health
Muhtasari wa ILO - Kukumbatia uvumbuzi na ujumuishaji: Kuimarisha sekta ya urembo ya Kenya kwa jamii zinazowakaribisha na wakimbizi wa mijini.,Disaster/Health
Kaunti ya Taita Taveta: Taarifa ya Onyo la Mapema kuhusu Ukame Aprili 2024,Disaster/Health
Kuimarishwa kwa upatikanaji na ufuatiliaji wa maji safi katika Mkoa wa Gaza kufuatia mafuriko,General
"Kuhamisha teknolojia mara kwa mara kupitia mbinu shirikishi kati ya taasisi za TVET na tasnia husika;Kukuza utu na adabu ya kazi, hasa kazi ya mikono;",General
"Tukiangalia mbeleni, UNDRR inapanga kuendelea kutoa usaidizi kwa uwezo wa kitaasisi wa DRM wa Kenya, ikiwa ni pamoja na kuendeleza uchanganuzi wake wa gharama-manufaa ya uwekezaji wa DRR.",Disaster/Health
"Uondoaji wa MTCT ya VVU unaungwa mkono kwa nguvu na ahadi za kimataifa na kukuza ujumuishaji wa uzuiaji wa afua za MTCT katika huduma za afya ya mama, watoto wachanga, watoto na vijana, pamoja na mifumo ya afya iliyoimarishwa. Kwa kuongeza, kuboreshwa kwa upatikanaji wa huduma za afya ya ngono na uzazi - ikiwa ni pamoja na kuzuia mimba zisizotarajiwa na uchunguzi na matibabu ya magonjwa ya zinaa kwa wanawake na wasichana wanaoishi na VVU - inakuzwa kikamilifu.",General
Waziri Julius Migos Ogamba akipokea zawadi kutoka kwa maafisa wa elimu wakiongozwa na Waziri wa Elimu ya Msingi Prof. Julius Bitok,General
Kaunti ya Laikipia: Taarifa ya Onyo la Mapema kuhusu Ukame la Januari 2023,Disaster/Health
Kaunti ya Wajir: Taarifa ya Onyo la Mapema kuhusu Ukame kwa Mei 2024,Disaster/Health
Dashibodi ya Kukabili Ukame Kenya (Agosti 2022),Disaster/Health
Viongozi wa afya ya akili wanajitolea kupanua huduma zinazozingatia haki katika Afrika Magharibi na Kati,General
Ofisi ya Nchi ya WHO Inasaidia Wizara ya Afya katika Upangaji wa Maandalizi ya Ugonjwa wa Mafua,General
"Kenya, Afrika | Sasisho la Operesheni ya Mafuriko 2023 (MDRKE058) (05/02/2024)",Disaster/Health
"Kenya, Uhamisho wa Pesa Juu ya Usalama wa Chakula na Usawa wa Jinsia: Tathmini ya Athari | Mpango wa Chakula Duniani",Disaster/Health
Inakuwaje kunusurika ukeketaji wa wanawake (FGM),Disaster/Health
Kaunti ya Kitui: Taarifa ya Onyo la Mapema kuhusu Ukame kwa Juni 2024,Disaster/Health
KEN: Janga - 02-2025 - Ripoti ya eneo la Mlipuko wa Kipindupindu #3 (2025-03-27),Disaster/Health
"Ardhi kame na nusu kame (ASAL) kaskazini mwa Kenya, haswa kaunti za Marsabit, Mandera, Wajir, Turkana na Garissa, zinaendelea kupata mahitaji ya kibinadamu ya pande nyingi zinazoendeshwa na makutano ya majanga ya hali ya hewa, mazingira magumu sugu, na kutengwa kwa kijamii na kiuchumi.",Disaster/Health
"Ili kukomesha UKIMWI, jamii huhamasishwa kuwashirikisha wanaume na wavulana",Disaster/Health
Kenya Takwimu Infographics | Aprili 2026,Disaster/Health
"Wizara ya Elimu (MOE) inatunga na kutekeleza sera za elimu na mafunzo, viwango, mitaala, mitihani na utoaji wa hati za vyuo vikuu. Pia inawajibika kwa usimamizi wa vyuo vikuu, taasisi za elimu ya juu na taasisi nyingine za utafiti na elimu ya juu na shule za msingi, elimu maalum, shule za sekondari na taasisi za elimu maalum.",General
"Riziki, Ustahimilivu na Uhamiaji Katika Muktadha wa Mabadiliko ya Hali ya Hewa ya Kuanza Polepole katika Mkoa wa IGAD, Uchunguzi Kifani wa Eneo la Mpakani la Karamoja-Turkana.",Disaster/Health
Dira ya sekta ndogo ya TVET ni kutoa rasilimali watu wenye ujuzi na ushindani wa kimataifa wanaoweza kuajiriwa.,General
Kenya | Dharura Changamano - Usasishaji wa Uendeshaji wa Miezi 6 - MDRKE068,Disaster/Health
"Taarifa ya Bei ya Kenya, Oktoba 2023",Disaster/Health
"Kenya - Mafuriko, sasisho (UN OCHA, Reliefweb, Idara ya Hali ya Hewa ya Kenya, vyombo vya habari) (ECHO Daily Flash ya 12 Aprili 2024)",Disaster/Health
Kaunti ya Nyeri (Kieni): Taarifa ya Onyo la Mapema kuhusu Ukame kwa Septemba 2022,Disaster/Health
Kenya: Uhamisho wa fedha unaleta ahueni - na mbuzi - kwa wafugaji waliokumbwa na ukame,Disaster/Health
Wanachama wa jopo kazi kuhusu afya ya akili wakiongozwa na Prof. Lukoye Atwoli walimtembelea CEC wa kaunti ya Uasin Gishu Eveline Rotich kabla ya kuendesha vikao vya umma katika Ukumbi wa mji wa Uasin Gishu. Kikosi Kazi pia kilitembelea wagonjwa wa afya ya akili katika MTRH @syengomutisya @360mental,Public Health
Mjumbe Maalumu wa Rais wa Hali ya Hewa John Kerry Atangaza Dola Milioni 4 Kushughulikia Uhamaji wa Hali ya Hewa nchini Kenya,Disaster/Health
Ukame unaozidi kuwa mbaya nchini Kenya unasababisha ongezeko la wanafunzi wanaoacha shule,Disaster/Health
"NAIROBI, Kenya- Kenya inaingia katika wakati madhubuti katika kukabiliana na kulazimishwa kuhama makazi yao.",Disaster/Health
"(c) kuendeleza na kuimarisha ushirikiano na taasisi nyingine za kitaaluma (kitaifa, kikanda na kimataifa) ili kufuata ubora wa kitaaluma;",General
Kaunti ya Tharaka Nithi: Taarifa ya Onyo la Mapema kuhusu Ukame kwa Mei 2024,Disaster/Health
"Ujanibishaji wa programu za ulinzi huko Garissa & Turkana, Kenya (Desemba 2023)",Disaster/Health
Kaunti ya Kajiado: Taarifa ya Onyo la Mapema kuhusu Ukame la Aprili 2024,Disaster/Health
Kutumia fursa mpya Ziara za chanjo ya Malaria pia zinaunda fursa mpya kwa wahudumu wa afya kuwaona watoto ambao pengine wasije kwenye vituo vya afya au hospitali—na kuwapima ili kubaini chanjo nyingine zozote walizokosa.,Health
Kugunduliwa mapema kwa TB na kuunganishwa kwa haraka kwa matibabu ya TB na ART kunaweza kuzuia vifo hivi. Uchunguzi wa TB unapaswa kutolewa mara kwa mara katika huduma za matunzo ya VVU na upimaji wa VVU wa kawaida utolewe kwa wagonjwa wote walio na TB ya kudhaniwa na kugunduliwa. Watu ambao wamegunduliwa kuwa na VVU na TB hai wanapaswa kuanza matibabu madhubuti ya TB (pamoja na TB sugu ya dawa nyingi) na ART. Tiba ya kuzuia TB inapaswa kutolewa kwa watu wote wenye VVU ambao hawana TB hai.,General
Kaunti za Turkana na Marsabit zilitambuliwa kuwa katika hatari kubwa kutokana na mpaka wao wa pamoja na Ethiopia.,Disaster/Health
Sheria Mpya ya Wakimbizi nchini Kenya na Maana yake kwa Wakimbizi,Disaster/Health
"Mafuriko Kenya: Shule zilizoharibiwa zinamaanisha zaidi ya watoto 15,000 hawataweza kurudi kujifunza wiki ijayo",Disaster/Health
"Chini ya Rufaa ya Dharura ya Shirikisho la Kimataifa la IFRC kwa Kenya: Dharura Changamano, KRCS inatoa mwitikio ulioratibiwa, wa sekta mbalimbali unaochanganya usaidizi wa chakula, maji salama, huduma za afya na lishe, pesa taslimu na usaidizi wa kujikimu kimaisha.",Disaster/Health
Kaunti ya Samburu: Taarifa ya Onyo la Mapema kuhusu Ukame Juni 2024,Disaster/Health
Pembe ya Afrika: Watoto 600K walioathiriwa na mafuriko makubwa huku mvua kubwa ikinyesha kutishia maafa zaidi,Disaster/Health
Kaunti ya Tana River: Taarifa ya Onyo la Mapema kuhusu Ukame ya Juni 2022,Disaster/Health
WHO na Kenya zakabidhi vitanda vya maonyesho na vifaa vya saratani ili kuimarisha huduma za afya ya uzazi na wanawake,General
Kaunti ya Mandera: Taarifa ya Onyo la Mapema kuhusu Ukame la Mei 2022,Disaster/Health
"Usaidizi wa Pesa Unaoongozwa na Nchi, Unaobadilika kwa Jamii Zilizoathiriwa na Maafa Kote Kenya.",Disaster/Health
Kenya - Kaunti ya Garissa - Dadaab - Ramani ya Miundombinu ya Kambi ya Wakimbizi ya Hagadera (29/08/2024),Disaster/Health
Ametembelea mara kwa mara ofisi za mashirika ya misaada kutafuta majibu - lakini mara nyingi hawezi hata kupata misombo ya ulinzi.,Disaster/Health
"Kambi ya Wakimbizi ya Dadaab na Kakuma nchini Kenya | Mpango wa Pamoja wa Ufuatiliaji wa Soko (JMMI) Q3 (Julai - Septemba, 2024)",Disaster/Health
"Rais Uhuru Kenyatta, mnamo 2019, alichukua jukumu la Bingwa wa Gavi kuunga mkono ujanibishaji wa Gavi. Hii ni kutokana na kujitolea kwake katika chanjo na kuboresha maisha ya watoto, na uongozi wake katika vuguvugu la kimataifa la Huduma ya Afya kwa Wote.",Public Health
"Kaya nyingi hutegemea hatua za kimsingi kama vile feni, kunywa maji zaidi na kuvaa nguo nyepesi.",Disaster/Health
Kenya: Uhaba wa Chanjo Unahatarisha Maisha ya Watoto katika Mipangilio ya Mbali na ya Kibinadamu,Disaster/Health
"Kwenye uhamisho wa pesa taslimu, wizara huandaa ratiba za malipo ya pesa taslimu , pesa taslimu huhamishiwa kwenye benki tanzu hadi akaunti ya shule za wanufaika , kamati ya shule hudhibiti akaunti za shule , kuna akaunti maalum ya milo ya shule pekee, mgao wa kila baada ya shule unatokana na uandikishaji uliothibitishwa mwishoni mwa muhula,idadi ya siku za uhamisho wa shule; kwa kila mtoto kiwango cha siku na toa :salio la akaunti ya benki na chakula kilichobebwa kutoka kwa muda uliopita. Pesa zinapowekwa kwenye akaunti ya shule, ununuzi wa bidhaa za chakula hupitia mchakato wa ushindani wa zabuni, kwa kufuata miongozo kama inavyoshauriwa na wizara.",General
Kaunti ya Nyeri (Kieni): Taarifa ya Onyo la Mapema kuhusu Ukame Oktoba 2022,Disaster/Health
"Ukame mkali unaendelea kuathiri Ardhi Kame na Nusu Kame nchini Kenya (ASAL), na kuacha zaidi ya watu milioni 2.12 wakikabiliwa na uhaba mkubwa wa chakula. Viwango vya utapiamlo vinaongezeka, hasa miongoni mwa watoto chini ya miaka mitano na wanawake wajawazito na wanaonyonyesha. Licha ya hali mbaya na kuongezeka kwa mahitaji ya kibinadamu, Shirika la Msalaba Mwekundu la Kenya linatoa usaidizi wa kuokoa maisha kwa kaunti zilizoathiriwa zaidi.",General
Kaunti ya Embu (Mbeere): Taarifa ya Onyo la Mapema kuhusu Ukame ya Juni 2022,Disaster/Health
Huduma za Taarifa za Hali ya Hewa na Mikopo ya Hatari: Kuchunguza Mpango wa CGIAR juu ya Ustahimilivu wa Hali ya Hewa (ClimBeR) Ushawishi na Athari za Kuingilia,Disaster/Health
Biashara inayoongozwa na wakimbizi hutoa nishati safi kwa wakaazi wa kambi,Disaster/Health
"PS Amb. (Prof) Julius Bitok wakati wa uzinduzi wa Kongamano la Wizara ya Elimu mjini Naivasha, 2025",General
Kaunti ya Kilifi: Taarifa ya Onyo la Mapema kuhusu Ukame kwa Agosti 2023,Disaster/Health
Kaunti ya Meru (Meru-Kaskazini): Taarifa ya Onyo la Mapema kuhusu Ukame Januari 2024,Disaster/Health
"Kenya, Afrika | Mafuriko ya El Niño 2023-24 Rufaa ya Dharura MDRKE058 (Marekebisho # 1)",Disaster/Health
Kaunti ya Lamu: Taarifa ya Onyo la Mapema kuhusu Ukame Julai 2022,Disaster/Health
Kaunti ya Garissa: Taarifa ya Onyo la Mapema kuhusu Ukame kwa Septemba 2024,Disaster/Health
"Mwitikio wa Pesa wa Malengo Mbalimbali wa Kenya Cash Consortium kwa Jamii Zilizoathiriwa na Mafuriko nchini Kenya: Msingi, Februari 2024",Disaster/Health
Sante planetaire et uzoefu vecues des femmes handicapees wanakabiliwa na athari aux du climat sur l'equite en sante au Kenya et en Ouganda (Janvier 2026),Disaster/Health
"Kenya - Maporomoko ya ardhi na mafuriko, sasisho (Meteo Kenya, vyombo vya habari) (ECHO Daily Flash ya 7 Novemba 2025)",Disaster/Health
"Muhtasari wa Nchi wa WFP Kenya, Aprili 2025",Disaster/Health
Kaunti ya Baringo: Taarifa ya Onyo la Mapema kuhusu Ukame Julai 2023,Disaster/Health
"Kifungu cha 7(1) cha Sheria ya Manunuzi ya Umma na Uondoaji Mali ya mwaka 2015, (Sheria) kinasema Hazina ya Taifa iliyoanzishwa chini ya kifungu cha 11 cha Sheria ya Usimamizi wa Fedha za Umma ya mwaka 2012 itawajibika kutunga Sera ya Ununuzi na Usambazaji wa Mali za Umma.",Governance
WFP na Jamhuri ya Korea huongeza ustahimilivu na usalama wa chakula kwa familia zilizo hatarini nchini Kenya,Disaster/Health
Ukuaji wa kimataifa unakadiriwa kuwa asilimia 3.2 mwaka 2024 na asilimia 3.3 mwaka 2025 kutoka asilimia 3.3 mwaka 2023.,Disaster/Health
Uwekaji kipaumbele wa kijiografia nchini Kenya na Uganda: uchanganuzi wa nguvu wa mpito wa wafadhili,Disaster/Health
"Wakati kipaumbele cha wazi ni kuzuia watu kutoka kwa njaa, lazima wakati huo huo tuimarishe mwitikio wetu wa kiafya ili kuzuia magonjwa na kuokoa maisha.",Health
Kaunti ya Wajir: Taarifa ya Onyo la Mapema kuhusu Ukame kwa Machi 2023,Disaster/Health
Milo ya shule imechangia pakubwa kutatua changamoto zinazoathiri upatikanaji wa elimu bora nchini Kenya. Milo ya shule ya nyumbani(HGMSP) imepanuka na kuwa mojawapo ya miradi kuu ya Wakenya inayohimiza watoto kutoka kaya zisizo na chakula kuhudhuria shule mara kwa mara. Mpango huo kwa hiyo ni uwekezaji mkubwa wa elimu ambao umechangia kuimarisha upatikanaji wa elimu ya shule ya msingi.,General
Kaunti ya Kilifi: Taarifa ya Onyo la Mapema kuhusu Ukame kwa Oktoba 2023,Disaster/Health
Kaunti ya Isiolo: Taarifa ya Onyo la Mapema kuhusu Ukame kwa Machi 2023,Disaster/Health
Kaunti ya Isiolo: Taarifa ya Onyo la Mapema kuhusu Ukame Julai 2024,Disaster/Health
Mpango wa Shiŕika: Mtazamo shupavu wa Kenya wa kuwaunganisha wakimbizi,Disaster/Health
Kaunti ya Turkana: Taarifa ya Onyo la Mapema kuhusu Ukame kwa Machi 2024,Disaster/Health
Shirika la Afya Ulimwenguni (WHO) linapendekeza kwamba nchi zisafirishe angalau 5% ya sampuli zao za COVID-19 kwenye maabara ya upangaji wa marejeleo au ziendelee kutoa data ya mfuatano ikiwa zina uwezo.,Health
Jifunze jinsi Mbinu ya Thailand ya 'Merit Maker' ya Kuzuia Kuzama Majini ilivyopunguza vifo vya watoto chini ya miaka 15 kwa 67% tangu mwaka 2006.,Health
Kaunti ya Samburu: Taarifa ya Onyo la Mapema kuhusu Ukame kwa Oktoba 2024,Disaster/Health
"Chanjo ya malaria ya RTS,S/AS01 (RTS,S) ni chanjo ya kwanza inayopendekezwa kuzuia malaria kwa watoto.",Health
Kaunti ya Turkana: Taarifa ya Onyo la Mapema kuhusu Ukame kwa Januari 2024,Disaster/Health
Utunzaji wa hospitali kwa ugonjwa mbaya katika mipangilio ya rasilimali ya chini: masomo yaliyopatikana wakati wa janga la COVID-19,Disaster/Health
Madhara sugu na ya kudumu ya joto huchangia mzigo mkubwa kwa afya na jamii.,Health
Katibu Mkuu akaribisha uchaguzi mkuu wa amani nchini Kenya,Disaster/Health
Kaunti ya Baringo: Taarifa ya Onyo la Mapema kuhusu Ukame la Aprili 2024,Disaster/Health
Kaunti ya Mandera: Taarifa ya Onyo la Mapema kuhusu Ukame kwa Agosti 2024,Disaster/Health
"Malaria inaweza kuzuilika kwa kutumia vyandarua, kunyunyizia kaya dawa za kuua wadudu, kuchuja madirisha ili kuzuia mbu wasiingie, dawa za kinga kwa wajawazito pale inapobidi na hatua za kimazingira. #SikuYaMalaria Duniani #ZeroMalariaInaanzaNami #KomeshaCorona",Public Health
Mabango ya COVID-19 yaliyochapishwa na USAID/MSP yamewasilishwa katika kaunti mbalimbali ili kuongeza uhamasishaji wa kuzuia kuenea kwa virusi vya #KomeshaCorona sasisho.,Public Health
Kaunti ya Laikipia: Taarifa ya Onyo la Mapema kuhusu Ukame kwa Machi 2022,Disaster/Health
"Malengo ya Programu ni kupunguza tofauti za kikanda katika matokeo ya kujifunza, kuboresha uhifadhi wa wasichana katika elimu ya msingi ya juu, na kuimarisha mifumo ya kutoa matokeo ya elimu sawa.",General
Ndani ya Vita vya Kudhibiti Mbegu nchini Kenya: Kwa Nini Wakulima Wadogo Wanataka Kushiriki Mbegu za Kienyeji,Disaster/Health
"Mtazamo wa Usalama wa Chakula Kenya: Uhaba wa chakula katika maeneo ya wafugaji unazidi kuwa mbaya huku kukiwa na utabiri wa mvua fupi za chini ya wastani, Agosti 2025",Disaster/Health
"Mama wa watoto watano mwenye umri wa miaka 32 kutoka Gatwekera katika kaunti ndogo ya Kibera, Kaunti ya Nairobi, alirejea nyumbani na kupata kila kitu kimezama, ikiwa ni pamoja na rekodi za chanjo za watoto wake.",Health
Upangaji shirikishi katika nchi kavu za Kenya: Muundo wa Mipango ya Maendeleo ya Kata,Disaster/Health
Afrika inarekodi zaidi ya kesi 200 000 za COVID-1911 Juni 2020,General
Serikali huchapisha faharisi ya bei ya soko kwa wakulima wadogo.,Agriculture
"Kaunti ya Samburu, Kenya - Katika kijiji cha Lolmolong, katika Kaunti ya Samburu kaskazini mwa Kenya, Neshoo Leaungokiok alifanya kazi usiku kucha, mbali na kituo cha afya cha karibu. Bila usafiri wowote na safari ya saa sita ...",General
Ripoti ya Muhtasari wa Kenya: Uchambuzi wa haraka wa jinsia na mahitaji huko Kwale (Novemba 2022),Disaster/Health
Kaunti ya Embu (Mbeere): Taarifa ya Onyo la Mapema kuhusu Ukame la Januari 2024,Disaster/Health
Sauti Trade Insights COVID-19 Bulletin Q1/Q2 2022 (Julai 2022),Disaster/Health
"Wakati wa kujiweka karantini, unashauriwa kukaa katika chumba tofauti, kuua nyuso na nguo, kuepuka kushiriki vitu vya nyumbani, ikiwa ni pamoja na vyombo, taulo na matandiko, usipokee wageni. Ukihitaji piga simu timu za dharura za MOH kwa: 719 au 0729471414 l/0732353535 kwa usaidizi",Public Health
"Takriban katikati ya mradi huu, Acted Kenya inaendelea kutoa mafunzo ya ujuzi wa kifedha kwa Vikundi vya Wanawake vya Kujisaidia, kila moja likijumuisha wanachama 30 hadi -40.",Disaster/Health
"1.Usimamizi wa Sera ya Elimu ya Utotoni, Msingi, Sekondari na Mafunzo ya Ualimu",General
Kwa kifupi: Mafuriko ya El Niño yanazidisha mahitaji ya kibinadamu nchini Kenya (Machi 2024),Disaster/Health
"SEHEMU YA V - KUZUIA UKATILI WA FEDHA, Ufadhili wa UGAIDI NA UFADHILI WA UENEZAJI KWA MTOA HUDUMA AINA YA MALI 33— Mamlaka ya mamlaka husika ya udhibiti kwa madhumuni ya AML/CFT/CPF. 34- Adhabu kwa ukiukaji unaohusiana na utakatishaji fedha, ufadhili wa ugaidi.",Disaster/Health
"Kwa miaka mingi, KCC imeunda zana, mifumo na mbinu za kutoa majibu yaliyolengwa na kwa wakati mwafaka ya sekta mbalimbali kulingana na kipaumbele cha mahitaji na ufuatiliaji endelevu wa soko, kuwezesha muungano huo kutoa usaidizi kwa zaidi ya watu 500,000.",Disaster/Health
Kaunti ya Isiolo: Taarifa ya Onyo la Mapema kuhusu Ukame kwa Septemba 2022,Disaster/Health
KomeshaCorona Chukua jukumu la kujilinda wewe na wengine.,Public Health
"Sheria za kuhakikisha usawa na usawa katika utozaji ushuru, kutoa msamaha wa ushuru pale inapohalalishwa na kusawazisha matumizi ya ushuru ambayo yanapunguza mapato ambayo yangetumiwa kutekeleza miradi inayoboresha ustawi wa Wakenya wote; na 4.",Governance
Kenya - Dashibodi ya Ufuatiliaji wa Flow Raundi ya 4 (Julai-Oktoba 2025),Disaster/Health
"Anasema kipato ni kidogo sana kuweza kugharamia chakula, mahitaji ya kimsingi, na ada kwa watoto wake watano waliokuwa wakisoma shule ya Kurani inayogharimu dola 35 kwa mwezi.",Education
"Kwa kuchanganua ufikiaji wa huduma muhimu, riziki, na uwiano wa kijamii, SMI inatambua mapungufu katika juhudi za kurejesha na kuarifu afua zinazolengwa.",Disaster/Health
Waziri Julius Ogamba atia saini MOU ya Elimu na mwenzake wa Denmark Christina Egelund,General
Kenya: Janga - 04-2024 - Mlipuko wa Kipindupindu #2 (2024-05-29),Disaster/Health
Wafadhili lazima watume fedha haraka huku hali ya kibinadamu inazidi kuzorota nchini Kenya,Disaster/Health
"Viongozi 100 wa dini za Kikristo, Kiislamu na Kihindu washiriki katika mapambano dhidi ya maambukizi mapya ya VVU, mimba za utotoni na ukatili wa kijinsia.",Disaster/Health
Kenya - Kaunti ya Garissa - Dadaab - Kambi ya Wakimbizi ya Dagahaley - Ofisi za Utawala na Miundombinu ya Vifaa vya Jamii - hadi Mei 2022,Disaster/Health
"WHO, UNICEF wahimiza shule zifunguliwe kwa usalama barani Afrika20 Agosti 2020",General
Kenya: Fedha za kusaidia uhaba wa walimu katika kambi ya wakimbizi,Disaster/Health
Muhtasari wa ILO - Kuunda njia: Kuimarisha ajira na kujumuisha jamii zinazowakaribisha na wakimbizi wa mijini katika sekta ya ujenzi nchini Kenya (Agosti 2025),Disaster/Health
"Mwitikio wa Wakimbizi wa Kenya Chini ya Dhiki: Kupunguzwa kwa Ufadhili, Usaidizi Tofauti, na Kuongezeka kwa Mgogoro wa Uwiano wa Kijamii (Agosti 2025)",Disaster/Health
Sheria inatoa msingi wa kisheria wa udhibiti wa majanga nchini Kenya.,Disaster/Health
"Nchini Kenya, mradi huu unatekelezwa ndani ya jamii 9 katika Kaunti za Pokot Magharibi na Turkana, kwa kuzingatia maendeleo yaliyoundwa na vikundi vya wanawake vilivyoungwa mkono chini ya mradi wa awali wa kilimo na maisha, THRIVE.",Disaster/Health
GIEWS Muhtasari wa Nchi: Kenya 12-Juni-2023,Disaster/Health
Kaunti ya Baringo: Taarifa ya Onyo la Mapema kuhusu Ukame kwa Machi 2024,Disaster/Health
MSF: Mbinu ya kupima na kutibu: Jinsi jamii zinavyoongoza katika matibabu ya malaria,Health
"Muhtasari wa Nchi wa WFP Kenya, Novemba 2024",Disaster/Health
Ushirikishwaji wa umma na mgao sawa wa rasilimali nchini Kenya: Masomo kutoka Isiolo na Makueni.,Disaster/Health
"Kituo cha simu tunachozindua leo, kitafanya kazi kama chombo kati ya uongozi wa Chama cha Kitaifa cha Wauguzi Kenya (NNAK), na wanachama wao kote nchini; Dkt. Mercy Mwangangi, CAS Afya.",Public Health
Kaunti ya Lamu: Taarifa ya Onyo la Mapema kuhusu Ukame kwa Machi 2022,Disaster/Health
Kenya inazindua mpango wa 'Tahadhari za Mapema kwa Wote' ili kuimarisha kujitayarisha kwa majanga,Disaster/Health
"Katika wiki iliyopita, KUCCPS imeendesha mikutano ya ushauri wa taaluma katika Kaunti ya Bungoma ikishirikiana na Kurugenzi ya Elimu ya Kaunti.",Education
"Muhtasari wa Nchi wa WFP Kenya, Aprili 2022",Disaster/Health
Ushauri wa Vyombo vya Habari - UNDP Kenya kwa ushirikiano na Hazina ya Kitaifa na Mipango itakuwa mwenyeji wa uzinduzi wa Ripoti ya Maendeleo ya Binadamu Duniani 2023/2024 - Breaking the Gridlock: Reimagining Cooperation in a Polarized World,Disaster/Health
Kaunti ya Isiolo: Taarifa ya Onyo la Mapema kuhusu Ukame kwa Agosti 2023,Disaster/Health
"Matukio ya hali ya hewa, ikiwa ni pamoja na ukame na mafuriko ya mara kwa mara, yanazidisha udhaifu uliopo na kumomonyoa ustahimilivu wa kaya.",Disaster/Health
Kaunti ya Isiolo: Taarifa ya Onyo la Mapema kuhusu Ukame kwa Februari 2023,Disaster/Health
Wazazi na Jamii ambao matarajio yao yatatimizwa kupitia taarifa zaidi na sauti iliyoimarishwa katika usimamizi wa shule ili kuboresha ubora wa elimu.,General
RIPOTI RUSHWA KATIKA UWEKEZAJI WA WANAFUNZI WA DARASA LA 10 KATIKA SHULE YA WAKUU,General
Mpango wa Kukabiliana na Mgogoro wa Kenya 2024,Disaster/Health
Kaunti ya Taita Taveta: Taarifa ya Onyo la Mapema kuhusu Ukame kwa Februari 2023,Disaster/Health
Kaunti ya Kitui: Taarifa ya Onyo la Mapema kuhusu Ukame kwa Juni 2023,Disaster/Health
Kaunti ya Narok: Taarifa ya Onyo la Mapema kuhusu Ukame kwa Oktoba 2024,Disaster/Health
"Mnamo 2026, KCC, kwa usaidizi wa Tume ya Ulaya (DG ECHO), inatekeleza hatua inayolenga kutoa Msaada wa Pesa Madhumuni (MPCA) kwa jamii zilizoathiriwa na shida kote nchini Kenya.",Disaster/Health
Kupitishwa kwa rekodi za matibabu za kielektroniki za utunzaji wa magonjwa sugu katika kambi za wakimbizi za Kenya,Disaster/Health
Kaunti ya Taita Taveta: Taarifa ya Onyo la Mapema kuhusu Ukame Aprili 2023,Disaster/Health
"Mambo ya Uhamaji: Manufaa ya Wafugaji Kuhama kwa Lishe katika Kaunti za Marsabit na Isiolo, Kenya.",Disaster/Health
Kaunti ya Wajir: Taarifa ya Onyo la Mapema kuhusu Ukame kwa Machi 2024,Disaster/Health
"Taarifa za uga kutoka kaunti ya Mandera zinaonyesha mbinu hii iliyounganishwa: baada ya vifo vingi vya mifugo kurekodiwa katika Rhamu(Chabii Barr), KRCS iliwasilisha kwa haraka lita 28,000 za maji salama pamoja na huduma za matibabu kwa kaya zilizo hatarini.",Health
Jihadhari na barua pepe zinazojifanya kuwa zinatoka benki zinazoomba uthibitishaji wa akaunti.,Security
"Kupitia diplomasia ya kibinadamu, ushirikishwaji, na usaidizi wa kiutendaji, juhudi zetu zilibaki zikilenga katika kulinda utu, kuimarisha heshima kwa Sheria ya Kimataifa ya Kibinadamu, na kujibu mahitaji yanayoendelea ya watu walioathiriwa na migogoro na vurugu katika eneo lote.",Security
Masomo kutokana na kujumuishwa kwa wakimbizi katika Mfuko wa Kitaifa wa Bima ya Hospitali (NHIF) - 05 Aprili 2022,Disaster/Health
"Leo, tunasherehekea ushirikiano wetu na @gavi , muungano wa kimataifa wa chanjo, ulioanzishwa mwaka wa 2000, ili kuleta pamoja sekta za umma na za kibinafsi duniani kote ili kuboresha upatikanaji wa chanjo mpya kwa watoto katika nchi zinazoendelea. #KomeshaCorona sasisho.",Public Health
Kenya - Kaunti ya Turkana -Ramani ya Miundombinu ya Kaunti Ndogo ya Turkana (29/08/2024),Disaster/Health
Kaunti ya Tana River: Taarifa ya Onyo la Mapema kuhusu Ukame kwa Machi 2023,Disaster/Health
Kaunti ya Wajir: Taarifa ya Onyo la Mapema kuhusu Ukame kwa Juni 2022,Disaster/Health
"Katika kaunti za mbali kama Samburu, Wajir, Lamu na zingine ambapo umbali kutoka kwa kituo cha afya au huduma zingine muhimu ulikuwa kizuizi kikubwa, timu za afya zilizowezeshwa zilishangazwa sana na utayari wa chanjo.",Health
Taarifa ya Tahadhari ya Mapema ya Kitaifa (Novemba 2023),Disaster/Health
"Kupungua kwa hivi majuzi kwa usaidizi wa kibinadamu, ikiwa ni pamoja na kupunguzwa kwa mgao wa chakula na mbinu tofauti za usaidizi kulingana na hali ya hatari ya kaya, kuna uwezekano wa kuwa na athari kubwa kwa matumizi ya chakula, madeni, mikakati ya kukabiliana, uwiano wa kijamii, na ustawi wa kaya kwa ujumla.",Disaster/Health
Ugonjwa wa #KomeshaCorona usisambae - safisha na kuua nyuso na vitu vilivyo karibu nawe ili kuzuia #COVID19 @RedCrossKe @Amref_Kenya @KenyaGovernors @SpokespersonGoK @PSofKenya @KenyaMedics_KMA @KNH_hospital @CDCCa @UNICEFKenya @ppbkenya @PDUDeliveryoff @PUDeliveryoff @,Public Health
Kuwezesha mazungumzo ya ndani na baina ya jamii huko Mandera ili kukomesha uhasama,Disaster/Health
Kaunti ya Baringo: Taarifa ya Onyo la Mapema kuhusu Ukame la Mei 2024,Disaster/Health
Zaidi ya nchi 10 barani Afrika zimeripoti kesi za COVID-1912 Machi 2020,General
"Muhtasari wa Nchi wa WFP wa Kenya, Machi 2025",Disaster/Health
Kaunti ya Meru (Meru-Kaskazini): Taarifa ya Onyo la Mapema kuhusu Ukame Aprili 2024,Disaster/Health
"Kupitishwa kwa simu mahiri miongoni mwa wafanyabiashara nchini Kenya na Uganda, Machi 2022",Disaster/Health
Kenya: Ukame - Mipaka ya Kaunti (14 Apr 2023),Disaster/Health
"HOTUBA YA UFUNGUZI WA WAZIRI WA ELIMU DKT. J.G. KIANO, EGH, PHD, WAKATI WA MKUTANO WA PILI WA ELIMU YA UALIMU TAREHE 6 MEI, 1968.",General
Kenya - Kaunti ya Garissa - Dadaab - Ifo & Ifo 2 Ramani ya Miundombinu ya Kambi za Wakimbizi (29/08/2024),Disaster/Health
Vituo hivyo vitatu nchini Kenya ni miongoni mwa Vituo 24 vya Ubora wa Afrika (ACE) vilivyofadhiliwa hadi Dola za Marekani milioni 6 katika kipindi cha mradi. Madhumuni ya mradi wa ACE II ni kuimarisha taasisi za elimu ya juu zilizochaguliwa za Mashariki na Kusini mwa Afrika ili kutoa elimu bora ya uzamili na kujenga uwezo wa shirikishi wa utafiti katika maeneo ya kipaumbele ya kikanda.,General
"Nambari hizi zinaonyesha kuwa ni suala la muda tu kabla ya kaunti zote kurekodi kisa cha COVID-19. Wacha tusiwe na hofu bali tufuate kabisa hatua za kuzuia, ili kuzuia maambukizo yaliyoenea katika kaunti. #KomeshaCorona sasisho.",Public Health
Ulinzi wa mtoto katika dharura: Miongozo ya uendeshaji kwa wahudumu wa ulinzi wa watoto nchini Kenya 2023,Disaster/Health
Tathmini ya Mahitaji ya Sekta Mbalimbali ya Kenya (MSNA): Kaya za Wakimbizi | Juni 2025,Disaster/Health
Kaunti ya Garissa: Taarifa ya Onyo la Mapema kuhusu Ukame kwa Machi 2024,Disaster/Health
"Nchi kama vile Botswana zimepata matokeo chanya kwa kuimarisha miundo ya jumuiya inayosaidia kuhamasisha wananchi, kutambua matatizo ya afya katika hatua za awali, na kuimarisha uhusiano kati ya jamii na mfumo wa afya. Kwa hivyo, Warsha ya Kitaifa ya Mawasiliano ya Afya inaweza kwenda zaidi ya mpango wa mara moja; inaweza kukuzwa na kuwakilisha mabadiliko makubwa katika namna tunavyofikiri kuhusu afya ya umma nchini Angola, tukiacha kutazama mawasiliano kama njia ya kueneza tu na kuyageuza kuwa chombo cha ushiriki, kuzuia, na kujenga uaminifu.",General
Kaunti ya Kwale: Taarifa ya Onyo la Mapema kuhusu Ukame kwa Juni 2023,Disaster/Health
Pokot Magharibi: Taarifa ya Onyo la Mapema kuhusu Ukame kwa Mei 2022,Disaster/Health
Taarifa ya Tahadhari ya Mapema ya Kitaifa (Aprili 2023),Disaster/Health
Walionusurika wanadai haki kwa unyanyasaji wa kijinsia wa kidijitali,Disaster/Health
"Uhitaji Mkubwa wa Maji kwa Wakimbizi huko Turkana, Kenya",Disaster/Health
Tathmini ya Haraka ya Mashirika ya Kenya (KIRA): Ripoti ya Tathmini ya Mafuriko ya Kaunti ya Wajir Machi 28 - 2 Aprili 2023,Disaster/Health
Kenya: Wakimbizi waliosajiliwa na wanaotafuta hifadhi (kuanzia tarehe 31 Machi 2022),Disaster/Health
"Ikumbukwe kwamba takriban robo ya wanawake wote walio na HPV hawakufanyiwa vipimo, na kwa hivyo utaratibu madhubuti wa kushindwa kuwafuatilia na kuwafuatilia wanawake kama hao ni muhimu.",Health
"Ripoti ya Kila Wiki ya Ujasusi wa Mlipuko wa Afrika CDC, 03 Februari 2025",Disaster/Health
Ujumbe mfupi wa ACPS - Kenya: Mafuriko katika kaunti za mashariki na kaskazini (16 Novemba 2023),Disaster/Health
Pata nafuu ya kujifunza! Jiunge na madarasa ya tiba baada ya mafuriko.,Education
Mwitikio wa migogoro unaonyesha tofauti za utawala nchini Kenya,Disaster/Health
"Kila mwanachama anatarajiwa kutii kanuni za sera ya uanachama, ambayo hutoa mfumo wa kukuza hisia kali za jumuiya na viwango vya juu vya maadili. Kwa kujiandikisha kama mwanachama wa Msalaba Mwekundu wa Kenya, hautakuwa tu unajiunga na shirika linaloheshimika, lakini pia utakuwa sehemu ya timu ambayo imejitolea kuleta mabadiliko chanya kwa maisha ya wale wanaohitaji.",General
Pokot Magharibi: Taarifa ya Onyo la Mapema kuhusu Ukame kwa Machi 2023,Disaster/Health
Uchambuzi wa muktadha wa mfumo wa chakula wa Kenya na mazingira ya sera,Disaster/Health
"Mamlaka ya Kitaifa ya Kukabiliana na Ukame nchini (NDMA) iliainisha kaunti zote mbili miongoni mwa mikoa iliyoathirika zaidi nchini Kenya, huku uhaba mkubwa wa chakula na maji ukizidisha mgogoro huo.",Disaster/Health
Ninatoa wito kwa wale walio katika vituo vilivyowekwa karantini kuweka umbali wa kimwili. #KomeshaCorona,Public Health
"COVID-19 inasimamisha huduma muhimu za afya ya akili barani Afrika, utafiti wa WHO08 Oktoba 2020",General
"MAONI YA KATIBU WA BARAZA LA MAWAZIRI, MHE. EZEKIEL MACHOGU, KATIBU WA BARAZA LA MAWAZIRI ELIMU JUU YA HALI YA UTEKELEZAJI WA MAPENDEKEZO YA CHAMA KAZI CHA RAIS KUHUSU MABADILIKO YA ELIMU.",General
Kenya: Wakimbizi waliosajiliwa na wanaotafuta hifadhi (tangu 28 Februari 2025),Disaster/Health
"Sambamba na kupunguzwa kwa utumiaji wa mikakati ya kukabiliana na hali ya dharura, mienendo hii inapendekeza kwamba usaidizi ulisaidia kupunguza shinikizo la haraka la kifedha na kupunguza utegemezi wa kukabiliana na hali mbaya.",Disaster/Health
Kenya: Mvua Kubwa na Taarifa ya Mafuriko - Sasisho la Flash #2 (19 Aprili 2024),Disaster/Health
"Vijana ndio kitovu chetu cha mapambano dhidi ya ugonjwa huu. Ni safari inayohitaji vijana kuwajibika, Kuzingatia na kuwa sehemu ya suluhisho la kupambana na Covid 19 na kuhakikisha umbali wa mwili unazingatiwa... #KomeshaCorona",Public Health
Kenya na Uganda: Athari za Hatari za Hali ya Hewa kwa Maisha na Upatikanaji wa Huduma Miongoni mwa Wakimbizi na Jumuiya zinazowapokea (Novemba 2025),Disaster/Health
Kuziba Pengo la Taarifa za Hali ya Hewa,Disaster/Health
Ramani ya Nchi ya Kenya FY 2025,Disaster/Health
"Mradi wa I Choose Life-Africa's Jielimishe Girls' Education Challenge (GEC) unalenga kuboresha nafasi za maisha za wasichana 10,123 waliotengwa na wavulana 6,890 kutoka kwa jamii katika Kaunti za Laikipia, Meru na Mombasa. Mradi huo wa miaka mitano (5), unaofadhiliwa na Serikali ya Uingereza kupitia Idara ya Maendeleo ya Kimataifa (DfID) utaanza Aprili 2017 hadi Machi 2022.",General
Umoja wa Mataifa na washirika watoa wito wa dola milioni 472.6 kujibu mwaka wa 2023 huku ukame ukizidi kuongezeka nchini Kenya.,Disaster/Health
Kaunti ya Mandera: Taarifa ya Onyo la Mapema kuhusu Ukame la Mei 2023,Disaster/Health
India kutuma msaada wa dola za Marekani milioni 1 wa misaada ya mafuriko nchini Kenya,Disaster/Health
"Mwongozo huu wa Mwananchi kwa hiyo, unalenga kusambaza taarifa za Bajeti ya Mwaka wa Fedha wa 2024/2025 kwa makundi yote ya jamii.",Governance
"Ninashukuru kujifungua salama na kupata mtoto mwenye afya njema,"" anasema Leaungokiok, akimkumbatia bintiye.",Health
"Mpango wa Hanaano ni sehemu ya mchango wa Ireland katika Mpango wa Utekelezaji wa Kimataifa (GAP) kuhusu Upotevu wa Mtoto, mpango shirikishi unaolenga kushughulikia na kupunguza upotevu wa watoto duniani kote.",Disaster/Health
Kaunti ya Nyeri (Kieni): Taarifa ya Onyo la Mapema kuhusu Ukame Machi 2022,Disaster/Health
Kenya: Wakimbizi waliosajiliwa na wanaotafuta hifadhi (kuanzia tarehe 31 Januari 2025),Disaster/Health
Dashibodi ya Kukabiliana na Ukame Kenya (Mei 2022),Disaster/Health
Kaunti ya Marsabit: Taarifa ya Onyo la Mapema kuhusu Ukame kwa Aprili 2024,Disaster/Health
"Kenya, WHO yazindua mpango wa kijasiri wa kubadilisha majibu ya dharura ya kiafya barani Afrika",Disaster/Health
Rapport sur les tendances infodémiques de l'AIRA du 3 au 10 Oktoba 2023 (Rapport hebdomadaire n°92),Disaster/Health
"Kituo cha Dharura pia kitasimamia shughuli mbalimbali za kanda ndogo katika Afrika Mashariki, ikiwa ni pamoja na kutunza akiba ya vifaa vya matibabu na vifaa na kuweka vituo vya wafanyakazi wa WHO ili kuhakikisha kupelekwa kwa haraka wakati wa dharura.",Health
Kenya: Mvua Kubwa na Taarifa ya Mafuriko - Sasisho la Flash #1 (11 Aprili 2024),Disaster/Health
Ripoti ya Hali ya Kibinadamu ya UNICEF Kenya Nambari 8 - Mwisho wa Mwaka 2023,Disaster/Health
"Kenya, Afrika | Dharura Changamano - Sasisho la Uendeshaji #1 (MDRKE068)",Disaster/Health
Kuongeza fursa za mafunzo kwa wanaoongezeka wanaomaliza shule na washiriki wengine waliofunzwa ili kuongeza uwezo wa kuajiriwa; Kutoa uboreshaji endelevu wa ujuzi na maarifa kwa kasi na uwezo wa wafunzwa;,General
"Kinyume chake, katika maeneo ya kaskazini-mashariki yaliyoathiriwa na ukame, bei ilipungua kwa kasi zaidi ikionyesha kuzorota kwa hali ya mwili wa wanyama.",Disaster/Health
Kaunti ya Wajir: Taarifa ya Onyo la Mapema kuhusu Ukame kwa Februari 2024,Disaster/Health
"Karatasi Muhtasari ya Nawiri: Maisha Yabadilika, Ukame, na Utapiamlo huko Illeret, Kaskazini mwa Kenya.",Disaster/Health
"Kenya, Djibouti na Tanzania: Ukweli na Takwimu Januari - Desemba 2022",Disaster/Health
Kenya: Mlipuko wa Kipindupindu - Ripoti ya Mwisho ya DREF (MDRKE054),Disaster/Health
"Changamoto za elimu katika kambi za wakimbizi katika Kaunti ya Turkana, Kenya: mapitio mafupi ya fasihi",Disaster/Health
Katibu wa Baraza la Mawaziri wa Afya Mutahi Kagwe leo amekutana na Kamishna Mkuu wa Kenya katika Jamhuri ya Muungano wa Tanzania Balozi Dan Kasungu ambaye alimtembelea katika ofisi yake ya Afya house @DanMKazungu,Public Health
"Mabadiliko ya hali ya hewa na elimu huko Turkana, Kenya",Disaster/Health
Kaunti ya Taita Taveta: Taarifa ya Onyo la Mapema kuhusu Ukame kwa Septemba 2024,Disaster/Health
"Brazzaville – Mohamed anawasili katika Kituo cha Afya cha Moungali kaskazini mwa Brazzaville akiwa amembeba mtoto wake wa kiume wa siku kumi, Petito, mikononi mwake. Asubuhi hii, yeye ndiye anayeleta mtoto wake kwa chanjo. ""Mama yake…",General
Jeshi la Wokovu lakabiliana na ukame mkubwa nchini Kenya,Disaster/Health
"Waajiri wanahimizwa kushauri, wafanyakazi wao na umma kwa ujumla kufikia maeneo yao ya kazi, kuzingatia hatua zilizowekwa za kuzuia mikono, kuweka umbali wa kijamii na kimwili, kuzingatia adabu za kikohozi, kuepuka kugusa uso, na matumizi sahihi ya barakoa.",Public Health
"Hebu tuzibe pengo la utunzaji na kuhakikisha kila kuzaliwa ni salama na kuungwa mkono."" Dk.",Health
Kaunti ya Marsabit: Taarifa ya Onyo la Mapema kuhusu Ukame kwa Oktoba 2022,Disaster/Health
Kaunti ya Wajir: Taarifa ya Onyo la Mapema kuhusu Ukame kwa Desemba 2023,Disaster/Health
Pokot Magharibi: Taarifa ya Onyo la Mapema kuhusu Ukame kwa Julai 2022,Disaster/Health
Hatua ya Mapema ya Kutarajia: Kuzingatia Uingiliaji wa Jamii Yenye Mwitikio Unaolengwa wa Afya ya Akili ili Kuchanganya Athari za Mabadiliko ya Tabianchi.,Disaster/Health
UNHCR Kenya: Taarifa ya Ufadhili ya 2024 (kuanzia tarehe 29 Februari 2024),Disaster/Health
Jinsi huduma za taarifa za hali ya hewa (CIS) zinaweza kuwasaidia wafugaji katika Pembe ya Afrika (Juni 2024),Disaster/Health
Kaunti ya Turkana: Taarifa ya Onyo la Mapema kuhusu Ukame kwa Oktoba 2024,Disaster/Health
Jamii zinasaidia kuendeleza maendeleo dhidi ya Ebola katika Jamhuri ya Kidemokrasia ya Kongo,General
Kuongeza utayari wa kuzuka kwa coronavirus nchini Ethiopia21 Februari 2020,General
"Sasisho la Ujumbe Muhimu wa Kenya: Kuchelewa kuanza kwa mvua kubwa ya Machi hadi Mei inayotarajiwa kuzidisha uhaba wa chakula, Machi 2022.",Disaster/Health
Kaunti ya Marsabit: Taarifa ya Onyo la Mapema kuhusu Ukame kwa Septemba 2023,Disaster/Health
"Taarifa ya Bei ya Kenya, Novemba 2022",Disaster/Health
Wakulima nchini Kenya wanapambana na uhaba wa chakula kwa kutengeneza vyakula vyao vya bei nafuu vya mifugo | IFRC,Disaster/Health
"Usaidizi wa Pesa wa Tahadhari Uliowekwa Ndani ya Kenya Cash Consortium kwa Kaya Zilizoathiriwa na Maafa katika kambi ya Wakimbizi ya Dadaab: Msingi, Mei, 2024.",Disaster/Health
"Abshiro Adan Ibrahim, 50, aliomba uraia na kuwa raia wa Kenya mnamo 2025 baada ya kuishi katika kambi za wakimbizi za Dadaab kwa miaka 32.",Governance
Mafunzo kutoka kwa wajaribio: kuondokana na mapungufu ya ujuzi karibu na ratiba ya chanjo ya malaria ili kuunga mkono uchukuaji wa chanjo.,Disaster/Health
Kaunti ya Baringo: Taarifa ya Onyo la Mapema kuhusu Ukame kwa Agosti 2023,Disaster/Health
"HOTUBA YA KATIBU WA BARAZA LA MAWAZIRI WIZARA YA ELIMU JULIUS MIGOS OGAMBA, E.B.S WAKATI WA TAMASHA LA 96 LA MUZIKI WA KENYA GALA PERFORMANCE MOI GIRLS -ELDORET TAREHE 13 AUGUST 2024",General
"Watoto wachanga, wazee, na watu wanaoishi na magonjwa sugu au ulemavu wanakabiliwa na hatari kubwa, ikichangiwa na upatikanaji mdogo wa maji safi kwa bei nafuu.",Health
Kaunti ya Lamu: Taarifa ya Onyo la Mapema kuhusu Ukame kwa Desemba 2023,Disaster/Health
"Kenya - Taarifa Muhimu ya Ujumbe: Mvua fupi duni za kipekee zinazidisha uhaba wa chakula, Novemba 2025",Disaster/Health
Mpango huo unalenga kuhakikisha kuwa Waafrika bilioni moja wanalindwa vyema dhidi ya dharura za kiafya ifikapo mwisho wa 2025.,Health
"Mtazamo huu unajumuisha mwitikio wa dharura, hatua za mapema, na kujenga uthabiti kupitia uingiliaji kati unaoongozwa na jamii, wa sekta mbalimbali unaolenga mahitaji ya ndani.",Disaster/Health
Kenya: Wakimbizi waliokumbwa na mafuriko huko Dadaab wanaohitaji msaada wa dharura,Disaster/Health
"Kila mtu lazima ajitahidi kuvaa barakoa katika maeneo ya umma mkutano wa wanahabari wa #KomeshaCorona na Waziri wa Afya, Mutahi Kagwe.",Public Health
Muhtasari wa Nchi wa WFP wa Kenya Mei 2026,Disaster/Health
Africa Zero Hunger: Safari ya kuwawezesha wanawake wakulima wa Mtakuja,Disaster/Health
Imefafanuliwa kuhusu shughuli za KRCS katika eneo la usajili,General
Bodi ya Famasia na Sumu inafanya kazi pamoja na washirika wa mpango ili kuhakikisha kuwa chanjo zinazozalishwa nchini zinakidhi viwango vya udhibiti vinavyohitajika ili kuwafikia wagonjwa kwa usalama.,Health
"Kinga ya baada ya kuambukizwa (PEP) ni matumizi ya dawa za ARV ndani ya saa 72 baada ya kuambukizwa VVU ili kuzuia maambukizi. PEP inajumuisha ushauri nasaha, huduma ya huduma ya kwanza, upimaji wa VVU, na usimamizi wa kozi ya siku 28 ya dawa za ARV pamoja na huduma ya ufuatiliaji. WHO inapendekeza matumizi ya PEP kwa mfiduo wa kikazi na usio wa kazini na kwa watu wazima na watoto.",General
Wasichana Wadogo Wako Mstari Wa Mbele Katika Hatua Ya Hali Ya Hewa Katika Jumuiya Ya Wafugaji Ya Kenya,Disaster/Health
@DrMercyHealth . Kenya na Afrika Kusini ni nchi 2 barani Afrika ambazo ziko mipakani na zinaangalia majaribio tofauti ya chanjo. Tuna ushirikiano na Chuo Kikuu cha Oxford na washirika wengine katika suala la kuhakikisha kuwa chanjo hii inapopatikana Kenya inakuwa na hisa.,Public Health
Kaunti ya Taita Taveta: Taarifa ya Onyo la Mapema kuhusu Ukame Machi 2024,Disaster/Health
Kaunti ya Makueni: Taarifa ya Onyo la Mapema kuhusu Ukame kwa Septemba 2024,Disaster/Health
"Katika hali mbaya zaidi, maambukizi yanaweza kusababisha pneumonia au matatizo ya kupumua. Mara chache zaidi, ugonjwa huo unaweza kuwa mbaya. Saidia kujikinga wewe na wapendwa wako dhidi ya #CoronaVirus. . #CoronaVirusKenya @SpokespersonGoK @PDUDelivery @WHOKenya @UNICEFKenya @WHO @CDCKenya @KNH_hospital",Public Health
Pokot Magharibi: Taarifa ya Onyo la Mapema kuhusu Ukame kwa Juni 2024,Disaster/Health
Kaunti ya Taita Taveta: Taarifa ya Onyo la Mapema kuhusu Ukame la Januari 2024,Disaster/Health
Kenya - Kaunti ya Garissa - Ramani ya Miundomsingi ya Kaunti Ndogo ya Balambala (29/08/2024),Disaster/Health
"Muhtasari wa Usaidizi wa USAID/BHA Kenya, Aprili 2024",Disaster/Health
CPJ inatoa wito kwa mamlaka za Kenya kuheshimu uhuru wa vyombo vya habari huku kukiwa na maandamano yanayoendelea,Disaster/Health
Muhtasari wa Kikanda wa ACLED Afrika: Septemba 2024,Disaster/Health
Wakfu wa Bill & Melinda Gates na Benki ya Uwekezaji ya Ulaya Wazindua Majaribio barani Afrika ili Kuboresha Upatikanaji wa Wajasiriamali Wanawake kwa Mitaji.,Disaster/Health
Kaunti ya Taita Taveta: Taarifa ya Onyo la Mapema kuhusu Ukame Machi 2023,Disaster/Health
Kaunti ya Lamu: Taarifa ya Onyo la Mapema kuhusu Ukame kwa Mei 2023,Disaster/Health
Kuchora ramani ya marekebisho ya usalama wa hali ya hewa katika ngazi ya jamii katika Pembe ya Afrika,Disaster/Health
Kaunti ya Turkana: Taarifa ya Onyo la Mapema kuhusu Ukame kwa Juni 2024,Disaster/Health
Kaunti ya Baringo: Taarifa ya Onyo la Mapema kuhusu Ukame Julai 2024,Disaster/Health
Kaunti ya Kilifi: Taarifa ya Onyo la Mapema kuhusu Ukame kwa Septemba 2024,Disaster/Health
Hivi ndivyo unavyoweza kufanya ili kuzuia kuenea kwa #COVID19 nyumbani au kazini @CDCKenya @WHOKenya @UNICEFKenya @EduMinKenya @SpokespersonGoK @KenyaRedCross @Amref_Kenya @PDUDelivery,Public Health
Wizara ya Elimu na KUCCPS wanaalika maombi ya nafasi za masomo na kutoa ushauri wa taaluma kwa wanafunzi.,Health
Kaimu Mwakilishi wa WHO nchini Kenya ni Dk Neema Rusibamayila Kimambo.,General
"Unaweza kuepuka kwenda hospitalini au kuambukizwa COVID-19 ukifuata maagizo na kutumia barakoa, kunawa mikono na kudumisha umbali wa kijamii. 90% ya jukumu liko kwako; @HassanAliJoho",Public Health
Kaunti ya Isiolo: Taarifa ya Onyo la Mapema kuhusu Ukame Juni 2023,Disaster/Health
"Biolojia ya Masi na Bayoteknolojia (Chaguo za Viwanda, Mimea, Wanyama)",General
Mpango wa Rais wa Malaria: Mpango wa Uendeshaji wa Malaria wa Kenya FY 2023,Disaster/Health
Kinachofanya kazi katika kuzalisha mahitaji ya huduma za kupima VVU,General
Kenya: Mamia ya maisha yaliyookolewa kwa kutumia shanga za kibunifu husaidia kutambua nimonia miongoni mwa watoto,Disaster/Health
Kaunti ya Turkana: Taarifa ya Onyo la Mapema kuhusu Ukame kwa Machi 2022,Disaster/Health
Waziri wa Afya Mutahi Kagwe alifanya mazungumzo na Balozi wa Ukraine nchini Kenya H.E Andriy Pravedynk ambaye alimtembelea katika ofisi yake ya Afya House.,Public Health
"Mradi wa mageuzi wa maji na usafi wa mazingira huleta manufaa ya kudumu katika Kaunti ya Siaya, Kenya",Disaster/Health
Simu ya dharura ya unyanyasaji mtandaoni 0800721524 ...,Education
Kenya Wakimbizi waliosajiliwa na wanaotafuta hifadhi | Oktoba 2025,Disaster/Health
Masks ni kizuizi rahisi kusaidia kuzuia matone yako ya kupumua kuwafikia wengine. Uchunguzi unaonyesha kuwa masks hupunguza dawa ya matone wakati huvaliwa juu ya pua na mdomo. #KomeshaCorona #WearAMask x.com/ExplainerKE/st …,Public Health
"Kufuatia kugunduliwa kwa virusi vya polio katika sampuli za kimazingira mjini Lusaka mapema mwaka huu, kampeni ya polio ilianza ili kuhakikisha kwamba kipimo cha mara kwa mara cha chanjo ya polio kinatolewa, ambayo ndiyo njia pekee ya kuwalinda watoto kikamilifu dhidi ya ugonjwa huo na kukatiza uwezekano wa maambukizi ya virusi vya polio. Awamu hii ya mwisho inalenga kujumuisha mafanikio haya kwa kutoa dozi ya mwisho ya ziada ya chanjo kwa watoto walio na umri wa chini ya miaka mitano ambao wamepata dozi katika awamu zilizopita, na kuwafikia watoto wowote walio katika hatari ambao wanaweza kuwa wamekosa dozi za awali.",General
"Dk. Clement Peter Lasuba, Mwakilishi wa WHO nchini Zambia, alisisitiza kuwa kukabiliana na milipuko inahitaji kuendelea zaidi ya mafanikio ya awali. ""Kila awamu inajengwa juu ya ile ya awali, na kuongeza kinga na kupunguza hatari ya maambukizi. WHO inaendelea kufanya kazi kwa karibu na Serikali na washirika ili kuhakikisha kuwa chanjo inamfikia kila mtoto anayestahili bila ubaguzi,"" alisisitiza.",General
Kaunti ya Kitui: Taarifa ya Onyo la Mapema kuhusu Ukame kwa Mei 2024,Disaster/Health
Taasisi ya Kukuza Uwezo wa Walimu Barani Afrika,General
Taarifa ya Tahadhari ya Mapema ya Kitaifa (Juni 2023),Disaster/Health
"Kusaidia kukabiliana na wafugaji kukabiliana na mabadiliko ya hali ya hewa nchini Kenya: Zaidi ya mbinu ya ""ukubwa mmoja inafaa wote"".",Disaster/Health
Rwanda yapiga hatua kuelekea kutokomeza saratani ya shingo ya kizazi,General
Utoaji wa chanjo za COVID-19 kwa Jamhuri ya Kenya kupitia kituo cha COVAX,Disaster/Health
"Watoto wanabeba mzigo huu:ushahidi wa nyongeza wa matokeo mabaya ya lishe, na kupendekeza dhiki endelevu ya lishe badala ya mishtuko ya muda mfupi pekee.",Health
Kesi za COVID-19 barani Afrika kwenye uwanda endelevu15 Julai 2022,General
Kaunti ya Taita Taveta: Taarifa ya Onyo la Mapema kuhusu Ukame Machi 2022,Disaster/Health
Kenya: Wakimbizi waliosajiliwa na wanaotafuta hifadhi (kuanzia tarehe 30 Aprili 2024),Disaster/Health
"Kuhusu sisiKuhusu WHO katika kanda ya Afrika »Kuhusu SisiWasiliana nasiUongozi wa UtawalaMuundo wa shirikaProgramu na makundi Mkurugenzi wa Kanda ya AfrikaUwajibikaji »Ripoti za kifedha Mpango Mkuu wa Kazi Kujenga Afrika yenye Afya Bora, Pamoja: Ilani ya mageuzi",General
"WHO inapendekeza utekelezaji wa huduma za afya rafiki kwa vijana katika huduma za VVU ili kuhakikisha ushiriki na matokeo bora. Kuhusisha na kujishughulisha katika utunzaji wao wenyewe katika msururu wa matibabu na kupitia mzunguko wa kupanga, kutekeleza, kufuatilia na kutathmini programu ni muhimu. Huduma zinazoendeshwa na rika, zinazofaa kwa vijana, zilizounganishwa na huduma zingine ikijumuisha afua za kisaikolojia, ni njia mwafaka za kuboresha matokeo ya afya kwa vijana.",General
"Ili kusaidia nchi katika kuimarisha ufuatiliaji wa AMR na kuandaa mawasilisho ya data kwa GLASS, Ofisi ya WHO Kanda ya Afrika, kwa ushirikiano na timu ya GLASS ya Makao Makuu ya WHO, inaendelea kutoa mwongozo wa kiufundi, kujenga uwezo na fursa za kujifunza rika.",Education
Magonjwa yasiyo ya kuambukiza huongeza hatari ya kufa kutokana na COVID-19 barani Afrika10 Septemba 2020,General
Kaunti ya Kilifi: Taarifa ya Onyo la Mapema kuhusu Ukame kwa Novemba 2023,Disaster/Health
"Mishtuko hiyo ni pamoja na d: Janga la COVID-19 na athari zake zilizofuata, migogoro katika Ulaya Mashariki na Mashariki ya Kati ambayo ilisababisha usumbufu wa usambazaji wa kimataifa na athari mbaya za mabadiliko ya hali ya hewa kutoka kwa ukame wa muda mrefu mnamo 2021 hadi mafuriko katika nusu ya kwanza ya 2024.",Disaster/Health
Kaunti ya Isiolo: Taarifa ya Onyo la Mapema kuhusu Ukame la Aprili 2024,Disaster/Health
"Mkakati huu wa Uzalishaji wa Ndani umeundwa ili kuweka huduma ya afya ya Kenya kama kitega uchumi cha athari za kijamii, usawa, ukuaji wa uchumi, kuvutia kibiashara na uendelevu.",Health
Kujenga Mifumo Imara ya Kuboresha Afya na Lishe nchini Kenya,Disaster/Health
"WHO, WFP na AU zinatoa vifaa muhimu kadri COVID-19 inavyoongezeka katika Afrika Magharibi na Kati15 Aprili 2020",General
Muhtasari wa Nchi wa WFP Kenya Septemba 2025,Disaster/Health
Kaunti ya Kwale: Taarifa ya Onyo la Mapema kuhusu Ukame kwa Mei 2022,Disaster/Health
Kaunti ya Laikipia: Taarifa ya Onyo la Mapema kuhusu Ukame Julai 2023,Disaster/Health
Mtazamo wa Usalama wa Chakula nchini Kenya Agosti 2022,Disaster/Health
"Taarifa ya Kiuchumi ya Kenya, Juni 2024 (Toleo Na. 29): Kukuza Biashara kwa Ukuaji Imara na Uundaji wa Ajira kwa Nguvu.",Disaster/Health
WFP inakaribisha dola za Marekani milioni 37 kutoka kwa serikali ya Marekani kusaidia wakimbizi nchini Kenya na kuchukua hatua ya kutanguliza msaada wa chakula kwa walio hatarini zaidi.,Disaster/Health
CFK Africa Yashuhudia Athari Mbaya Nchini Kenya Kutoka Mwisho wa Shirika la Marekani la Usaidizi wa Maendeleo ya Kimataifa,Disaster/Health
Friji Inayotumia Sola Inaboresha Huduma ya Chanjo katika Vijiji Vigumu Kufikika Vijijini,Disaster/Health
Kaunti ya Kwale: Taarifa ya Onyo la Mapema kuhusu Ukame kwa Januari 2024,Disaster/Health
"Gharama ya kutochukua hatua: Gharama ya kutotambua VVU na afya ya ngono na uzazi na haki za vijana nchini Kenya, Rwanda na Uganda.",Disaster/Health
Hakuna ziara katika shule za upili wakati wa muhula wa tatu kulingana na waraka.,Education
"Sasisho la Robo la Kenya, (Aprili - Juni 2023)",Disaster/Health
Ushirikiano wa kihistoria wa Denmark kati ya sekta ya umma na ya kibinafsi na WFP unapanua milo ya shule ya nyumbani katika Afrika Mashariki,Disaster/Health
Athari za COVID-19 kwa wafanyakazi wanawake katika uchumi usio rasmi wa mijini nchini Uganda na Kenya,Disaster/Health
"Mambo ya kufanya ili kuzuia COVID-19. Nawa mikono mara kwa mara. Epuka kugusa macho, pua na mdomo wako. Funika kikohozi chako au chafya Vaa barakoa ukiwa nje. Kaa nyumbani ukae salama. Umbali wa kijamii Safisha na kuua vijidudu na nyuso kwenye #KomeshaCorona",Public Health
UZINDUZI UJAO WA MCHAKATO WA MAANDALIZI YA BAJETI YA MWAKA 2027/28 NA WA MUDA WA KATI HAZINA YA TAIFA Hazina ya Taifa inafuraha kutangaza uzinduzi rasmi wa mchakato wa maandalizi ya Bajeti ya Mwaka wa 2027/2028 na Muda wa Kati.,Governance
Jibu la Dharura la Camillian na Usaidizi wa Kupona Mapema kwa Idadi ya Watu walioathiriwa na Mafuriko nchini Kenya,Disaster/Health
"MLIPUKO WA VIRUSI WA EBOLA BUNDIBUGYO Jamhuri ya Kidemokrasia ya Kongo | Ripoti ya Hali ya Nje ya Uganda ya Kila Wiki 08, Data kufikia tarehe 05 Julai 2026",General
"Katiba ya Kenya ya 2010, Kifungu cha 43 kinasema kwamba, ""haki ya kila mtoto kutokuwa na njaa na kuwa na chakula cha kutosha cha ubora unaokubalika ikiwa ni pamoja na maji safi na salama kwa wingi wa kutosha na zaidi ya yote haki ya kupata elimu"" inatupa mamlaka ya kuhakikisha kwamba mtoto anapata chakula cha kutosha na salama . Afya na lishe vina athari kubwa kwa mafanikio ya jumla ya elimu ya watoto wa umri wa kwenda shule. Kuhakikisha kwamba watoto wanalishwa vyema, wana afya njema na wanaweza kujifunza ni muhimu kwa ufanisi wa mfumo wa elimu.",General
"Tafadhali kumbuka kuwa ni lazima dai/madai yako ya bili yanawasilishwa kwa mujibu wa fomati zilizowekwa kama zilivyotolewa katika fomu F, G1, G2, G3, G4, G5, G6, G7, G8, G9, G10 na H, J1, J2 ambazo zinaweza kupakuliwa kutoka kwa tovuti ya Hazina ya Kitaifa: www.treasury.go.ke.ke.",Governance
"Kanisa nchini Kenya, kwa kuitikia ushauri wa serikali, limesimamisha ibada ili kusaidia kuzuia kuenea kwa COVID-19. Tunawasihi nyinyi akina dada na ndugu kuwa aina tofauti ya kanisa na kuchukua hatua za kila siku za kuzuia kunawa mikono mara kwa mara na kukaa nyumbani. #KomeshaCorona",Public Health
"Box 3000700100, Nairobi, Kenya Simu: +254202252299 Barua pepe: communications@treasury.go.ke www.treasury.go.ke TAARIFA YA BAJETI FY 2024/25 Mandhari: "" Kudumisha Chini - Ajenda ya Mabadiliko ya Kiuchumi na Kuweka Ulinganifu katika Uwekezaji wa Fedha. kwa Uboreshaji wa Maisha"" TAARIFA 2 ILIYOTOLEWA KWA MKUTANO WA TAIFA TAREHE 13 TAREHE JUNE 2024 NA PROF.",Disaster/Health
"Ukipokea barua pepe inayokuomba uthibitishe akaunti yako ya benki, usibofye ni ulaghai. Ripoti kwa Kitengo cha Uhalifu wa Mtandaoni cha DCI.",Security
Kielezo cha Suluhu na Uhamaji (SMI) cha Wajir na Mandera kinalenga kutathmini maendeleo kuelekea suluhu za kudumu kwa watu waliohamishwa makazi yao (IDPs na wanaorejea IDP).,Disaster/Health
Muungano wa kihistoria wazinduliwa barani Afrika ili kupambana na taarifa potofu za COVID-1903 Desemba 2020,General
Kaunti ya Marsabit: Taarifa ya Onyo la Mapema kuhusu Ukame kwa Machi 2022,Disaster/Health
Ripoti ya Mitindo ya Taarifa ya AIRA - 21-28 Novemba 2023 (Muhtasari wa Kila Wiki #98 wa 2023),Disaster/Health
"Kaa nyumbani na unawe mikono kwa sabuni na maji yanayotiririka kwa angalau Sekunde 20 hadi #KomeshaCorona , Dk. Mercy Mwangangi, Katibu Mkuu Utawala, Wizara ya Afya katika Janga la Corona @K24Tv sasa moja kwa moja.",Public Health
"Moja ya dharura ya muda mrefu ya darasa la 2 (Mpox, Clade 1b) na matukio mengine kadhaa ya kipaumbele yanaendelea, ikiwa ni pamoja na milipuko ya surua katika kaunti tatu, mafuriko yaliyoenea kutokana na mvua ndefu za MAM, na shida kubwa ya usalama wa chakula na lishe katika kaunti kame na nusu kame (ASAL).",Disaster/Health
Mtazamo wa Usalama wa Chakula wa Kenya Usasishaji Desemba 2022,Disaster/Health
Ni Nini Kilicho Nyuma ya Vuguvugu la Maandamano la Kenya?,Disaster/Health
Kaunti ya Wajir: Taarifa ya Onyo la Mapema kuhusu Ukame kwa Januari 2023,Disaster/Health
"Naibu Rais wa Kenya, washirika wa maendeleo, wakutana kuunga mkono usalama wa chakula nchini Kenya",Disaster/Health
"Mpito huu utaathiri Serikali ya Kitaifa, Serikali za Kaunti, na huluki zao, kuhakikisha uwazi na uwajibikaji zaidi katika kuripoti fedha.",Governance
"WHO inaunga mkono muunganisho ufaao wa homa ya ini na kuzuia maambukizi ya magonjwa ya zinaa, upimaji na matibabu na ushirikishwaji wa huduma zinazoshughulikia masuala ya afya ya ngono na uzazi na afya ya akili, ambayo pia ni muhimu kwa programu inayokubalika na yenye ufanisi.",General
Kakuma - Mkakati wa Kupunguza Hatari za Maafa 2023,Disaster/Health
Karatasi ya Ukweli: Usaidizi wa Pesa wa Kenya Cash Consortium-Alert kwa Jamii Zilizoathiriwa na Maafa katika Kaunti ya Mandera - Msingi na Mwisho (Februari 2026),Disaster/Health
Mtazamo wa Usalama wa Chakula Kenya Februari - Septemba 2026: Ahueni ya polepole kutokana na mvua mbaya za kihistoria ili kuendeleza Mgogoro (IPC Awamu ya 3) katika maeneo ya wafugaji.,Disaster/Health
"Kwa muda mrefu, biashara hizi za vikundi zina uwezo wa kuongeza mapato ya kaya, kuimarisha mshikamano wa vikundi, na kuchangia uthabiti mkubwa wa kiuchumi kati ya wanawake wanaoshiriki na jamii zao.",Disaster/Health
KomeshaCorona Njia bora ya kuzuia maradhi ni kuepuka kuambukizwa virusi hivi @WHOKenya @UNICEFKenya @CDCKenya @PDUDelivery @SpokespersonGoK @PSofKenya @prskkenya @KenyaMedics_KMA @KNH_hospital @KEMRI_Kenya @Kemsa_Kenya @UNAIDS @KenyaGovernors,Public Health
Taarifa ya Tahadhari ya Mapema ya Kitaifa (Februari 2024),Disaster/Health
"KomeshaCorona Chukua hatua za kujilinda kwa kunawa Mikono. ~Nawa mikono mara kwa mara kwa sabuni na maji yanayotiririka kwa angalau sekunde 20 haswa baada ya kuwa mahali pa watu wengi, au baada ya kupuliza pua, kukohoa, au kupiga chafya. @WHOKenya @CDCCA @PSofKenya",Public Health
"PS Ololtuaa alikuwa mgeni Mkuu wakati wa hafla ya Shukrani iliyofanyika katika shule ya upili ya Tenwek, iliyohudhuriwa na washikadau wa elimu wa Kaunti.",General
Kaunti ya Narok: Taarifa ya Onyo la Mapema kuhusu Ukame kwa Septemba 2022,Disaster/Health
Hali ya uhamaji wa mifugo nchini Kenya na Ethiopia: Ramani ya njia za mifugo na masomo ya kesi juu ya vizuizi vya uhamaji.,Disaster/Health
Kutathmini upatanishi wa washirika katika kuunga mkono mfumo wa taarifa za afya nchini Kenya,Disaster/Health
Sasisho la Hali ya Kenya | Aprili 2023: Kuongezeka kwa Matatizo Huku Upinzani Unapofanya Maandamano Makubwa,Disaster/Health
PS Prof. Julius Bitok Atuma Vyumba vya Madarasa katika Msingi wa Kwa Njenga,General
Kenya - Kaskazini mwa Kenya: Ukali wa Ukame na Mfichuo wa Idadi ya Watu katika Kaunti ya Samburu (28 Januari 2026),Disaster/Health
Kujenga maelewano: Mbinu ya vitendo ya Shule ya Rozina Junior katika ujenzi wa amani,Disaster/Health
Mpango wa Kujenga Amani kwa Vijana wa Mkoa wa UNHCR: Muhtasari wa Mpango wa 2024 | Mashariki na Pembe ya Afrika na Maziwa Makuu,Disaster/Health
"Maambukizi ya VVU yanaweza kugunduliwa kwa usahihi mkubwa, kwa kutumia vipimo vya WHO vilivyohitimu ndani ya mbinu iliyoidhinishwa. Hakuna kipimo kimoja cha VVU kinachoweza kutoa utambuzi wa kuwa na VVU. Ni muhimu kwamba vipimo hivi vitumike kwa pamoja na kwa utaratibu maalum ambao umethibitishwa na unaozingatia kiwango cha maambukizi ya VVU kwa watu wanaopimwa.",General
Mlipuko wa Mafuriko na Kipindupindu Kenya 2025 - Ripoti ya Mwisho ya DREF (MDRKE066),Disaster/Health
"Tunapotumia pesa za akiba na mkopo kusomesha wasichana wetu, wasichana watajifunza mengi shuleni kusaidia jamii yetu.",Education
"Kenya: 2024 MSNI Bulletin, Desemba 2024",Disaster/Health
"Waziri Julius Ogamba, Naibu Waziri Prof Julius Bitok na DG Elyas Abdi wakati wa Mazungumzo ya Kitaifa mnamo CBE Aprili 24 2025",General
"Ufuatiliaji wa Msimu wa Afrika Mashariki: Athari nyingi za manufaa za mvua ya juu ya wastani katika Afrika Mashariki (Mei 31, 2024)",Disaster/Health
Kaunti ya Embu (Mbeere): Taarifa ya Onyo la Mapema kuhusu Ukame ya Oktoba 2022,Disaster/Health
Kaunti ya Wajir: Taarifa ya Onyo la Mapema kuhusu Ukame kwa Aprili 2023,Disaster/Health
Mpango mkakati wa nchi ya Kenya (2023 - 2027),Disaster/Health
Kaunti ya Taita Taveta: Taarifa ya Onyo la Mapema kuhusu Ukame Julai 2022,Disaster/Health
Kaunti ya Makueni: Taarifa ya Onyo la Mapema kuhusu Ukame Juni 2022,Disaster/Health
UNFPA na Serikali ya Ufilipino inashirikiana kushughulikia athari za dharura ya ukame kwa afya ya ngono na uzazi na GBV nchini Kenya.,Disaster/Health
"HOTUBA YA KATIBU WA BARAZA LA MAWAZIRI WA WIZARA YA ELIMU MHE EZEKIEL MACHOGU, CBS WAKATI WA UFUNGUZI WA KONGAMANO LA WAKUU WA SHULE YA SEKONDARI YA 46TAIFA YA KENYA ULIOFANYIKA TAREHE 28JUNI 2023, JIJINI MOMBAA SHEHE.",General
Kaunti ya Garissa: Taarifa ya Onyo la Mapema kuhusu Ukame ya Novemba 2022,Disaster/Health
Mvutano wa Miji kwenye Mifumo ya Uzalishaji wa Chakula Vijijini Afrika Mashariki: Mapitio Mafupi ya Fasihi,Disaster/Health
Walimu wakuu na BoMs watapata miongozo na usaidizi katika kupanga uboreshaji wa shule na kuwezeshwa kutekeleza mipango ya kuboresha ufaulu wao wa shule.,General
Kaunti ya Garissa: Taarifa ya Onyo la Mapema kuhusu Ukame kwa Februari 2023,Disaster/Health
Kenya - Kaunti ya Garissa - Dadaab - Kambi ya Wakimbizi ya Dagahaley - Miundombinu ya Maji - kuanzia Mei 2022,Disaster/Health
Madhara ya kusitisha kwa Marekani usaidizi wa kigeni kwenye programu za kimataifa za UKIMWI nchini Kenya,Disaster/Health
Kenya: Safari ya kuleta amani Baragoi,Disaster/Health
"Tuna kesi katika kitengele, Kumulu, tana River, ongata rongai miongoni mwa zingine. Tuendelee kufanya mazoezi ya umbali wa kijamii ili kuzuia kuenea kwa Coronavirus katika jamii zetu. Jipe moyo na ubaki salama. #KomeshaCorona sasisho.",Public Health
Kaunti ya Nyeri (Kieni): Taarifa ya Onyo la Mapema kuhusu Ukame Julai 2024,Disaster/Health
Kutatiza madhara nchini Kenya: Ushahidi kuhusu unyanyasaji na unyanyasaji wa kingono kwa watoto mtandaoni,Disaster/Health
Jiunge nasi tarehe 10 Septemba saa 12 jioni EAT kwa mtandao kuhusu kufanya kazi pamoja ili kuzuia kujiua. @MOHmentalhealth @irsan_omar @Dr_chitayi @ImmaculateKara2 @SML_kenya @chaolafemefatal @letsbonga @mainawrachel. kiungo.... bit.ly/3gL7mTu #suicidepreventionke,Public Health
Kaunti ya Kitui: Taarifa ya Onyo la Mapema kuhusu Ukame kwa Desemba 2023,Disaster/Health
Wasilisho - Kusaidia kujitegemea kwa wakimbizi kupitia uhamisho mkubwa wa pesa - Mei 2025,Disaster/Health
"Mapengo ya kijamii yanaendelea kupunguza ushiriki kamili wa wanawake, na makundi mengine yaliyotengwa, na wanapata vikwazo vikubwa vya kujikwamua kutokana na matatizo, ikiwa ni pamoja na kutengwa na usaidizi, hasa msaada wa nyenzo.",Disaster/Health
Uongozi wa PS Ololtuaa unatofautishwa na kumbukumbu ya kitaasisi iliyojengwa kutoka darasani hadi uelewa wa mtu wa ndani wa jinsi sera ya kitaifa inavyotafsiri katika matokeo katika kiwango cha shule.,General
Hapa ndio unahitaji kujua kuhusu jinsi ya kuvaa mask ya uso vizuri. #KomeshaCorona,Public Health
"Serikali na mashirika ya afya yaonya kuhusu hatari ya njaa na ukosefu wa maji, na kuhimiza usambazaji wa chakula na maji salama.",Health
Kaunti ya Pokot Magharibi: Taarifa ya Onyo la Mapema kuhusu Ukame kwa Septemba 2024,Disaster/Health
"Makadirio mapya ya WHO: Hadi watu 190,000 wanaweza kufa kwa COVID-19 barani Afrika ikiwa haitadhibitiwa07 Mei 2020",General
"Rais Dkt. William Ruto, Naibu Rais Prof. Kithure Kindiki, Waziri wa Elimu Julius Ogamba watembelea shule Februari 27 2025",General
Kaunti ya Garissa: Taarifa ya Onyo la Mapema kuhusu Ukame kwa Mei 2024,Disaster/Health
Kuwawezesha vijana kuzuia unyanyasaji wa kijinsia wa kidijitali katika uchaguzi wa Kenya,Security
Kaunti ya Nyeri (Kieni): Taarifa ya Onyo la Mapema kuhusu Ukame Aprili 2023,Disaster/Health
"Muhtasari wa Nchi wa WFP Kenya, Februari 2025",Disaster/Health
"Upimaji na utambuzi wa watoto wachanga walio na VVU- imekuwa changamoto kwa sababu watoto hubeba kingamwili za mama zao wa kibaiolojia na inaweza kuchukua miezi kadhaa kutoweka. Kwa watoto wachanga na watoto chini ya umri wa miezi 18, uchunguzi wa serological haitoshi kutambua maambukizi ya VVU: upimaji wa virologic lazima utolewe (katika umri wa wiki 6, au wakati wa kuzaliwa) ili kuchunguza uwepo wa virusi kwa watoto wachanga waliozaliwa na mama wanaoishi na VVU.",General
Kenya: Tathmini ya Haraka - Kaunti ya Mandera (Data iliyokusanywa 15-17 Agosti 2025),Disaster/Health
"Shughuli za kimwili zinaweza kusaidia kuzuia ugonjwa wa kisukari na matatizo yake. Je, wewe na familia yako mmekuwa na angalau dakika 30 za mazoezi ya viungo leo?",Public Health
"Kenya haijaripoti visa vya virusi vya polio aina ya 2 (cVDPV2) vinavyozunguka katika muda wa miezi 15 iliyopita, na ufuatiliaji unaoendelea na kuimarishwa kwa uwezo wa maabara nchini Kenya kutasaidia kuendeleza kasi hii na kuhakikisha hakuna kuzuka tena.",Health
"Kenya - Hali ya hewa kali na mafuriko, sasisha (Meteo Kenya, vyombo vya habari) (ECHO Daily Flash ya 25 Machi 2026)",Disaster/Health
"Hatuna muda wa kutembelea hospitali ili kupata chanjo ya COVID-19."" Katika kampeni ya siku 10 iliyolenga kaunti 11 kati ya 47 za Kenya ambazo zilikuwa na chanjo ya chini zaidi, Shirika la Afya Ulimwenguni (WHO) pamoja na serikali za kaunti, mashirika yasiyo ya kiserikali na washirika wengine waliazimia kuwa hakuna mtu ambaye angekosa.",Health
Kuimarisha Huduma ya Saratani kwa Wanawake Kupitia Uchunguzi Kamilishi nchini Kenya,General
"Utawala wa uthibitisho wa kutokomeza maambukizi ya VVU kutoka kwa mama kwenda kwa mtoto, kaswende na homa ya ini B: muhtasari wa miundo na majukumu ya uthibitishaji katika ngazi ya kitaifa, kikanda na kimataifa.",General
"Virusi vya corona, hadi leo bado havina tiba, wala hakuna chanjo. Njia pekee inayopatikana ya ulinzi dhidi yake ni hatua za kuzuia; Mutahi Kagwe, CAS Afya. #KomeshaCorona sasisho.",Public Health
"MSWADA WA MSWADA WA MAENDELEO YA MITAALA (MArekebisho) ya TAASISI YA KENYA, 2024",General
"Pia alimsaidia mama kuanza kunyonyesha ndani ya saa ya kwanza, hatua muhimu katika kulinda afya ya mtoto mchanga.",Health
"Ripoti ya Hali ya Kibinadamu ya UNICEF Kenya No. 1 (Level 3 Mpox), 31 Julai hadi 03 Oktoba 2024",Disaster/Health
Uchambuzi na Tathmini ya Sera na Sheria zinazohusiana na Wakimbizi - Oktoba 2022,Disaster/Health
BETA inazingatia afua zinazopunguza gharama ya maisha; kuongeza ajira; kuhamasisha uwekezaji na uzalishaji; kufikia mgawanyo sawa wa mapato; kuimarisha usalama wa kijamii; kupanua wigo wa ushuru; na kuongeza mapato ya fedha za kigeni.,Security
Hadithi za #COVID19 Vs Ukweli. Hadithi Kuosha pua yako mara kwa mara kwa chumvi kunaweza kusaidia kuzuia maambukizi ya #COVID19. Ukweli Hapana. Hakuna ushahidi kwamba kuosha pua mara kwa mara kwa chumvi kumelinda watu dhidi ya kuambukizwa #COVID19. #KomeshaCorona sasisho.,Public Health
Kenya: Rais lazima awajibike kwa ukiukaji mkubwa wa haki za binadamu,Disaster/Health
Huduma za afya kwa njia ya simu nchini Kenya hupunguza hatari ya watoto kuzaliwa wakiwa wamekufa,Health
"Mtazamo wa Usalama wa Chakula nchini Kenya: Mvua fupi za chini ya wastani zitazidisha usalama wa chakula katika miezi ijayo, Oktoba 2024 - Mei 2025",Disaster/Health
Kaunti ya Isiolo: Taarifa ya Onyo la Mapema kuhusu Ukame la Mei 2024,Disaster/Health
Kaunti ya Embu (Mbeere): Taarifa ya Onyo la Mapema kuhusu Ukame kwa Septemba 2022,Disaster/Health
Ripoti ya Mwaka ya World Vision Kenya 2022,Disaster/Health
"Taarifa ya Bei ya Kenya, Machi 2024",Disaster/Health
JRS - Ujumuisho wa Kiuchumi wa Wakimbizi na Jumuiya Wakaribishaji nchini Kenya: Uchambuzi wa soko,Disaster/Health
"Kuwa mwanachama wa Shirika la Msalaba Mwekundu la Kenya kuna manufaa makubwa ambayo yanajumuisha fursa ya kushiriki katika shughuli za kibinadamu na za kibinadamu, pamoja na kuendeleza jukumu kuu la shirika. Ni muhimu kutambua kwamba malipo ya ada ya uanachama ni hatua muhimu ambayo lazima ichukuliwe ili kujiunga na jumuiya hii isiyo na ubinafsi. Ada hii sio tu inalinda stakabadhi zako za uanachama, lakini pia inakuruhusu kuchukua jukumu kubwa katika shughuli za Msalaba Mwekundu wa Kenya.",General
Msururu Endelevu wa Ugavi wa Kenya: Ufungaji Usafishaji Kutoka Hifadhi Zilizoharibika - Mpango wa WFP,Disaster/Health
"Epuka kupeana mikono, epuka kugusa uso, macho, pua na mdomo wako. Fanya mazoezi ya umbali wa kijamii; epuka mawasiliano ya karibu na watu. Usiguse vitu au nyuso ambazo huhitaji kujilinda. #KomeshaCorona #SherehekeaMaisha",Public Health
"Wakiwa na ustadi ufaao na kifaa kinachobebeka cha ultrasound, wakunga nchini Kenya wako kwenye dhamira ya kuokoa maisha",Disaster/Health
MSWADA WA MFUMO WA TAIFA WA KENYA (MABADILIKO) WA SIFA 2024,General
"Box 30007-00100 NAIROBI, KENYA Simu: +254-20-2252-299 Faksi: +254-20-341-082 Taarifa hiyo inapatikana kwenye: www.treasury.go.ke 3 I.",Disaster/Health
Muhtasari wa sera kuhusu kujumuisha na kuimarisha ufuatiliaji wa utoaji wa huduma tofauti za ART,General
"Hii ilihusisha majadiliano kupitia Kundi la Wakimbizi lisilo la Kiserikali (NRG), mikutano ya uratibu wa sekta inayoongozwa na OCHA, mashirikiano na maeneo muhimu ya kisekta, NDMA, na washirika husika wa serikali ya kaunti.",Governance
Mapendekezo ya WHO ya kuanzisha ART kwa watu wote wanaoishi na VVU yatachangia kwa kiasi kikubwa kupunguza maambukizi ya VVU.,General
Kaunti ya Samburu: Taarifa ya Onyo la Mapema kuhusu Ukame kwa Oktoba 2022,Disaster/Health
Muhtasari wa Nchi wa WFP Kenya Oktoba 2025,Disaster/Health
Operesheni ya DREF ya Dharura Changamano ya Kenya 2025,Disaster/Health
Ulinzi wa Jamii Nyeti kwa Migogoro: Ripoti ya Nchi ya Kenya 2022,Disaster/Health
Kaunti ya Laikipia: Taarifa ya Onyo la Mapema kuhusu Ukame kwa Septemba 2023,Disaster/Health
Kaunti ya Narok: Taarifa ya Onyo la Mapema kuhusu Ukame kwa Juni 2022,Disaster/Health
WASH nchini Kenya- 27 Agosti 2025,Disaster/Health
Kenya | Hali ya hewa kali na mafuriko - Ramani ya Kila Siku ya DG ECHO | 10/03/2026,Disaster/Health
Kaunti ya Tharaka Nithi: Taarifa ya Onyo la Mapema kuhusu Ukame Aprili 2024,Disaster/Health
Unaweza kufikiria familia ya watu wanane ikipoteza msaada wao wa chakula.,Disaster/Health
Kaunti ya Laikipia: Taarifa ya Onyo la Mapema kuhusu Ukame kwa Oktoba 2023,Disaster/Health
"Katika ulimwengu unaozidi kuathiriwa na milipuko, magonjwa ya milipuko, hali mbaya ya hewa, na changamoto zingine za afya ya umma, swali sio kama majanga mapya yatatokea, lakini ni jinsi tutakavyojitayarisha vyema kuyakabili. Kujitayarisha kwa mizozo hakutegemei hospitali, dawa, au upatikanaji wa wataalamu wa afya pekee; pia inategemea kitu kisichoonekana sana, lakini muhimu pia: uaminifu wa jamii.",General
Kenya na Somalia WASH Response: UMR na Bw. Beast Water Access Project - Ripoti ya Mwisho,Disaster/Health
Kaunti ya Turkana: Taarifa ya Onyo la Mapema kuhusu Ukame kwa Oktoba 2022,Disaster/Health
ShirikiKuwa MjitoleajiKuwa MwanachamaWafanyakaziChangiaTendersMikoa na MatawiOneRC | Fursa za Kujitolea,General
Walio kwenye karantini wanashauriwa kuweka umbali wa kimwili #KomeshaCorona update,Public Health
Wakimbizi nchini Kenya wako hatarini kukumbwa na njaa huku WFP ikikabiliwa na uhaba mkubwa wa fedha,Disaster/Health
"Kenya - Wingi mpya wa wakimbizi (DG ECHO, UNHCR) (ECHO Daily Flash ya 4 Novemba 2022)",Disaster/Health
"Wanachama hukusanya akiba ili kutoa mikopo midogo midogo, ujuzi wa kubadilishana na kutoa usaidizi wa kijamii, kutoa chombo muhimu cha ushirikishwaji wa kifedha na kupunguza umaskini katika jamii nyingi.",Disaster/Health
"Usimamizi wa Usaidizi katika Kituo cha Afya cha Loco na Timu ya Afya ya Kaunti ya Nairobi kama sehemu ya wiki ya chanjo duniani, ili kuhakikisha udhibiti wa kuzuia Maambukizi na miongozo ya chanjo inafuatwa wakati wa Janga la COVID 19. #KomeshaCorona sasisho",Public Health
[Kenya] Kando ya njia za kupita: Mchango tata wa PWJ katika Vituo vya Mapokezi vya Kakuma na Kalobeyei,Disaster/Health
Uzoefu wa Rwanda unaonyesha umuhimu wa ushirikiano katika kujenga mifumo imara ya ufuatiliaji.,Disaster/Health
Utapiamlo umesalia kuwa juu huku ukame ukiendelea nchini Kenya,Disaster/Health
Mafunzo kuhusu elimu ya hali ya hewa 2023.,Education
Kaunti ya Taita Taveta: Taarifa ya Onyo la Mapema kuhusu Ukame la Januari 2023,Disaster/Health
"Wanachama wanashauriwa dhidi ya kusambaza habari zisizo na uthibitisho kwenye majukwaa ya mitandao ya kijamii. Kwa maswali yoyote yanayohusiana na COVID-19, tafadhali piga simu kwa Wizara ya Afya kwa nambari za simu zifuatazo: 0800721316, 0732353535, 0729471414. x.com/DanielN6184157 …",Public Health
"Je, teknolojia za ufuasi za kidijitali zinaweza kupunguza ukosefu wa usawa katika mafanikio ya matibabu ya kifua kikuu? Ushahidi kutoka kwa jaribio lililodhibitiwa nasibu",Health
Kaunti ya Tana River: Taarifa ya Onyo la Mapema kuhusu Ukame ya Oktoba 2022,Disaster/Health
"Kwa maelezo zaidi, piga @MoH_DRMH bila malipo kwa 0800 722 022 #WCD2020Ke #WCD2020 #Tujulishane",Public Health
Fedha ndogo za WASH nchini Kenya,Disaster/Health
Kenya: Kushughulikia unyanyasaji wa kijinsia katika jamii zilizohamishwa na migogoro,Disaster/Health
"Kenya: IPC Ukosefu wa Chakula Mkali na Uchanganuzi Mkali wa Utapiamlo (Julai - Desemba 2022) Ilichapishwa mnamo Septemba 28, 2022",Disaster/Health
Kenya: Masomo huwasaidia wanafunzi walio katika mazingira magumu kumaliza elimu ya sekondari,Disaster/Health
"Hatua muhimu za #KomeshaCorona Osha maji yako na yanayotiririka Safisha mikono yetu Angalia umbali wa mwili Epuka mikusanyiko ya watu"" @GavanaKahiga @Magavana wa Kenya @County19Nyeri",Public Health
"Kenya: Ripoti ya Mafuriko ya MAM, Mei 2024",Disaster/Health
"Muhtasari wa Nchi wa WFP Kenya, Februari 2023",Disaster/Health
Kaunti ya Baringo: Taarifa ya Onyo la Mapema kuhusu Ukame kwa Agosti 2024,Disaster/Health
"Taarifa ya Ujumbe Muhimu nchini Kenya: Rekodi bei za juu za vyakula na msimu wa tano mfululizo wa mvua chini ya wastani husababisha viwango vya juu vya uhaba wa chakula, Januari 2023.",Disaster/Health
Kenya kwa mtazamo - Mradi wa Nchi ya Ushirikiano wa Kusini-Kusini na Utatu (Mei 2023),Disaster/Health
"Shirika la Afya Ulimwenguni liliunga mkono juhudi hizi kupitia mwongozo wa kiufundi, uratibu na uimarishaji wa mitandao ya kikanda, kusaidia kuhakikisha kwamba uwezo wa kimatibabu unaendelea kukua katika nchi zote na unadumishwa kati ya milipuko.",Health
"Kenya - Taarifa Muhimu ya Ujumbe: Matokeo ya Mgogoro (IPC Awamu ya 3) yanapanuka huku hali ya ukame isiyo ya kawaida inavyozidi, Januari 2026",Disaster/Health
Wakimbizi wa Kisomali wanaoishi Dadaab bila huduma za kimsingi,Disaster/Health
"19 Julai 2026 – LUSAKA, Zambia.Serikali ya Jamhuri ya Zambia, kupitia Wizara ya Afya, kwa kushirikiana na Shirika la Afya Duniani (WHO), Rotary International, UNICEF na washirika wengine wa Mpango wa Kutokomeza Polio Duniani (GPEI), imezindua awamu ya mwisho ya Shughuli za Kitaifa za Chanjo ya Kitaifa (SIA) inayolenga watoto wapatao milioni 3 wenye umri wa chini ya miaka mitano.",General
"Ushauri wa COVID-19! Kumbuka kufunika pua na mdomo wako unapokohoa au kupiga chafya kwa kitambaa au kwenye kiwiko cha mkono uliojikunja & SI mikono yako ili kuzuia kuenea kwa wengine. Nenda kwa daktari ikiwa una homa, kikohozi au unahisi kuwa ni vigumu kupumua #coronavirusInkenya",Public Health
UNHCR Kenya: Taarifa ya Ufadhili ya 2023 (kuanzia tarehe 28 Machi 2023),Disaster/Health
Ripoti ya Mitindo ya Habari ya AIRA 3-10 Oktoba 2023 (Muhtasari wa kila wiki #92),Disaster/Health
"4. Kukusanya rasilimali kwa ajili ya Utafiti, Ubunifu na maendeleo ya Miundombinu.",General
Kenya: Picha ya Ukame (Februari 2026),Disaster/Health
Taarifa ya Tahadhari ya Mapema ya Kitaifa (Oktoba 2022),Disaster/Health
"Kaunti ya Muranga imezindua usambazaji mkubwa wa barakoa kwa waendesha pikipiki. Kaa salama na hakikisha unavaa barakoa unapotembelea maeneo ya umma kama vile maduka makubwa, soko la wazi na usafiri wa umma ili kupunguza uwezekano wa maambukizi ya virusi #KomeshaCorona",Public Health
"Leo, Balozi wa Marekani nchini Kenya, HE Kyle Mccarter alimtembelea CS Mutahi Kagwe katika ofisi yake ya Afya House. Wawili hao walijadili kwa kirefu mazungumzo ya kibiashara kati ya nchi hizo mbili, haswa juu ya kualika Biashara za Amerika kuanzisha Kenya. @USAmbKenya",Public Health
Kenya: Ukame - Idadi ya Msingi kulingana na Kaunti (18 Apr 2023),Disaster/Health
Kuchunguza Uhusiano kati ya Hatari za Hali ya Hewa na Migogoro katika Kaunti ya Lamu: Athari kwa Mipango ya Kitendo ya Kukabiliana na Jamii.,Disaster/Health
Ushirikiano na mafunzo vilisaidia kuzuia ghasia za uchaguzi,Disaster/Health
Kaunti ya Kilifi: Taarifa ya Onyo la Mapema kuhusu Ukame kwa Septemba 2023,Disaster/Health
Lengo kuu la TVET ni kuandaa mfumo wa TVET ulioratibiwa na kuwianishwa ipasavyo wenye uwezo wa kuzalisha rasilimali watu wenye ujuzi na mitazamo na maadili sahihi yanayohitajika kwa ukuaji na ustawi wa sekta mbalimbali za uchumi.,General
Kikosi cha Kimataifa cha Matibabu Chapokea Ruzuku ya $6.3 Milioni kutoka Takeda ili Kuboresha Utoaji wa Afya nchini Kenya na Somalia,Disaster/Health
Kaunti ya Garissa: Taarifa ya Onyo la Mapema kuhusu Ukame kwa Januari 2023,Disaster/Health
"Maendeleo ya nchi yameungwa mkono na miundo thabiti ya utawala, zana sanifu za ukusanyaji wa takwimu, mifumo ya taarifa za maabara, ukaguzi wa mara kwa mara wa ubora wa data na ushirikiano wa fani mbalimbali unaohusisha timu za maabara, data na taarifa.",Disaster/Health
Ripoti ya Hali ya Kibinadamu ya UNICEF Kenya No. 7 27 Novemba 2023 (Kipindi cha kuripoti 1 Julai - 30 Septemba 2023),Disaster/Health
Miezi mitatu ya COVID-19 katika Afrika Kusini mwa Jangwa la Sahara28 Mei 2020,General
Mzozo unaoendelea katika Mashariki ya Kati unaleta hatari kwa sekta ya kilimo nchini humo kwa kuvuruga mtiririko wa biashara na minyororo ya ugavi na kuongeza gharama za pembejeo.,Disaster/Health
"Hazina ya Kitaifa na Mipango ya Kiuchumi imetayarisha rasimu ya Kanuni za Uwekezaji za Serikali, 2024 kwa ajili ya kuzingatiwa na wadau.",Governance
Ripoti ya Mada ya ACPS - Kenya: Athari za ukame: Kaunti za Turkana na Marsabit (07 Desemba 2022),Disaster/Health
Bidhaa za Afya za Kenya na Teknolojia Mkakati wa Utengenezaji wa Ndani wa 2026–2030,General
"Sasisho la Ujumbe Muhimu wa Kenya: Bei ya juu ya mafuta na vyakula inapunguza uwezo wa kununua wa kaya, Mei 2023",Disaster/Health
Tusaidie kusaidia familia na jamii zilizoathiriwa na vita au majanga ya asili katika maeneo yenye migogoro duniani kote,General
Kupambana na Wimbi: Jinsi Taifa Iliyoungana Kupambana na Janga la COVID-19,General
"Taarifa ya Bei ya Kenya, Mei 2024",Disaster/Health
Dashibodi ya Kukabiliana na Ukame Kenya (Januari hadi Desemba 2023),Disaster/Health
Kaunti ya Embu (Mbeere): Taarifa ya Onyo la Mapema kuhusu Ukame kwa Oktoba 2023,Disaster/Health
"Ripoti ya Mwenendo wa Taarifa za AIRA — Septemba 15–30, 2025 (Na. 171)",General
Kenya: Huduma za usalama lazima ziheshimu haki za kimsingi wakati wa maandamano ya kitaifa,Disaster/Health
Kaunti ya Kwale: Taarifa ya Onyo la Mapema kuhusu Ukame kwa Aprili 2024,Disaster/Health
Kaunti ya Taita Taveta: Taarifa ya Onyo la Mapema kuhusu Ukame Juni 2024,Disaster/Health
Kaunti ya Wajir: Taarifa ya Onyo la Mapema kuhusu Ukame kwa Desemba 2022,Disaster/Health
Mabadiliko ya Tabianchi Yageuza Mito ya Kiafrika kuwa Vitovu vya Migogoro,Disaster/Health
Unaweza kusaidia kuzuia kuenea kwa magonjwa ya kupumua kama #COVID19 ukifanya yafuatayo. #KaaNyumbaniShujaa #KomeshaCorona,Public Health
Usaidizi wa pesa taslimu na vocha huratibiwa kupitia vikundi vya Uendeshaji vya Kaunti na kuunganishwa na mwongozo wa kikundi cha Kenya Cash Working ili kuepuka kurudia na kuongeza athari.,Governance
"Mazao katika maeneo haya huvunwa mnamo Julai na Agosti, na ikilinganishwa na maeneo yenye uwezekano wa westernunimodalhigh, mifumo ya kilimo haihitaji pembejeo nyingi.",Agriculture
Kaunti ya Makueni: Taarifa ya Onyo la Mapema kuhusu Ukame kwa Septemba 2022,Disaster/Health
Kaunti ya Tana River: Taarifa ya Onyo la Mapema kuhusu Ukame ya Juni 2024,Disaster/Health
Sera hiyo inaungwa mkono na kujitolea kwa Serikali kushughulikia changamoto ambazo zimekabili mfumo wa ushuru wa Kenya kwa muda mrefu.,Governance
Ripoti ya Mitindo ya Taarifa ya AIRA - 1-8 Januari 2024 (Muhtasari wa Kila Wiki #101),Disaster/Health
"Kukabiliana na Matatizo - Athari za Ukame kwa Mikakati Inayobadilika ya Riziki ya Vijana Wakimbizi Wenye Ulemavu wa Kimwili katika Kambi ya Wakimbizi ya Kakuma, Mada ya Kazi 4 - Desemba 2024",Disaster/Health
Kaunti ya Turkana: Taarifa ya Onyo la Mapema kuhusu Ukame kwa Machi 2023,Disaster/Health
Watu wengine au vikundi vingine vinavyovutiwa.,Disaster/Health
"Hii inasisitiza ukali wa majanga ya hali ya hewa yanayotokea mara kwa mara, hasa mafuriko kwenye Bonde la Mto Tana, ambayo yanaendelea kung'oa familia, kutatiza maisha na kuzorotesha jamii zinazowapokea.",Disaster/Health
"Kauli ya Bi Alice Wairimu Nderitu, Mshauri Maalum kuhusu Kuzuia Mauaji ya Kimbari, kuhusu uzinduzi wa Mpango wa Kitaifa wa Kenya dhidi ya Matamshi ya Chuki, 15 Juni 2022.",Disaster/Health
"(f) kutoa ufikiaji, na kuleta athari, kwa jamii kwa kutoa ufundishaji bora na kutoa utafiti wa hali ya juu uliotumika.",General
Kaunti ya Turkana: Taarifa ya Onyo la Mapema kuhusu Ukame kwa Desemba 2022,Disaster/Health
"Katibu Mkuu wa Elimu ya Msingi, John Ololtuaa, alizungumza na Wakuu wa Shule na maafisa wa Elimu wa Kaunti katika Kaunti ya Bomet kuhusu vipaumbele muhimu katika sekta ya elimu.",General
"Kanuni ya 3 ya Kanuni kuu inarekebishwa kwa kufuta maneno ""Sanaa na Maendeleo ya Jamii"" yanayoonekana mara baada ya neno ""Michezo"" na badala yake maneno ""na Sanaa"". 5.",Disaster/Health
Kaunti ya Tana River: Taarifa ya Onyo la Mapema kuhusu Ukame la Januari 2024,Disaster/Health
Kaunti ya Mandera: Taarifa ya Onyo la Mapema kuhusu Ukame Julai 2023,Disaster/Health
Ofisi ya Kanda ya Afrika Mashariki kuhusu mafuriko #2 (30 Juni 2024),Disaster/Health
"JENGA UPYA: Janga la COVID-19 na Wanawake katika Uchumi Usio Rasmi nchini Kenya, Uganda na India",Disaster/Health
Kaunti ya Embu (Mbeere): Taarifa ya Onyo la Mapema kuhusu Ukame kwa Oktoba 2024,Disaster/Health
Angola imekamilisha mchakato wa kimkakati wa kuimarisha athari za chanjo,General
"Uanzishaji wa Itifaki ya Hatua ya Mapema: Ukame nchini Kenya (EAP №: EAP2022KE02, Operesheni №: MDRKE055)",Disaster/Health
Jilinde na wengine dhidi ya magonjwa. Kunawa mikono kwa sabuni na maji yanayotiririka au kutumia sanitizer yenye pombe ndio njia ya bei nafuu na bora zaidi ya kukomesha maambukizi ya virusi vya corona. Kumbuka: Kuwa salama kwa kuepuka Kubusu Kukumbatiana Kupeana mikono. #KomeshaCorona,Public Health
Siku ya Maji Duniani: Misheni za Salesian zinaangazia miradi ya maji ambayo hufanya maji safi na safi kupatikana katika jamii,Disaster/Health
"Box 30007 Nairobi-00100 , au barua pepe kwa ppd@treasury.go.ke ikiwa na nakala kwa dppd4553@gmail.com itakayopokelewa kufikia tarehe 11 Oktoba, 2024.",Disaster/Health
"Ripoti hii inachunguza gharama za kutochukua hatua katika kutotambua mahitaji ya VVU na SRHR ya vijana nchini Kenya, Rwanda na Uganda, ikizingatia gharama zinazohusiana na: 1) mimba za utotoni, 2) kupata VVU na 3) ukiukaji wa kijinsia.",Health
Kenya - Ufuatiliaji wa Uhamaji na Tathmini ya Mahali ya Sekta mbalimbali katika Kaunti ya Samburu Awamu ya 1 (Februari 2023),Disaster/Health
"Uwekezaji wa wafadhili kwa wakati unaofaa sasa unaweza kuzuia kuzorota zaidi, kulinda maisha, na kuokoa maisha kwa kupunguza gharama kubwa zaidi za ongezeko la dharura baadaye mwakani ikiwa hatua itachelewa.",Disaster/Health
"Bei ya vyakula pia inasalia kuwa mkazo unaoendelea, wakati mvua nyingi na mafuriko katika 2024 yalitatiza maisha na miundombinu iliyoharibiwa, haswa kuathiri jamii zinazotegemea kilimo na mifugo.",Disaster/Health
Kaunti ya Kilifi: Taarifa ya Onyo la Mapema kuhusu Ukame kwa Februari 2023,Disaster/Health
Kaunti ya Garissa: Taarifa ya Onyo la Mapema kuhusu Ukame kwa Septemba 2023,Disaster/Health
"Pauni milioni 15 za ufadhili wa kuimarisha nguvu kazi ya afya nchini Kenya, Nigeria na Ghana",Disaster/Health
Kenya | Hazard - Ripoti ya Mwaka ya Itifaki ya Hatua ya Mapema (Mei 2024) Operesheni №: MDRKE053,Disaster/Health
Kaunti ya Baringo: Taarifa ya Onyo la Mapema kuhusu Ukame la Aprili 2023,Disaster/Health
Kaunti ya Garissa: Taarifa ya Onyo la Mapema kuhusu Ukame kwa Julai 2022,Disaster/Health
"Athari za kuongeza bei ya mbolea kwenye uzalishaji wa mahindi nchini Kenya, Septemba 2022",Disaster/Health
Jamhuri ya Kenya: Hali Isiyo ya Mvua - Kielezo Sanifu cha Mvua (SPI) katika kipindi cha 2024-2025 (30 Januari 2026),Disaster/Health
"Serikali kwa kushirikiana na Tume ya Umoja wa Afrika inaendelea kuunga mkono Taasisi ya Kikanda ya Chuo Kikuu cha Pan African ya Sayansi ya Msingi, Teknolojia na Ubunifu (PAUSTI) katika Chuo Kikuu cha Kilimo na Teknolojia cha Jomo Kenyatta. Taasisi hiyo inatoa mafunzo kwa wahitimu kutoka Nchi za Afrika katika ngazi ya Shahada ya Uzamili na Uzamivu katika masomo ya msingi ya sayansi na Uhandisi.",General
"Matokeo muhimu: Kaunti ya Wajir - Ufuatiliaji wa Uhamaji Awamu ya 2, 1 - 18 Novemba 2023",Disaster/Health
Kaunti ya Meru (Meru-Kaskazini): Taarifa ya Onyo la Mapema kuhusu Ukame Machi 2022,Disaster/Health
Kenya - Kaunti ya Garissa - Dadaab - Kambi ya Wakimbizi ya Dagahaley - Miundombinu ya Elimu na Afya - hadi Mei 2022,Disaster/Health
Wasichana nchini Kenya wanakabiliwa na ghasia kama ukame zaidi unavyotarajiwa,Disaster/Health
"Taarifa ya Bei ya Kenya, Februari 2023",Disaster/Health
Dokezo za Uendeshaji Magari Msimu wa Joto: Mabadiliko ya msimu yanatoa fursa ya kushiriki taarifa za usalama wa gari na kuwakumbusha madereva kuendesha kwa usalama na kujiandaa na hali ya barabara.,Security
Kaunti ya Kwale: Taarifa ya Onyo la Mapema kuhusu Ukame kwa Januari 2023,Disaster/Health
Kaunti ya Baringo: Taarifa ya Onyo la Mapema kuhusu Ukame kwa Septemba 2024,Disaster/Health
"Kukuza na kuunganisha utafiti, sayansi, teknolojia na uvumbuzi katika ngazi zote.",General
"Bila uwekezaji wa kimakusudi katika malezi ya watoto, ujuzi, na fursa salama za kazi, wanawake wanahatarisha kutengwa kutoka kwa mafanikio ya ujumuishaji.",Disaster/Health
"Kazi hii itahakikisha kuwa uwekezaji wa siku zijazo ni wa msingi wa ushahidi, mzuri kiuchumi, na unaendana na vipaumbele vya kitaifa.",Disaster/Health
Kenya: Athari za kibinadamu za mvua kubwa na mafuriko - Sasisho la Flash #1 (8 Novemba 2023),Disaster/Health
"Kadiri mapato yanavyopungua na chakula kinapokuwa chini ya bei nafuu, kaya zinazidi kutumia mikakati mibaya ya kukabiliana na hali hiyo, kuashiria kumomonyoka kwa ustahimilivu.",Disaster/Health
"Tafiti pia zinaangazia chaguo ngumu ambazo kaya hufanya ili kukabiliana na joto kali, huku baadhi ya familia zikitumia karibu moja ya sita ya mapato yao kwa gharama za kupozea mara kwa mara na zinazohusiana na maji.",Disaster/Health
Benin: Safari ya Eric Loko ya kuacha matumizi ya tumbaku,General
GIEWS Muhtasari wa Nchi: Kenya 16-Septemba-2024,Disaster/Health
Kutoka Kiwewe Hadi Ushindi: Vita vya Ujasiri vya Wanawake wa Kenya Dhidi ya Ukeketaji,Disaster/Health
"Maoni ya usalama wa umiliki wa ardhi katika maeneo ya wafugaji huko Marsabit, Kenya (Juni 2024)",Disaster/Health
Hali ya Hali ya Hewa Kenya 2022,Disaster/Health
Mienendo ya Jinsia katika Mifumo ya Riziki ya Wafugaji Barani Afrika,Disaster/Health
MPANGO WA KUNDI HALISI NA WALIO PEKEE KWA CHERANGANY KATIKA KAUNTI YA POKOT MAGHARIBI.,General
Kaunti ya Narok: Taarifa ya Onyo la Mapema kuhusu Ukame kwa Mei 2024,Disaster/Health
Wauguzi wetu wamekuwa mstari wa mbele katika vita hivi dhidi ya COVID-19 kama hatua ya kwanza ya wito katika vituo vyetu vya afya. Wanajitolea sana kila siku licha ya hatari ya kuambukizwa virusi ili kuhakikisha walioambukizwa wanatunzwa; Dk Aman. #KomeshaCorona sasisho,Public Health
Tunapenda kutoa wito wa utulivu na kuwahakikishia raia na kila mtu anayeishi nchini Kenya kwamba nchi hiyo haina* riwaya mpya ya #coronarvirus 2019 na hatua madhubuti zimewekwa kuzuia kuingizwa kwake nchini @WHOKenya @KBCChannel1 @citizentvkenya @GhettoRadio895,Public Health
Kenya: gharama ya kutochukua hatua (Mei 2023),Disaster/Health
Kuzuia VVU kwa tohara salama ya kitabibu ya wanaume kwa wavulana na wanaume waliobalehe katika milipuko ya jumla ya VVU: mapendekezo na mambo muhimu ya kuzingatia.,General
Kuimarisha uzuiaji wa mauaji ya kimbari kupitia elimu barani Afrika: muhtasari wa sera,Disaster/Health
Ethiopia yazindua hatua za dharura za kiafya kwa maporomoko ya ardhi ya hivi majuzi,General
Kaunti ya Samburu: Taarifa ya Onyo la Mapema kuhusu Ukame kwa Mei 2022,Disaster/Health
"Mambo ya Kuingia kwa Uwekezaji Wenye Amani-Chanya katika Masoko ya Mipaka ya Kaskazini mwa Kenya: Utafiti wa uchunguzi wa uwekezaji unaotarajiwa kutegemea amani katika kaunti za Elgeyo Marakwet, Mandera na Marsabit (Julai 2024)",Disaster/Health
"Mafuriko na Uhamishaji katika Nairobi, Kenya - Aprili 24 hadi Mei 15, 2024",Disaster/Health
Njia ya maisha kwa wakimbizi: kuwalinda walio hatarini zaidi nchini Kenya,Disaster/Health
Kaunti ya Turkana: Taarifa ya Onyo la Mapema kuhusu Ukame kwa Februari 2024,Disaster/Health
"3. Kuanzisha ushirikiano, ushirikiano na uhusiano katika Sayansi, Teknolojia na Ubunifu.",General
"Ushiriki mdogo wa kazi ya wanawake katika kambi huonyesha makutano ya majukumu ya utunzaji, uhamaji mdogo, na upatikanaji dhaifu wa kazi; wanawake wa jamii-wageni katika maeneo yaliyochelewa wanakabiliwa na vikwazo sawa.",Disaster/Health
Kaunti ya Kitui: Taarifa ya Onyo la Mapema kuhusu Ukame kwa Februari 2024,Disaster/Health
Kaunti ya Samburu: Taarifa ya Onyo la Mapema kuhusu Ukame kwa Aprili 2023,Disaster/Health
Ripoti ya Mitindo ya Habari ya AIRA 26 Juni - 9 Julai 2025,Disaster/Health
"Muhtasari wa Maarifa ya EHAGL - Kenya, Benki ya Dunia - UNHCR data na ushirikiano wa ushahidi (2016 - 2023)",Disaster/Health
"Kati ya ukame mkali na mafuriko ya hapa na pale, sehemu kubwa ya Kenya inakabiliwa na majanga ya mara kwa mara au yanayoonekana kutoisha.",Disaster/Health
"Kenya - Mafuriko, sasisho (Idara ya Met ya Kenya, vyombo vya habari) (ECHO Daily Flash ya 29 Novemba 2023)",Disaster/Health
MPANGO WA KIKUNDI CHENYE HATARI NA WALIO PEKEE KWA ILKUNONO KATIKA KAUNTI YA MARSABIT.,General
Mpango wa Mwele Malecela Mentorship – Cohort IV,General
Vitendo vya Kutarajia Maombi ya Kenya DREF - Mlipuko wa EVD (MDRKE052),Disaster/Health
"Hakuna tiba ya maambukizi ya VVU. Hata hivyo, dawa zinazofaa za kurefusha maisha (ARV) zinaweza kudhibiti virusi na kusaidia kuzuia maambukizi ili watu walio na VVU na wale walio katika hatari kubwa, waweze kufurahia maisha yenye afya, marefu na yenye tija.",General
Nchi zote »ABCDEGKLMNRSTUZHabari kutoka nchiUpatikanaji wa kutunza magonjwa sugu barani Afrika unaoongezeka: ripoti mpya21 Jul 2026|Taarifa ya HabariUganda inalinda huduma muhimu za afya wakati wa kukabiliana na mlipuko wa Ebola21 Jul 2026|Hadithi ya KipengeleUpatikanaji wa kutunza magonjwa sugu barani Afrika kukua: ripoti mpya21 Jul 2026|Mchakato mpya wa 2 kukamilika kwa Angola athari za chanjo20 Jul 2026|Taarifa ya HabariZambia Yazindua Mzunguko wa Mwisho wa Kampeni ya Chanjo ya Polio Inayolenga Watoto Milioni 3.919 Jul 2026|Taarifa ya HabariSpotlightUgandaKatika mstari wa mbele wa kukabiliana na mlipuko wa Ebola nchini Uganda01 Jul 2026|,General
Kenya: Mafuriko yanayohusiana na hali ya hewa yanalazimisha mamia ya maelfu kukimbia,Disaster/Health
"Kukiwa na tishio jipya zaidi la Omicron na kuongezeka kwa idadi ya maambukizo - kesi 3,286 mpya zilizothibitishwa za COVID-19 kufikia Desemba 30 - hitaji la kudumisha chanjo na hatua za kinga na kinga na wote, imekuwa haraka kama zamani.",Health
Kaunti ya Wajir: Taarifa ya Onyo la Mapema kuhusu Ukame kwa Januari 2024,Disaster/Health
Ujanibishaji wa Mpango wa Kukabiliana na Hali ya Hewa katika Kaunti za Kenya zinazohifadhi Wakimbizi,Disaster/Health
"Ripoti ya Hali ya Kibinadamu ya UNICEF Kenya No. 6, 10 Agosti 2023 (Januari hadi Juni 2023)",Disaster/Health
"Ripoti ya Uchunguzi wa Mazingira NEAT+, Dadaab, Kenya",Disaster/Health
"Walimu 40,000 watafaidika na mbinu mpya za mafundisho ya hisabati ya darasa la awali kupitia mafunzo bora ya kazini na usimamizi wa mara kwa mara wa ufundishaji na usaidizi.",General
"Taarifa ya Bei ya Kenya, Januari 2023",Disaster/Health
"Taarifa ya Kiuchumi ya Kenya, Juni 2023 (Toleo #27)",Disaster/Health
Sote tuchukue jukumu la kuzuia kuenea kwa COVID-19. #Nawa mikono mara kwa mara. #kaa nyumbani ikiwezekana. #funika mdomo na pua yako kwa kiwiko cha mkono au kitambaa unapokohoa au kupiga chafya #Safisha na kuua vijidudu kwenye sehemu na vitu vinavyoguswa mara kwa mara. #KomeshaCorona,Public Health
Ripoti ya Mwaka ya Nchi ya Kenya 2022 - Mpango Mkakati wa Nchi 2018 - 2023,Disaster/Health
"Shirika la Msalaba Mwekundu la Kenya ni shirika la misaada ya kibinadamu, lililoundwa kupitia sheria ya bunge CAP256 ya sheria za Kenya.",General
Matibabu ya kifua kikuu kinachostahimili dawa nyingi nchini Eswatini yanaonyesha matokeo ya kutia moyo,General
"📢 Kwa wanafunzi wote wanaotarajia kusomea udaktari na afya, wakati wenu ni sasa! Maombi ya Chuo cha Mafunzo ya Matibabu cha Kenya (KMTC) mchujo wa Septemba 2026 yamefunguliwa rasmi kupitia Tovuti ya KUCCPS!",Education
"Jukumu lao pia ni kuwasilisha ujumbe wa afya juu ya haja ya kuendelea na hatua nyingine za kuzuia malaria, kama vile kulala chini ya vyandarua (ITNs), na manufaa ya chanjo nyingine za kawaida kwa watoto.",Health
Nchi za Kusini mwa Afrika zinakabiliwa na ongezeko la kesi za COVID-1913 Mei 2022,General
MASHARTI YA REJEA (TOR) WALINZI WA KIJAMII USAIDIZI WA KITAALUMA KWA MRADI WA KUBORESHA UBORA WA ELIMU YA SEKONDARI.,General
Kaunti ya Kilifi: Taarifa ya Onyo la Mapema kuhusu Ukame kwa Januari 2024,Disaster/Health
"WHO inapendekeza kwamba watoto wanaozaliwa na mama wanaoishi na VVU kupimwa VVU, wakati wa kuzaliwa, wiki sita, wakati wa kunyonyesha, na wakati kunyonyesha kumalizika kutokana na hatari ya kuambukizwa katika kipindi hiki. Watoto wakubwa, hasa watoto na ndugu wa watu walioambukizwa VVU, wanapaswa pia kupimwa.",General
Rufaa ya Kibinadamu yatoa tahadhari nyekundu ya msaada kwa Pembe ya Afrika - Hali mbaya ya njaa na kusababisha kifo cha mtu mmoja kila baada ya sekunde 48 nchini Somalia na Kenya,Disaster/Health
"Kenya - Taarifa ya Ujumbe Muhimu: Maboresho ya hivi majuzi katika usalama wa chakula yamewekwa ili kusaidia kaya masikini katika kipindi kigumu, Julai 2024.",Disaster/Health
"Luigi D'Acquino, Mkuu wa Afya wa UNICEF Kenya, pia alisisitiza dhamira ya shirika lake katika suala hili: ""UNICEF inasimama na WHO na Wizara ya Afya kuhakikisha haki ya kila mtoto ya kuishi inazingatiwa.",Health
"Katika muda wa mradi wa miaka mitano, ACE hizi kwa pamoja zinatarajiwa kuandikisha zaidi ya wanafunzi 3,500 waliohitimu katika maeneo ya kipaumbele ya maendeleo ya kanda, kati yao zaidi ya 700 watakuwa wanafunzi wa PhD na zaidi ya 1,000 watakuwa wanafunzi wa kike, kuchapisha karibu nakala 1,500 za majarida, kuzindua zaidi ya ushirikiano wa utafiti 300 na taasisi za nje za Amerika na karibu dola milioni 30 za mapato ya nje.",General
Kaunti ya Garissa: Taarifa ya Onyo la Mapema kuhusu Ukame kwa Juni 2024,Disaster/Health
Afrika Mashariki: Mvua kubwa na mafuriko Sasisho la Flash #3 (21 Mei 2024),Disaster/Health
Kenya | Mgogoro wa Njaa 2021-2022 - Nambari ya Rufaa: MDRKE049 - Mkakati wa Uendeshaji (18 Julai 2021 hadi 31 Julai 2023),Disaster/Health
Kaunti ya Turkana: Taarifa ya Onyo la Mapema kuhusu Ukame Aprili 2024,Disaster/Health
MPANGO WA KUNDI HALISI NA WALIO PEKEO KWA JUMUIYA YA WAATHA KATIKA KAUNTI YA KILIFI,General
Kaunti ya Kitui: Taarifa ya Onyo la Mapema kuhusu Ukame Julai 2023,Disaster/Health
VIDEO:Mpango wa Kuboresha Shule (Kenya) Hati kuhusu Usimamizi wa Fedha,General
"Katika muktadha unaoonekana na changamoto nyingi za kiafya, kuwekeza katika kusikiliza jamii na kuwaleta raia karibu na maamuzi yanayoathiri afya zao sio chaguo tena lakini imekuwa jambo la lazima. Hospitali hutibu magonjwa; hata hivyo, inafahamishwa, inashirikishwa, na kutayarisha jumuiya zinazosaidia kuzizuia, kuzikabili na kuzishinda.",General
Utabiri wa wafugaji: Kuongezeka kwa mahitaji ya utabiri wa hali ya hewa kusaidia kukabiliana na hali Kaskazini mwa Kenya.,Disaster/Health
"Dk Rashid. @KEMRI_Kenya pia inahusika katika uundaji wa bidhaa za uchunguzi wa COVID-19 na majaribio ya kimatibabu, kupima usalama na ufanisi wa dawa zinazoweza kutibiwa na waombaji chanjo ya janga hili.",Public Health
"Mnamo mwaka wa 2021, WHO ilitoa miongozo ya Consolidated juu ya kuzuia VVU, kupima, matibabu, utoaji wa huduma na ufuatiliaji: Mapendekezo ya mbinu ya afya ya umma. Miongozo hii iliyounganishwa juu ya kuzuia na kutibu maambukizi ya VVU inaleta pamoja mfululizo wa mapendekezo ili kukuza ubora wa juu zaidi, utoaji wa huduma kwa watu wanaoishi na VVU na walioathirika na VVU.",General
Uchambuzi wa Tofauti za Baiskeli ambazo Zinaonyesha Tukio la Janga la Njaa katika Afrika Mashariki mnamo 2028-2035,Disaster/Health
Serikali ya Kenya inaonyesha kujitolea kukuza ushiriki wa wanawake katika sekta zote.,Governance
USHIRIKIANO NA WANAFUNZI NA WADAU WENGINE JUU YA MFANO MPYA WA FEDHA KWA ELIMU YA JUU.,General
Wezesha uthibitishaji wa vipengele viwili (2FA) kwa akaunti zote za benki na mitandao ya kijamii.,Security
Kaunti ya Tana River: Taarifa ya Onyo la Mapema kuhusu Ukame ya Juni 2023,Disaster/Health
"Upimaji wa VVU unapaswa kuwa wa hiari - mtu ana haki ya kukataa kupimwa. Upimaji wa lazima au wa kulazimishwa na mtoa huduma wa afya, mamlaka, au na mshirika au mwanafamilia haukubaliki kwa kuwa unadhoofisha utendaji mzuri wa afya ya umma na kukiuka haki za binadamu.",General
"Mnamo 2024, mafuriko ya Machi-Aprili-Mei yaliathiri takriban watu 410,000, na kupoteza maisha ya 315, na kusababisha uharibifu wa Shilingi bilioni 187 za Kenya¹.",Disaster/Health
"Kando na mafunzo haya, wanachama wa SHG wanashiriki katika vikao vya maendeleo ya biashara vilivyoundwa ili kuwasaidia kutambua fursa zinazowezekana za maisha na kuimarisha uwezo wao wa kusimamia biashara za pamoja.",Disaster/Health
"Mtazamo wa Usalama wa Chakula nchini Kenya: Mvua fupi za chini ya wastani, viwango vya juu vya joto kusababisha Mgogoro (IPC Awamu ya 3) hadi Mei, Oktoba 2025 - Mei 2026",Disaster/Health
"Nairobi - Shirika la Afya Duniani (WHO) na Chuo Kikuu cha Aga Khan-Kenya (AKU) leo wamezindua ushirikiano mpya ili kuharakisha vita dhidi ya saratani ya matiti na mlango wa kizazi, saratani mbili zinazoongoza zinazodai wanawake kuishi ...",General
Kaunti ya Meru (Meru-Kaskazini): Taarifa ya Onyo la Mapema kuhusu Ukame ya Novemba 2023,Disaster/Health
Sasisho la Hali ya Kenya | Desemba 2023: Kukagua Makubaliano ya Amani ya Jumuiya ya Maeneo Kama Njia Mbadala za Amani,Disaster/Health
Kenya: Vifo wakati wa maandamano yanayohusu sana,Disaster/Health
"KNEC yafungua nyongeza ya usajili wa KCSE 2025 — ' — "" kulipa ada ya kuchelewa kabla ya Novemba 30!",Education
"Mpito huo uliungwa mkono na uongozi dhabiti kutoka Wizara ya Afya na Kituo cha Matibabu cha Rwanda, ushirikiano wa karibu kati ya hospitali zinazoshiriki, matumizi ya zana sanifu kama vile BacLink na WHONET, na usaidizi wa kiufundi kutoka Makao Makuu ya WHO na Ofisi ya Kanda ya WHO ya Afrika.",Health
"Kuanzishwa kwa mfumo wa haki mbadala katika Kaunti ya Mandera, Kenya",Disaster/Health
"Muungano wa Kenya Cash Consortium unaoongozwa na wenyeji na usaidizi wa arifa unaobadilika kulingana na arifa kwa jamii zilizoathiriwa na maafa katika Kaunti ya Tana River: Msingi (Septemba, 2024)",Disaster/Health
Mchango wa mchele wa Jamhuri ya Korea unatoa msukumo muhimu kwa mwitikio wa dharura wa WFP kwa wakimbizi nchini Kenya,Disaster/Health
Udhibiti wa Taka na Urekebishaji wa Ufungaji Uliotumika nchini Kenya (WFP),Disaster/Health
@MOH_Kenya inashirikiana na kaunti kuweka vituo vya kutengwa nchini kote kushughulikia visa vya coronavirus. Ukihitaji msaada piga 719. #KomeshaCorona @K24Tv live show,Public Health
"Mnamo majira ya kuchipua 2024, kaunti ilikuwa miongoni mwa nchi zilizoathiriwa zaidi na mafuriko yaliyosababishwa na El Niño, ambayo yalizamisha vijiji vizima, kuharibu vifaa, kuharibu mashamba na kuwahamisha maelfu ya watu katika mchakato huo.",Agriculture
"Mtandao wa Kibinadamu wa ASAL MPCT Tathmini ya Msingi ya Walengwa Wapya, Kaunti ya Turkana (Januari 2022)",Disaster/Health
Ksh 402.7 bilioni Kuwekeza katika Miundombinu Muhimu Ksh 656.6 bilioni Kuimarisha Ufikiaji wa Matokeo Bora ya Elimu.,Education
Kaunti ya Taita Taveta: Taarifa ya Onyo la Mapema kuhusu Ukame kwa Februari 2024,Disaster/Health
"Kupitia maboresho ya mifumo yao ya uchunguzi, nchi zote mbili sasa zinatoa maelezo ya kina zaidi ili kuongoza maamuzi ya matibabu, kuimarisha hatua za afya ya umma na kusaidia kulinda ufanisi wa dawa zinazookoa maisha.",Health
Kaunti ya Tharaka Nithi: Taarifa ya Onyo la Mapema kuhusu Ukame Desemba 2023,Disaster/Health
Kaunti ya Meru (Meru-Kaskazini): Taarifa ya Onyo la Mapema kuhusu Ukame Machi 2023,Disaster/Health
Maafa ya kiafya yanayokaribia katika kambi za wakimbizi za Dadaab nchini Kenya,Disaster/Health
"Kuelewa Utapiamlo Mkali wa Mtoto katika Kaunti za Isiolo na Marsabit, Kenya | Muhtasari wa Somo la Longitudinal la USAID Nawiri 4",Disaster/Health
Msaada wa Tahadhari ya Kenya Cash Consortium kwa Jamii Zilizoathiriwa na Maafa katika Kaunti za Garissa na Marsabit: Msingi (Agosti 2025),Disaster/Health
"Idara ya Jimbo hupokea ofa za masomo kutoka kwa nchi rafiki kila mwaka. Ufadhili wa masomo haya ambayo hutolewa kupitia makubaliano ya nchi mbili, unalenga kujenga nguvu kazi yenye uwezo ili kufikia malengo ya maendeleo ya Taifa. Usomi huu pia unakusudiwa kusaidia wanafunzi wenye uhitaji mkali na pia kujenga uwezo katika maeneo ambayo nchi inahitaji ujuzi maalum. Kurugenzi ya Elimu ya Juu ya Wizara ya Elimu imepewa jukumu la kushughulikia ufadhili wa masomo.",General
Hatua Muhimu zaidi ya kuzuia janga ni kurekebisha adabu za kijamii na mtindo wa maisha ili kupunguza uwezekano wa kuambukizwa k.m. kuvaa barakoa inapaswa kuwa sehemu ya maisha ya kawaida. #KomeshaCorona,Public Health
"Tathmini itawasaidia wahusika wa masuala ya kibinadamu, serikali za kaunti, na washirika wa maendeleo katika kutambua tofauti za kisekta na kijiografia, kuelewa tofauti kati ya wakimbizi na jamii zinazowapokea, na kufahamisha ulengaji kulingana na ushahidi, ugawaji wa rasilimali, na upangaji wa mwitikio wa sekta mbalimbali ndani ya mazingira ya Kenya yanayoendelea ya kibinadamu.",Health
"Wale ambao tumepona COVID-19, tafadhali tuwe mabalozi wetu kote nchini. Pitisha ujumbe wa matumaini, huku pia ukisisitiza hali ya tahadhari kwa nchi nzima. Osha mikono. Safisha. Weka umbali wa kijamii. Kaa nyumbani. #KomeshaCorona",Public Health
Kaunti ya Kitui: Taarifa ya Onyo la Mapema kuhusu Ukame Aprili 2023,Disaster/Health
"Utunzaji wa kuunga mkono—kurudisha maji mwilini kwa vimiminika vya kumeza au kwa mishipa—na matibabu ya dalili mahususi huboresha maisha. Matibabu mbalimbali yanayoweza kujumuisha bidhaa za damu, matibabu ya kinga na matibabu ya madawa ya kulevya kwa sasa yanatathminiwa.",General
Hii inaangazia zaidi hitaji la ushirikiano wa kikanda wa ugavi wa API kote barani Afrika na kutoa wito wa mkakati mahususi wa kuimarisha sekta ya uchunguzi na vifaa vya matibabu ambayo haijapewa kipaumbele kwa kiasi kikubwa.,Health
"Uundaji na utekelezaji wa sera, mikakati na programu za usimamizi na maendeleo ya utafiti;",General
Kenya: Mlipuko wa Polio - Ripoti ya Mwisho ya DREF (MDRKE062),Disaster/Health
Kaunti ya Kajiado: Taarifa ya Onyo la Mapema kuhusu Ukame kwa Februari 2023,Disaster/Health
"Mtandao wa Kibinadamu wa ASAL MPCT Tathmini ya Msingi ya Walengwa Wapya, Kaunti ya Mandera (Januari 2022)",Disaster/Health
Kaunti ya Kitui: Taarifa ya Onyo la Mapema kuhusu Ukame kwa Agosti 2023,Disaster/Health
Kuimarisha huduma za afya ya uzazi kupitia ushauri wa tovuti nchini Kenya,Disaster/Health
Kutoka kwa Wachota Taka hadi Wasambazaji: Mradi wa Urejelezaji wa Msingi wa Jumuiya ili Kuunda Thamani nchini Kenya.,Disaster/Health
Kaunti ya Meru (Meru-Kaskazini): Taarifa ya Onyo la Mapema kuhusu Ukame Januari 2023,Disaster/Health
Kenya Takwimu Infographics | Desemba 2025,Disaster/Health
Ushauri kwa wanawake na wenzi wao ili kupunguza hatari ya maambukizi na kuhakikisha matibabu mwafaka.,General
"Maafisa wa Wizara ya Afya wataanza ukaguzi wa nasibu wa umma katika baadhi ya maeneo yaliyolengwa kuanzia Jumamosi Machi 21, 2020 katika juhudi za kuzuia kuenea kwa COVID-19. #COVID19 @WHOKenya @UNFPAKen @UNICEF @WHOKenya @SpokespersonGoK",Public Health
Mradi wa Mazingira Wezesha Usafi wa Kenya,Disaster/Health
Taarifa ya Tahadhari ya Mapema ya Kitaifa (Machi 2023),Disaster/Health
"Ripoti ya Hali ya Kibinadamu ya UNICEF Kenya No. 5, 7 Julai 2023 (Kipindi cha Kuripoti 1 hadi 31 Mei 2023)",Disaster/Health
Kaunti ya Tharaka Nithi: Taarifa ya Onyo la Mapema kuhusu Ukame kwa Januari 2024,Disaster/Health
IFRC yazindua Kampeni ya Sifuri ya Njaa ili kuendesha usalama wa chakula unaodumu kote barani Afrika,Disaster/Health
Kaunti ya Isiolo: Taarifa ya Onyo la Mapema kuhusu Ukame Julai 2023,Disaster/Health
Kenya - Kaskazini mwa Kenya: Ukali wa Ukame na Mfichuo wa Idadi ya Watu katika Kaunti ya Isiolo (28 Januari 2026),Disaster/Health
MPANGO WA KUNDI HALISI NA WALIO PEKEO KWA ABASUBA KATIKA KAUNTI YA HOMABAY,General
Kaunti ya Marsabit: Taarifa ya Onyo la Mapema kuhusu Ukame kwa Desemba 2023,Disaster/Health
Hii inaweza kujumuisha matumizi ya mbinu za kidijitali kama vile SMS kwa kushiriki maelezo ya afya na kuwakumbusha wazazi kukamilisha ratiba ya chanjo.,Health
"Licha ya jukumu hili, mara nyingi wana udhibiti mdogo na ufikiaji usio salama wa rasilimali; kuathiriwa na nyanja mbalimbali zilizounganishwa za kitamaduni, ikolojia, kiuchumi, kisiasa na kijinsia.",Disaster/Health
"Tangu kujiandikisha katika GLASS mwaka wa 2022 na kuwasilisha data yake ya kwanza ya AMR mnamo 2023, nchi imefanya kazi kwa karibu na hospitali, taasisi za kitaifa na washirika wa kiufundi ili kuimarisha ukusanyaji na kuripoti data.",Health
UNDP Yafichua Mkoba wa Miundombinu ya Umma ya Kidijitali na Kutia sahihi MOU ili Kuendesha Ubadilishaji Jumuishi wa Dijitali,Disaster/Health
Kuelewa na kudhibiti migogoro katika maeneo kame na nusu kame nchini Kenya: kesi ya Kaunti ya Samburu,Disaster/Health
Taarifa ya Ujumbe Muhimu wa Kenya Mei 2024: Athari mbalimbali za mvua katika maeneo ya ufugaji na upandaji mazao huku mvua ndefu inapoisha.,Disaster/Health
"Kumlinda mtu kutokana na kuambukizwa ndiyo njia bora zaidi ya kuzuia kuenea kwa virusi. Hatua za ulinzi ambazo tumekuwa tukitetea ni pamoja na, kunawa mikono, kuvaa barakoa katika maeneo ya umma, kudumisha umbali wa kijamii na kimwili, na kuepuka mikusanyiko ya watu.",Public Health
Kaunti ya Turkana: Taarifa ya Onyo la Mapema kuhusu Ukame kwa Februari 2023,Disaster/Health
"Ripoti ya Hali ya Kibinadamu ya UNICEF Kenya No. 3, 11 Aprili 2023 (Kipindi cha Kuripoti 1 hadi 31 Machi 2023)",Disaster/Health
Kaunti ya Wajir: Taarifa ya Onyo la Mapema kuhusu Ukame kwa Oktoba 2022,Disaster/Health
COVID-19 inaenea kwanza kabisa katika jamii yetu. Leo tuna kesi 22 mpya. Tujiweke karantini na tukae nyumbani kulindana; CS Mutahi. #KomeshaCorona sasisho,Public Health
Marekani Yatoa Msaada wa Zaidi ya $126 milioni katika Msaada wa Chakula nchini Kenya huku Ukame Usiokoma Ukichochea Viwango vya Njaa,Disaster/Health
Sasisho la Utendaji: Kujitayarisha kwa Kimbunga Hidaya nchini Kenya huku Msaada wa Kimatibabu Ukiondoka kwa Nchi 13 Wiki Hii,Disaster/Health
"Katika kukabiliana na hali hiyo, kupitia SFERA, Serikali ya Ubelgiji ilichangia USD 500 000 kwa FAO kutekeleza mradi, unaoitwa ""Kulinda riziki na kuongeza upatikanaji wa chakula mara moja kwa kaya za vijijini zilizo hatarini zilizoathiriwa na ukame uliotabiriwa kupitia hatua za kutarajia"".",Disaster/Health
Vidokezo vya Kulinda Saluni yako dhidi ya Covid-19; Toa dawa ya kusafisha mikono kwenye mlango wa saluni onyesha sera zako za miadi mlangoni Nawa mikono yako mara kwa mara kwa kisafisha mikono chenye pombe. Weka umbali wa kijamii Tumia barakoa za uso wewe na mteja wako #KomeshaCorona,Public Health
Kenya - Kaunti ya Garissa - Dadaab - Ramani ya Miundombinu ya Kambi ya Wakimbizi ya Hagader (29/08/2024),Disaster/Health
"Hadithi za #COVID19 Vs Ukweli. Hadithi A chanjo ya kuponya COVID-19 inapatikana. Ukweli Kwa sasa, hakuna chanjo ya COVID-19. Wanasayansi tayari wameanza kufanyia kazi moja, lakini kutengeneza chanjo ambayo ni salama na yenye ufanisi kwa binadamu itachukua miezi mingi. #KomeshaCorona",Public Health
Kaunti ya Turkana: Taarifa ya Onyo la Mapema kuhusu Ukame kwa Desemba 2023,Disaster/Health
Kaunti ya Mandera: Taarifa ya Onyo la Mapema kuhusu Ukame ya Novemba 2023,Disaster/Health
Kesi chache za COVID-19 kati ya wanawake barani Afrika: uchambuzi wa WHO04 Machi 2021,General
Pokot Magharibi: Taarifa ya Onyo la Mapema kuhusu Ukame kwa Aprili 2024,Disaster/Health
"Mustakabali wetu ni mzuri"": Wanawake wakulima nchini Kenya wanakabiliana na ukame",Disaster/Health
Kaunti ya Narok: Taarifa ya Onyo la Mapema kuhusu Ukame kwa Machi 2023,Disaster/Health
Kaunti ya Baringo: Taarifa ya Onyo la Mapema kuhusu Ukame ya Novemba 2023,Disaster/Health
Kenya | Mafuriko - Usasishaji wa Uendeshaji wa Miezi 6 (MDRKE058) (31/10/2024),Disaster/Health
Kaunti ya Turkana: Taarifa ya Onyo la Mapema kuhusu Ukame kwa Mei 2024,Disaster/Health
CS Mhe. Julius Ogambo na PS elimu ya juu na PS TVET wanaongoza mazungumzo ya nchi mbili na tume kuu ya Uingereza inayoongozwa na Desmond Neil.,General
Ukosefu wa Haki Usiodhibitiwa: Ukandamizaji wa Kenya wa Maandamano ya 2023 [EN/SW],Disaster/Health
Ujumbe mfupi wa ACPS - Kenya: Mvua kubwa na mafuriko (14 Mei 2024),Disaster/Health
Kaunti ya Garissa: Taarifa ya Onyo la Mapema kuhusu Ukame kwa Aprili 2024,Disaster/Health
Kaunti ya Kitui: Taarifa ya Onyo la Mapema kuhusu Ukame kwa Mei 2023,Disaster/Health
UNHCR Kenya: Taarifa ya Ufadhili ya 2023 (kuanzia tarehe 28 Februari 2023),Disaster/Health
"Joto pia huweka mkazo unaoongezeka kwenye mifumo ya nishati kwa kuathiri miundombinu ya usambazaji na uwezo wa kupoeza wakati huo huo mahitaji ya umeme yanaongezeka, na kuongeza hatari ya kukatika kwa umeme.",Disaster/Health
VipindiTVETElimu Msingi Elimu ya Juu na UtafitiMRADI WA KUBORESHA UBORA WA ELIMU YA SEKONDARI(SEQIP)Mpango wa Kuboresha Usawa na Ubora wa Elimu ya Sekondari(SEEQIP),General
Kaunti ya Kilifi: Taarifa ya Onyo la Mapema kuhusu Ukame kwa Septemba 2022,Disaster/Health
Kaunti ya Kilifi: Taarifa ya Onyo la Mapema kuhusu Ukame kwa Agosti 2024,Disaster/Health
Kaunti ya Tharaka Nithi: Taarifa ya Onyo la Mapema kuhusu Ukame Juni 2024,Disaster/Health
"Katika mpango wa aina yake, hii inahusisha ununuzi wa bidhaa za Chakula kutoka sehemu kuu kisha kusafirishwa hadi Kaunti Ndogo kabla ya Mkurugenzi wa Elimu wa Kaunti Ndogo (SCDE) kusambaza bidhaa za chakula shuleni. Hii inashughulikia Kaunti 10 Kame. Kaunti hizo ni pamoja na; (Baringo (Tiaty, Marigat, Baringo North, Mogotio East and East Pokot), Garissa, Isiolo, Mandera, Marsabit, Samburu, Tana River, Turkana, Wajir, West Pokot (Pokot Kaskazini).",General
"Taarifa ya Kujipanga - Kuboresha ufikiaji wa huduma za upangaji uzazi nchini Kenya, Aprili 2022 - Toleo la 8",Disaster/Health
Sera ya Kenya Sindano Bure Regimens inazungumzia kuanzishwa kwa regimen ya matibabu ya MDR-TB ambayo haina sindano kulingana na wito wa WHO wa kuondoa sindano kutoka kwa regimen ya matibabu ya MDR-TB ili kuboresha matokeo ya matibabu. @WHOKenya @NTLDKenya,Public Health
Kaunti ya Baringo: Taarifa ya Onyo la Mapema kuhusu Ukame ya Oktoba 2024,Disaster/Health
Kaunti ya Laikipia: Taarifa ya Onyo la Mapema kuhusu Ukame kwa Februari 2023,Disaster/Health
Kukabiliana na vichochezi vya msingi vya kuathirika na kutegemeza riziki kunaweza kusaidia jamii kuimarisha uthabiti wao na kuboresha ufanisi wa kukabiliana na joto na juhudi za usimamizi.,Disaster/Health
Janga la COVID-19 laongezeka kufikia Afrika9 Aprili 2020,General
"Kuwezesha Mifumo ya Chakula Inayostahimili, Sawa na Endelevu: Mchanganyiko wa ushirikiano wa Kulima Afrika ya Baadaye (CultiAF), 2013-2023",Disaster/Health
Mtazamo wa Maarifa na Mazoezi (KAP) ya Mradi wa Huduma za WASH katika Kambi za Wakimbizi za Dadaab (29/03/2021),Disaster/Health
Kenya: Mwitikio wa Ukame - Uwepo wa Kiutendaji (Kuanzia Novemba 2022),Disaster/Health
Kenya - Kaunti ya Garissa - Dadaab - Kambi ya Wakimbizi ya Hagadera - Miundombinu ya Maji - kuanzia Mei 2022,Disaster/Health
Kupitia Mifumo ya Kuimarisha Tahadhari ya Mapema 1 Mtandao wa Masharti ya Kuzalisha Masharti (CGAN) kwa utabiri wa hali ya hewa ni aina ya hali ya juu ya akili ya bandia ambayo husaidia kutabiri mifumo ya hali ya hewa kwa kujifunza kutoka kwa data ya zamani ya hali ya hewa.,Disaster/Health
Kenya Wakimbizi waliosajiliwa na wanaotafuta hifadhi | Septemba 2025,Disaster/Health
Kaunti ya Nyeri (Kieni): Taarifa ya Onyo la Mapema kuhusu Ukame Aprili 2022,Disaster/Health
"Kupambana na Ukame, Utapiamlo na Kukata Tamaa kwa Maji Safi na Salama",Disaster/Health
Kambi ya Wakimbizi ya Dadaab na Kakuma nchini Kenya | Mpango wa Pamoja wa Ufuatiliaji wa Soko (JMMI) Q1 (Januari - Machi 2025),Disaster/Health
"Taarifa ya Bei ya Kenya, Juni 2023",Disaster/Health
Kaunti ya Mandera: Taarifa ya Onyo la Mapema kuhusu Ukame la Desemba 2023,Disaster/Health
Matukio ya Upatanishi ya NCIC na Maingiliano katika Kaunti ya Mandera na Mkoa wa Kaskazini mwa Ufa (Mei 2023),Disaster/Health
"Ripoti ya Hali ya Kibinadamu ya UNICEF Kenya Nambari 7, Januari - Desemba 2022",Disaster/Health
Januari ni Mwezi wa #Mwezi wa Uhamasishaji wa Afya ya Kizazi huku Kenya ikijiunga na mwito wa kutokomeza saratani ya mlango wa kizazi. Nchini Kenya saratani ya shingo ya kizazi ndiyo inayoongoza kwa magonjwa na vifo huku wanawake 9 wakifariki kila siku kwa saratani ya shingo ya kizazi ilhali ni saratani inayoweza kuzuilika kabisa. Kaguliwa. Mara kwa mara.,Public Health
"Kuimarisha uhusiano wa hali ya hewa, amani na usalama Kaskazini na Kaskazini Mashariki mwa Kenya",Disaster/Health
"Kifungu cha 227 cha Katiba ya Kenya kinataka kwamba wakati chombo cha serikali au shirika lingine lolote la umma likiweka kandarasi za bidhaa au huduma, litafanya hivyo kwa mujibu wa mfumo ambao ni wa usawa wa uwazi, wenye ushindani na wa gharama nafuu.",Disaster/Health
"Taarifa ya Bei ya Kenya, Julai 2022",Disaster/Health
Miongozo juu ya mwitikio wa afya ya umma kwa upinzani wa dawa za VVU kabla ya matibabu,General
Jinsi Ebola inavyosaidia Jamhuri ya Kidemokrasia ya Kongo kujiandaa kwa ugonjwa wa coronavirus20 Februari 2020,General
Mgogoro wa kibinadamu unazidi kuongezeka huku mafuriko yakiongezeka katika ASAL Kenya: AHN Yataka Hatua za Pamoja na za Haraka,Disaster/Health
"Masharti muhimu ni pamoja na kuimarisha kiwango cha 3 cha Mnyororo wa Thamani wa Dawa unaoongozwa na sekta binafsi (kipimo cha mwisho/kumaliza kumaliza), ambapo wazalishaji wachache wanachangia uzalishaji mwingi wa ndani, kupitia ushirikiano ulioimarishwa wa serikali na sekta binafsi ili kuoanisha uendelevu wa kibiashara na malengo ya kitaifa ya kijamii na kiuchumi.",Governance
Kwa nini haki za ardhi ni muhimu kwa hatua za hali ya hewa,Disaster/Health
"Mpango huu wa Kuongeza Kasi unatumika kama mwongozo wa kiufundi na mkataba wa uwasilishaji, unaozingatia mwongozo wa WHO, vipaumbele vya kadi za alama za EWENE, na mfumo wa sera ya afya ya Kenya.",Health
Kilichoanza mwaka wa 2017 na tovuti mbili za mfano za uchunguzi kimepanuka na kuwa mtandao wa kitaifa wa tovuti 32 za uchunguzi katika kaunti 27 na sekta nyingi za Afya Moja.,Health
Kaunti ya Laikipia: Taarifa ya Onyo la Mapema kuhusu Ukame kwa Juni 2024,Disaster/Health
Kaunti ya Baringo: Taarifa ya Onyo la Mapema kuhusu Ukame ya Juni 2023,Disaster/Health
Ukame wa Pembe ya Afrika unamaanisha njaa na utapiamlo kwa watu katika kliniki moja nchini Kenya,Disaster/Health
"Kaunti za Kenya, Garissa na Turkana: Kushughulikia changamoto za maji na usafi wa mazingira kwa shule na vituo vya afya (Novemba 2024)",Disaster/Health
Kuimarisha utunzaji wa kimatibabu kwa magonjwa ya kuambukiza yenye matokeo ya juu katika Afrika Mashariki,General
Kaunti ya Taita Taveta: Taarifa ya Onyo la Mapema kuhusu Ukame la Mei 2024,Disaster/Health
Kenya: Wasifu wa Nchi kuhusu Mabadiliko ya Tabianchi (Novemba 2023),Disaster/Health
Kenya | Mafuriko ya hivi majuzi na maporomoko ya ardhi - Ramani ya Kila Siku ya DG ECHO | 07/05/2026,Disaster/Health
Kongamano na maonyesho ya AidEx Nairobi 2024 yatafunguliwa Juni 12,Disaster/Health
"Maambukizi ya VVU yanaweza kugunduliwa kwa usahihi mkubwa, kwa kutumia vipimo vya WHO-prequalified na mbinu iliyoidhinishwa. Hakuna kipimo kimoja cha VVU kinachoweza kutoa utambuzi wa kuwa na VVU. Ni muhimu kwamba majaribio haya yatumike kwa kuchanganya na kwa mpangilio maalum kama ilivyo katika algoriti ya kitaifa iliyoidhinishwa.",General
Rapport sur les tendances infodémiques de l'AIRA du 27 Mai - 3 Juni 2024 (Rapport hebdomadaire n°122),Disaster/Health
Kaunti ya Laikipia: Taarifa ya Onyo la Mapema kuhusu Ukame la Mei 2023,Disaster/Health
Msaada wa Tahadhari ya Kenya Cash Consortium kwa Jamii Zilizoathiriwa na Maafa katika Kaunti za Garissa na Turkana: Endline (Mei 2025),Disaster/Health
Kaunti ya Tana River: Taarifa ya Onyo la Mapema kuhusu Ukame la Februari 2023,Disaster/Health
"Kuunganishwa kwa uingiliaji kati kumesababisha mpango wa kuondoa mara tatu, ambayo sio tu kukuza huduma ya mtu binafsi, lakini pia hupunguza matukio, magonjwa na vifo. Mpango huo pia unaimarisha ufuatiliaji wa magonjwa kwa kutumia taarifa za kimkakati kwa ajili ya kupanga majibu.",General
"Zaidi ya watu milioni tatu bado wanakabiliwa na Mgogoro au viwango vya Dharura vya njaa, viwango vya utapiamlo vimesalia kuwa juu sana miongoni mwa watoto na wanawake wajawazito na wanaonyonyesha, na maisha duni hayajapona.",Disaster/Health
"Muhtasari wa Nchi wa WFP wa Kenya, Juni 2024",Disaster/Health
"Mgogoro unaoongezeka wa joto mijini unawaweka wakazi wa makazi yasiyo rasmi katika hatari fulani katika nchi kama vile Kenya, Jamhuri ya Muungano wa Tanzania na Zimbabwe.",Disaster/Health
Taarifa ya Tahadhari ya Mapema ya Kitaifa (Mei 2023),Disaster/Health
Ripoti ya Mwaka ya Nchi ya Kenya 2023 - Mpango Mkakati wa Nchi 2023 - 2027,Disaster/Health
"kupokea sindano zisizo salama, kuongezewa damu, kupandikiza tishu, taratibu za matibabu zinazohusisha kukata au kutoboa bila kuzaa; na/au",General
"Hata hivyo, kiasi cha mvua nyingi kupita kiasi kinaweza pia kuongeza hatari ya kujaa maji na mkazo wa mimea iliyojanibishwa, ambayo inaweza kuathiri maendeleo ya mapema ya mazao katika maeneo yenye unyevu hafifu.",Disaster/Health
MPANGO WA VIKUNDI VILIVYO DHIBITI NA WALIO PEKEO KWA JUMUIYA YA WAAYU HUKO MARSABIT.,General
"Sambamba na matamshi ya Rais ya umuhimu wa kuvaa vinyago, ni muhimu kwamba kila Mkenya avae barakoa akiwa katika maeneo ya umma. #KomeshaCorona sasisho",Public Health
Taarifa ya Kila Wiki kuhusu Milipuko na Dharura Nyingine: Wiki 22: 27 Mei - 2 Juni 2024 (Data kama ilivyoripotiwa na: 17:00; 2 Juni 2024),Disaster/Health
"WHO AFRO inazuia, kugundua na kujibu dharura za kiafya katika eneo la Afrika",General
Kupunguza athari za ukame katika Ukanda wa Afrika Mashariki,Disaster/Health
Lengo kuu la mkakati huo ni kuimarisha uwezo wa kifedha wa serikali za kitaifa na kaunti ili kudhibiti ipasavyo hatari za maafa katika mwendelezo wa usimamizi wa hatari za maafa (DRM).,Governance
"Mwendelezo wa Huduma Muhimu za Afya ya Mama, Mtoto mchanga na Mtoto wakati wa COVID-19: Mtazamo kutoka kwa Wateja na Wahudumu wa Afya wa Mstari wa mbele nchini Kenya, Malawi na Msumbiji - Juni - Agosti 2021",Disaster/Health
"Kenya - Taarifa Muhimu ya Ujumbe: Ahueni ya ukame kutoka kwa misimu ya hapo juu ya wastani huzuia kaya wakati wa msimu wa baridi, Septemba 2024",Disaster/Health
Guinea ya Ikweta yazindua kiwanda chake cha kwanza cha oksijeni cha umma,General
Mwitikio wa Ukame wa Kenya 2022 Katika Uhakiki,Disaster/Health
"Ubunifu huu huwezesha huduma za kitaifa za hali ya hewa kutoa utabiri sahihi, kwa wakati ufaao kwa kutumia kompyuta ya kibinafsi pekee—kuondoa hitaji la kompyuta kubwa za gharama kubwa na kufungua uwezekano mpya wa hatua za kutazamia katika maeneo yenye mazingira magumu ya hali ya hewa.",Disaster/Health
Coronavirus #COVID19 Kanuni ya kujiweka karantini. Mambo unayoweza kufanya ili kujilinda wewe na jamii yako #covid19kenya #StayHomeSaveLives @KNH_hospital @WHOKenya @UNICEFKenya @KenyaRedCross @KEMRI_Kenya @MTRHofficial @SpokespersonGoK @CDCKenya @WorldBankKenya @PDUDelivery @Amref_Kenya,Public Health
"Kuwaweka Wasichana Katika Kampeni ya Picha: Hadithi na masomo kutoka Kaunti ya Kwale, Kenya",Governance
UNFPA yakabidhi msaada wa dawa za uzazi wa mpango na afya ya uzazi zenye thamani ya Kes Milioni 500 kwa Wizara ya Afya,Disaster/Health
"WHO, kwa kushirikiana na Wizara za Afya katika nchi 18 za Afrika, inatekeleza mpango wa afya ya uzazi na ujinsia unaolenga kuimarisha upatikanaji wa huduma za afya ya ngono na uzazi zinazozingatia haki za binadamu kupitia mifumo thabiti ya afya ya msingi. Nchini Kenya, WHO inafanya kazi pamoja na Wizara ya Afya kusaidia kaunti sita za kipaumbele ikiwa ni pamoja na Kajiado, Samburu, Laikipia, Siaya, Marsabit, na Tana River, kutoa huduma kama vile kupanga uzazi, utunzaji baada ya kutoa mimba, huduma za dharura za uzazi, na usaidizi kwa waathiriwa wa unyanyasaji wa kijinsia.",General
WHO na washirika wakuu wa afya wanaungana kupigana na COVID-19 barani Afrika05 Machi 2020,General
Mfumo usio na UKIMWI ili kuharakisha matibabu ya VVU kwa watoto na vijana,General
"Wengine wanafikiri, taarifa za afya zilipaswa kuachiwa viongozi wa kidini ambao wanaaminika zaidi.",Health
Kenya: Mafuriko - Operesheni ya DREF (MDRKE056),Disaster/Health
Kaunti ya Samburu: Taarifa ya Onyo la Mapema kuhusu Ukame kwa Februari 2023,Disaster/Health
Pokot Magharibi: Taarifa ya Onyo la Mapema kuhusu Ukame kwa Julai 2023,Disaster/Health
"Kenya - Ufuatiliaji wa Uhamaji Turkana, Garissa, Marsabit na Isiolo Awamu ya #3 (Mei 2024)",Disaster/Health
"Hifadhi ya uzazi wa mpango inapungua nchini Kenya, na kuathiri wanawake walio hatarini zaidi",Disaster/Health
Hakikisha kuwa kila mteja anayeingia kwenye biashara amevaa kinyago. Wahudumu wote wa chakula huvaa vinyago vya uso. Utoaji wa umbali wa kijamii na kimwili. Wafanyikazi wote wa mikahawa lazima wajaribiwe. #KomeshaCorona sasisho.,Public Health
Kaunti ya Mandera: Taarifa ya Onyo la Mapema kuhusu Ukame kwa Machi 2023,Disaster/Health
Kuelekeza Vizuizi vya Kitamaduni na Kijadi katika Ukusanyaji wa Data Bora,Disaster/Health
Kaunti ya Lamu: Taarifa ya Onyo la Mapema kuhusu Ukame kwa Septemba 2023,Disaster/Health
Kenya: Mchango wa Ubelgiji kupitia Mfuko Maalum wa Shughuli za Dharura na Ustahimilivu (SFERA),Disaster/Health
"JE, hali ya utapiamlo ikoje katika Kaunti za Marsabit na Isiolo, na WHO iko hatarini?",Disaster/Health
Upatikanaji wa Wakimbizi wa Vibali vya Kazi na Leseni za Biashara nchini Kenya,Disaster/Health
"HOTUBA YA KATIBU WA BARAZA LA MAWAZIRI, WIZARA YA ELIMU, MHE. EZEKIEL MACHOGU, CBS, WAKATI WA KUFUNGA WARSHA YA MAFUNZO YA UONGOZI WA CHUO KIKUU KATIKA HOTEL YA SAROVA WHITESANDS, MOMBASA, TAREHE 14 TAREHE 0KTOBA, 2023.",General
Kaunti ya Samburu: Taarifa ya Onyo la Mapema kuhusu Ukame kwa Agosti 2024,Disaster/Health
Kaunti ya Kajiado: Taarifa ya Onyo la Mapema kuhusu Ukame ya Oktoba 2024,Disaster/Health
Muhtasari wa Nchi wa WFP wa Kenya Julai 2025,Disaster/Health
Uhamisho wa pesa: kurejesha maisha ya jamii zilizoathiriwa na mafuriko,Disaster/Health
Kaunti ya Kilifi: Taarifa ya Onyo la Mapema kuhusu Ukame kwa Machi 2022,Disaster/Health
"Abshiro alikuwa na matumaini kwamba kupata uraia kungemsaidia kupata kazi ya kukimu familia yake, kwani msaada waliopokea haukutosha.",Governance
"Ripoti ya Hali ya Kibinadamu ya UNICEF Kenya No. 1, 20 Machi 2023 (Kipindi cha Kuripoti1 hadi 31 Januari 2023)",Disaster/Health
Hakuna vurugu! Ripoti masuala ya wanafunzi kwa usimamizi wa shule.,Education
Kenya - Ufuatiliaji wa Uhamaji na Tathmini ya Mahali ya Sekta mbalimbali katika Kaunti ya Garissa Awamu ya #2 (Mei 2023),Disaster/Health
Mzunguko katika Dadaab - Tathmini ya Haraka (Juni 2023),Disaster/Health
Kaunti ya Narok: Taarifa ya Onyo la Mapema kuhusu Ukame kwa Aprili 2023,Disaster/Health
Sasisho la Hali ya Kenya | Agosti 2023: Operesheni ya Serikali Yaleta Utulivu katika Mkoa wa Kaskazini mwa Ufa,Disaster/Health
Taarifa ya Tahadhari ya Mapema ya Kitaifa (Desemba 2023),Disaster/Health
"Wakati wa kampeni ya Desemba, WHO ilitoa usaidizi wa kiufundi na kifedha katika kaunti 11 ili kusaidia kuharakisha utoaji wa chanjo ya COVID-19 kupitia mawasiliano ya kimkakati ya hatari, ushiriki wa jamii na timu za kufikia chanjo.",Health
"Kama vile ziara yako ya kila mwaka ya daktari, akili yako pia inastahili kuchunguzwa",Health
"HOTUBA YA MHE. EZEKIEL MACHOGU, CBS, KATIBU WA BARAZA LA MAWAZIRI, WIZARA YA ELIMU, WAKATI WA KUTOLEWA KWA MATOKEO YA UFAAJI WA VYUO VIKUU NA VYUO VYA 2023/2024 NA UZINDUZI WA MTANDAO WA MAOMBI YA MIKOPO NA USOMO WA MIKOPO, SHULE YA 3 KAJUBENYA, KEON 2023",General
Mafuriko ya ghafla Kaskazini mwa Kenya yasababisha watu kuhama na kuharibu miundombinu,Disaster/Health
"Chaguo za Kila Wiki za CrisisInSight, 09 Novemba 2022",Disaster/Health
Kenya: Majanga ya hali ya hewa yanazidisha uhaba wa chakula,Disaster/Health
"Kulingana na data iliyotolewa na Shirika la Kitaifa la Kampeni Dhidi ya Matumizi Mabaya ya Dawa za Kulevya (NACADA), takriban asilimia 50 ya vijana katika Kaunti ya Embu, wanatumia kichocheo cha kutelekeza na kuvunja sheria zote za umbali wa kijamii, zilizowekwa ili kudhibiti kuenea kwa Covid-19.",Public Health
Kaunti ya Samburu: Taarifa ya Onyo la Mapema kuhusu Ukame kwa Machi 2023,Disaster/Health
Kaunti ya Makueni: Taarifa ya Onyo la Mapema kuhusu Ukame Julai 2022,Disaster/Health
Hali ya Hewa-Smart Kilimo na Kilimo Mijini/Peri-Mijini katika Ukanda wa Maziwa Makuu: Mapitio Mafupi ya Fasihi,Disaster/Health
Makazi mapya katika Dadaab huwezesha mamia ya familia za wakimbizi kupata huduma baada ya miaka mingi,Disaster/Health
Tathmini ya Mahitaji Yanayohusiana na WASH katika Shule na Vifaa vya Afya katika Kaunti ya Garissa-Kenya - Julai 2024 | Mwenyeji wa Garissa na Jumuiya ya Wakimbizi,Disaster/Health
Kuwakinga wasichana dhidi ya saratani ya shingo ya kizazi nchini Gambia,General
Taarifa ya Tahadhari ya Mapema ya Kitaifa (Aprili 2024),Disaster/Health
Kenya Airways na IOM Zaungana Kupambana na Usafirishaji Haramu na Kukuza Njia za Kawaida,Disaster/Health
Muungano wa Kustahimili Mafuriko - Muhtasari wa Athari: Kenya,Disaster/Health
Kuleta maji vijijini Kenya,Disaster/Health
Toa vifaa vya huduma ya kwanza 2020.,Education
"Utafiti wa Sekta Mbalimbali wa Kaya mpakani Kenya na Somalia (Juni, 2025)",Disaster/Health
Kuimarisha Ubora wa Huduma ya Afya katika Kambi za Wakimbizi: Kufuatilia Safari ya Ithibati ya ISO 15189:2022 ya Maabara ya Hospitali ya Ammusait General Level 4 huko Kakuma.,Disaster/Health
Ripoti ya Ramani ya Soko na Uchambuzi wa kabla ya mgogoro wa Kaunti ya Busia,Governance
"Kadiri bajeti za misaada ya kimataifa zinavyopungua, wakimbizi na jumuiya zinazowapokea wanazidi kushindana katika masoko nyembamba sawa na kutegemea shule zisizo na rasilimali, zahanati, barabara na mifumo ya maji, hivyo basi kuinua hali ya maisha ya wenyeji.",Health
Kenya | Mafuriko ya Mto - Uanzishaji wa Itifaki ya Hatua ya Mapema (10 Novemba2023) Operesheni №: MDRKE053,Disaster/Health
Taarifa ya Tahadhari ya Mapema ya Kitaifa (Julai 2024),Disaster/Health
"Kenya, Afrika | Sasisho la Operesheni ya Mafuriko 2023 (MDRKE058) (26/04/2024)",Disaster/Health
CADIS na Tzu Chi Zawasilisha Msaada kwa Jamii Zilizokumbwa na Mafuriko nchini Kenya,Disaster/Health
Mahakama ya Kenya Yachelewesha Haki kwa Waathiriwa wa Unyanyasaji wa Kijinsia Baada ya Uchaguzi,Disaster/Health
Kenya: Machafuko ya Kijamii ya Baringo - Ripoti ya Mwisho ya DREF (MDRKE059),Disaster/Health
"Mafuriko Yawahamisha Zaidi ya 200,000 nchini Kenya, Na Kuchochea Njaa",Disaster/Health
Kenya yaongeza utayarishaji na mwitikio wa kipindupindu kitaifa,Disaster/Health
"WHO inaendelea kufanya kazi katika eneo hili, kusaidia nchi kuboresha na kufuatilia vyema afua za kumaliza janga la UKIMWI kama tishio la afya ya umma ifikapo 2030.",General
Kaunti ya Kwale: Taarifa ya Onyo la Mapema kuhusu Ukame kwa Juni 2022,Disaster/Health
Kaunti ya Taita Taveta: Taarifa ya Onyo la Mapema kuhusu Ukame la Desemba 2023,Disaster/Health
"Kwa ujumla, matokeo yanaonyesha mshtuko mkali wa soko la ajira la wakimbizi sambamba na uwezo mdogo wa kufyonza katika soko la ajira mwenyeji.",Disaster/Health
"Mpango huu wa Kuongeza Kasi unalenga wanawake na watoto wachanga ambao tayari wanafika kwenye vituo vya afya, ambapo uwezekano wa athari za haraka na zinazoweza kupimika ni kubwa zaidi.",Health
"Katika Mfano wa 2(b), huduma zinazotolewa na mashirika ya afya ya msingi ya umma na mashirika ya kiraia hulipwa (k.m. Ufilipino na Thailand).",Health
"Watu binafsi au Mashirika yanaalikwa kuwasilisha mawasilisho katika tarehe zilizoratibiwa dhidi ya Serikali ya Kitaifa (Wizara/Idara ya Jimbo/Tume ya Kikatiba/Afisi Huru na Shirika la Serikali, (bila kujumuisha bili/madai) yoyote kutoka kwa Serikali za Kaunti), ambayo inadaiwa Mswada Unaosubiri katika muundo uliowekwa.",Governance
"Kenya - Mafuriko, sasisho (Serikali ya Kenya, vyombo vya habari, Kenya Met Department, NOAA-CPC) (ECHO Daily Flash ya 18 Machi 2026)",Disaster/Health
Tafadhali jaza maelezo yako hapa chini ili kupokea taarifa zetu za kila wiki za milipuko na dharura nyingine za afya,General
"Huu hapa ni ufahamu potofu unaofaa kuzungumziwa: Vifaa vya kupuliza hewa havimlindi mtoto majini. Vitambaa vya mikononi na vinyago vya kuogelea vinatoa usalama wa uongo. Vinaweza kuvuka, kupoteza upepo, na havijatengenezwa kuzuia kuzama. Ulinzi wa kweli ni usimamizi wa karibu wa mtu mzima wakati wote.",Health
Pokot Magharibi: Taarifa ya Onyo la Mapema kuhusu Ukame kwa Januari 2023,Disaster/Health
Kenya: Hali mbaya ya Utapiamlo Oktoba 2024 - Februari 2025 na Makadirio ya Machi - Juni 2025 (ASAL) Limechapishwa tarehe 21 Machi 2025,Disaster/Health
Kaunti ya Laikipia: Taarifa ya Onyo la Mapema kuhusu Ukame kwa Septemba 2022,Disaster/Health
"Hata hivyo, ufuatiliaji ulianzishwa, sampuli zilikusanywa na kupimwa kwa ugonjwa wa virusi vya Bundibugyo (BVD) na matokeo yakabadilika kuwa hasi.",Health
UNICEF Kenya Flash Update No.1 (Mvua) 1 Aprili - 3 Mei 2024,Disaster/Health
"Masharti ya Marejeleo ya Utafiti: Muigizaji, huduma na ramani ya miundombinu katika kambi za wakimbizi za Dadaab, KEN2202, Kenya, Januari 2021, V1.",Disaster/Health
Ushirikiano wa Slovakia na UNESCO: Upatikanaji wa Maji safi na ya bei nafuu Turkana,Disaster/Health
"Chini ya Mradi wa Kuongeza Kasi ya Uchumi wa Kidijitali wa Kenya (KDEAP), kompyuta mpakato 10,382 na bodi mahiri 10,382 zinasambazwa kwa Shule za Vijana katika kaunti zote 47, huku shule 11 zikinufaika katika Kaunti Ndogo ya Nyandarua. Hii inafuatia mafunzo kwa zaidi ya walimu 62,000 nchini kote kuhusu ushirikiano wa ICT.",General
"AMR inafanya maambukizo kuwa magumu kutibu, na kuongeza hatari ya kuenea kwa magonjwa, ugonjwa mbaya na kifo, huku ikiweka shinikizo kubwa kwenye mifumo ya afya ulimwenguni.",Health
Kuelekea Mustakabali wa Pamoja: Kuendeleza Muunganisho wa Wakimbizi nchini Kenya,Disaster/Health
"OMS em AfrikaKuhusu WHO katika eneo la Afrika »Kuhusu SisiWasiliana nasiUongozi wa UongoziMuundo wa shirikaProgramu na makundi Mkurugenzi wa Kanda ya AfrikaUwajibikaji »Ripoti za kifedhaMpango Mkuu wa KaziKujenga Afrika mais saudável, juntos: Um Manifesto para a Transformação",General
"Shule ya Kina ya Mbauro Wundanyi, Kaunti ya Taita TavetaSoma Zaidi",General
Kaunti ya Tharaka Nithi: Taarifa ya Onyo la Mapema kuhusu Ukame kwa Mei 2023,Disaster/Health
Bodi ya Mfuko wa Hifadhi ya Wanyamapori na Hazina ya Kitaifa sasa imekamilisha rasimu ya Kanuni za Usimamizi wa Fedha za Umma (Wildlife Conservation Trust Fund) za mwaka 2024.,Governance
Kaunti ya Kwale: Taarifa ya Onyo la Mapema kuhusu Ukame kwa Oktoba 2023,Disaster/Health
Kaunti ya Meru (Meru-Kaskazini): Taarifa ya Onyo la Mapema kuhusu Ukame Desemba 2022,Disaster/Health
"Kenya: FAJ Yalaani Vikali Mashambulio dhidi ya Waandishi wa Habari wa Kenya, Yataka Hatua za Haraka",Disaster/Health
"Muhtasari wa Nchi wa WFP Kenya, Desemba 2024",Disaster/Health
"Iwapo dharura ya kiafya itatokea, jukwaa sawa linaweza kuelekezwa kwingine kwa haraka ili kutoa jibu, na kufupisha muda unaochukua kwa hatua madhubuti za kukabiliana na hali hiyo kufikia watu walioathirika.",Health
PS TVET DR. ESTHER MUORIA AKIMKARIBISHA KATIBU MKUU WA BARAZA LA MAWAZIRI MHE. DK MUSALIA MUDAVADI KWENDA SHEREHE ZA TVET@100 ZILIZOFANYIKA KABETE NATIONAL POLYTECHNIC.,General
Kaunti ya Mandera: Taarifa ya Onyo la Mapema kuhusu Ukame ya Oktoba 2024,Disaster/Health
"Katika mazingira dhaifu na yaliyoathiriwa na hali ya hewa ya Pembetatu ya Mandera - ambapo mipaka ya Kenya, Ethiopia, na Somalia inakutana - kunyonyesha ni njia muhimu ya maisha kwa watoto wachanga na akina mama.",Health
Zaidi ya nchi 20 za Afrika sasa zinaweza kupima ugonjwa wa coronavirus20 Februari 2020,General
Taarifa ya Sekretarieti ya IGAD kuhusu mvua kubwa zinazoendelea kunyesha na mafuriko katika eneo zima hasa nchini Kenya.,Disaster/Health
Hatari za kiafya na unyanyasaji zinaongezeka kwa wanawake na wasichana nchini Kenya huku ukame mbaya zaidi kuwahi kutokea katika kipindi cha miaka 40,Disaster/Health
Safari ya Sarah: kuwawezesha wanawake kupitia maharagwe mengi ya chuma,Disaster/Health
"Kenya - Mafuriko (Kenya Met, media) (ECHO Daily Flash ya 28 Aprili 2023)",Disaster/Health
Kaunti ya Narok: Taarifa ya Onyo la Mapema kuhusu Ukame Julai 2022,Disaster/Health
"Ufuatiliaji unaofaa ni muhimu ili kuelewa ni wapi upinzani unatokea, jinsi unavyoendelea na ni hatua gani zinahitajika ili kujibu.",Disaster/Health
"Kwa kuwa tuna #COVID19, tunakukumbusha kuwa Mbu hawako chini ya karantini au kufungwa; bado wanaeneza Malaria. Unahitaji kujikinga na mbu na kuwa mwangalifu kwa dalili kama vile homa, maumivu ya kichwa, maumivu ya viungo, kichefuchefu na kutapika. #KomeshaCorona",Public Health
Mtazamo wa Hatari ya Hali ya Hewa na Kupitishwa kwa Mbinu Endelevu za Kilimo: Maarifa kutoka Nyanda za Juu za Kenya (Desemba 2025),Disaster/Health
Kuijenga Kenya Imara Zaidi: Hiki ndicho Kinachohitajika ili Kurudi Baada ya Mafuriko,Disaster/Health
Kenya: Tathmini Ya Mahitaji Yanayohusiana na WASH katika Shule na Vifaa vya Afya katika Kaunti ya Turkana - Julai 2024 | Mwenyeji wa Turkana na Jumuiya ya Wakimbizi,Disaster/Health
"Tathmini ya Mwisho ya Mtandao wa Kibinadamu wa ASAL MPCT Wafaidika Wapya, Kaunti ya Mandera, Machi 2022",Disaster/Health
Kaunti ya Embu (Mbeere): Taarifa ya Onyo la Mapema kuhusu Ukame ya Novemba 2022,Disaster/Health
"Tahadhari ya Usalama wa Chakula Kenya: Kama ukame ambao tayari ni wa kihistoria wa misimu minne unachochea mahitaji makubwa, msimu wa tano duni sasa unatabiriwa, 10 Mei 2022.",Disaster/Health
Nguvu ya Sayansi kwa Afya: Milestones ya Malawi Kubadilisha Maisha,General
Kenya - Tathmini ya Uharibifu wa Mafuriko ya Trans Nzoia (Aprili 2026),Disaster/Health
"Wakulima wanaolima tumbaku ni lazima wapewe msaada unaohitajika ili kubadili mazao mbadala yenye uwezo wa kuboresha afya na maisha yao pamoja na kupunguza upatikanaji wa tumbaku,"" anasema Dk.",Health
"Mtazamo wa Usalama wa Chakula nchini Kenya, Juni 2023 - Januari 2024",Disaster/Health
Umbali wa kijamii ni njia muhimu ya kupunguza kasi ya kuenea kwa COVID-19. Na ni muhimu kufuata mapendekezo ya umbali wa kijamii katika jamii yako iwe uko katika moja ya vikundi vilivyo hatarini au la. Kampeni ya #KomeshaCorona,Public Health
"Kenya - Mafuriko, sasisho (Kenya Red Cross, UN OCHA, Hati ya Kimataifa, vyombo vya habari, Idara ya Hali ya Hewa ya Kenya) (ECHO Daily Flash ya 2 Mei 2024)",Disaster/Health
* Ripoti za Hali ya Virusi vya Korona (COVID-19) sasa zimejumuishwa katika Taarifa za milipuko na dharura za WHO Afrika.,General
Pokot Magharibi: Taarifa ya Onyo la Mapema kuhusu Ukame kwa Juni 2023,Disaster/Health
"Utafiti katika makazi kama vile Mathare huko Nairobi na Kombo jijini Dar es Salaam unaonyesha kuwa halijoto ya ndani ya nyumba mara nyingi ni ya juu kuliko hali ya nje, na kusababisha msongo wa joto sugu.",Disaster/Health
Athari za Kijamii na Kiuchumi za Majibu ya Sera ya COVID-19 kwa Wanawake Wanaofanya Kazi katika Uchumi Usio Rasmi wa Mijini nchini Kenya.,Disaster/Health
Taarifa ya Tahadhari ya Mapema ya Kitaifa (Novemba 2022),Disaster/Health
"Tafadhali shiriki maoni yako na Hazina ya Kitaifa kufikia mwisho wa biashara tarehe 23 Septemba, 2024 kupitia barua pepe: brop@treasury.go.ke.",Governance
"Ili kutekeleza majukumu yake ipasavyo, Idara ya Serikali pia inajumuisha Vyuo Vikuu 38 vya Umma, Vyuo Vikuu Vikuu 4 na Vyuo Vikuu vya Umma viwili (2) vinavyotunuku Vyuo Vikuu vya Umma, Wakala nane (8) za Serikali zinazojiendesha Semi-Autonomous (SAGAs), ambazo zina majukumu mbalimbali kama yalivyowasilishwa kwenye jedwali namba 1.",General
Kaunti ya Meru (Meru-Kaskazini): Taarifa ya Onyo la Mapema kuhusu Ukame Oktoba 2023,Disaster/Health
Afrika inaadhimisha mwaka wa utoaji wa chanjo ya COVID-1925 Februari 2022,General
Kaunti ya Embu (Mbeere): Taarifa ya Onyo la Mapema kuhusu Ukame ya Mei 2023,Disaster/Health
Kuhamasisha Mabadiliko: Wanafunzi wa JRS wanatetea usawa wa kijinsia,Disaster/Health
"Kuna mambo mengi tunayoweza kufanya ili kuzuia kuenea kwa COVID-19. Hii ni pamoja na kunawa mikono, kukohoa kwenye viwiko vya mkono, kuepuka kugusa nyuso zetu, kukaa nyumbani ikiwa tunajisikia wagonjwa &!kutengwa kijamii #KomeshaCorona @WHOKenya @PSofKenya @SpokespersonGoK @KenyaGovernors",Public Health
Taarifa ya Kila Wiki kuhusu Milipuko na Dharura Nyingine: Wiki 24: 10 - 16 Juni 2024 (Data kama ilivyoripotiwa na: 17:00; 16 Juni 2024),Disaster/Health
Kaunti ya Wajir: Taarifa ya Onyo la Mapema kuhusu Ukame kwa Machi 2022,Disaster/Health
Kenya: ICC kuhimiza juhudi za uwajibikaji wa ndani licha ya kukamilika kwa uchunguzi,Disaster/Health
MPANGO WA KUNDI HALISI NA WALIO PEKEE KWA MUNYOYOYA KATIKA KAUNTI YA TANA RIVER.,General
Kenya: Wakimbizi waliosajiliwa na wanaotafuta hifadhi (kuanzia tarehe 31 Oktoba 2022),Disaster/Health
Fursa muhimu ya kuongeza ufikiaji wa usajili wa vikundi vya jamii huko Dadaab,Disaster/Health
"Katika kipindi cha miaka mitatu iliyopita, kumekuwa na punguzo la ongezeko la huduma, mgao wa chakula na usaidizi wa fedha unaoathiri idadi ya wakimbizi huko Dadaab.",Disaster/Health
"Jinsi ya kuepuka kueneza #COVID19 JE Kaa angalau mita 2 kutoka kwa mtu yeyote Osha mikono yako mara kwa mara kwa sabuni na maji yanayotiririka Funika mdomo na pua unapokohoa Vaa barakoa Usiguse macho, pua au mdomo wako ikiwa mikono yako si safi. #KomeshaCorona",Public Health
"Wakati wa shida, jamii zinazohitaji usaidizi zinahitaji usaidizi ambao unaweza kukidhi mahitaji yao na kusaidia ahueni.",Disaster/Health
"MSWADA WA ELIMU NA MAFUNZO YA UFUNDI NA UFUNDI, 2024",General
Tunafurahi kwamba Wakenya wengi wameitikia wito wetu wa kujitokeza kupima. Hili ni jambo la kupongezwa na tunaendelea kutoa wito kwa Wakenya wote kujitokeza kupima. #KomeshaCorona sasisho.,Public Health
Hii ni kutokana na kuimarishwa kwa uhusiano wa kibiashara kati ya Kampala na miji mikuu tofauti nchini Kenya na harakati za juu za kuvuka mpaka.,Disaster/Health
Wasichana na wanawake vijana wanabeba mzigo mkubwa wa mvua za El Niño nchini Kenya,Disaster/Health
Kaunti ya Kilifi: Taarifa ya Onyo la Mapema kuhusu Ukame kwa Januari 2023,Disaster/Health
"Katika ziara yake katika maeneo ya chanjo mwezi Februari na Mkurugenzi wa Chanjo, Chanjo na Biolojia wa WHO, Dk Kate O'Brien, alisema: ""Ninatambua kuwa chanjo hii imeleta shauku na msisimko mkubwa katika jamii, na mahitaji yake makubwa yanaleta walezi na watoto kwenye kliniki ambapo watoto wanaweza pia kupata chanjo nyingine kwa ajili ya ulinzi na watoto.",Health
Huduma ya gari la wagonjwa inatoa huduma ya kuokoa maisha kwa wakimbizi wa Mali nchini Mauritania,General
Pokot Magharibi: Taarifa ya Onyo la Mapema kuhusu Ukame kwa Machi 2022,Disaster/Health
Kaunti ya Taita Taveta: Taarifa ya Onyo la Mapema kuhusu Ukame Juni 2022,Disaster/Health
(d) kuendeleza na kuimarisha ushirikiano na viwanda na sekta binafsi ili kuleta athari kubwa;,General
Unyanyasaji mtandaoni unahatarisha kuwasukuma wanawake wa Kenya kutoka kwenye siasa,Disaster/Health
Kaunti ya Wajir: Taarifa ya Onyo la Mapema kuhusu Ukame kwa Oktoba 2024,Disaster/Health
"Mwitikio wa Pesa wa Malengo Mbalimbali wa Kenya Cash Consortium kwa Wakimbizi Walioathiriwa na Mafuriko huko Dadaab: Endline, Machi, 2024",Disaster/Health
Wanawake huongeza ujuzi wao wa teknolojia katika kambi ya wakimbizi ya Kakuma,Disaster/Health
"Ugavi wa Mahindi wa Kanda ya Afrika Mashariki na Mtazamo wa Soko, Novemba 2022",Disaster/Health
VIDEO: Uhamasishaji wa Wadau wa Elimu Kisumu na Siaya,General
"Katika kaunti za Turkana na Baringo, KRCS ilisaidia shule 20 kwa uji ulioimarishwa kama sehemu ya mtandao wa usalama shuleni ambao ulifikia watoto wapatao 6,120 kwa muhula mmoja pamoja na wazazi wao, ulioratibiwa kupitia Kikundi cha Uendeshaji cha Kaunti ili kuepuka kurudiwa.",Security
Huduma za Uteuzi wa Kidato cha KwanzaScholarshipsNEMISTVET Uthibitishaji wa Cheti POTOFUTVET TRACERDUAL TVETRecruitment Application,General
Kaunti ya Lamu: Taarifa ya Onyo la Mapema kuhusu Ukame kwa Agosti 2024,Disaster/Health
Zimbabwe inaimarisha nguvu kazi ya afya ili kuendeleza huduma ya afya kwa wote,General
Matukio Yanayowezekana ya Hali ya Hewa ya 2023 na 2024 nchini Kenya. (Kipindi cha misimu ya mvua iliyoshindikana na kuongezeka kwa mvua zisizo za msimu),Disaster/Health
Kaunti ya Marsabit: Taarifa ya Onyo la Mapema kuhusu Ukame kwa Agosti 2023,Disaster/Health
Uwekezaji wa Haraka Unaohitajika katika Kukabiliana na Hali ya Hewa Kaskazini mwa Kenya,Disaster/Health
MSUMBIJI YAIMARISHA MAZUNGUMZO YA KITAIFA ILI KUWEKEZA KATIKA NGUVU KAZI YA HUDUMA YA AFYA.,General
"Mwingine, Omar, alisikia tangazo la chanjo katika swala katika Msikiti wa Swalihini, Mombasa na akaamua kwenda kulipokea.",Health
Kaunti ya Isiolo: Taarifa ya Onyo la Mapema kuhusu Ukame Juni 2024,Disaster/Health
"Masharti ya Marejeleo ya Utafiti: Kuchunguza Maisha Yanayostahimili Hali ya Hewa Miongoni mwa Wakimbizi na Jumuiya Wenyeji Nchini Kenya na Uganda, REG2502 (Januari 2025, V1.0)",Disaster/Health
Kaunti ya Kajiado: Taarifa ya Onyo la Mapema kuhusu Ukame Julai 2022,Disaster/Health
Kaunti ya Garissa: Taarifa ya Onyo la Mapema kuhusu Ukame kwa Aprili 2023,Disaster/Health
"Kuchukua hatua mara moja, Lucy alitoa dawa ya kuokoa maisha ili kudhibiti damu.",Disaster/Health
Taarifa ya pamoja inayohimiza kusitishwa mara moja kwa kufukuzwa kwa Ogiek katika Msitu wa Mau nchini Kenya: kulinda haki za asili na viumbe hai.,Disaster/Health
"Mtazamo wa Usalama wa Chakula nchini Kenya, Oktoba 2023 - Mei 2024",Disaster/Health
Kaunti ya Kilifi: Taarifa ya Onyo la Mapema kuhusu Ukame kwa Oktoba 2024,Disaster/Health
Kaunti ya Turkana: Taarifa ya Onyo la Mapema kuhusu Ukame Julai 2022,Disaster/Health
"HOTUBA YA KATIBU MKUU IDARA YA ELIMU YA MSINGI DKT BELIO KIPSANG CBS WAKATI WA KUFUNGA KONGAMANO LA 4 LA CHAMA CHA MITAALA AFRIKA TAREHE 26 JULAI, 2023 KATIKA KIWANGO CHA DEWALA CHA KENYA, KENYA.",General
Wanawake Wenye Nguvu Ulimwenguni (SWSW): Beyond Access Learning Initiative,Education
Kaunti ya Makueni: Taarifa ya Onyo la Mapema kuhusu Ukame la Desemba 2023,Disaster/Health
Uratibu wa udahili wa wanafunzi katika vyuo vikuu vya umma kwa ushirikiano na Vyuo Vikuu vya Kenya na Vyuo Vikuu vya Huduma ya Upangaji.,General
"Kazi yake ilianza mwaka wa 1993 kama mwalimu msaidizi, akipanda ngazi hadi kuwa Mkuu wa Shule ya Sekondari ya Ennosaen, Afisa Elimu wa Wilaya (Suba, Mbita, na Bomet), Mkurugenzi wa Elimu wa Kaunti (Bomet na Kajiado), na Mkurugenzi wa Elimu wa Kanda anayesimamia mikoa ya Mashariki, Nairobi, Bonde la Ufa na Kati. Pia alihudumu na Mamlaka ya Mpito kama Mratibu wa Mpito wa Kaunti katika Kaunti ya Narok wakati wa mabadiliko ya Kenya hadi serikali ya ugatuzi.",General
HUDUMA ZA USHAURI KWA MASOMO ILI KUANZISHA UTENDAJI NA MAMBO YANAYENEZA UKATILI WA KIJINSIA- MSINGI NA WANAFUNZI SHULENI CHINI YA MRADI WA KUBORESHA UBORA WA ELIMU YA SEKONDARI.,General
"Kenya Population Movement, DREF Operesheni No: MDRKE064 Ripoti ya Mwisho",Disaster/Health
"Kenya, Afrika | Rufaa ya Dharura ya 2023 Iliyorekebishwa - Mkakati wa Utendaji Uliorekebishwa (MDRKE058)",Disaster/Health
El Niño nchini Kenya: Misaada ya kibinadamu inawezaje kukabiliana na mabadiliko ya hali ya hewa?,Disaster/Health
"Naomba tupate mvua kwa rehema za Mungu."" - Mgogoro nchini Kenya: Watoto katika ukingo wa janga",Disaster/Health
Maziwa ya Tiba ni nini? Kutibu Utapiamlo Mkali wa Mtoto,Disaster/Health
"Ripoti ya Hali ya Kibinadamu ya UNICEF Kenya No. 2, 19 Machi 2023 (Kipindi cha Kuripoti 1 hadi 28 Februari 2023)",Disaster/Health
"EU inatenga €500,000 katika ufadhili wa dharura kwa Kenya, kufuatia mafuriko makubwa",Disaster/Health
"HOTUBA YA KATIBU WA BARAZA LA MAWAZIRI ELIMU MHE. DR. EZEKIEL MACHOGU, EGH, WAKATI WA KUZIMU KWA BENDERA YA 2024 ELIMU SHOLARSHIPS TAREHE 19 JANUARI, 2024 KWENYE BOMAS YA KENYA.",General
"upatikanaji wa huduma za maabara za uchapaji genotype za VVU zilizohakikishwa na zinazozalisha matokeo yanayolingana na ya kuaminika katika ngazi ya kitaifa, kikanda na kimataifa.",General
"Alisema ingawa hakuwa na chochote dhidi ya chanjo, hajapata muda wa kutembelea kituo cha afya kilicho karibu naye.",Health
Kaunti ya Isiolo: Taarifa ya Onyo la Mapema kuhusu Ukame kwa Oktoba 2023,Disaster/Health
Amnesty International Kenya inalaani kuendelea kutumia nguvu kinyume cha sheria dhidi ya waandamanaji,Disaster/Health
Muhtasari wa nchi ya Kenya: Mradi wa Ubunifu wa Ufundishaji,Disaster/Health
"Taarifa ya Bei ya Kenya, Februari 2024",Disaster/Health
Taarifa ya Hali ya Kenya: Kenya inapambana na vitisho kutoka kwa wanamgambo wa jumuiya na al-Shabaab | Novemba 2024,Disaster/Health
Kuadhimisha siku hizi muhimu ni muhimu kwa kuwa inaimarisha haja ya kuzingatia chanjo na kuzuia magonjwa.,Health
"Ningependa kupongeza Serikali ya Kenya kwa hatua hii ya kuongeza upatikanaji wa chanjo ya kwanza ya malaria, ikiwa ni sehemu ya hatua zilizopendekezwa na WHO za kuimarisha udhibiti wa malaria.",Health
"Wakati ukame unavyozidi kushika kasi kaskazini mwa Kenya, ripoti mpya ya IPC inathibitisha kuwa mzozo unazidi kuwa mbaya zaidi.",Disaster/Health
Kenya: Mafuriko Yatishia Watu Waliotengwa [EN/SW],Disaster/Health
"Waziri wa Elimu Julius Ogamba akiambatana na (kushoto kwenda kulia) Dkt. Esther Mworia, PS Mafunzo ya Ufundi na Ufundi (TVET), Dkt. Beatrice Inyangala, PS Elimu ya Juu na Prof. (Amb.) Julius Bitok, PS Basic Education.",General
Kenya: Picha ya Kibinadamu (Kuanzia Mei 2026),Disaster/Health
"Kenya - Mafuriko (UN OCHA, Kenya Met) (ECHO Daily Flash ya 09 Novemba 2023)",Disaster/Health
"Ushauri wa kujikinga na Virusi vya Corona! Nawa mikono mara kwa mara kwa sabuni na maji. Epuka kuwasiliana kwa karibu na mtu yeyote aliye na homa au kikohozi. Tafuta matibabu mapema ikiwa una kikohozi, homa au kupumua kwa shida. #COVID19 #CoronaVirusKenya",Public Health
"IRC Re:BUILD - Policy Brief: Athari za Ruzuku za Fedha Taslimu na Fedha + Ushauri kwa Wamiliki wa Biashara wa Kenya na Wakimbizi huko Nairobi, Kenya - Juni 2025",Disaster/Health
Kenya Kaunti ya Turkana - Ramani ya Marejeleo ya Jumla (09/11/2023),Disaster/Health
"Nilipimwa virusi vya corona na matokeo yake ni hasi. Tukae nyumbani na tuweke umbali ili kujilinda sisi wenyewe na familia zetu,"" CS Mutahi Kagwe #KomeshaCorona sasisho",Public Health
Mafuriko nchini Kenya huongeza hatari ya magonjwa yatokanayo na maji,Disaster/Health
Kenya: Ripoti ya Hali ya Mlipuko wa Magonjwa kufikia tarehe 28 Okt 2022 - Wiki ya EPI 42 2022,Disaster/Health
Uongozi wa Kenya katika kupunguza hatari ya majanga unakuja wakati nchi hiyo inakabiliwa na changamoto zinazoongezeka zinazohusiana na hali ya hewa.,Disaster/Health
Kusaidia uchumi wa haki za binadamu nchini Kenya,Disaster/Health
Kaunti ya Meru (Meru-Kaskazini): Taarifa ya Onyo la Mapema kuhusu Ukame Desemba 2023,Disaster/Health
"Kenya - Taarifa ya Ujumbe Muhimu: Mvua ndefu zapunguza hali lakini Mgogoro (IPC Awamu ya 3) kuendelea katika maeneo ya wafugaji, Mei - Septemba 2026",Disaster/Health
Kaunti ya Lamu: Taarifa ya Onyo la Mapema kuhusu Ukame kwa Machi 2023,Disaster/Health
"Uganda, Kenya - Mafuriko (DG ECHO, Chama cha Msalaba Mwekundu Uganda, Orodha ya Mafuriko, vyombo vya habari, UNMA, Kenya Met Department) (ECHO Daily Flash ya 02 Mei 2023)",Disaster/Health
"Kenya - Sasisho la Ujumbe Muhimu: Juu ya masharti ya wastani ya biashara ya kusaidia kaya katika msimu wa uhaba, Agosti 2024",Disaster/Health
Kaunti ya Kwale: Taarifa ya Onyo la Mapema kuhusu Ukame kwa Agosti 2023,Disaster/Health
Kaunti ya Tharaka Nithi: Taarifa ya Onyo la Mapema kuhusu Ukame kwa Agosti 2024,Disaster/Health
"Viwezeshaji vya mafanikio ni pamoja na uongozi dhabiti wa kisiasa, uwekezaji unaolengwa katika kaunti zenye mzigo mkubwa, muunganisho wa suluhu za afya za kidijitali, programu zinazozingatia jinsia, na ushirikiano endelevu wa jamii.",Health
"Ningependa kusisitiza umuhimu wa Chanjo na uhusiano wake na Huduma ya Afya kwa Wote. Ninatoa wito kwa akina mama kuhakikisha watoto wanapata chanjo, hata tunapopambana na Gonjwa la COVID-19; CS Mutahi Kagwe. #KomeshaCorona sasisho.",Public Health
Tathmini ya Muktadha: Kuongeza Changamoto za Usalama nchini Kenya,Disaster/Health
Kaunti ya Kwale: Taarifa ya Onyo la Mapema kuhusu Ukame kwa Desemba 2023,Disaster/Health
Kaunti ya Mandera: Taarifa ya Onyo la Mapema kuhusu Ukame kwa Machi 2022,Disaster/Health
"Mfiduo wa muda mrefu unaweza kusababisha mfadhaiko wa joto na uchovu unaoendelea, hali mbaya ya moyo na mishipa na kupumua, kuongeza changamoto za afya ya akili na kuchangia ukuaji wa ugonjwa sugu wa figo.",Health
Taarifa ya Kila Wiki kuhusu Milipuko na Dharura Nyingine: Wiki 23: 3 - 9 Juni 2024 (Data kama ilivyoripotiwa na: 17:00; 9 Juni 2024),Disaster/Health
Hatua za Kibinadamu kwa Watoto 2024 - Kenya,Disaster/Health
Ripoti ya Mwaka ya Nchi ya Kenya 2024 - Mpango Mkakati wa Nchi 2023 - 2027,Disaster/Health
Kaunti ya Mandera: Taarifa ya Onyo la Mapema kuhusu Ukame kwa Septemba 2024,Disaster/Health
"Mipango ya kuzuia mchanganyiko ni ya haki, yenye taarifa za ushahidi, na programu zinazomilikiwa na jamii zinazotumia mchanganyiko wa afua za kimatibabu, kitabia, na za kimuundo, zinazopewa kipaumbele ili kukidhi mahitaji ya kuzuia VVU kwa watu binafsi na jamii, ili kuwa na athari kubwa zaidi endelevu katika kupunguza maambukizi mapya.",General
"Idadi tano kuu zinazofafanuliwa na WHO na washirika wa UN zinastahili kuzingatiwa mahususi. Katika Kanda ya Kiafrika, watu hawa wanakabiliwa na vikwazo vya kimuundo vya huduma ambavyo vinaongeza uwezekano wao wa kukabiliwa na hatari - vikwazo kama vile sheria zinazoharamisha tabia zao, unyanyapaa, ubaguzi na unyanyasaji.",General
Mradi Maalum Uliopanuliwa wa Kutokomeza Ugonjwa wa Kitropiki Uliopuuzwa,General
"Wakati mfumo wa sera upo, mapengo ya utekelezaji, hasa kuhusu uhamaji na vibali vya kufanya kazi, yanaendelea kupunguza upatikanaji wa soko la ajira.",Governance
"Kwa jumla, KRCS inaripoti watoto 42,058 walio chini ya miaka mitano waliopewa huduma za lishe hadi sasa chini ya mwitikio huu wa ukame.",Health
"Angalia umbali wa kijamii, osha mikono yako, vaa vinyago na ukae nyumbani ikiwezekana, ili kuzuia virusi kuenea. Tunaongeza uwezo wa kufuatilia mipaka ya vinyweleo; Dk Rashid Aman. #KomeshaCorona sasisho",Public Health
Kenya: Machafuko ya Kijamii ya Baringo - Operesheni ya DREF (MDRKE059),Disaster/Health
"Tuzingatie ushauri wa busara wa Mheshimiwa Rais; kunawa mikono mara kwa mara, kuvaa barakoa, kudumisha umbali wa kijamii #KomeshaCorona",Public Health
Kaunti ya Wajir: Taarifa ya Onyo la Mapema kuhusu Ukame kwa Septemba 2024,Disaster/Health
"Kenya - Mafuriko, sasisho (DG ECHO, UN OCHA) (ECHO Daily Flash ya 30 Aprili 2024)",Disaster/Health
"Kenya - Uhaba wa chakula na utapiamlo (DG ECHO, IPC) (ECHO Daily Flash ya 28 Machi 2025)",Disaster/Health
Upatikanaji wa matunzo ya magonjwa sugu kali barani Afrika kukua: ripoti mpya,General
Kaunti ya Meru (Meru-Kaskazini): Taarifa ya Onyo la Mapema kuhusu Ukame Juni 2022,Disaster/Health
Kaunti ya Kwale: Taarifa ya Onyo la Mapema kuhusu Ukame Julai 2023,Disaster/Health
Kenya yaimarisha uchunguzi wa polio na surua kwa kutumia maabara ya kisasa ya KEMRI,Disaster/Health
Mpango wa Uchambuzi wa Kenya juu ya Uhamisho wa Kulazimishwa (KAP-FD),Disaster/Health
"Katibu Mkuu wa Utawala, Dkt. Mercy Mwangangi alitembelea Amb. Flora Karugu Kamishna Mkuu wa Kenya nchini Zambia na kujadiliana kuhusu matokeo ya Mkutano wa 69 wa ECSA-HC na masuala ya ushirikiano wa kikanda kuhusu kuboresha Afya ya Vijana na Vijana @KenyainZambia",Public Health
"Kenya, Afrika | Mkakati wa Uendeshaji wa Mafuriko 2023 (MDRKE058)",Disaster/Health
"Karatasi ya ukweli: Usaidizi wa pesa taslimu unaoongozwa na Kenya Cash Consortium unaoongozwa na wenyeji na unaobadilika kulingana na arifa kwa jamii zilizoathiriwa na maafa katika Kaunti ya Tana River: Endline, Novemba, 2024",Disaster/Health
Kaunti ya Tana River: Taarifa ya Onyo la Mapema kuhusu Ukame kwa Agosti 2024,Disaster/Health
"Je, kunawa mikono kunasaidia vipi kuzuia kuenea kwa COVID-19? A - Sabuni husafisha virusi B - Sabuni huharibu virusi C - Sabuni hubadilisha virusi D - Yote haya hapo juu #KomeshaCorona",Public Health
Kenya: Hali ya Utapiamlo Mkali Aprili - Julai 2024 na Makadirio ya Agosti - Oktoba 2024 (ASAL) Limechapishwa tarehe 5 Septemba 2024,Disaster/Health
"UNDRR pia iliunga mkono Hazina ya Kitaifa katika kuandaa mfumo wa kupunguza hatari ya maafa na mfumo wa kuweka alama za bajeti ya kukabiliana na mabadiliko ya tabianchi (DCBT), ambao ulisaidia Kenya kuimarisha uwezo wake wa kufuatilia na kutenga rasilimali kwa ajili ya kustahimili.",Disaster/Health
"Mabadiliko ya Hali ya Hewa Yanadhibiti Kila Kitu, Waache Watulipe Fidia"": Hadithi za Hasara na Uharibifu nchini Kenya",Disaster/Health
"Kenya: Re:JENGA Muhtasari wa ufanisi wa gharama | Utafiti wa Wave 1, 2023",Disaster/Health
Mswada/dai (ma) pekee iliyowasilishwa katika muundo uliowekwa ndio utakaokubaliwa.,Disaster/Health
"Afrika inakabiliwa na ongezeko kubwa la COVID-19 hadi kufikia Juni 24, 2021",General
Kaunti ya Laikipia: Taarifa ya Onyo la Mapema kuhusu Ukame kwa Februari 2024,Disaster/Health
Kaunti ya Kwale: Taarifa ya Onyo la Mapema kuhusu Ukame Julai 2024,Disaster/Health
"Pembe ya Afrika - Mafuriko (DG ECHO, UN OCHA, NOAA) (ECHO Daily Flash ya 21 Novemba 2023)",Disaster/Health
Kaunti ya Samburu: Taarifa ya Onyo la Mapema kuhusu Ukame kwa Mei 2024,Disaster/Health
Kaunti ya Mandera: Taarifa ya Onyo la Mapema kuhusu Ukame Julai 2022,Disaster/Health
Kenya: Wakimbizi waliosajiliwa na wanaotafuta hifadhi (tangu 31 Desemba 2022),Disaster/Health
"a) Takriban wanafunzi milioni sita katika elimu ya msingi (ruzuku za shule, afua za elimu ya wasichana, ukuzaji wa miundombinu ya shule na chakula shuleni), ikijumuisha takriban watoto 221,529 katika kaunti zinazohifadhi wakimbizi.",General
Ripoti ya Mada ya ACPS - Kenya: Athari za ukame kwenye maeneo kame na nusu kame (29 Machi 2022),Disaster/Health
"Haitoshi kuwatumia ujumbe, lazima iambatane na kazi ngumu kama vile kuendesha kilomita nyingi kwenye barabara mbovu ili kupata watu chanjo."" Kushirikisha jumuiya za wenyeji kuunga mkono mwitikio wa COVID-19 na kukubali chanjo imekuwa sehemu ya msingi ya jinsi serikali, ikiwa na pembejeo za WHO, imefanya kazi kulinda nchi.",Health
Kaunti ya Isiolo: Taarifa ya Onyo la Mapema kuhusu Ukame la Januari 2023,Disaster/Health
@MOH_Kenya CAS Dkt Rashid Aman akipeperusha bendera ya matembezi ya Kitaifa ya Kuelimisha Saratani ya Shingo ya Kizazi katika Kaunti ya Makueni. Asilimia 34 ya wasichana wamepokea chanjo ya HPV katika kaunti na lengo ni 100% kufikia Machi #StopCervicalCancer @WHOKenya @Cancerinkenya @Women4Cancer @KancoKE @BeyondZeroKenya @MaryNyangasi,Public Health
Tunachofanya Udhibiti wa Maafa Usafi wa Maji na UsafiRizikiOperesheni za WakimbiziKufuatiliaAfya ya Umma katika Dharura Maendeleo ya Jamii ya Maendeleo ya VijanaProgramu Maalumu za Mfuko wa kimataifa,General
"Tangu 2019, KCC imekuwa ikitoa usaidizi wa pesa kwa wakati unaofaa kwa jamii kote nchini Kenya.",Disaster/Health
"Wasichana wanapofaulu, jamii nzima hubadilika"": Makazi ya mashambani nchini Kenya yanayowapa wasichana matumaini zaidi ya ukeketaji",Disaster/Health
"Kenya | Muhtasari wa Soko wa Mpango wa Pamoja wa Ufuatiliaji wa Soko (JMMI), Q1 (Januari - Machi, 2024)",Disaster/Health
WFP na Jamhuri ya Korea yaongeza usalama wa chakula na ustahimilivu kwa familia zilizo hatarini nchini Kenya,Disaster/Health
"Kupitia mradi huo, FAO inalenga kuwasilisha uhamisho wa pesa bila masharti na kuimarisha upatikanaji wa huduma za afya ya wanyama kwa kaya zilizo hatarini katika kaunti za Garissa, Isiolo, Samburu na Tana River.",Health
Kenya inapanua huduma za afya ya ngono na uzazi kwa jamii ambazo ni ngumu kuzifikia,General
"Ili kuhimiza umiliki wa jamii nzima na kuweka mazingira wezeshi kwa uwezeshaji wa wanawake kiuchumi, vijana wa kiume na wa kiume wa wanachama wa SHG hushiriki katika mafunzo ya stadi za kujikimu kimaisha pamoja na vikundi vya wanawake.",Disaster/Health
"Katibu Mkuu mpya wa Baraza la Mawaziri wa Elimu Bw Julius Migosi Agambo anakutana na Katibu Mkuu wa Idara ya Elimu ya Msingi, Dkt. Belio Kipsang, na mwenzake katika Idara ya Kitaifa ya Elimu ya Ufundi, Ufundi na Mafunzo, Dkt. Esther Mouria katika afisi yake katika Jogoo House.",General
"Inatarajiwa kuwa mwisho wa mradi vituo vitakuwa vimejenga uwezo wa kutosha wa kuwa vitovu endelevu vya mafunzo na utafiti katika fani zao maalum, zenye uwezo wa kuongoza juhudi za kutatua changamoto za kipaumbele za maendeleo na kuboresha maisha katika kanda.",General
Kaunti ya Narok: Taarifa ya Onyo la Mapema kuhusu Ukame kwa Januari 2023,Disaster/Health
Kaunti ya Nyeri (Kieni): Taarifa ya Onyo la Mapema kuhusu Ukame la Mei 2024,Disaster/Health
"Satelaiti imetambua kiwango cha maji katika Mji wa Dadaab, Kaunti ya Dadaab, Mkoa wa Garissa, Kenya kuanzia tarehe 21 & 26 Novemba 2023 - Uchambuzi wa Picha: 21 hadi 26/11/2023 | Ilichapishwa 28/11/2023 V1",Disaster/Health
Mama anaamua kumchanja mtoto wake kwa sababu anaamini mfumo huo. Mwananchi akienda kwenye kituo cha afya kwa sababu anaamini atatibiwa. Jumuiya hufuata mapendekezo wakati wa mlipuko kwa sababu inawaamini wanaoyatoa.,General
"Ni ufahamu huu hasa uliojitokeza katika Warsha ya hivi majuzi ya Kitaifa kuhusu Mawasiliano ya Afya, iliyoandaliwa na Wizara ya Afya. Zaidi ya mkutano wa kiufundi tu, mpango uliowekwa msingi wa mjadala suala ambalo mara nyingi hupuuzwa: uwezo wa mfumo wa afya kulinda watu pia unategemea uwezo wake wa kuwasiliana nao.",General
"Nifanye nini ikiwa nina dalili? Ikiwa una homa, kikohozi na upungufu wa kupumua, piga 719. Kuwasiliana nasi kwanza hutusaidia kukulinda wewe na wengine. Tembelea health.go.ke ili kujifunza zaidi kuhusu dalili za COVID-19. #KomeshaCorona",Public Health
"Mtazamo wa Usalama wa Chakula nchini Kenya Juni 2024 - Januari 2025: Licha ya mafuriko, mvua ndefu zaidi ya wastani zinaweza kusaidia kukabiliana na ukame",Disaster/Health
"WHO inapendekeza kutathmini kama programu za tiba ya kurefusha maisha (ART) zinatoa huduma katika ubora unaohitajika, ili kupunguza kuibuka kwa ukinzani wa dawa za VVU. Tathmini hii inafikiwa kwa seti ya viashirio vya kawaida vya ubora wa huduma vinavyojulikana kama ""viashiria vya tahadhari ya mapema"" vya ukinzani wa dawa za VVU.",General
"Iwapo uko katika hatari kubwa ya kupata #COVID19 kali na unapata dalili za homa, kikohozi, uchovu na kupumua kwa shida: Tafuta matibabu mara moja. Ukihitaji usaidizi wa dharura, piga 719. Sasisho la #KomeshaCorona.",Public Health
"WHO inapendekeza pre-exposure prophylaxis (PrEP) kama njia ya ziada ya kuzuia kwa watu wasio na VVU walio katika hatari kubwa ya kuambukizwa VVU, kama sehemu ya mbinu za uzuiaji mchanganyiko. Upinzani wa dawa za VVU haukuripotiwa mara chache miongoni mwa watumiaji wa PrEP waliogunduliwa na VVU katika majaribio yaliyodhibitiwa bila mpangilio au masomo ya lebo wazi.",General
"Hatutachoka kukukumbusha, kuzingatia madhubuti hatua za kuzuia, kuosha mikono yetu kwa sabuni na maji yanayotiririka, kudumisha umbali wa kijamii na kimwili, kuvaa vinyago vya uso katika maeneo ya umma kila wakati na kuepuka aina zote za mikusanyiko. #KomeshaCorona",Public Health
"Ili kutambua kazi nzuri ya Wauguzi kote nchini, tunatoa wito kwa wadau wetu kuwekeza na kuunga mkono taaluma ya uuguzi. Pia tunawashukuru washirika wote ambao tumejitokeza kusaidia wahudumu wa afya kwa njia mbalimbali. #KomeshaCorona sasisho.",Public Health
Kliniki ndogo inakuwa mstari wa mbele: jinsi Sota anajifunza kupambana na Ebola huku akiendelea kutibu magonjwa ya kila siku,General
"Kuanzia mazoea madhubuti ya kuweka akiba hadi maendeleo ya biashara za vikundi, wanawake huko Turkana na Pokot Magharibi wanapata ujuzi, rasilimali na imani ya kuboresha fursa zao za kiuchumi kupitia mradi wa SHE-GROW Afrika, kuweka msingi kwa kaya na jumuiya zinazostahimili zaidi.",Disaster/Health
Rufaa ya Kenya Flash kwa muhtasari (Okt 21 - Des 22),Disaster/Health
Ripoti ya Ramani ya Masoko na Uchambuzi wa kabla ya mgogoro kwa Kaunti za Pokot Magharibi na Kitui (Sep - Okt 2021),Disaster/Health
MSF inakabiliana na milipuko mitatu ya magonjwa kwa wakati mmoja nchini Kenya,Disaster/Health
Kesi zote ziko thabiti. Wanajitenga ili kuzuia maambukizo. #KomeshaCorona sasisho.,Public Health
Kanda ya Afrika inaimarisha utayari wa ugonjwa wa coronavirus13 Februari 2020,General
Mafuriko nchini Kenya yanasisitiza haja ya haraka ya hatua za kutarajia katika hali za maafa,Disaster/Health
Muhimu wa Kiprogramu wa Kila Mwezi wa IOM Kenya | Aprili 2024,Disaster/Health
Uhamisho wa pesa wa sekta nyingi kama zana ya kuwezesha na usaidizi kwa jamii zilizoathiriwa na mafuriko katika Kaunti ya Mandera,Disaster/Health
Ufadhili wa masomo elfu moja mia sita na tisini na tatu (1693) wa Kimataifa umetolewa kwa Serikali ya Kenya kupitia Wizara ya Elimu tangu 2018.,General
IGAD Inakuza Vitendo vya Kiwango cha Nchi katika Ufuatiliaji wa Lishe,Disaster/Health
"Kenya | Muhtasari wa Soko wa Mpango wa Pamoja wa Ufuatiliaji wa Soko (JMMI), Q2 (Aprili - Juni, 2024)",Disaster/Health
"Katika muktadha huu, Muungano wa Fedha wa Kenya (KCC) una jukumu muhimu katika kusaidia jamii zilizoathiriwa na mgogoro ili kukidhi mahitaji yao ya dharura, huku wakiyafafanua na kuyapa kipaumbele, kwa njia inayoweza kunyumbulika na yenye heshima.",Disaster/Health
"Mwitikio wa Pesa wa Malengo Mbalimbali wa Kenya Cash Consortium kwa Wakimbizi Walioathiriwa na Mafuriko nchini Kenya: Endline - Kaunti za Garissa, Mandera, Tana River na Wajir, Machi, 2024",Disaster/Health
Taarifa ya Tahadhari ya Mapema ya Kitaifa (Februari 2023),Disaster/Health
Kaunti ya Baringo: Taarifa ya Onyo la Mapema kuhusu Ukame ya Juni 2022,Disaster/Health
Kaunti ya Marsabit: Taarifa ya Onyo la Mapema kuhusu Ukame Julai 2023,Disaster/Health
"Kenya: 2025 MSNI Bulletin, Novemba 2025",Disaster/Health
Shule 500 zinapata vyumba vya ushauri nasaha bila malipo na kuweka miadi na mkuu wa shule!,Education
"Tangu Uhuru mwaka wa 1963, Serikali ya Kenya imetambua umuhimu wa elimu kama haki ya msingi na pia chombo cha kufikia maendeleo ya Kiuchumi ya Kijamii.",General
Usasishaji wa Hali ya Kenya Februari 2024: Wanawake na Wanasheria Waandamana Nchini Kote,Disaster/Health
MATARAJIO YA ILO nchini Kenya - kwa haraka,Disaster/Health
Kusambaza chanjo za COVID-19 nchini Rwanda8 Aprili 2021,General
Kaunti ya Mandera: Taarifa ya Onyo la Mapema kuhusu Ukame la Januari 2024,Disaster/Health
"Athari za hali ya hewa na zisizo za hali ya hewa juu ya vifo vya malaria katika viwango tofauti vya anga magharibi mwa Kenya, 2008-2019",Disaster/Health
Kenya - Matokeo kutoka Tathmini ya WISE - Kaunti ya Tana River,Disaster/Health
Kaunti ya Turkana: Taarifa ya Onyo la Mapema kuhusu Ukame kwa Juni 2023,Disaster/Health
Wataalamu wa WHO walifanya kazi na timu za afya za kaunti kuratibu shughuli mashinani ili mamlaka za mitaa zichukue umiliki wa juhudi za kuimarisha chanjo ya COVID-19.,Health
"Kenya inakabiliwa na janga kubwa la kibinadamu linalochochewa na ukame wa mara kwa mara, mafuriko, milipuko ya magonjwa, kufurushwa, kuingia kwa wakimbizi, majanga ya hali ya hewa, na migogoro ya kienyeji, yenye athari kubwa zaidi katika maeneo kame na nusu kame (ASALs).",Health
Maamuzi ya kisera ya kimataifa na ya kitaifa kuhusu tiba ya kurefusha maisha na utoaji wa huduma za VVU yanahitaji kufahamishwa na data za kuaminika za kitaifa kuhusu maambukizi na mienendo ya ukinzani wa dawa za VVU (HIVDR). Matibabu ya VVU na kipimo cha pre-exposure prophylaxis lazima iambatane na hatua za kufuatilia ubora wa utoaji wa dawa za kurefusha maisha na ufuatiliaji wa VVUDR.,General
"Mabadiliko ya hali ya hewa na hatari za kiafya katika makazi yasiyo rasmi ya Mukuru huko Nairobi, Kenya - maarifa, mitazamo na mazoea miongoni mwa wakaazi.",Disaster/Health
"Muhtasari wa Nchi Kenya - Mabadiliko ya Tabianchi, Uhamaji, na Mienendo ya Migogoro (Aprili 2026)",Disaster/Health
"Waigizaji, Huduma na Ramani ya Miundombinu: tata ya wakimbizi ya Dadaab, Kaunti ya Garissa, Kenya (Mei 2022)",Disaster/Health
Virusi vya polio vinavyotokana na chanjo ya aina 2 (cVDPV2) - Kenya,Disaster/Health
Kaunti ya Makueni: Taarifa ya Onyo la Mapema kuhusu Ukame la Mei 2024,Disaster/Health
Kenya: Wakimbizi waliosajiliwa na wanaotafuta hifadhi (kuanzia tarehe 31 Julai 2022),Disaster/Health
"Tathmini ya Mahitaji ya Masharti ya Utafiti, kambi za wakimbizi za Kakuma KEN 2102, Kenya (Julai 2022 V1)",Disaster/Health
Kuwawezesha Wakimbizi kwa Uchumi wa Kidijitali: Utayari wa Wafanyakazi kwa Mpango wa Uchumi wa Kidijitali nchini Kenya.,Disaster/Health
Taarifa ya Kila Wiki kuhusu Milipuko na Dharura Zingine: Wiki 20: 12 -18 Mei 2025 (Data kama ilivyoripotiwa na: 17:00; 18 Mei 2025),Disaster/Health
"Zoezi la Uwekaji Kipaumbele Ulimwenguni (GPE) kwa mashauriano ya kitaifa ya utafiti wa kibinadamu na uvumbuzi: Kenya, Juni 2024",Disaster/Health
Usimamizi na maendeleo ya mfumo wa uvumbuzi wa kitaifa;,General
"Taarifa ya Bei ya Kenya, Agosti 2023",Disaster/Health
Kutoa intaneti shuleni 2024.,Education
Maafisa wa Ukuzaji Afya wa Kaunti ya Kitui wanafanya kazi nzuri ya kuelimisha pubic katika maeneo ya soko kuhusu umuhimu wa umbali wa kijamii na unawaji mikono. #KomeshaCorona,Public Health
"William Samoei Ruto, Rais wa Jamhuri ya Kenya na Mkuu wa Majeshi ya Ulinzi.",Disaster/Health
Kenya - Kaunti ya Garissa - Dadaab - Kambi ya Wakimbizi ya Dagahaley - Taasisi za Kifedha na Miundombinu ya Masoko - kuanzia Mei 2022,Disaster/Health
Kushughulikia athari za haki za binadamu za kuhama kwa mabadiliko ya hali ya hewa ikiwa ni pamoja na ulinzi wa kisheria wa watu waliohamishwa kuvuka mipaka ya kimataifa,Disaster/Health
"PATH kwa sasa inawafikia Wasichana na Vijana wa Kike walio katika mazingira magumu, katika wadi 51 zinazojumuisha kaunti za Kisumu, HomaBay na Migori kwa ushirikiano na @MOH_Kenya @PoliceKE kutoa taarifa za kimsingi kuhusu COVID-19 kuhusu amri ya kutotoka nje, umbali wa kijamii, unawaji mikono #KomeshaCorona sasisho.",Public Health
Kaunti ya Lamu: Taarifa ya Onyo la Mapema kuhusu Ukame Julai 2023,Disaster/Health
Kaunti ya Baringo: Taarifa ya Onyo la Mapema kuhusu Ukame la Desemba 2023,Disaster/Health
"kuwataka watunga sera kukuza ajenda ya ""afya kwa wote"" kwa VVU na huduma zinazohusiana na afya, kama vile kifua kikuu (TB), homa ya ini na magonjwa yasiyoambukiza.",General
Mafuriko ya Nairobi 2024 wakati wa msimu wa mvua 'mrefu,Disaster/Health
Kaunti ya Embu (Mbeere): Taarifa ya Onyo la Mapema kuhusu Ukame ya Novemba 2023,Disaster/Health
"Tunalenga kupunguza kasi ya kuenea kwa virusi. Kunawa mikono, kutengwa kwa jamii, kuvaa barakoa, adabu za kukohoa miongoni mwa zingine ni baadhi ya njia bora za kuzuia kuenea. Tushirikiane #KomeshaCorona katika x.com/kemboi_robbin/ …",Public Health
WHO inataka ufikiaji sawa wa chanjo za baadaye za COVID-19 barani Afrika9 Julai 2020,General
Pokot Magharibi: Taarifa ya Onyo la Mapema kuhusu Ukame kwa Septemba 2022,Disaster/Health
"Migahawa lazima; hakikisha ubora na usalama wa chakula, suuza na usafishe sehemu zinazogusa chakula, kuua viini kwenye nyuso, sakafu na kaunta. Sakinisha maji ya bomba ya kutosha na beseni za kunawia zinazoweza kufikiwa kwa madhumuni ya kunawa mikono, kwenye lango la kuingilia na kutoka. #KomeshaCorona sasisho",Public Health
Mazao ya Asili Yanayostahimili Hali ya Hewa Yanayotumika Vidogo Hata Kama Mabadiliko ya Tabianchi Yanahatarisha Mifumo ya Chakula Migumu.,Disaster/Health
"Kuvaa barakoa kwa njia ipasavyo kunaweza kusaidia kuzuia kuenea kwa #COVID19 kwa wengine. Chukua hatua kupunguza kasi ya kuenea kwa #COVID19 kwa kuvaa barakoa hadharani, ipasavyo. #KomeshaCorona sasisho.",Public Health
"Mnamo 2022, aliteuliwa kuwa Katibu Mkuu, Idara ya Jimbo la Utalii, katika Wizara ya Utalii na Wanyamapori, ambapo aliendesha ukuzaji wa utalii, uundaji wa sera, na mseto wa tasnia. Sasa analeta uzoefu huo wa serikali mbalimbali katika Elimu ya Msingi, inayosimamia utekelezaji wa Elimu Inayozingatia Umahiri (CBE) huku kundi la kwanza likiendelea kupitia Shule ya Upili, huku akiweka kipaumbele kwa usalama wa shule, elimu-jumuishi, usimamizi wa walimu, na ushirikiano mkubwa na washirika wa sekta na wadau.",General
"Ni ipi njia bora ya kuosha mikono; Lowesha mikono yako kwa maji safi yanayotiririka Tumia sabuni na upakae kwa muda wa sekunde 20 Hakikisha umeingia katikati ya vidole vyako, sehemu ya nyuma ya mikono na chini ya kucha na mikononi Suuza na kausha vizuri kwa taulo safi. #KomeshaCorona",Public Health
"Watoto walio na VVU wanapaswa kuanza kutumia dawa za kurefusha maisha (ARV) mara moja. Mara baada ya matibabu kuanza, watoto lazima wanywe dawa zao mara kwa mara ili kuwa na afya njema hadi ujana na utu uzima. Kushindwa kukandamiza virusi vya UKIMWI bado ni tatizo kubwa miongoni mwa watoto, likichochewa na ukosefu wa michanganyiko inayomfaa mtoto ya ARVs mpya na zenye ufanisi zaidi zilizoundwa kwa ajili ya watu wazima.",General
Ripoti ya UNICEF Kenya Flash Situation No. 6 (Ukame): Oktoba 2022,Disaster/Health
"Ikilenga kuchangia katika uundaji wa fursa kwa wanawake nchini Kenya, na wanawake katika mazingira sawa nchini Morocco na Cote d'Ivoire, Acted, kwa usaidizi wa Wakfu wa Coca-Cola (TCCF), ilizindua Mradi wa SHE-GROW Afrika.",Disaster/Health
Matumaini Katikati ya Tatizo la Utapiamlo nchini Kenya: Safari ya Mtoto Mmoja hadi Kupona,Disaster/Health
"Uwezekano, kukubalika na mafunzo tuliyojifunza kutoka kwa jaribio la kuingilia kati ulishaji wa watoto wachanga miongoni mwa wanawake wanaoishi na VVU magharibi mwa Kenya.",Disaster/Health
Kenya - Kaskazini mwa Kenya: Ukali wa Ukame na Mfichuo wa Idadi ya Watu katika Kaunti ya Mandera (28 Januari 2026),Disaster/Health
"C-PEACE inafanya kazi na wakimbizi, jumuiya zinazowapokea, serikali na mashirika ya misaada ya kibinadamu, ikiwa ni pamoja na UNHCR na UN-Habitat, ili kuunda miundo ya maisha ya duara inayojumuisha ustahimilivu na kujenga amani.",Governance
Mpango wa Usawa wa Elimu ya Sekondari na Uboreshaji wa Ubora wa Kenya,General
Kenya - Ripoti ya Uhamaji wa Binadamu katika Kaunti ya Garissa (Septemba 2022),Disaster/Health
Jiji la Hatari la Saa 24: Mfumo wa Kufikiria Juu ya Kujenga Miundombinu ya Urekebishaji wa Hali ya Hewa Nairobi na Karachi.,Disaster/Health
Jarida la WHO la Kenya | Juzuu 20 - Juni 2026,Disaster/Health
Afrika Mashariki: Picha ya Athari ya Mafuriko ya El Niño (Mei 2024),Disaster/Health
Kaunti ya Laikipia: Taarifa ya Onyo la Mapema kuhusu Ukame kwa Aprili 2024,Disaster/Health
Kutathmini na kuimarisha huduma endelevu za kitabibu za tohara kwa wanaume kwa ajili ya kuzuia VVU katika Afrika Mashariki na Kusini mwa Afrika: ripoti ya mandhari ya nchi za kipaumbele za kitabibu za tohara ya wanaume.,General
"Mitazamo ya Serikali kuhusu Onyo la Mapema, Hatua ya Kutarajia, Mwitikio wa Dharura, na Ulinzi wa Kijamii katika Maeneo ya Kichungaji: Dawati Somo la 2 katika Mitazamo Mbalimbali ya Hatua za Kibinadamu katika Msururu wa Maeneo Kavu ya Kichungaji.",Disaster/Health
Kenya - Ufuatiliaji wa Uhamaji na Tathmini ya Mahali ya Sekta mbalimbali katika Kaunti ya Marsabit Awamu ya 1 (21 Novemba - 1 Desemba 2022),Disaster/Health
"Athari na Afua za Mafuriko, 2024, kuanzia tarehe 17.04.2024",Disaster/Health
Kenya | Mafuriko na maporomoko ya ardhi - Ramani ya Kila Siku ya DG ECHO | 30/04/2026,Disaster/Health
Kaunti ya Samburu: Taarifa ya Onyo la Mapema kuhusu Ukame Julai 2024,Disaster/Health
Kaunti ya Narok: Taarifa ya Onyo la Mapema kuhusu Ukame Julai 2024,Disaster/Health
Kuimarisha Ufa Kaskazini: Masomo tuliyojifunza kutoka kwa uzoefu wa kujenga amani wa NCIC na Interpeace.,Disaster/Health
"Kenya, Rwanda kuimarisha ulinzi wao dhidi ya ukinzani wa antimicrobial",Disaster/Health
"Taarifa kwa Vyombo vya Habari ya Wizara ya Afya (Tarehe ya Kutolewa: Aprili 8, 2025)",Disaster/Health
"Wizara imepata mamlaka yake kutoka kwa Katiba ya Kenya, Sheria za Elimu, na Agizo la Utendaji Nambari 1 la 2020 (lililorekebishwa) kuhusu Shirika la Serikali ya Jamhuri ya Kenya.....",General
"Ripoti, miongozo, na nyaraka za kiufundi kutoka WHO Afrika",General
Kaunti ya Taita Taveta: Taarifa ya Onyo la Mapema kuhusu Ukame Julai 2023,Disaster/Health
"Katika jamii nyingi za Kenya, na ndani ya Afrika kwa ujumla, wanawake wana jukumu la msingi la kusimamia mahitaji muhimu ya familia kama vile maji, chakula, mafuta na huduma za afya.",Health
Usiamini imani potofu kwamba chanjo ya COVID-19 inapatikana #KomeshaCorona,Public Health
Kenya - Kaunti ya Garissa - Ramani ya Miundomsingi ya Kaunti Ndogo ya Garissa (29/08/2024),Disaster/Health
Kaunti ya Samburu: Taarifa ya Onyo la Mapema kuhusu Ukame kwa Septemba 2022,Disaster/Health
Chama cha Taasisi Ndogo za Fedha nchini Kenya na Habitat for Humanity International hushirikiana kufungua masuluhisho ya ufadhili wa nyumba nafuu nchini Kenya.,Disaster/Health
"Madhara ya Gharama ya Kutochukua Hatua kwa Usaidizi wa Chakula wa WFP nchini Kenya (2021 & 2022), Aprili 2023",Disaster/Health
"Kampeni ya FAO ya Nzige Jangwa: Mashambulizi ya Afrika Mashariki yakandamizwa, Kenya bila ya Nzige wa Jangwa",Disaster/Health
Kaunti ya Tharaka Nithi: Taarifa ya Onyo la Mapema kuhusu Ukame kwa Aprili 2022,Disaster/Health
Kaunti ya Narok: Taarifa ya Onyo la Mapema kuhusu Ukame kwa Desemba 2023,Disaster/Health
"Kufikia malengo ya matukio ya VVU 2030 katika mazingira yenye mzigo mkubwa, hasa katika Mashariki na Kusini mwa Afrika, na kisha kuweka matukio ya VVU katika viwango vya chini, kutahitaji mchanganyiko sahihi wa afua madhubuti za kuzuia katika viwango vya juu vya chanjo.",General
Kaunti ya Baringo: Taarifa ya Onyo la Mapema kuhusu Ukame la Januari 2024,Disaster/Health
Vitendo vya Kutarajia vya Kenya - Mlipuko wa EVD (MDRKE052) - Taarifa ya Uendeshaji (8 Julai 2023),Disaster/Health
"Kenya tangu mwaka wa 1980, ilianzisha Mpango wa Kenya wa Kupanua Chanjo, KEPI, ambao uliweka kasi yake kuhakikisha magonjwa yote ya watoto yanazuiliwa kupitia chanjo tangu kuzaliwa.",Health
Katika mstari wa mbele wa majibu salama na yenye heshima ya mlipuko wa Ebola nchini Uganda,General
Marekebisho ya sheria na utawala ili kuboresha ustawi wa kijamii na kiuchumi wa Wakenya wote kwa kuzingatia hali ya sasa ya madeni na hitaji la nafasi endelevu ya deni la umma bila kuweka mzigo zaidi kwa Wakenya; 3.,Governance
Kaunti ya Meru (Meru-Kaskazini): Taarifa ya Onyo la Mapema kuhusu Ukame Aprili 2022,Disaster/Health
"Taarifa ya Bei ya Kenya, Septemba 2023",Disaster/Health
WHO yazitaka nchi za Afrika kuongeza mwitikio wa COVID-1926 Machi 2020,General
"Kenya: Kwa msaada wa EU, wakimbizi wanaokabiliwa na njaa wana njia ya kuokoa maisha",Disaster/Health
Kaunti ya Marsabit: Taarifa ya Onyo la Mapema kuhusu Ukame kwa Septemba 2022,Disaster/Health
Kenya: Ukame - IPC Inakadiriwa Uhaba Mkubwa wa Chakula (Machi - Juni 2023) kwa ASALs of Kenya (3 Jul 2023),Disaster/Health
Utafiti juu ya Matumizi ya ICT katika Elimu na Mafunzo ya Mbali wakati wa Migogoro na Uwekezaji Unaohitajika katika Mabadiliko ya Kidijitali kwa Nchi za Afrika - Ripoti ya Wasifu wa Nchi Kenya,Education
Kuna hatari kubwa ya kuambukizwa VVU kupitia:,General
Alika kuhudhuria matukio maalum kama vile Siku ya Wanachama wa Maisha,General
Kaunti ya Tana River: Taarifa ya Onyo la Mapema kuhusu Ukame kwa Machi 2022,Disaster/Health
"Wakimbizi katika Dadaab kwa sasa wanapokea huduma chache za maji, afya, na elimu, lakini msaada wa chakula na pesa taslimu unaoendelea unasalia kuwa msingi wa maisha yao.",Health
Kufadhili mustakabali usio na kifua kikuu: kesi ya uwekezaji kwa uchunguzi na matibabu ya kinga,Disaster/Health
Miji ya 4Mi: Ukusanyaji wa Data kuhusu Uhamiaji Mchanganyiko wa Mijini - Ripoti ya Jiji la Nairobi (Julai 2022),Disaster/Health
JAMHURI YA KENYA TAARIFA YA HAZINA YA KITAIFA NA MIPANGO YA UCHUMI (KWA TAARIFA YA HARAKA) tarehe 3 Oktoba 2024.,Governance
Kaunti ya Tharaka Nithi: Taarifa ya Onyo la Mapema kuhusu Ukame Juni 2022,Disaster/Health
Kaunti ya Marsabit: Taarifa ya Onyo la Mapema kuhusu Ukame kwa Agosti 2024,Disaster/Health
WHO inahimiza hatua dhidi ya tishio la ukinzani wa dawa za VVU,General
"Tathmini ya Msingi ya Mpango wa Kenya Resilient Arid Lands Partnership for Integrated Development Plus (RAPID+), Aprili 2022.",Disaster/Health
Mapitio ya Kuandaa Pesa Kenya 2018 - 2022,Disaster/Health
"Kliniki hizi zinafanya kazi kutoka kwa malori ya nje ya barabara yaliyo na chumba cha mashauriano, vitanda vya wagonjwa, maabara ndogo, na duka la dawa, iliyoundwa kuleta huduma muhimu moja kwa moja kwa jamii zilizo mbali na kituo chochote cha kudumu.",Health
Serikali ya Kenya Lazima Iepuke Kurudiwa kwa Historia na Kuzuia Ghasia za Uchaguzi: PHR,Security
Kaunti ya Mandera: Taarifa ya Onyo la Mapema kuhusu Ukame kwa Februari 2023,Disaster/Health
Kaunti ya Isiolo: Taarifa ya Onyo la Mapema kuhusu Ukame Julai 2022,Disaster/Health
Kaunti ya Embu (Mbeere): Taarifa ya Onyo la Mapema kuhusu Ukame Julai 2022,Disaster/Health
Uchambuzi wa athari za mafuriko Nairobi Kenya kuanzia tarehe 1 Mei 2024 - Uchambuzi wa Picha: 01/05/2024 Ilichapishwa 06/05/2024 V1,Disaster/Health
Miongozo juu ya cabotegravir ya muda mrefu ya sindano kwa kuzuia VVU,General
"Kuwa mwangalifu kuhusu mahali unapopata maelezo kuhusu COVID-19. Ahadi za tiba ya uhakika ya kuzuia COVID-19 si sahihi. Kufikia sasa, hakuna chanjo ya COVID-19. Tafadhali endelea kutumia tovuti za MOH & WHO kwa maelezo kuhusu jinsi ya kusaidia kuzuia COVID-19. #KomeshaCorona",Public Health
Muhtasari wa Nchi wa WFP Kenya Desemba 2025,Disaster/Health
"Kushughulikia mahitaji tofauti na tofauti ya vijana wanaoishi na VVU ili kuboresha matokeo yao yanayohusiana na VVU kunahitaji mbinu ya kina na jumuishi ambayo inakuza ahadi na mbinu za kimataifa kwa afya ya vijana, ikiwa ni pamoja na Mkakati wa Kimataifa wa Afya ya Wanawake, Watoto, na Vijana (2016-2030) na Hatua ya Kimataifa ya Kuharakisha kwa Afya ya AAAHA!",General
Mafuriko nchini Kenya: Malteser International inasambaza chakula na pesa taslimu,Disaster/Health
Kaunti ya Kajiado: Taarifa ya Onyo la Mapema kuhusu Ukame la Desemba 2023,Disaster/Health
Kenya - Kaskazini mwa Kenya: Ukali wa Ukame na Mfichuo wa Idadi ya Watu katika Kaunti ya Wajir (28 Januari 2026),Disaster/Health
Kaunti ya Mandera: Taarifa ya Onyo la Mapema kuhusu Ukame kwa Septemba 2023,Disaster/Health
Kenya: Mvua Kubwa na Taarifa ya Mafuriko - Sasisho la Flash #5 (10 Mei 2024),Disaster/Health
"MLIPUKO WA VIRUSI WA EBOLA BUNDIBUGYO Jamhuri ya Kidemokrasia ya Kongo | Ripoti ya Hali ya Nje ya Uganda ya Kila Wiki 06, Data kufikia tarehe 21 Juni 2026",General
Kaunti ya Turkana: Taarifa ya Onyo la Mapema kuhusu Ukame kwa Septemba 2024,Disaster/Health
Kaunti ya Kajiado: Taarifa ya Onyo la Mapema kuhusu Ukame Julai 2023,Disaster/Health
"Muhtasari wa Nchi wa WFP Kenya, Agosti 2023",Disaster/Health
Tunawahimiza Wakenya kuvaa vinyago vyao vizuri juu ya pua na chini ya mdomo ili kuzuia kuingia/kutoka kwa virusi @Governorkuti #KomeshaCorona update,Public Health
Kanda ya Afrika | Rufaa ya Mpox - Sasisho la Uendeshaji #5 (MDRS1003),Disaster/Health
Siku ya Malaria Duniani: kuzuia vifo miongoni mwa watoto wakimbizi nchini Kenya,Disaster/Health
Masomo Matatu ya Awali kutoka kwa Uchaguzi wa Kenya,Disaster/Health
Uhamisho wa pesa unasaidia jamii kukabiliana na majanga ya hali ya hewa,Disaster/Health
Kutoka kwa Wakimbizi hadi Wananchi? Kutafakari upya Matatizo ya Elimu ya Wakimbizi,Disaster/Health
Kaunti ya Laikipia: Taarifa ya Onyo la Mapema kuhusu Ukame la Aprili 2023,Disaster/Health
"Njaa Inaweza Kuua"": Huku takriban Wakenya milioni 2 Wanakabiliwa na Uhaba wa Chakula, Watoto Wamebeba Ngumu ya Utapiamlo",Disaster/Health
Kaunti ya Kitui: Taarifa ya Onyo la Mapema kuhusu Ukame Aprili 2024,Disaster/Health
Kenya: Kusafisha maji ya chumvi kwa jamii za Samburu,Disaster/Health
"Mafanikio yatategemea kupunguza vizuizi vya kufanya kazi na uhamaji, msongamano katika uwekezaji wa kibinafsi, na kuimarisha mifumo ikolojia ya ndani huku tukidumisha usaidizi unaolengwa, unaoitikia mshtuko ili kulinda walio hatarini zaidi wakati wa mpito.",Disaster/Health
"Moduli za mafunzo kwa wanaume ni pamoja na mikakati ya kimsingi ya uuzaji iliyoundwa na masoko ya ndani; mbinu bora za mazungumzo ya bei; ushiriki wa wateja na kujenga uhusiano; na, maadili na mazoea ya biashara jumuishi.",Disaster/Health
"Kenya sasa inakabiliwa na dharura ya mafuriko na janga la ukame, nchi inajiandaa kwa hatari ya kipindupindu",Disaster/Health
Mikakati ya kuzuia na kudhibiti maambukizi ya Namibia inachukuliwa kuwa mazoea mazuri kwa dharura za kiafya,General
Kaunti ya Nyeri (Kieni): Taarifa ya Onyo la Mapema kuhusu Ukame kwa Agosti 2024,Disaster/Health
"MLIPUKO WA VIRUSI WA EBOLA BUNDIBUGYO Jamhuri ya Kidemokrasia ya Kongo | Ripoti ya Hali ya Nje ya Uganda ya Kila Wiki 09, Data kufikia tarehe 12 Julai 2026",General
CBM Inasaidia Elimu Jumuishi kwa Wakimbizi Watoto nchini Kenya,Disaster/Health
"Ripoti ya Hali ya Kibinadamu ya UNICEF Kenya No. 4, 3 Juni 2023 (Kipindi cha Kuripoti 1 hadi 30 Aprili 2023)",Disaster/Health
Kujenga Ushahidi wa Kuimarisha Maslahi ya Wakimbizi na Jamii Wenyeji Nchini Kenya,Disaster/Health
Kaunti ya Garissa: Taarifa ya Onyo la Mapema kuhusu Ukame kwa Desemba 2023,Disaster/Health
Data mpya ya IRC: Ukame wa Pembe ya Afrika unaosababisha kuongezeka kwa ukatili dhidi ya wanawake na wasichana,Disaster/Health
"Ikiwa una homa, kikohozi na ugumu wa kupumua, tafuta matibabu na piga 719 mapema. #KaaNyumbaniShujaa #Nawa Mikono #VaaVinyago #Komeshacorona",Public Health
"Muhtasari wa Nchi wa WFP Kenya, Juni 2023",Disaster/Health
Sasisho la Ujumbe Muhimu wa Kenya Machi 2024: Bei kuu za vyakula zinapungua polepole lakini zinaendelea kuwa juu kuliko wastani wa miaka mitano.,Disaster/Health
"Viashiria vya SMI vinapatana na Mfumo wa Kamati ya Kudumu ya Wakala wa Kimataifa (IASC) kwa Suluhisho la Kudumu na kuunganisha data kutoka kwa Mfumo wa Ufuatiliaji wa Uhamisho wa IOM (DTM) ili kuhakikisha mbinu ya kina, inayotegemea ushahidi.",Disaster/Health
"Kenya - Mafuriko (Kenya Met Department, Media) (ECHO Daily Flash ya 06 Novemba 2023)",Disaster/Health
"Katibu Mkuu, Idara ya Jimbo la Elimu ya Msingi, John Ololtuaa leo ameongoza uzinduzi wa vifaa vya kujifunzia vya kidijitali katika Shule ya Kidijitali ya ACK Ol'Kalou, Kaunti ya Nyandarua - akiandamana na mwenzake, Idara ya Jimbo la PS kwa ICT na Uchumi wa Dijitali, Eng. John Tanui.",General
Kaunti ya Tana River: Taarifa ya Onyo la Mapema kuhusu Ukame la Aprili 2022,Disaster/Health
Kenya: Janga - 04-2024 - Mlipuko wa Kipindupindu (2024-05-22),Disaster/Health
Taarifa ya Tahadhari ya Mapema ya Kitaifa (Januari 2024),Disaster/Health
Kaunti ya Baringo: Taarifa ya Onyo la Mapema kuhusu Ukame kwa Septemba 2022,Disaster/Health
"Mgogoro wa Kenya Unaonyesha Udharura wa Umaskini wa Afrika, Ufisadi, Madeni",Disaster/Health
"WHO haina sera ya kutovumilia ulaghai, aina zote za unyanyasaji (ikiwa ni pamoja na ngono) na unyonyaji na unyanyasaji wa kingono. Kwa habari zaidi au kuripoti malalamiko, bofya hapa.",General
Kenya: IPC Ukosefu wa Chakula Mkali na Uchanganuzi Mkali wa Utapiamlo (Februari - Juni 2024) Limechapishwa tarehe 26 Machi 2024,Disaster/Health
KomeshaCorona tumia sabuni na maji ya bomba kunawa mikono ili kujikinga na Virusi vya Corona @SpokespersonGoK @PSofKenya @KNH_hospital @KEMRI_Kenya @MoICTKenya @KenyaRedCross @KenyaGovernors @UNAIDS @UNICEFKenya @WHOKenya @CDCKenya,Public Health
"Hatua za haraka na zinazofaa za kutibu wanawake ambao wamepatikana na virusi, na kuzuia uambukizi wa (ma)ambukizo kwa watoto wao.",General
"The Government Owned Enterprises Bill, 2024 2 SEHEMU YA V—MAJUKUMU YA UTUMISHI WA UMMA 29— ​​Majukumu ya Utumishi wa Umma. 30-Mapendekezo. 31- Utekelezaji wa Majukumu ya Utumishi wa Umma.",Governance
"Muhtasari wa Nchi wa WFP wa Kenya, Julai 2024",Disaster/Health
Kaunti ya Baringo: Taarifa ya Onyo la Mapema kuhusu Ukame la Mei 2022,Disaster/Health
Kaunti ya Kajiado: Taarifa ya Onyo la Mapema kuhusu Ukame la Mei 2022,Disaster/Health
Hatua za kisheria za kuwezesha ufadhili wa Serikali za Kaunti iwapo Mswada wa Mswada wa Mgawanyo wa Mapato na Mswada wa Ugavi wa Mapato ya Kaunti hautapitishwa kufikia tarehe 30 Juni ili kuzuia shida ya pesa ambayo inaweza kuibuka na kuathiri utoaji wa huduma na Serikali za Kaunti; 2.,Governance
Pokot Magharibi: Taarifa ya Onyo la Mapema kuhusu Ukame kwa Juni 2022,Disaster/Health
WHO inazitaka nchi kutoruhusu COVID-19 kuzama masuala mengine ya afya23 Aprili 2020,General
Kaunti ya Tana River: Taarifa ya Onyo la Mapema kuhusu Ukame la Aprili 2023,Disaster/Health
Jumuisha yote! Toa njia na rasilimali kwa wanafunzi walemavu.,Education
"Amani ilitoka kwa wafugaji. Kusaidia amani wakati wa ukame, uhaba wa chakula na migogoro. Masomo kutoka Kaunti ya Marsabit, Kenya",Disaster/Health
"Kenya - Mafuriko (Idara ya Hali ya Hewa ya Kenya, vyombo vya habari) (ECHO Daily Flash ya 27 Machi 2023)",Disaster/Health
Ufugaji waanza upya katika kukausha Kenya,Disaster/Health
CS MUTAHI KAGWE: Lazima tuchukue jukumu la kibinafsi kwa #KomeshaCorona #Kunawa Mikono #VaaMasks #weka umbali wa kijamii #kusafisha,Public Health
Mkakati wa ushirikiano wa maendeleo wa Uswidi na Kenya 2021-2025,Disaster/Health
Madhara ya vita dhidi ya bei ya chakula na usalama wa chakula katika nchi zinazoweza kuwa hatarini,Disaster/Health
Kaunti hizi tatu pia zinachukua takriban asilimia 65 ya jumla ya idadi ya watu wanaokadiriwa katika IPC Awamu ya 4 (Dharura).,Disaster/Health
Kenya: Wakimbizi waliosajiliwa na wanaotafuta hifadhi (kuanzia tarehe 30 Juni 2022),Disaster/Health
Inatambulika kama mshirika wa klabu ya shule katika maeneo maalum,General
Wanawake wanashikilia Ufunguo wa Mafanikio ya Ufugaji Barani Afrika,Disaster/Health
Kaunti ya Embu (Mbeere): Taarifa ya Onyo la Mapema kuhusu Ukame kwa Aprili 2023,Disaster/Health
"Tathmini ya Athari za Uhamisho na Jinsia Kulingana na Pesa nchini Kenya, Julai 2023",Disaster/Health
IRC yataka hatua za haraka zichukuliwe kushughulikia ongezeko la kutisha la visa vya utapiamlo vinavyotishia wakimbizi katika kambi za Kenya.,Disaster/Health
"Mnamo Desemba, WHO Kenya ilijiunga na kampeni ya kuongeza kasi ya chanjo katika uwanja huo na kupitia ufadhili na usaidizi wa kiufundi, ilishirikiana na wenzao wa afya katika kaunti 11 ili kuongeza kasi ya chanjo na juhudi za kuzuia.",Health
Hali ya Hali ya Hewa Kenya 2023,Disaster/Health
"Kenya: IPC Ukosefu wa Chakula Mkali na Uchambuzi Mkali wa Utapiamlo (Machi - Juni 2022) Limechapishwa mnamo Juni 10, 2022",Disaster/Health
"Nyakati Muhimu za Kunawa Mikono: Kabla, wakati, na baada ya kuandaa chakula Kabla ya kula chakula Kabla na baada ya kumhudumia mgonjwa Kabla na baada ya kutibu jeraha Baada ya kutumia choo Baada ya kupuliza pua yako, kukohoa au kupiga chafya Baada ya kubadilisha nepi...#KomeshaCorona",Public Health
Uzoefu wa Waathirika wa Kupata Huduma za Afya ya Akili kufuatia Unyanyasaji wa Kijinsia na Kijinsia nchini Kenya,Disaster/Health
* Ripoti za hali ya ugonjwa wa Ebola sasa zimejumuishwa katika taarifa ya milipuko na dharura ya WHO Afrika.,General
Kaunti ya Marsabit: Taarifa ya Onyo la Mapema kuhusu Ukame kwa Aprili 2023,Disaster/Health
Kenya: Hatua za matarajio kuelekea Uchaguzi Mkuu - Operesheni ya DREF - Ripoti ya Mwisho (MDRKE051),Governance
Matokeo ya katikati ya Mwitikio wa Kenya Cash Consortium kwa ukame katika Kaunti za Ardhi Kame na Nusu Kame (ASAL) za Kenya (Juni 2022),Disaster/Health
GIEWS Muhtasari wa Nchi: Kenya 15-Julai-2022,Disaster/Health
Kenya - Uhamisho na Tathmini ya Mahitaji Matokeo Muhimu - Kaunti ya Tana River (Mei - Juni 2025),Disaster/Health
Kenya: Shughuli ya Mifumo ya Soko la Mifugo (LMS),Disaster/Health
"Usimamizi Inayobadilika katika Utayarishaji wa Wakimbizi: Masomo kutoka kwa Re:Build, Juni 2023",Disaster/Health
Kenya: Kujitolea kwa wanawake kukuza amani ya kudumu huko Rhamu,Disaster/Health
"Katika mwaka mmoja uliopita @MOH_Kenya imeweka vifaa na miundombinu katika Vituo vya Afya zaidi ya 3,000 ili kusaidia utangulizi mpya wa chanjo. A Zaidi, vituo 1,000 vya Afya vitawekwa vifaa katika muda wa mwaka mmoja ujao...Dr Rashid #STOPCervicalCancer @KenyaGovernors @UNICEFKenya",Public Health
"Je, ninaingia mahali pa ibada bila kujiweka mbali na watu wengine? Je, ni lazima nihudhurie mkusanyiko usio halali, hata nikiambukizwa COVID-19? #KomeshaCorona",Public Health
Kaunti ya Marsabit: Taarifa ya Onyo la Mapema kuhusu Ukame kwa Mei 2023,Disaster/Health
Pokot Magharibi: Taarifa ya Onyo la Mapema kuhusu Ukame kwa Desemba 2022,Disaster/Health
Kaunti ya Turkana: Taarifa ya Onyo la Mapema kuhusu Ukame Aprili 2023,Disaster/Health
Kenya: Wakimbizi waliosajiliwa na wanaotafuta hifadhi (kuanzia tarehe 31 Mei 2024),Disaster/Health
Hili linatoa msingi kwa sera mbadala kugharamiwa kushughulikia mapengo haya na uchanganuzi wa kweli wa gharama na manufaa utakaofanywa.,Disaster/Health
"Kipindi cha incubation, yaani, muda kutoka kwa kuambukizwa na virusi hadi mwanzo wa dalili, ni kutoka siku 2 hadi 21. Mtu aliyeambukizwa virusi vya Ebola hawezi kueneza ugonjwa huo hadi apate dalili.",General
Tendo la Imani: Kushinda Utapiamlo nchini Kenya,Disaster/Health
"Data inayotolewa inatusaidia kuelewa vyema mienendo ya upinzani na kuunga mkono uamuzi unaotegemea ushahidi,"" alisema Susan Githii, Country GLASS Focal Person na AMR Surveillance Focal Point, Kenya.",Disaster/Health
"Baada ya Mwaka wa Mafanikio, CFK Africa Yazindua 2024 kwa Ubia Mpya wa Kusaidia Mpango wa Shule Bora nchini Kenya.",Disaster/Health
Kenya na Zambia: Bima kwa mifumo ya maji Endelevu,Disaster/Health
IRC: Ukame mkali unatarajiwa kuacha takriban watu milioni 5.4 nchini Kenya bila kupata chakula na maji ya kutosha kati ya Machi na Juni 2023.,Disaster/Health
"CAS, Dk. Rashid: Wafanyakazi wa afya ya akili waliofunzwa, wakiwemo wauguzi na madaktari wametambuliwa na watakuwa kwenye simu, watafanya kazi kwa zamu katika kituo cha ushauri nasaha na telepsychiatry. #Siku ya Kuzuia Kujiua Duniani",Public Health
Kaunti ya Lamu: Taarifa ya Onyo la Mapema kuhusu Ukame Januari 2023,Disaster/Health
Taarifa ya Hali ya Kenya: Kuondolewa kwa naibu rais kwazua ghasia nchini Kenya | Septemba 2024,Disaster/Health
Ufuatiliaji wa ukinzani wa dawa za VVU kwa watoto waliogunduliwa hivi karibuni na VVU kwa utambuzi wa watoto wachanga mapema,General
Kaunti ya Embu (Mbeere): Taarifa ya Onyo la Mapema kuhusu Ukame kwa Juni 2024,Disaster/Health
Kaunti ya Baringo: Taarifa ya Onyo la Mapema kuhusu Ukame kwa Septemba 2023,Disaster/Health
WFP nchini Kenya inakaribisha ufadhili wa rekodi kutoka kwa serikali ya Marekani ili kukabiliana na njaa,Disaster/Health
COVID-19 & ufuatiliaji wa jeni barani Afrika1 Oktoba 2021,General
Kaunti ya Lamu: Taarifa ya Onyo la Mapema kuhusu Ukame kwa Oktoba 2024,Disaster/Health
Kaunti ya Turkana: Taarifa ya Onyo la Mapema kuhusu Ukame kwa Agosti 2024,Disaster/Health
Kusaidia biashara za kienyeji za wanawake na majiko yanayofaa hali ya hewa nchini Kenya,Disaster/Health
Kaunti ya Tharaka Nithi: Taarifa ya Onyo la Mapema kuhusu Ukame kwa Septemba 2022,Disaster/Health
Kaunti ya Mandera: Taarifa ya Onyo la Mapema kuhusu Ukame kwa Februari 2024,Disaster/Health
Taarifa ya Tahadhari ya Mapema ya Kitaifa (Agosti 2024),Disaster/Health
"Ripoti ya Tathmini ya Haraka ya Ukame ya Kaunti ya Wajir, Desemba 2025",Disaster/Health
"Mwitikio wa Dharura ya Ukame huko Mandera, Kaskazini mwa Kenya - Muungano wa Fedha wa Kenya",Disaster/Health
Kaunti ya Tana River: Taarifa ya Onyo la Mapema kuhusu Ukame la Desemba 2022,Disaster/Health
"Usizuie #COVID19; Epuka Kuwasiliana kwa Ukaribu na mtu yeyote Usimtemee Mate Usitumie Dawa kwenye Kaunta Usiogope, Chukua Rahisi Usisafiri isipokuwa lazima Usisambaze habari potofu kwa maneno au kupitia majukwaa ya mawasiliano #KomeshaCorona",Public Health
Kaunti ya Garissa: Taarifa ya Onyo la Mapema kuhusu Ukame kwa Oktoba 2023,Disaster/Health
Uingereza Yaongeza Usaidizi kwa Juhudi za UNICEF za Misaada ya Mafuriko,Disaster/Health
"Nchini Kenya, WICS inatekelezwa katika kaunti za Bungoma na Nyandarua kwa lengo la kufikia wanawake 10,000. Hadi sasa, wanawake 3,767 wamechunguzwa, na matokeo ya 686 yasiyo ya kawaida yamegunduliwa, kuwezesha kuingilia mapema na matibabu. Mbinu hii ya gharama nafuu, inayoongozwa na serikali inashughulikia makadirio ya vifo vya mapema milioni 3.8 kila mwaka kutokana na magonjwa yasiyoambukiza ifikapo 2030, kuboresha viwango vya kuishi na ubora wa maisha kwa wanawake kote kanda.",General
"Kati ya 2021 na 2025, zaidi ya rekodi 100,000 za uchunguzi wa AMR zilikusanywa, na rekodi 9039 ziliwasilishwa kwa GLASS mnamo 2025.",Disaster/Health
Kaunti ya Tharaka Nithi: Taarifa ya Onyo la Mapema kuhusu Ukame kwa Machi 2024,Disaster/Health
"Taarifa ya Bei ya Kenya, Aprili 2022",Disaster/Health
WFP na UNESCO wanakaribisha ufadhili kutoka Uholanzi ili kuimarisha usalama wa chakula kwa jamii zinazoishi kando ya ziwa Turkana.,Disaster/Health
"Tathmini ya Mwisho ya Mtandao wa Kibinadamu wa ASAL MPCT Wafaidika Wapya, Kaunti ya Turkana, Machi 2022",Disaster/Health
Baadhi ya hatua unazoweza kuchukua ili kuepuka kuwasiliana kwa karibu na wengine ni pamoja na: Kaa nyumbani iwezekanavyo na upunguze wageni. Fanya mazoezi ya umbali wa kijamii na kimwili: Kaa angalau futi sita kutoka kwa wengine katika maeneo ya umma. Piga marafiki na familia au tembelea kwa video. #KomeshaCorona,Public Health
Nafasi salama kwa vijana jijini Nairobi,Disaster/Health
Kaunti ya Laikipia: Taarifa ya Onyo la Mapema kuhusu Ukame la Desemba 2023,Disaster/Health
Kuondoa Mkanda Mwekundu ili Kupata Sheria ya Wakimbizi ya Kenya Sahihi,Disaster/Health
"Kufikia Septemba 2015, WHO inapendekeza kwamba watu walio katika hatari kubwa ya kuambukizwa VVU wanapaswa kupewa PrEP yenye msingi wa tenofovir disoproxil fumarate (TDF) kama chaguo la ziada la kuzuia, kama sehemu ya uzuiaji wa kina. Oral PrEP ina ufanisi mkubwa katika kuzuia VVU inapotumiwa kama ilivyoelekezwa. Mnamo 2021, WHO ilipendekeza kwamba pete ya dapivirine inaweza kutolewa kama chaguo la ziada la kuzuia kwa wanawake walio katika hatari kubwa ya VVU na, mnamo 2022, kwamba sindano ya muda mrefu ya cabotegravir (CAB-LA) inaweza kutolewa kama chaguo la ziada la kuzuia kwa watu walio katika hatari kubwa ya VVU. Bidhaa zingine (k.m., bidhaa za kuzuia matumizi nyingi zinazochanganya dawa za kurefusha maisha na uzazi wa mpango) kwa sasa zinachunguzwa kama chaguo za ziada za PrEP.",General
Kuongezeka kwa vifo huku Afrika ikiadhimisha mwaka mmoja wa COVID-1911 Februari 2021,General
Zaidi ya kesi 600 zilizothibitishwa za COVID-19 barani Afrika19 Machi 2020,General
"Box 30007-00100 NAIROBI, KENYA Simu: +254-20-2252-299 Faksi: +254-20-341-082 Hati hii pia inapatikana kwenye tovuti kwa: www.treasury.go.ke 3 Dibaji. mtazamo wa kiuchumi.",Governance
Kaunti ya Embu (Mbeere): Taarifa ya Onyo la Mapema kuhusu Ukame Aprili 2024,Disaster/Health
Jinsi watoto nchini Kenya wanahusika katika kukabiliana na mabadiliko ya hali ya hewa,Disaster/Health
"Kujitolea katika Msalaba Mwekundu wa Kenya ni kwa kila mtu. Kwa kuwa shirika linaloaminiwa na jamii, serikali na sekta ya kibinafsi, tunahitaji watu wote wanaojitolea kuzingatia yafuatayo:",General
Kaunti ya Lamu: Taarifa ya Onyo la Mapema kuhusu Ukame Aprili 2023,Disaster/Health
Kaunti ya Isiolo: Taarifa ya Onyo la Mapema kuhusu Ukame kwa Septemba 2023,Disaster/Health
"Kenya: Masharti ya Marejeleo ya Utafiti - Tathmini ya Mahitaji ya Kisekta Mbalimbali ya 2026, KEN2601 (Mei 2026, 01)",Disaster/Health
Kenya: Kusuluhisha mizozo na kufufua umoja huko Elebor na Turbi katika Kaunti ya Marsabit,Disaster/Health
Dashibodi ya Kukabiliana na Ukame Kenya (Januari hadi Septemba 2023),Disaster/Health
Amref Health Africa Yazindua Mradi wa 'Tucheze Tustawi' wa Kusaidia Ukuaji wa Utotoni katika Jumuiya za Wakimbizi na Wenyeji katika Kaunti Ndogo ya Turkana Magharibi.,Disaster/Health
Kenya: Harakati za Idadi ya Watu - 01-2024 - Ukosefu wa Usalama Baringo (2024-03-27),Disaster/Health
Kaunti ya Lamu: Taarifa ya Onyo la Mapema kuhusu Ukame kwa Februari 2023,Disaster/Health
"Taarifa ya Bei ya Kenya, Agosti 2024",Disaster/Health
Kunyonyesha ni msingi wa maisha ya mtoto na afya ya uzazi.,Health
"Kenya yaongeza uangalizi, hatua za kukabiliana na ugonjwa huo",Disaster/Health
Taarifa za hali ya hewa na wakulima wadogo wanawake wa Kenya: tathmini ya mahitaji (Jan 2023),Disaster/Health
"Kutoa, kukuza na kuratibu sekta ya mafunzo kwa kuhakikisha ubora, ushirikishwaji na umuhimu kwa ajili ya kuimarisha uchumi wa taifa na ushindani wa kimataifa.",General
"Sera na utendaji wa kuunganisha: Mawazo muhimu kutoka kwa Mkutano wa Maji, Amani na Hali ya Hewa nchini Kenya",Disaster/Health
Dharura mara tatu nchini Kenya huku kukiwa na milipuko ya malaria na surua,Disaster/Health
Kaunti ya Tharaka Nithi: Taarifa ya Onyo la Mapema kuhusu Ukame Julai 2023,Disaster/Health
Awamu inayofuata ni kuhakikisha kwamba kila mgonjwa ananufaika na kiwango sawa cha utunzaji wa hali ya juu.,Health
Kaunti ya Tana River: Taarifa ya Onyo la Mapema kuhusu Ukame Julai 2024,Disaster/Health
Data ni nyenzo muhimu wakulima wanapopambana na ukame nchini Kenya,Disaster/Health
UNHCR Kenya: Mikakati ya Miaka Mingi 2023 - 2026 - Riziki na Ushirikishwaji wa Kiuchumi (Juni 2022),Disaster/Health
Kaunti ya Makueni: Taarifa ya Onyo la Mapema kuhusu Ukame ya Novemba 2022,Disaster/Health
Kaunti ya Turkana: Taarifa ya Onyo la Mapema kuhusu Ukame kwa Septemba 2022,Disaster/Health
Kaunti ya Tana River: Taarifa ya Onyo la Mapema kuhusu Ukame la Aprili 2024,Disaster/Health
Kenya: Mafuriko - Operesheni ya DREF (MDRKE058),Disaster/Health
"Katibu Mkuu, Amehuzunishwa na Vifo katika Mafuriko, Aahidi Msaada wa Umoja wa Mataifa kwa Kenya",Disaster/Health
"Zaidi ya hayo, wanyama 400,000 watatiwa dawa ya minyoo, watatibiwa dhidi ya vimelea vya ndani na nje na kupewa multivitamini ili kuendeleza uzalishaji wa maziwa na nyama na kuishi katika kipindi hiki, kuhifadhi moja kwa moja maisha na ustawi wa lishe wa kaya 4,000 zilizo katika mazingira magumu.",Health
"Mafanikio ya msimu katika maji na malisho hayalingani na yanadumu kwa muda mfupi, huku mifugo iliyopungua, bei ya juu ya chakula, na usaidizi uliopunguzwa ukiendelea kusukuma kaya zilizo hatarini kwenye hasara isiyoweza kurekebishwa.",Disaster/Health
Sasisho la Hali ya Kenya | Mei 2024: Kuzuka upya kwa maandamano ya walimu na mapigano ndani ya taasisi za kiraia na usalama,Disaster/Health
Ambulance ya pikipiki husaidia wanawake wajawazito katika jamii iliyokumbwa na ukame kupata huduma ya afya ya uzazi ya kuokoa maisha,Health
Kenya | Sasisho Changamano la Operesheni ya Dharura MDRKE068,Disaster/Health
Kenya: Muhtasari wa Mfumo wa Mapitio ya Sera ya Wakimbizi kufikia tarehe 31 Desemba 2021,Disaster/Health
"Vipaumbele vya ziada ni pamoja na kuendeleza Kiwango cha 4 cha Mnyororo wa Thamani ya Dawa (uzalishaji wa API) na Kiwango cha 5 (R&D), ambacho kinahitaji teknolojia ya hali ya juu, ujuzi maalum na uwekezaji mkubwa licha ya motisha zinazopatikana za serikali.",Governance
"Kwa hivyo, uaminifu mara nyingi ndio safu ya kwanza ya ulinzi kwa afya ya umma. Huu ulikuwa ni ujumbe muhimu ulioangaziwa na Mwakilishi wa Shirika la Afya Duniani nchini Angola, Dk. Indrajit Hazarika, alipodokeza kwamba mawasiliano madhubuti sio juu ya kuonyesha maarifa, lakini juu ya kuhakikisha uelewa, na kwamba uaminifu haujengwi wakati wa shida, lakini kila siku.",General
Kenya inazindua Mkakati wake wa Ufadhili wa Hatari za Maafa 2026-2030,Disaster/Health
"Ouidah—Benin inazidisha juhudi zake katika vita dhidi ya malaria kwa kutegemea mikakati ya kibunifu. Kila baada ya miaka mitatu, nchi huandaa kampeni ya kitaifa ya kusambaza dawa za muda mrefu bila malipo…",General
Imechelewa. Imekataliwa: Vizuizi vya Kisheria na Kitawala kwa Utoaji Haki Ufanisi na Bora kwa Waathiriwa wa SGBV nchini Kenya.,Disaster/Health
Mkakati wa Jinsia wa Huduma za Taarifa za Hali ya Hewa na Hali ya Hewa katika Afrika Mashariki,Disaster/Health
"Kupitia Jiji - Uhamiaji wa Ndani wa Wakimbizi kutoka Kambi za Wakimbizi za Kakuma na Dadaab hadi Nairobi, Mada ya Kazi 3 - Desemba 2024",Disaster/Health
"Lorsque les filles réussissent, c'est l'ensemble des communautés qui commence à changer"" : un refuge village du Kenya donne de l'espoir aux filles malgré les mutilations génitales féminines",Disaster/Health
Kaunti ya Wajir: Taarifa ya Onyo la Mapema kuhusu Ukame Julai 2024,Disaster/Health
Kaunti ya Tana River: Taarifa ya Onyo la Mapema kuhusu Ukame Julai 2023,Disaster/Health
Kaunti ya Kitui: Taarifa ya Onyo la Mapema kuhusu Ukame kwa Oktoba 2023,Disaster/Health
"CervicalCancer ndio njia rahisi ya kuzuia saratani ya uzazi, kwa vipimo vya uchunguzi wa mara kwa mara na ufuatiliaji #Mwezi wa Afya ya Kizazi @kenconetwork @ClintonHealth @Women4Cancer @oasisoflifeke @PSKenya_ @KEMRI_Kenya @AfriCF",Public Health
Kuchukua Mishtuko ya Hali ya Hewa na Kupunguza Migogoro katika Bonde la Ufa la Kenya,Disaster/Health
"Ujanibishaji wa Mipango ya Ulinzi huko Garissa na Turkana, Kenya (Julai 2024)",Disaster/Health
"Taarifa ya Ujumbe Muhimu wa Kenya: Dharura (IPC Awamu ya 4) uhaba mkubwa wa chakula kaskazini na kaskazini mashariki mwa Kenya, Mei 2022",Disaster/Health
Kaunti ya Narok: Taarifa ya Onyo la Mapema kuhusu Ukame kwa Agosti 2024,Disaster/Health
Kenya Takwimu Infographics | Machi 2026,Disaster/Health
"Afisa Mkuu Mtendaji wa Safaricom, Bw. Peter Ndegwa leo amemtembelea Katibu wa Baraza la Mawaziri wa Afya, Mhe. Mutahi Kagwe na kuchunguza maeneo ya ushirikiano kuhusu COVID-19. @SafaricomPLC kwa sasa ni mwenyeji wa kituo cha simu cha COVID-19. #KomeshaCorona Update.",Public Health
"Kwa kuzingatia mafunzo kutoka kwa Mkakati wa DRF 2018–2022, Mkakati huu uliosasishwa unapanuka zaidi ya uhifadhi wa hatari na uhamishaji wa hatari ili kujumuisha uwekezaji wa kupunguza hatari.",Disaster/Health
Kenya inatanguliza shirika la WHO la kutathmini ukuaji wa mtoto katika utafiti wa afya wa kitaifa kwa mara ya kwanza,Disaster/Health
Kaunti ya Lamu: Taarifa ya Onyo la Mapema kuhusu Ukame kwa Mei 2024,Disaster/Health
Taarifa ya Tahadhari ya Mapema ya Kitaifa Januari 2025,Disaster/Health
Kujifunza ni Njia ya Maisha: Upatikanaji wa Elimu kwa Watoto Wakimbizi nchini Kenya,Education
"Idara ya afya ya kaunti - Uasin Gishu, hata hivyo, ilipuuza uvumi huo kupitia notisi ya umma kuwa ya uwongo.",Governance
Kaunti ya Tana River: Taarifa ya Onyo la Mapema kuhusu Ukame la Septemba 2022,Disaster/Health
"(b) kujenga uwezo wa kitaasisi kufanya utafiti wa hali ya juu uliotumika, unaofaa kushughulikia changamoto/kipaumbele kikuu cha maendeleo;",General
"Mradi wa Taasisi ya Pan African University of Basic Sciences, Technology and Innovation (PAUSTI) chini ya DUE",General
"WHO inapendekeza watoto wanaozaliwa na mama wanaoishi na VVU kupimwa VVU, wakati wa kuzaliwa, wiki sita, wakati wa kunyonyesha, na wakati kunyonyesha kumalizika kutokana na hatari ya kuendelea kuambukizwa katika kipindi hiki. Watoto wakubwa, hasa watoto na ndugu wa watu walioambukizwa VVU, wanapaswa pia kupimwa.",General
Kaunti ya Kajiado: Taarifa ya Onyo la Mapema kuhusu Ukame ya Juni 2022,Disaster/Health
"Licha ya changamoto nyingi, baadhi ya nchi zimetumia modeli za utoaji wa huduma za VVU kwa watu kutoka makundi muhimu ambayo yanafadhiliwa kwa kiasi kikubwa au kwa kiasi ndani na ambayo inaweza kuwa endelevu kwa kiwango kikubwa.",Health
"Taarifa ya Bei ya Kenya, Oktoba 2024",Disaster/Health
"Je, unafurahia kupumzika karibu na maji msimu huu? Mwe salama karibu na maji na ujifunze dokezo za kuzuia kuzama majini.",Health
"Muhtasari wa Usaidizi wa USAID/BHA Kenya, Agosti 2024",Disaster/Health
"Tunakukumbusha kuzingatia kwa dhati hatua za kuzuia kama safu yetu ya kwanza ya ulinzi dhidi ya virusi hivi; osha mikono mara kwa mara kwa sabuni na maji yanayotiririka, kuvaa barakoa katika maeneo ya umma, kudumisha umbali wa kijamii na kimwili, na kuepuka mikusanyiko ya aina zote.",Public Health
Kaunti ya Meru (Meru-Kaskazini): Taarifa ya Onyo la Mapema kuhusu Ukame Julai 2023,Disaster/Health
"Kenya - Mafuriko, sasisho (Idara ya Hali ya Hewa ya Kenya, vyombo vya habari, Mkataba wa Kimataifa) (ECHO Daily Flash ya 14 Mei 2024)",Disaster/Health
Wizara ya afya yatahadharisha kuhusu ugonjwa wa kipindupindu huku visa 61 vikithibitishwa,Disaster/Health
Kaunti ya Marsabit: Taarifa ya Onyo la Mapema kuhusu Ukame kwa Februari 2024,Disaster/Health
Ukame wa kihistoria katika Pembe ya Afrika: Wanawake na wasichana wanaokimbia mgogoro mmoja kwa mwingine,Disaster/Health
Taarifa ya Tahadhari ya Mapema ya Kitaifa (Aprili 2022),Disaster/Health
Kaunti ya Isiolo: Taarifa ya Onyo la Mapema kuhusu Ukame la Desemba 2023,Disaster/Health
Wizara ya elimu kwa usaidizi wa kiufundi wa WFP wametekeleza kwa pamoja programu za chakula shuleni katika maeneo yenye uhaba wa chakula nchini Kenya tangu 1980 kwa madhumuni ya kuwahimiza wazazi kuandikisha na kuwaweka watoto wao shuleni na kuwahimiza wanafunzi kujifunza mpango huu wa mlo wa shule umetekelezwa kwa awamu za miaka mitano tangu kuanzishwa. makazi yasiyo rasmi ya Nairobi. Kufikia 2008 wanafunzi milioni 1.2 walikuwa wanufaika wa mpango huu na hii imeongeza idadi ya wanufaika hadi milioni 1.6 katika shule Kame na zilizochaguliwa katika ardhi Nusu Kame.,General
Kaunti ya Kilifi: Taarifa ya Onyo la Mapema kuhusu Ukame Julai 2023,Disaster/Health
"Miaka 6: jinsi mradi wa upatikanaji wa maji ulivyoathiri maisha katika Churo, Kenya",Disaster/Health
"Somo ni rahisi: habari, peke yake, ina athari ndogo. Wakati jumuiya zinahusika, uaminifu, kuzingatia mapendekezo, na uwezo wa kujibu yote huongezeka. Ni dira hii haswa inayosisitiza Mkakati wa Kikanda wa WHO wa Afrika kuhusu Ulinzi na Ustahimilivu wa Jamii (2023–2030).",General
Kaunti ya Meru (Meru-Kaskazini): Taarifa ya Onyo la Mapema kuhusu Ukame ya Mei 2022,Disaster/Health
Uchambuzi wa Haraka wa Jinsia na Tathmini ya Ulinzi wa Hali ya Ukame katika Kaunti ya Marsabit,Disaster/Health
Sera hiyo inapatanishwa na Mpango wa Nne wa Muda wa Kati (2023 -2027) wa Dira ya 2030 ya Kenya ambayo inatanguliza utekelezwaji wa mikakati ya kufufua uchumi chini ya Agenda ya Serikali ya Mabadiliko ya Kiuchumi (BETA) .,Governance
"PAUSTI inapata ufadhili kutoka Benki ya Maendeleo ya Afrika (ADB) kupitia Serikali, Wizara ya Elimu, chini ya fedha za matumizi ya kawaida kwa vyuo vikuu. Athari ya kifedha kwa Wizara ni takriban Kshs. milioni 70 zinazotolewa kwa PAUSTI kila mwaka kama ruzuku kwa matumizi ya kawaida. Taasisi imetumia akiba hiyo kwa mkataba wa Awamu ya I na II ya kitalu cha PAUSTI.",General
"Matibabu na matunzo ya maisha yote kwa akina mama wanaoishi na VVU, au wanaostahiki matibabu ya HBV au kaswende.",General
"Muhtasari wa Nchi wa WFP Kenya, Agosti 2024",Disaster/Health
Kikosi kazi kuhusu Afya ya Akili kikiongozwa na Prof. Lukoye Atwoli leo kilifanya ushiriki wake wa umma katika Ukumbi wa Mji wa Kisumu baada ya kumtembelea Naibu Gavana wa Kisumu Dkt. Mathew Owili. @kenya_mental @syengomutisya @IAsin @JNJAfrica @LukoyeAtwoli @ChiromoLMC @G_Mbugua1,Public Health
Kaunti ya Embu (Mbeere): Taarifa ya Onyo la Mapema kuhusu Ukame Julai 2024,Disaster/Health
Kenya - Ethiopia Zoezi la Kuiga la Kitaifa Binafsi kuhusu Ulinzi wa Watu Waliohamishwa Kuvuka Mipaka Katika Maafa,Disaster/Health
Kenya Kaunti ya Turkana - Turkana Magharibi - Ramani ya Marejeleo ya Jumla (09/11/2023),Disaster/Health
Kaunti ya Garissa: Taarifa ya Onyo la Mapema kuhusu Ukame kwa Oktoba 2024,Disaster/Health
Ujumbe wa Maji Kukabiliana na Mafuriko ya Afrika Mashariki na Maji Salama ya Dharura,Disaster/Health
"Washirika wa misaada ya kibinadamu wanaendelea kujibu. Kuanzia Januari hadi Aprili, washirika walilaza zaidi ya watoto 44,000 kwa matibabu ya utapiamlo mkali na kuwapima zaidi ya watoto 270,000 na wanawake wajawazito na wanaonyonyesha 74,000 katika kaunti saba.",Health
"Kwa kuzingatia msingi huu, C-PEACE inatumia mbinu jumuishi ili kutoa matokeo ya kimazingira, maisha na kujenga amani katika mazingira tete.",Disaster/Health
Kaunti ya Turkana: Taarifa ya Onyo la Mapema kuhusu Ukame Julai 2023,Disaster/Health
Wanafunzi milioni 3 katika shule zinazoshiriki watanufaika na walimu wenye ufanisi zaidi na waliopo pamoja na kuboresha pembejeo za kujifunzia.,General
Suala hili ni muhimu hasa kuhusiana na utoaji wa VVU na afya ya ngono na uzazi na haki (SRHR) kwa vijana mashariki na kusini mwa Afrika.,Health
Kaunti ya Narok: Taarifa ya Onyo la Mapema kuhusu Ukame kwa Februari 2023,Disaster/Health
NDMA inatoa Ksh1.1 bilioni kwa familia zilizoathiriwa na ukame,Disaster/Health
Kenya - Kaunti ya Garissa - Dadaab - Kambi ya Wakimbizi ya Hagadera - Miundombinu ya Elimu na Afya - kuanzia Mei 2022,Disaster/Health
Taarifa ya Tahadhari ya Mapema ya Kitaifa (Agosti 2023),Disaster/Health
KOICA kwa ushirikiano na Serikali ya Kaunti ya Kajiado na UNOPS wakabidhi vifaa muhimu vya ICU na vifaa vya matibabu kwa Hospitali ya Kaunti Ndogo ya Kitengela.,Disaster/Health
Kaunti ya Lamu: Taarifa ya Onyo la Mapema kuhusu Ukame kwa Desemba 2022,Disaster/Health
"Kenya, Afrika | Mafuriko ya El Niño 2023-24 - Ripoti ya Mwisho (MDRKE058)",Disaster/Health
"Mkutano huo ambao ulihudhuriwa na Mheshimiwa Rais, Uhuru Kenyatta, ulibainisha ongezeko la umuhimu wa chanjo inayoweza kutumika katika kuzuia kuenea kwa Covid-19.",Public Health
"Miongozo iliyounganishwa juu ya kuzuia VVU, kupima, matibabu, utoaji wa huduma na ufuatiliaji: Mapendekezo ya mbinu ya afya ya umma.",General
Kaunti ya Kwale: Taarifa ya Onyo la Mapema kuhusu Ukame kwa Mei 2023,Disaster/Health
"Ripoti ya Kila Wiki ya Ujasusi wa Mlipuko wa Afrika CDC, 03 Januari 2025",Disaster/Health
Kaunti ya Kilifi: Taarifa ya Onyo la Mapema kuhusu Ukame kwa Juni 2023,Disaster/Health
Baadhi walipata suluhu katika kuwezesha timu za ziada za kuingiza taarifa kwenye mfumo ili kuepuka mrundikano na matumizi ya usaidizi kutoka kwa majirani na familia kusajili chanjo mapema kabla ya kufika kwenye tovuti ya chanjo.,Health
"PforR imejikita katika NESSP II ya Serikali (2022 hadi 2026). NESSP II inajumuisha nguzo nne ambazo ni muhimu katika kushughulikia ukosefu wa usawa katika upatikanaji wa elimu bora ya msingi: (i) upatikanaji na ushiriki; (ii) usawa na ushirikishwaji; (iii) ubora na umuhimu; na (iv) utawala na uwajibikaji. Kuhusu ufikiaji na ubora wa kikanda, NESSP II inalenga kushughulikia tofauti za kikanda katika ufikiaji, na uboreshaji wa matokeo ya kujifunza kote nchini. NESSP II pia inasisitiza elimu ya wasichana na elimu ya wakimbizi kama masuala mtambuka.",General
"Ni #wiki ya chanjo na Timu ya Afya ya Kaunti ya Nairobi inafanya jambo kubwa kwa kutoa usimamizi wa usaidizi kwa vituo vya afya vya jiji. Leo walikuwa katika Kituo cha Afya cha Nairobi South wakitathmini Covid19 IPC & Response, Chanjo na Mipango mingine. #KomeshaCorona sasisho",Public Health
"Muhtasari wa Nchi wa WFP Kenya, Februari 2024",Disaster/Health
Wakimbizi Waliosajiliwa Kenya na Wanaotafuta Hifadhi | Novemba 2025,Disaster/Health
"Kuondoa unyanyapaa na vizuizi vya matunzo huko Mombasa, Kenya",Disaster/Health
Kaunti ya Samburu: Taarifa ya Onyo la Mapema kuhusu Ukame kwa Januari 2023,Disaster/Health
"SHE-GROW (ufupisho wa ""Uwezeshaji Endelevu wa Kijumla: Kukua Fursa za Kustahimili Kiuchumi kwa Wanawake katika Afrika Vijijini"") ni mpango wa miezi 18 unaolenga kuimarisha uthabiti wa kiuchumi wa wanawake na jumuiya zao nchini Kenya, Côte d'Ivoire na Morocco.",Disaster/Health
Kaunti ya Nyeri (Kieni): Taarifa ya Onyo la Mapema kuhusu Ukame Aprili 2024,Disaster/Health
Ripoti ya Mitindo ya Habari ya AIRA 29 Julai - 5 Agosti 2024 (Muhtasari wa Kila Wiki #130),Disaster/Health
"Madhara ya joto sugu ni makubwa na yanaongezeka, yanayoathiri afya, shughuli za kila siku, maisha na tija.",Health
"Kujitunza si choyo; ni usalama, nguvu, na kujisimamisha. Kila uchaguzi wa kulinda afya yako ni kitendo cha kimya cha mamlaka kwako na kwa watu wanaokutegemea. Siku hii ya Kujitunza Duniani, chagua nafsi yako. Tembea, panga uchunguzi wa afya, uliza maswali, na pumzika unapohitaji.",Health
Kaunti ya Makueni: Taarifa ya Onyo la Mapema kuhusu Ukame Juni 2023,Disaster/Health
"Kenya - Mafuriko, sasisha (Reliefweb, NOAA) (ECHO Daily Flash ya 23 Novemba 2023)",Disaster/Health
Miongozo iliyounganishwa juu ya taarifa za kimkakati za VVU zinazomlenga mtu: kuimarisha data ya kawaida kwa athari,General
Kenya iliwasilisha data ya AMR kwa GLASS kwa mara ya kwanza mwaka wa 2021 na ikabadilika hadi kuripoti kiwango cha mtu binafsi mwaka wa 2025.,Disaster/Health
"Haki ya Afya ya Wahamiaji - Vyombo vya Kisheria na Sera vinavyohusiana na Upatikanaji wa Wahamiaji kwa Huduma za Afya, Ulinzi wa Jamii na Kazi katika Nchi Zilizochaguliwa za Afrika Mashariki.",Health
Kaunti ya Narok: Taarifa ya Onyo la Mapema kuhusu Ukame kwa Oktoba 2022,Disaster/Health
"Jumuiya kumi na nane katika nchi 3, zilizochaguliwa kwa uwezekano wao wa kuathiriwa na mabadiliko ya hali ya hewa na ufikiaji mdogo wa fursa za kiuchumi, zinalengwa.",Disaster/Health
"Kenya - Mafuriko makubwa (Kenya Met, vyombo vya habari) (ECHO Daily Flash ya 06 Aprili 2023)",Disaster/Health
Muhtasari wa Nchi wa WFP Kenya Novemba 2025,Disaster/Health
Muhtasari wa Sera: Unyonyeshaji wa Maziwa ya Mama kwa Ustahimilivu na Sayari Yenye Afya Bora Kukuza Mbinu Bora za Kulisha Watoto Wachanga Katika Pembetatu ya Mandera.,Disaster/Health
WHO yaongeza usaidizi wa COVID-19 kwa nchi hotspot barani Afrika6 Agosti 2020,General
habari za kupunguza hatari na elimu na utoaji wa naloxone;,General
Kenya: Mlipuko wa Kipindupindu - Usasishaji wa Uendeshaji (MDRKE054),Disaster/Health
Kaunti ya Makueni: Taarifa ya Onyo la Mapema kuhusu Ukame Julai 2023,Disaster/Health
"Ingawa huduma ya jumla ilikuwa kubwa kuliko wastani wa kitaifa, ilipunguzwa na upatikanaji wa bidhaa; kwa hivyo kushughulikia upungufu wa manunuzi ili kuhakikisha upatikanaji wa mara kwa mara wa bidhaa zote muhimu za uchunguzi wa HPV ni muhimu kwa ajili ya uanzishaji wa mpango wa uchunguzi wa saratani ya shingo ya kizazi unaozingatia HPV.",Health
Kaunti ya Turkana: Taarifa ya Onyo la Mapema kuhusu Ukame kwa Januari 2023,Disaster/Health
Ripoti ya Hali ya Kibinadamu ya UNICEF Kenya (Mwisho wa Mwaka) - 01 Januari hadi 31 Desemba 2024,Disaster/Health
Kaunti ya Nyeri (Kieni): Taarifa ya Onyo la Mapema kuhusu Ukame Machi 2023,Disaster/Health
Kati ya ukame na mafuriko: udhaifu wa 'ustahimilivu' katika Kambi ya Wakimbizi ya Kakuma.,Disaster/Health
Kaunti ya Kajiado: Taarifa ya Onyo la Mapema kuhusu Ukame la Septemba 2022,Disaster/Health
Kaunti ya Nyeri (Kieni): Taarifa ya Onyo la Mapema kuhusu Ukame Desemba 2022,Disaster/Health
"Uelewa wa hatari za joto na hatua zinazowezekana za kukabiliana na hali hiyo unaonekana kuwa mdogo, ilhali vikwazo vya kifedha, ukosefu wa ujuzi wa kiufundi na umiliki wa ardhi usio salama hukatisha tamaa uwekezaji ili kufanya nyumba kuwa salama na kustahimili joto linaloongezeka.",Disaster/Health
"Satelaiti imetambua kiwango cha maji katika Jiji la Garissa, Kaunti ya Dujis, Mkoa wa Garissa, Kenya kufikia tarehe 26 Novemba 2023 - Uchambuzi wa Picha: 26/11/2023 | Ilichapishwa 27/11/2023 V1",Disaster/Health
Maafisa wa afya ya umma wa Kaunti Ndogo ya Butere hufanya uchunguzi na uhamasishaji wa #COVID19 barabarani ili kuzuia uwezekano wa kuenea kwa virusi ndani ya jamii. #KomeshaCorona sasisho.,Public Health
Kaunti ya Samburu: Taarifa ya Onyo la Mapema kuhusu Ukame Julai 2023,Disaster/Health
"Muhtasari wa Nchi wa WFP wa Kenya, Mei 2025",Disaster/Health
Kaunti ya Wajir: Taarifa ya Onyo la Mapema kuhusu Ukame kwa Juni 2024,Disaster/Health
"Mwitikio wa Pesa wa Malengo Mbalimbali wa Kenya Cash Consortium kwa Wakimbizi Walioathiriwa na Mafuriko nchini Kenya: Endline - Kaunti za Baringo, Garissa, Marsabit na Tana River, Aprili, 2024",Disaster/Health
"Ikiwa unahitaji piga simu timu za dharura za Wizara ya Afya kwa: 0729471414 na 0732353535 kwa usaidizi au ufuate @MOH_Kenya , @SpokespersonGoK , @WHO. kwa sasisho za #COVID19",Public Health
Kuzuia maandamano ya African Armyworm,Disaster/Health
Kaunti ya Kwale: Taarifa ya Onyo la Mapema kuhusu Ukame kwa Mei 2024,Disaster/Health
Kuimarisha Kujitegemea miongoni mwa jamii zilizoathiriwa na ukame katika Afrika Mashariki,Disaster/Health
Kenya - Kaskazini mwa Kenya: Ukali wa Ukame na Mfichuo wa Idadi ya Watu katika Kaunti ya Turkana (28 Januari 2026),Disaster/Health
"Recha*, mwanakikundi, alishiriki kwamba tangu Acted ianze kuunga mkono chama chao mwaka 2025, hali inabadilika.",Disaster/Health
"Aina ya masomo ni pamoja na yale ambayo yanafadhiliwa kikamilifu au sehemu. Ufadhili kamili wa masomo hutosheleza gharama ya nauli ya ndege, masomo na bima ya matibabu pamoja na posho ambayo humsaidia mwanafunzi kulipia malazi na chakula. Katika Masomo ya Sehemu, nchi wafadhili hukutana tu sehemu ya jumla ya gharama. Kawaida nchi wafadhili hulipia ada ya masomo pekee. Mwanafunzi anatakiwa kukidhi gharama ya nauli ya ndege, malazi, bima ya matibabu na gharama nyingine zinazohusiana na kipindi cha masomo.",General
"Katika mwaka uliopita, WHO imesaidia kaunti 14 kati ya 47 nchini Kenya kuendeleza kundi la washauri wa dharura wa uzazi na watoto wanaozaliwa, na kusaidia kuhakikisha kwamba wanawake wengi zaidi wanaweza kupata huduma za ujuzi wakati wa ujauzito na kujifungua, hata katika maeneo magumu kufikiwa.",Health
Muhtasari wa Sera: Kutoka kwa Wasio na Uraia hadi kwa Raia: safari ya jumuiya ya Washona nchini Kenya,Disaster/Health
Kujenga mwitikio wa Ebola kukabiliana na COVID-19 nchini DRC25 Juni 2020,General
Vikundi kazi vya kitaifa vya ukinzani wa dawa za VVU ambavyo vinaratibu tafiti zilizopendekezwa na WHO lazima zitumie maabara ya uchapaji jeni iliyoteuliwa na WHO kutoa huduma za upimaji wa ubora wa tafiti za ukinzani wa dawa.,General
"Mtazamo wa Ugavi wa Mahindi katika Kanda ya Afrika Mashariki na soko, tarehe 29 Novemba 2023",Disaster/Health
Fursa Zilizokosa: Kadi ya Alama kuhusu Utawala wa Jubilee na Masomo kwa Serikali Inayofuata,Disaster/Health
Jukwaa la Waigizaji wa Amani Linafufua Shughuli za Uratibu ili Kushughulikia Migogoro huko Wajir,Disaster/Health
"Maoni muhimu kutoka kwa uchanganuzi wa mazingira yanaonyesha mfumo ikolojia wa utengenezaji wa ndani uliogawanyika na changamoto mtambuka ambazo zinahusisha wizara na mashirika mengi, na hivyo kuzuia maendeleo kuelekea Huduma ya Afya kwa Wote.",Health
Kaunti ya Embu (Mbeere): Taarifa ya Onyo la Mapema kuhusu Ukame kwa Agosti 2023,Disaster/Health
Kaunti ya Meru (Meru-Kaskazini): Taarifa ya Onyo la Mapema kuhusu Ukame Julai 2024,Disaster/Health
Kaunti ya Lamu: Taarifa ya Onyo la Mapema kuhusu Ukame Aprili 2024,Disaster/Health
"Huku kukiwa na hatari kubwa ya kuvuka mpaka kutokana na mlipuko wa ugonjwa wa Ebola Bundibugyo unaoendelea katika Jamhuri ya Kidemokrasia ya Kongo na Uganda, Serikali, kwa msaada wa mashirika ya Umoja wa Mataifa na washirika, imeanzisha hatua za kujitayarisha.",Health
Kaunti ya Baringo: Taarifa ya Onyo la Mapema kuhusu Ukame kwa Machi 2022,Disaster/Health
"Muhtasari wa Nchi wa WFP wa Kenya, Juni 2025",Disaster/Health
Kaunti ya Makueni: Taarifa ya Onyo la Mapema kuhusu Ukame Aprili 2024,Disaster/Health
"Kenya - Kaunti ya Garissa - Dadaab - Kambi ya Wakimbizi ya Ifo - Ofisi za Utawala, Taasisi za Kifedha, Miundombinu ya Masoko na Vifaa vya Jamii - hadi Mei 2022",Disaster/Health
Kaunti ya Embu (Mbeere): Taarifa ya Onyo la Mapema kuhusu Ukame Desemba 2023,Disaster/Health
"Athari na Afua za Mafuriko, 2024, kufikia tarehe 07.05.24",Disaster/Health
Kaunti ya Wajir: Taarifa ya Onyo la Mapema kuhusu Ukame kwa Agosti 2024,Disaster/Health
Mkimbizi wa zamani ashinda tuzo ya kimataifa ya Nansen kwa kutetea elimu kwa watoto waliokimbia makazi yao,Disaster/Health
"Sitachoka kukukumbusha hatua za msingi za kuzuia. Yaani: kunawa mikono kwa sabuni na maji yanayotiririka, kudumisha umbali wa kijamii na kimwili, kuvaa vinyago wakati wote unapokuwa katika maeneo ya umma na kuepuka aina zote za mikusanyiko; CS Mutahi Kagwe.",Public Health
Kuimarisha Wakati Ujao: Kutathmini Mapungufu ya Ustahimilivu katika Turkana ya Kenya Iliyokumbwa na Ukame na Pokot Magharibi.,Disaster/Health
"Taarifa Muhimu ya Ujumbe wa Kenya Septemba 2023: Maeneo ya wafugaji yamesalia katika Mgogoro (IPC Awamu ya 3) huku msimu wa konda wa wafugaji ukikamilika, 2023",Disaster/Health
Kenya: Mvua Kubwa na Taarifa ya Mafuriko - Sasisho la Flash #4 (03 Mei 2024),Disaster/Health
Kaunti ya Marsabit: Taarifa ya Onyo la Mapema kuhusu Ukame Julai 2024,Disaster/Health
"Nairobi - Kenya imezindua Mkakati wa Uzalishaji wa Bidhaa za Afya na Teknolojia wa Kenya 2026-2030, ramani ya miaka mitano ya kupanua uzalishaji wa ndani wa dawa, chanjo, uchunguzi na vifaa vya matibabu, na ...",General
"Sasisho la Robo la Kenya, (Januari - Machi 2023)",Disaster/Health
Kenya: Mashahidi Waeleza Polisi Wanawaua Waandamanaji,Disaster/Health
"Katika tukio ambalo hali ya mtu inazorota, basi wanapaswa kupiga simu 719, au kutuma SMS kwa *719#, au, kumjulisha mfanyakazi wa afya aliyeteuliwa. #KomeshaCorona sasisho.",Public Health
Migogoro ya Hali ya Hewa kuhusu Afya na Riziki: Hadithi Zisizosikika za Jumuiya ya Garfasa huko Isiolo,Disaster/Health
Sauti za Watu: Vikwazo vya Amani na Ustahimilivu wa Jamii katika Mkoa wa Kaskazini mwa Ufa wa Kenya,Disaster/Health
"Hii ni kwa mujibu wa Ibara ya 201 ya Katiba na Kifungu cha 35 (2) cha Sheria ya Usimamizi wa Fedha za Umma, 2012 inayotaka ushirikishwaji wa umma katika masuala yote ya fedha za umma.",Governance
Vikundi vya Usaidizi vinavyoongozwa na Wanawake vinatoa Matumaini kwa Jamii Zinazokabiliana na Ukame,Disaster/Health
Kaunti ya Kajiado: Taarifa ya Onyo la Mapema kuhusu Ukame la Mei 2024,Disaster/Health
Pokot Magharibi: Taarifa ya Onyo la Mapema kuhusu Ukame kwa Oktoba 2022,Disaster/Health
"Muhtasari wa Utetezi wa Ukame Kenya: Garissa, Mandera, Marsabit, Turkana, na Wajir - Aprili 2023",Disaster/Health
Wakimbizi wa Kisomali nchini Kenya: kuongeza uhamaji wa kambi-mijini,Disaster/Health
Kaunti ya Meru (Meru-Kaskazini): Taarifa ya Onyo la Mapema kuhusu Ukame Februari 2023,Disaster/Health
"Kwa kuzingatia hatua ambazo tumechukua kupambana na #COVID19, tumeshuhudia ongezeko kubwa la unyanyasaji wa majumbani, unyanyasaji wa kijinsia na Makosa ya Kijinsia. Tunaposhughulikia suala hilo kupitia mashirika husika tunatoa wito kwa Wakenya kuzingatia kupambana na virusi hivyo wala si ghasia #KomeshaCorona",Public Health
Kaunti ya Laikipia: Taarifa ya Onyo la Mapema kuhusu Ukame la Januari 2024,Disaster/Health
"CAS, Dk. Rashid Aman: Kukiukwa kwa hatua za kuzuia na watu wetu bado ni jambo la kusumbua sana. Sharti la lazima la kuvaa barakoa katika maeneo ya umma halifuatwi katika sehemu nyingi za Nchi. #Sasisho la COVID19:",Public Health
Kenya: IFRC yazindua rufaa ya dharura ya CHF milioni 15 huku hali mbaya ya hewa ikisukuma mamilioni ukingoni,Disaster/Health
"Mkoa wa EHAGL: Ripoti ya Uchambuzi wa Maoni ya Jamii, Januari - Machi 2024",Disaster/Health
"Kuzuia Mlipuko wa Joto (Heatstroke): Rasilimali za kuelimisha wazazi na walezi kuhusu hatari za magari yenye joto kali, ikiwa ni pamoja na watoto kukwama kwenye gari lililo wazi, kusahaulika au kuachwa ndani.",Health
Utafiti kuhusu vikwazo vya kimfumo kuelekea upatikanaji na matumizi ya fedha za makazi nchini Kenya,Disaster/Health
"2. Kukuza na kusimamia ubora wa matokeo ya Sayansi na Teknolojia kupitia vikao, hazina na Mfumo wa Kitaifa wa Ubunifu.",General
Ukame unaoendelea katika Pembe ya Afrika unaathiri sana wanawake,Disaster/Health
"Maambukizi ya VVU mara nyingi hugunduliwa kupitia vipimo vya haraka vya uchunguzi (RDTs), ambavyo hutambua kuwepo au kutokuwepo kwa kingamwili za VVU. Mara nyingi vipimo hivi hutoa matokeo ya mtihani wa siku moja, ambayo ni muhimu kwa uchunguzi wa siku hiyo hiyo na matibabu ya mapema na utunzaji.",General
Kaunti ya Baringo: Taarifa ya Onyo la Mapema kuhusu Ukame ya Novemba 2022,Disaster/Health
FAO inazipa nguvu kaunti zilizo mstari wa mbele wa nzige wa jangwani nchini Kenya katika ufuatiliaji na utoaji taarifa,Disaster/Health
"Ustadi huu lazima ufikie maeneo ya mpaka ambapo mawasiliano ya kwanza hutokea."" Hatua zinazofuata zilizokubaliwa na Wizara ya Afya na washirika ni pamoja na kuongeza mafunzo hadi Kakuma, kuunda moduli iliyorahisishwa kwa wakuzaji afya ya jamii na kukuza uandikishaji mpana zaidi katika kozi ya Chuo cha WHO.",Health
"Banda la maonyesho la WHO linaahidi kuwa nafasi inayobadilika na yenye maana, inayojumuisha machapisho ya hivi punde ya WHO, usakinishaji shirikishi wa uhalisia pepe ambao huiga chanjo ya polio katika jumuiya, na onyesho la ombi la AI iliyotengenezwa na WHO kwa ajili ya kukabiliana na dharura.",Health
Uchunguzi wa Athari: Kuboresha ufikiaji wa upasuaji wa dharura nchini Kenya,Disaster/Health
Kaunti ya Nyeri (Kieni): Taarifa ya Onyo la Mapema kuhusu Ukame Julai 2023,Disaster/Health
"Kwa kujitolea kudumisha mifumo ya chanjo, kaunti ya Kitui inawahamasisha viongozi wa kidini katika kaunti zote ndogo katika muktadha wa janga la COVID-19 kwa hisani ya KANCO. #KomeshaCorona sasisho.",Public Health
"Mradi wa C-HERP umeundwa ili kusaidia nchi kuzuia, kugundua na kukabiliana na tishio linaloletwa na COVID-19, na kuimarisha mifumo ya kitaifa ya kujiandaa na kuitikia afya ya umma. #KomeshaCorona",Public Health
Kaunti ya Laikipia: Taarifa ya Onyo la Mapema kuhusu Ukame Julai 2024,Disaster/Health
"Kenya - Mafuriko, sasisho la kipindupindu (UN OCHA, NOAA-CPC) (ECHO Daily Flash ya 22 Desemba 2023)",Disaster/Health
"Kuimarisha zaidi mifumo ya kifedha nchini Kenya, Sheria ya Mgawanyo wa Mapato, 2026. inafafanua jinsi rasilimali zinavyogawanywa kati ya serikali za kitaifa na kaunti na kuwezesha kaunti kufadhili huduma muhimu, pamoja na DRM.",Governance
Kenya: Mafuriko ya El Nino 2023 - Rufaa ya Dharura (MDRKE058),Disaster/Health
Taarifa ya Onyo la Mapema la Kitaifa (Oktoba 2023),Disaster/Health
Kaunti ya Kwale: Taarifa ya Onyo la Mapema kuhusu Ukame kwa Septemba 2024,Disaster/Health
"Abdirizak Kontoma, Mratibu wa Kenya Cash Consortium na Meneja Mradi, kuhusu malengo ya hatua ya 2026.",Disaster/Health
Kaunti ya Embu (Mbeere): Taarifa ya Onyo la Mapema kuhusu Ukame Machi 2023,Disaster/Health
Msimamizi wa Afya ya Jamii katika Kaunti Ndogo ya Lagdera Issa Hajj akiwahamasisha wafugaji kuhusu COVID-19 katika kituo cha maji cha Ohio. Pia alisambaza barakoa na kutoa huduma za chanjo. #KomeshaCorona @garissacounty2,Public Health
Dkt. Muoria ana PhD kutoka Chuo Kikuu cha Kilimo na Teknolojia cha Jomo Kenyatta na amechapisha katika majarida kadhaa.,General
"TAHADHARI Kujiweka katika mazingira hatarishi kwa halijoto au zaidi ya nyuzi joto 25 C HAIZUII #COVID-19 Ili kujilinda, hakikisha kuwa Unasafisha mara kwa mara na kwa Ukamilifu Epuka kugusa afya yako zaidi.go.ke #KomeshaCorona",Public Health
Kigali—Saratani ya shingo ya kizazi ndiyo saratani inayojulikana zaidi miongoni mwa wanawake nchini Rwanda. Huku kukiwa na wagonjwa wapya 1230 na takriban vifo 830 kila mwaka ugonjwa huo ni wasiwasi unaoendelea kwa mamlaka za afya. Ili kupunguza mzigo wa d…,General
"Ambapo masoko yanafanya kazi, KRCS inaongeza mbinu ya uhawilishaji pesa bila masharti ili kuimarisha uwezo na heshima ya ununuzi wa kaya.",Disaster/Health
Kaunti ya Nyeri (Kieni): Taarifa ya Onyo la Mapema kuhusu Ukame Julai 2022,Disaster/Health
Sasisho la Hali ya Kenya | Julai 2023: Mashambulio ya Al-Shabaab Yaendelea Kabla ya Kufunguliwa tena kwa Mpaka wa Somalia na Kenya,Disaster/Health
Utumiaji wa tumbaku na unywaji wa pombe huongeza hatari yako ya kupata #saratani ya matiti Chagua mtindo wa #maisha bora ili kujilinda. #ToaTumainiOkoaMaisha,Public Health
"Timu zetu zinaendelea na zoezi linalolengwa la upimaji katika maeneo ambayo tumetambua kuwa maeneo yanayovutia watu wengi, kama vile Kawangware, Eastleigh & Mvita katika Kaunti ya Mombasa ili kutambua na kuwatenga walioambukizwa ili kuzuia maambukizi zaidi. #KomeshaCorona",Public Health
Hatua mpya juu ya hatua ya hali ya hewa kwa maskini wa mijini wa Kenya,Disaster/Health
Kaunti ya Garissa: Taarifa ya Onyo la Mapema kuhusu Ukame kwa Mei 2023,Disaster/Health
Kaunti ya Meru (Meru-Kaskazini): Taarifa ya Onyo la Mapema kuhusu Ukame kwa Septemba 2023,Disaster/Health
Kenya: Jinsi Mzee wa kijiji na pembe yake wanavyolinda watu dhidi ya magonjwa,Disaster/Health
Mabadiliko hayo yalitangazwa kwenye gazeti la serikali tarehe 30 Agosti 2024 ( Notisi ya Gazeti Na. 11033).,Governance
Kaunti ya Wajir: Taarifa ya Onyo la Mapema kuhusu Ukame Julai 2023,Disaster/Health
"Vyuo Vikuu vya Kiafrika; Mijadala ya sera ya EU-Afrika; London School of Economics Africa Summit, miongoni mwa mengine. Ana B.Ed na M. Phil katika Mipango na Uchumi wa Elimu, Chuo Kikuu cha Moi, Kenya; PhD kutoka Chuo Kikuu cha Athens, na amepata mafunzo zaidi katika Taasisi ya Kimataifa ya Mipango ya Kielimu huko Paris, Ufaransa.",General
"Hili huruhusu nchi kukusanya na kuchambua maelezo ya kina zaidi kuhusu mienendo ya ukinzani, kusaidia mamlaka za afya kufanya maamuzi yenye ufahamu zaidi kuhusu matibabu, uzuiaji na usimamizi wa antimicrobial.",Health
Kaunti ya Kilifi: Taarifa ya Onyo la Mapema kuhusu Ukame kwa Februari 2024,Disaster/Health
Kuwa mwangalifu katika maegesho ya magari - uwe na funguo tayari na uangalie kiti cha nyuma kabla ya kuingia.,Security
Kaunti ya Mandera: Taarifa ya Onyo la Mapema kuhusu Ukame la Mei 2024,Disaster/Health
Mifumo ya hadhari ya mapema na jumuiya za nchi kavu katika Pembe ya Afrika: Ripoti ya nchi ya Kenya,Disaster/Health
MPANGO WA KUNDI HALISI NA WALIO PEKEE KWA NGIKEBOTOK KATIKA KAUNTI YA TURKANA.,General
"Kenya | Muhtasari wa Soko wa Mpango wa Pamoja wa Ufuatiliaji wa Soko (JMMI), Q4 (Oktoba - Desemba, 2024)",Disaster/Health
"Walengwa wengine wakuu ni wakimbizi ambao, licha ya kupokea msaada wa ulinzi na lishe, wako katika hatari ya kuangukia zaidi katika mazingira magumu.",Health
Ukame Kenya - Operesheni ya DREF MDRKE065,Disaster/Health
"Watu wengi hutengeneza kingamwili za VVU ndani ya siku 28 baada ya kuambukizwa na kwa hivyo kingamwili haziwezi kugunduliwa mapema, wakati wa kile kinachoitwa ""kipindi cha dirisha"". Kipindi hiki cha mwanzo cha maambukizi kinawakilisha wakati wa maambukizi makubwa zaidi; hata hivyo, maambukizi ya VVU yanaweza kutokea katika hatua zote za maambukizi.",General
"Ikiwa Mpango wa Shirika unaweza kutafsiri ushirikiano katika fursa halisi ya kiuchumi, Kenya inaweza kupanga njia ya pamoja ya maendeleo ambapo wakimbizi na jamii zinazowahifadhi zitastawi.",Disaster/Health
Kujenga Ustahimilivu wa Hali ya Hewa nchini Kenya,Disaster/Health
Tathmini ya muda wa kati ya Mpango wa Lishe ya Mama na Mtoto (MCNP II) nchini Kenya,Disaster/Health
KOICA na WFP zinaimarisha ustahimilivu wa hali ya hewa na usalama wa chakula kwa familia zilizo hatarini katika Afrika Mashariki,Disaster/Health
Kaunti ya Laikipia: Taarifa ya Onyo la Mapema kuhusu Ukame kwa Juni 2023,Disaster/Health
Jua ukweli kuhusu #COVID19 na usaidie kukomesha kuenea kwa uvumi: Kujianika kwenye jua au kwenye halijoto ya juu zaidi ya nyuzi joto 25 C HAKUZUII ugonjwa wa coronavirus. #KomeshaCorona,Public Health
"Kwa kutambua kwamba washiriki wengi hawakuweza kuendelea na elimu yao zaidi ya kiwango cha msingi, vikao vinachanganya ujuzi wa msingi na wa kati wa usimamizi wa fedha na huchukuliwa kwa vipaumbele vya kila siku vya wanawake na hali halisi ya kiuchumi.",Education
Kipindupindu katika Kaunti ya Marsabit Kenya,Disaster/Health
Harakati za Idadi ya Watu Kenya - Operesheni ya DREF (MDRKE067),Disaster/Health
"Ni kawaida kuwa na huzuni, mkazo au hasira wakati wa shida. Kuzungumza na mtu unayemwamini kunaweza kusaidia. Wasiliana na marafiki au familia yako au piga simu 719 kwa huduma za ushauri. #KomeshaCorona",Public Health
Kaunti ya Kajiado: Taarifa ya Onyo la Mapema kuhusu Ukame la Aprili 2023,Disaster/Health
Kaunti ya Tharaka Nithi: Taarifa ya Onyo la Mapema kuhusu Ukame kwa Aprili 2023,Disaster/Health
"Marekani inatoa karibu dola milioni 255 za msaada wa kibinadamu na maendeleo ili kukidhi mahitaji ya dharura huku kukiwa na ukame usio na kifani, mzozo mbaya wa chakula nchini Kenya.",Disaster/Health
Kaunti ya Wajir: Taarifa ya Onyo la Mapema kuhusu Ukame kwa Septemba 2022,Disaster/Health
Kenya: Wakimbizi waliosajiliwa na wanaotafuta hifadhi (kuanzia tarehe 31 Oktoba 2024),Disaster/Health
"MASHARTI YA REJEA KWA USHAURI WA KUBUNI NA UTEKELEZAJI WA UTETEZI, MSAADA WA KIJAMII NA MPANGO WA KUHISITIZA JINSIA KWA AJILI YA KUBAKI WANAFUNZI WA JUU DARASA LA 7 & 8 CHINI YA UBORESHAJI WA ELIMU YA SEKONDARI (60008 MRADI WA UBORESHAJI WA ELIMU YA SEKONDARI)",General
"Ili kukabiliana na changamoto hizi, Timu ya Fedha ya Kidijitali ya WHO, kwa ushirikiano na Wizara ya Afya na Shirika la Afya Ulimwenguni nchini Kenya, ilianzisha mfumo wa malipo wa kidijitali ili kuhakikisha wafanyakazi wa afya wanalipwa fidia haraka na kwa uhakika zaidi.",Health
"Majukumu ya Idara ya Serikali pia yanaongozwa na Sheria ya Vyuo Vikuu ya 2012 Iliyorekebishwa (2015, 2016 na 2018), Sheria ya Sayansi, Teknolojia na Ubunifu 2013 na Karatasi ya Kipindi Na. 1 ya 2019 kuhusu Mfumo wa Sera ya Kurekebisha Elimu na Mafunzo kwa Maendeleo Endelevu nchini Kenya.",General
Mchango wa mchele wa Jamhuri ya Korea unatoa msukumo muhimu kwa mwitikio wa dharura wa WFP kwa wakimbizi nchini Kenya | Mpango wa Chakula Duniani,Disaster/Health
Kaunti ya Kwale: Taarifa ya Onyo la Mapema kuhusu Ukame kwa Februari 2024,Disaster/Health
"Taarifa ya Kiuchumi ya Kenya, Desemba 2024 (Toleo Na. 30): Mtazamo Maalum wa Kuwawezesha Wanawake Kiuchumi",Disaster/Health
Madhumuni ya Notisi hii kwa Umma ni kualika maoni kuhusu rasimu ya Mapitio ya Bajeti ya 2024 na Karatasi ya Matarajio ili kuwezesha kukamilishwa kwa hati.,Governance
"KNEC yafungua dirisha la kuashiria KCSE – lipa Ksh 1,000 kwa kila karatasi kabla ya Novemba 30!",Education
"Je, Tunaweza Kujifunza Nini Kutokana na Elimu Inayoongozwa na Wakimbizi nchini Kenya?",Disaster/Health
"Mbali na kurugenzi hizo mbili, idara ya serikali ina Idara ya Utawala ambapo sehemu zingine zote ziko pamoja na Kitengo Kikuu cha Mipango, Akaunti, Huduma za Njia ya Ugavi, Usimamizi wa Rasilimali Watu, Mawasiliano ya Umma, Huduma za Kisheria, ICT na Fedha.",General
Nairobi - Wizara ya Afya ya Kenya na Shirika la Afya Duniani (WHO) walikabidhi vitanda 108 vya kutolea huduma za uzazi na kifurushi cha vifaa vya uchunguzi na udhibiti wa saratani ya wanawake katika Hospitali ya Kitaifa ya Kenyatta…,General
"WHO ni mfadhili wa Mpango wa Pamoja wa Umoja wa Mataifa kuhusu UKIMWI (UNAIDS). Ndani ya UNAIDS, WHO inaongoza shughuli za matibabu na matunzo ya VVU, VVU na maambukizi ya kifua kikuu, na kuratibu kwa pamoja kazi ya kutokomeza maambukizi ya VVU kutoka kwa mama kwenda kwa mtoto na UNICEF.",General
Kaunti ya Kitui: Taarifa ya Onyo la Mapema kuhusu Ukame kwa Machi 2022,Disaster/Health
"KUCCPS hitimisha mfululizo wa siku tano wa shughuli za ushauri wa taaluma katika Kaunti ya Migori, ambapo wanafunzi 5,000 kutoka shule 32 za msingi za gredi za juu walihamasishwa.",Education
Pokot Magharibi: Taarifa ya Onyo la Mapema kuhusu Ukame kwa Mei 2024,Disaster/Health
"Katika misikiti, makanisa, kumbi za kijamii za jamii, shule, kituo cha usafiri, kona za barabara, uwanja wa mpira na zahanati ya eneo hilo, makumi na mamia ya watu walijitokeza kupata chanjo.",Health
Mabadiliko haya kutoka pesa taslimu hadi uhasibu wa ziada yanawakilisha hatua muhimu katika juhudi za Kenya kuoanisha ripoti yake ya kifedha na viwango vya kimataifa.,Disaster/Health
"Tumepitisha mbinu moja ya serikali kuzindua afua ili kuzuia kuenea zaidi kwa virusi; Mercy Mwangangi, CAS Afya #KomeshaCorona sasisho",Public Health
"Mashirika 11 ya Haki za Kibinadamu Yanasifu Sheria Mpya ya Marekebisho ya Afya ya Akili ""Alama"" nchini Kenya",Disaster/Health
Kaunti ya Garissa: Taarifa ya Onyo la Mapema kuhusu Ukame kwa Februari 2024,Disaster/Health
"Muhtasari wa Nchi wa WFP wa Kenya, Septemba 2023",Disaster/Health
Madeni ya Wakimbizi na Riziki Kaskazini mwa Kenya,Disaster/Health
"Vile vile, kukatizwa kwa huduma za chanjo kunaweza kuongeza hatari ya kuambukizwa, na hivyo kusababisha matumizi makubwa ya viuavijasumu; Dk Rashid",Public Health
Mkakati wa Utengenezaji wa Bidhaa za Afya na Teknolojia nchini Kenya 2026–2030 (Juni 2026),Disaster/Health
Mpango wa Kuongeza Kasi wa Kenya Kila Mwanamke Kila Anayezaliwa Popote (EWENE) | 2026-2028,Disaster/Health
Taarifa ya matokeo ya awali: Ujumbe wa Umoja wa Afrika na waangalizi wa uchaguzi wa COMESA hadi uchaguzi mkuu wa tarehe 9 Agosti 2022 katika Jamhuri ya Kenya.,Disaster/Health
Kaunti ya Garissa: Taarifa ya Onyo la Mapema kuhusu Ukame kwa Juni 2023,Disaster/Health
"Ripoti ya Kila Wiki ya Ujasusi wa Mlipuko wa Afrika CDC, 03 Machi 2025",Disaster/Health
"Waziri Mutahi Kagwe.Kaunti ya Kakamega imefanikiwa kudhibiti visa vyake vya ugonjwa wa malaria, na kufikia asilimia 80 ya chanjo ya watoto na imeweza kuanzisha vituo vitano vya matibabu ambavyo vimetayarishwa kushughulikia janga la Covid-19. @KauntiKakamega",Public Health
Taarifa ya Tahadhari ya Mapema ya Kitaifa (Machi 2024),Disaster/Health
"Ana ujuzi wa kina wa waigizaji, masuala, changamoto na fursa katika elimu ya juu ya Afrika na ametoa mafunzo kwa walimu zaidi ya 3,000 katika vyuo vikuu 91 katika nchi 11 za Afrika katika ufundishaji wa ubunifu. Amechangia pakubwa katika uundaji wa sera ya elimu na kushiriki katika mijadala ya sera ya elimu ndani ya kanda na kimataifa: Muungano wa",General
Kaunti ya Tharaka Nithi: Taarifa ya Onyo la Mapema kuhusu Ukame Julai 2022,Disaster/Health
Kenya: Mafuriko - Ripoti ya Mwisho ya DREF (MDRKE056),Disaster/Health
Maji na Athari za Setilaiti Zilizogunduliwa nchini Kenya kati ya tarehe 24 hadi 28 Aprili 2024,Disaster/Health
Kenya: Türk inakaribisha mashtaka ya 'uhalifu dhidi ya ubinadamu' kwa ukiukaji wa baada ya uchaguzi wa 2017,Disaster/Health
Kaunti ya Kilifi: Taarifa ya Onyo la Mapema kuhusu Ukame kwa Novemba 2022,Disaster/Health
Kenya - Kikokotoo cha Idadi ya Watu na Uhamisho - Kaunti ya Tana River (21 Mei - 4 Juni),Disaster/Health
"Kushughulikia uhifadhi wa nyaraka na hatari za kisasa za utumwa nchini Kenya: Mapendekezo Muhimu na mbinu bora, Muhtasari wa Sera Oktoba 2024",Disaster/Health
WHO na Novo Nordisk Foundation wanashirikiana kuendeleza elimu ya wafanyakazi wa afya nchini Kenya,Disaster/Health
Kenya: Misheni za Salesian hutoa ufadhili wa bafu mpya huko Don Bosco,Disaster/Health
"Mahitaji ya kibinadamu yaongezeka huku takriban wakimbizi 60,000 kutoka Somalia wakiwasili katika kambi ya Dadaab kutokana na athari za mabadiliko ya hali ya hewa, laonya IRC.",Disaster/Health
"Wizara ya Elimu, Idara ya Jimbo la Elimu ya Msingi inatekeleza Mpango wa Usawa wa Elimu ya Msingi nchini Kenya (KPEEL) (2022-2026). Mpango huu ulitangazwa kuanza kutumika tarehe 5 Agosti, 2022. Mpango huu unafadhiliwa na Benki ya Dunia (WB), kwa mkopo wa IDA wa Dola za Kimarekani Milioni 160 na ruzuku kutoka kwa dirisha la wakimbizi la dola Milioni 40 na ufadhili wa wenzao wa GOK wa Kshs 1 Bilioni katika kipindi cha miaka minne ya utekelezaji wa Mpango. Chombo kikuu cha ufadhili cha Utekelezaji wa Mpango wa KPER ni Mpango wa Utekelezaji wa Matokeo ya KPER. itategemea kuafikiwa kwa matokeo mahususi, kama inavyopimwa na Viashiria Saba Vilivyounganishwa na Ulipaji (DLIs).",General
Kaunti ya Makueni: Taarifa ya Onyo la Mapema kuhusu Ukame kwa Machi 2022,Disaster/Health
"Kenya - Taarifa Muhimu ya Ujumbe: Maboresho mafupi kutokana na mvua ndefu huku kukiwa na utabiri wa chini wa wastani wa mvua fupi, Julai 2025",Disaster/Health
Wabunge wa Uingereza wahitimisha ziara ya mafunzo nchini Kenya yenye lengo la kupata maarifa kuhusu afya na haki za ngono na uzazi duniani.,Disaster/Health
Manufaa ya Ufanisi katika Usaidizi wa Fedha na Vocha (CVA) katika Afrika Mashariki: Mifano kutoka Kenya na Uganda,Disaster/Health
Wanafunzi milioni 6 wa darasa la 1 na 2 watanufaika na Vitabu vya Hisabati vilivyoboreshwa vya darasa la awali.,General
"Kuimarisha Ustahimilivu wa Maafa Kupitia Ramani Shirikishi ya Jamii: Kesi ya Kaunti ya Wajir, Kenya.",Disaster/Health
Kuwasilisha kwa Mwandishi Maalum wa Umoja wa Mataifa kuhusu Haki za Kibinadamu za Watu Waliohamishwa Ndani - Mabadiliko ya Tabianchi na Uhamisho wa Ndani.,Disaster/Health
"Mtazamo wa Usalama wa Chakula nchini Kenya, Juni 2022 hadi Januari 2023",Disaster/Health
"Eneo la EHAGL: Ripoti ya Uchambuzi wa Maoni ya Jamii, Januari - Machi 2025",Disaster/Health
Namibia: Katika njia ya kutokomeza maambukizi ya VVU kutoka kwa mama kwenda kwa mtoto na hepatitis B,General
Kaunti ya Narok: Taarifa ya Onyo la Mapema kuhusu Ukame kwa Mei 2022,Disaster/Health
"Muhtasari wa Nchi wa WFP Kenya, Januari 2025",Disaster/Health
Kila njia ya uzazi wa mpango ina faida na hasara tofauti ambazo zinahitaji mapendeleo ya kibinafsi na historia ya matibabu. Tembelea kituo kilicho karibu nawe au piga simu ili kujadili njia ya kupanga uzazi na mtoa huduma wa afya mwenye ujuzi. #WCD2020Ke #WCD2020 #Tujulishane,Public Health
"Tujenge Shule Zaidi': Jitihada za Elimu Bora Bila Malipo Mabatini na Wadi za Ngei za Mathare, Nairobi.",Disaster/Health
Malengo Kabambe ya Mabadiliko ya Tabianchi ya Kenya,Disaster/Health
"Maafisa wa Kenya Lazima Walinde Haki ya Kuandamana, Kuzuia Unyanyasaji wa Kijinsia Huku Machafuko: PHR",Security
Kaunti ya Lamu: Taarifa ya Onyo la Mapema kuhusu Ukame kwa Mei 2022,Disaster/Health
Njia ya Kujitegemea kwa Watu Walioathiriwa na Uhamisho: Ripoti ya Muhtasari wa Vikwazo vya Ushirikishwaji wa Kiuchumi na Tathmini ya Soko nchini Kenya na Sudan Kusini.,Disaster/Health
Kenya - Kikokotoo cha Idadi ya Watu na Uhamisho katika Kaunti ya Mandera Awamu ya #2 (Desemba 2024),Disaster/Health
Kikosi Kazi kuhusu Kongamano la Kitaifa la Afya ya Akili kusikilizwa kwa umma WITO WA MWISHO kwa Mawasilisho - Jumatatu tarehe 27 Januari 2020 @KICC_kenya saa 9.00 asubuhi @WHOKenya @Kahongeks @syengomutisya @LukoyeAtwoli @Dr_chitayi @DrNjengaFrank @IAsin @JNJAfrica @ChiromoLMC @NaiMentalHere @NaiMental,Public Health
Kenya: Tathmini ya Mahitaji ya Haraka ya El Nino - Novemba 2023,Disaster/Health
Kenya - MVD Readiness (MDRKE069) - Operesheni ya DREF,Disaster/Health
Ufuatiliaji wa ukinzani wa dawa za VVU kabla ya matibabu miongoni mwa watoto wachanga wasio na ujuzi wa matibabu waliogunduliwa hivi karibuni na VVU ni muhimu hasa katika mazingira ambayo watoto wengi wachanga hupata maambukizi ya VVU. Ufuatiliaji hutoa taarifa muhimu ili kusaidia uchaguzi bora wa tiba ya kurefusha maisha ya mstari wa kwanza na wa pili.,General
Hakikisha usalama! Linda wanafunzi wakimbizi shuleni.,Education
Direct Aid: Kuwezesha Jumuiya za Kiafrika kupitia Mpango wa Mkopo wa Elimu,Disaster/Health
Kaunti ya Marsabit: Taarifa ya Onyo la Mapema kuhusu Ukame kwa Machi 2023,Disaster/Health
Njia za Dijitali: Jinsi Chama cha Msalaba Mwekundu cha Kenya kinavyobadilisha usaidizi wa pesa taslimu kwa kutumia jukwaa la 121,Disaster/Health
Aliongeza kuwa wataendelea kushirikiana ili kuendeleza ajenda ya Serikali ya kubadilisha elimu kwa manufaa ya wanafunzi wote wa Kenya.,General
Vitendo vya Kutarajia vya Kenya - Mlipuko wa EVD (MDRKE052) - Taarifa ya Uendeshaji (3 Mei 2023),Disaster/Health
Jinsi wakimbizi kutoka Burundi nchini Kenya wanavyowezeshwa kulima,Disaster/Health
Kaunti ya Kajiado: Taarifa ya Onyo la Mapema kuhusu Ukame kwa Septemba 2023,Disaster/Health
Ripoti ya Hali ya Kila Wiki ya Kenya 2026,Disaster/Health
"Baraza la Mawaziri liliidhinisha mabadiliko haya tarehe 7 Machi, 2024 kufuatia mapendekezo kutoka kwa Hazina ya Kitaifa na Bodi ya Viwango vya Uhasibu katika Sekta ya Umma (PSASB).",Governance
CS Kagwe: @KisumuCountyKE ilifanya vyema katika matumizi ya teknolojia kupitia majukwaa kama vile SMS nyingi na vituo vya simu vya saa 24 kama njia mwafaka ya kuhamasisha watu kuhusu COVID-19 na gari linaloipa Jumuiya usaidizi unaohitajika wakati wa dharura.,Public Health
Kaunti ya Tana River: Taarifa ya Onyo la Mapema kuhusu Ukame Julai 2022,Disaster/Health
Mpito wa Darasa la 6 baada ya matokeo ya KPSEA mwezi Desemba.,Education
"Katika awamu zote mbili, kampeni ya chanjo ilifikia mafanikio makubwa na kutekelezwa kwa kiwango kikubwa, ikijumuisha mikoa 6, wilaya 71 na vituo vya afya 1,985, ikisaidiwa na timu 7,830 za chanjo na wahamasishaji na wasimamizi wa kijamii 8,006. Awamu ya 1 ilifikia watoto 3,841,940 chini ya miaka mitano dhidi ya lengo la 3,759,057, kufikia asilimia 102 ya huduma za utawala, wakati Awamu ya 2 ilifikia watoto 3,979,228 dhidi ya lengo la 3,845,667, na kuongeza chanjo hadi asilimia 103. Kampeni hiyo pia ilionyesha maboresho ya ubora wa hali ya juu, huku idadi ya watoto wa dozi sifuri ikipungua kutoka asilimia 1.5 hadi asilimia 0.55.",General
Sauti Trade Insights COVID-19 Bulletin Q4 2021/Q1 2022 (Aprili 2022),Disaster/Health
Ahueni kwa wasichana kwani shule inapata vifaa vya kuhifadhia maji,Disaster/Health
Ufuatiliaji wa Msimu wa Afrika Mashariki: Uwezekano wa Mvua na Mafuriko Kuongezeka Kaskazini mwa Mkoa mnamo Julai - Septemba 2024,Disaster/Health
Kaunti ya Marsabit: Taarifa ya Onyo la Mapema kuhusu Ukame kwa Mei 2024,Disaster/Health
Kaunti ya Garissa: Taarifa ya Onyo la Mapema kuhusu Ukame kwa Oktoba 2022,Disaster/Health
"@MOH_Kenya imeagiza kaunti zote 47 kutambua na kuteua hospitali ya COVID-19, kwa hospitali nyinginezo kuendelea kutoa huduma nyinginezo kama vile afya ya uzazi na mtoto, chanjo, afya ya uzazi, TB na huduma za VVU; Dk. Patrick Amoth, DG Afya. #KomeshaCorona",Public Health
"Katika kipindi cha miaka miwili iliyopita, Shirika la Afya Ulimwenguni limekuwa likisaidia Wizara ya Afya ya Kenya kutekeleza mpango wa Uchunguzi wa Saratani wa Wanawake (WICS). Mpango huu unachanganya uchunguzi wa saratani ya matiti na ya kizazi na magonjwa ya kawaida yasiyoambukiza, ikiwa ni pamoja na kisukari, shinikizo la damu, na hali ya afya ya akili, katika ziara moja, ya afya inayopatikana. Mpango huo unajaribiwa katika nchi tatu za Afrika: Kenya, Côte d'Ivoire, na Zimbabwe.",General
"Katika kipindi cha miezi michache iliyopita nishati, hisia na umakini wa watu umekuwa ukizingatia zaidi coronavirus. Mashujaa hawa wanajaribu bila kuchoka kutibu, kukagua na kuzuia COVID-19. Asante sana! #KomeshaCorona",Public Health
"Chanjo Shirikishi ya Polio ya Kenya na Uganda: Ushindi wa Kuvuka Mipaka, watoto milioni 6.5 wamelindwa",Disaster/Health
Taarifa ya Tahadhari ya Mapema ya Kitaifa (Mei 2024),Disaster/Health
Kaunti ya Meru (Meru-Kaskazini): Taarifa ya Onyo la Mapema kuhusu Ukame Aprili 2023,Disaster/Health
"The Government Owned Enterprises Bill, 2024 1 MUSWADA WA USHIRIKA UNAOMILIKIWA NA SERIKALI, 2024 MPANGILIO WA VIFUNGO SEHEMU YA I─AWALI 1—Jina fupi. 2 - Tafsiri. 3 - Malengo ya Sheria hii. 4- Maombi. 5- Wajibu wa Katibu wa Baraza la Mawaziri kwa Hazina ya Kitaifa. 6- Wajibu wa Katibu wa Baraza la Mawaziri husika.",Governance
Ghana inapokea chanjo za COVID-19 wakati utoaji wa COVAX ulimwenguni unapoanza25 Februari 2021,General
MPANGO WA KIKUNDI CHENYE HATARI NA WALIO PEKEE KWA SAKUYE KATIKA KAUNTI YA MARSABIT.,General
Vifo vya COVID-19 barani Afrika viliongezeka zaidi ya 40% kuliko wiki iliyopita15 Julai 2021,General
Ukame nchini Kenya: Jinsi Muungano wa Fedha wa Kenya unavyoboresha ustawi wa familia zilizoathirika,Disaster/Health
Kaunti ya Makueni: Taarifa ya Onyo la Mapema kuhusu Ukame kwa Aprili 2023,Disaster/Health
Kenya : la population face aux conéquences dévastatrices des inondations,Disaster/Health
Afua za ziada za chakula shuleni zinasaidia kudumisha mahudhurio ya shule na ulinzi wa lishe ya watoto katika maeneo yaliyoathiriwa na ukame.,Health
"1. Kutayarisha na kupitia Sera za Utafiti, Sayansi na Teknolojia, mikakati na vyombo vinavyohusiana ikijumuisha mifumo, karatasi na ripoti.",General
"Inaanzisha Mamlaka ya Kitaifa ya Kudhibiti Hatari ya Maafa na Kamati za Kudhibiti Hatari za Majanga za Kaunti, zilizopewa jukumu la kuratibu majibu, kutoa maonyo ya mapema, na kuhakikisha kuwa rasilimali zinafikia jamii zilizoathiriwa kwa wakati ufaao.",Disaster/Health
"PS TVET, DR. ESTHER MUORIA AKIWAKARIBISHA CS ELIMU, MHE. JULIUS OGAMBO KWENDA MASHINDANO YA UJUZI WA DUNIA YALIYOFANYIKA KSTVET",General
"Kuna programu mbalimbali za kulisha chakula shuleni shuleni ambazo zilijumuisha In-Kind na, uhawilishaji fedha na ustawi wa jamii miongoni mwa mengine. Katika mpango wa lishe ya afya shuleni na mlo tunatekeleza mpango huo kwa kutumia Huduma ya Hisa na Uhawilishaji Pesa.",General
"Ufuatiliaji unaofaa wa watoto wachanga walioachwa wazi, ikijumuisha kipimo cha kuzaliwa cha chanjo ya HBV.",General
"Kaunti ya Samburu, Kenya -Katika kijiji cha Lolmolong, katika Kaunti ya Samburu kaskazini mwa Kenya, Neshoo Leaungokiok alifanya kazi usiku kucha, mbali na kituo cha afya cha karibu.",Health
"Muhtasari wa Nchi wa WFP wa Kenya, Mei 2023",Disaster/Health
Afrika Mashariki: Mvua kubwa na mafuriko Sasisho la Flash #4 (30 Mei 2024),Disaster/Health
Kaunti ya Marsabit: Taarifa ya Onyo la Mapema kuhusu Ukame kwa Juni 2023,Disaster/Health
Kenya Takwimu Infographics | Januari 2026,Disaster/Health
Hali hii ililazimu kutekelezwa kwa utayari wa haraka na hatua za kujitayarisha ili kupunguza hatari ya kuagiza na kuenea kwa ugonjwa wa virusi vya Marburg nchini Kenya.,Health
Kaunti ya Taita Taveta: Taarifa ya Onyo la Mapema kuhusu Ukame Juni 2023,Disaster/Health
Kaunti ya Kwale: Taarifa ya Onyo la Mapema kuhusu Ukame kwa Machi 2023,Disaster/Health
Kenya: Kurejesha usalama wa chakula kupitia utoaji wa fedha taslimu,Disaster/Health
"Aliendelea kupokea kilo 100 za chakula, lita 16 za mafuta ya kupikia, na dola 30 za usaidizi wa kila mwezi wa pesa taslimu baada ya uraia wake kupewa.",Governance
Maeneo ya Kenya yakabiliana na janga la ukame,Disaster/Health
"Mashirika ya kiraia ni muhimu kwa mifano hii, lakini kazi zao nyingi hazitambuliki na hazina ufadhili wa kutosha.",Disaster/Health
"Kenya | Kipindupindu - Itifaki ya Hatua ya Mapema Iliyorahisishwa (EAP Na.: sEAP2025KE04, Nambari ya Operesheni: MDRKE071)",Disaster/Health
Dashibodi ya Kukabiliana na Ukame Kenya (Januari hadi Juni 2023),Disaster/Health
Kenya: Ukame - Muhtasari wa Nchi (13 Apr 2023),Disaster/Health
Kaunti ya Kwale: Taarifa ya Onyo la Mapema kuhusu Ukame kwa Septemba 2023,Disaster/Health
"Mvua zitatofautiana kote nchini Kenya, na kiasi cha chini katika mikoa ya magharibi na Bonde la Ufa, mvua nyingi zaidi Pwani, na mvua kidogo katika maeneo ya mashariki na kaskazini-mashariki, huku halijoto ikisalia kuwa juu ya wastani nchini kote.",Disaster/Health
Hatua ya kutarajia kupunguza majanga yanayosababishwa na ukame: Kujifunza kutoka Kenya na Somalia,Disaster/Health
"Hata hivyo, njaa ya wastani na ulaji wa chakula wa mipakani unaendelea, jambo linaloashiria kuendelea kuwepo kwa changamoto za usalama wa chakula kwa baadhi ya kaya.",Disaster/Health
Familia za Kisomali zilikatishwa msaada baada ya mchakato wa uhakiki katika kambi za wakimbizi za Dadaab,Disaster/Health
Karatasi ya Sera ya CGD 358 - Sera na Sheria za Wakimbizi Mijini nchini Kenya na Uganda: 2025 Stocktake - Mei 2025,Disaster/Health
Kenya inahesabu maharagwe kusaidia kuzuia upotevu wa chakula katika milo ya shule,Disaster/Health
Kaunti ya Kitui: Taarifa ya Onyo la Mapema kuhusu Ukame kwa Agosti 2024,Disaster/Health
Utafiti wa Ushirikiano wa Jumuiya ya Pokot Magharibi kuhusu Athari za Hali ya Hewa na Uchambuzi wa Uwezo,Disaster/Health
"Vaa barakoa, safisha na weka umbali wa kijamii kila unapotembelea kituo cha afya. #WCD2020Ke #WCD2020 #Tujulishane @MOH_DRMH @UNFPA @UNFPAKen @NAYAKenya @Amref_Kenya @NCPD_Kenya @PSKenya_",Public Health
Mbinu za Kukabili na Kustahimili COVID-19 za Wafanyakazi Wanawake Wasio Rasmi nchini Kenya,Disaster/Health
"Kushindwa kwa mvua fupi, pamoja na usaidizi uliopunguzwa, maisha duni, kutegemea masoko ya bei ghali, kumezorotesha sana usalama wa chakula katika kaunti zote za ASAL.",Disaster/Health
Kauli ya HelpAge International kuhusu mafuriko ya Kenya,Disaster/Health
"Idadi ya kaya zilizo na Alama inayokubalika ya Utumiaji wa Chakula (FCS) iliongezeka kutoka 9% kwa msingi hadi 44% wakati wa mwisho, wakati FCS maskini ilipungua kutoka 16% hadi 7%.",Disaster/Health
"Ufuatiliaji wa anwani ni muhimu. Sehemu za moto katika kaunti ya NAIROBI; Kawangware Kesi 13 Kilimani Kesi 6... Unahitaji kujiweka mbali, kukaa nyumbani, kuvaa barakoa na kunawa mikono. #KomeshaCorona sasisho",Public Health
Kujenga Ushahidi wa Kuimarisha Ustawi wa Wakimbizi na Jumuiya Wakaribishaji nchini Kenya - Maarifa kutoka kwa Mawimbi Mawili ya Utafiti wa Kijamii wa Muda mrefu wa Kenya,Disaster/Health
Jarida la Kustahimili Ukame la NDMA (Mei - Juni 2022),Disaster/Health
"Muhtasari wa Nchi wa WFP Kenya, Aprili 2023",Disaster/Health
"Mpango wa Kukabiliana na Ukame nchini Kenya, Januari - Desemba 2023 (Imetolewa Januari 2023)",Disaster/Health
Ripoti ya muhtasari wa muundo-shirikishi wa ubunifu wa ikolojia ya kilimo katika Mandhari Hai ya Kilimo (ALLs) nchini Kenya.,Disaster/Health
Kaunti ya Embu (Mbeere): Taarifa ya Onyo la Mapema kuhusu Ukame kwa Februari 2023,Disaster/Health
Ukame unaacha zaidi ya milioni mbili katika hatari ya matatizo ya afya na lishe nchini Kenya,Disaster/Health
Kaunti ya Taita Taveta: Taarifa ya Onyo la Mapema kuhusu Ukame la Mei 2022,Disaster/Health
Kaunti ya Laikipia: Taarifa ya Onyo la Mapema kuhusu Ukame la Mei 2024,Disaster/Health
"Kufungua uidhinishaji wa kazi ya wakimbizi nchini Kenya: Mfumo wa vitendo wa ujumuishaji wa kiuchumi, upatanishi wa kitaasisi, na ukuaji wa kitaifa (Machi 2026)",Disaster/Health
Kaunti ya Kajiado: Taarifa ya Onyo la Mapema kuhusu Ukame Julai 2024,Disaster/Health
"Akitafakari juu ya umuhimu wa ushirikishwaji endelevu wa jamii, Katibu wa Baraza la Mawaziri, Bw. Patrick Kangwa, ambaye aliongoza Uzinduzi huo, alisisitiza kuwa mafanikio ya Zambia katika kuwalinda watoto yanategemea ushirikiano endelevu kati ya Serikali, washirika, wafanyakazi wa afya, viongozi wa jamii na walezi. Alibainisha kuwa wakati duru za awali za kampeni zilileta matokeo ya kutia moyo, juhudi zinazoendelea bado ni muhimu ili kukatiza maambukizi ya virusi vya polio."" Duru hii ya mwisho ni hatua muhimu ya kuhakikisha kwamba kila mtoto analindwa kikamilifu, na tunatoa wito kwa walezi wote kutumia fursa hii kuziba mapengo ya mwisho ya kinga yaliyosalia,"".",General
Centro MediaMedia CentreMatoleo ya HabariHabariMatoleoyaProgramu na KundiHabariHadithiPichaTamko na maoniManchetesComunicar kwa ajili ya watetezi21 Jul 2026|Comunicado de imprensaAngola kuhitimisha mchakato wa uimarishaji wa athari za vacinação20 Jul 2026 Jul 2026 Saúde reforçam os Cuidados de Saúde Primários na Região Autónoma do Príncipe07 Jul 2026|Comunicado de imprensaAutoridades de saúde confirmam caso de mpox na Guine-Bissau04 Jul 2026|Comunicado de imprensa Uganda01 Jul 2026|Ripoti,General
Jinsi Mgogoro wa Hali ya Hewa Unavyotishia Kilimo Vijijini Kenya,Disaster/Health
"Kwa kuongezeka, mfano wa viongozi kama yeye ambao wamechanja, huvaa vinyago na kusisitiza kuwaweka mbali watu 14,000 wa jamii.",Health
Kaunti ya Kilifi: Taarifa ya Onyo la Mapema kuhusu Ukame kwa Aprili 2024,Disaster/Health
Kenya: Usalama wa Chakula na Utapiamlo wa IPC - Ukosefu Mkubwa wa Chakula: Februari - Juni 2023; Utapiamlo Mkali: Februari - Mei 2023,Disaster/Health
Jifunze jinsi rushwa inavyoathiri huduma na uelimishe jamii yako ili kuizuia,Security
Kenya: Ukame - Mtandao wa Kibinadamu wa ASAL Mwitikio wa Ukame - Shughuli ya Kaunti Ndogo (kuanzia tarehe 23 Agosti 2023),Disaster/Health
"Ufuatiliaji wa Msimu wa Afrika Mashariki: Kuongezeka kwa hatari ya mafuriko kwa kutabiriwa kwa mvua za juu ya wastani katika sehemu za sekta ya kaskazini (Juni 30, 2024)",Disaster/Health
"Ni lazima tuzingatie mahitaji ya umbali wa kijamii, kunawa mikono mara kwa mara, na kukaa nyumbani, na kwenda nje inapobidi tu. Wakati wowote nje mahali pa umma, mtu lazima avae kinyago cha uso. #KomeshaCorona",Public Health
"Manaibu Wakuu wa IASC watembelea makazi yasiyo rasmi ya Mathare jijini Nairobi, Kenya",Disaster/Health
"Dkt. Beatrice Muganda Inyangalais Katibu Mkuu, Idara ya Serikali ya Elimu ya Juu na Utafiti, Wizara ya Elimu, Kenya.",General
Kaunti ya Baringo: Taarifa ya Onyo la Mapema kuhusu Ukame ya Juni 2024,Disaster/Health
USAID Yatangaza Ufadhili wa Kukabiliana na Maafa ya Mafuriko nchini Kenya,Disaster/Health
"Kambi ya Wakimbizi ya Dadaab na Kakuma nchini Kenya | Mpango wa Pamoja wa Ufuatiliaji wa Soko (JMMI) Q2 (Aprili - Juni, 2024)",Disaster/Health
"Katika kanda ya Afrika, inakadiriwa watoto milioni 1.3 wenye umri wa miaka 0-14 walikuwa wakiishi na VVU mwishoni mwa 2022, na watoto 109,000 walikuwa wameambukizwa hivi karibuni. Inakadiriwa watoto 69,000 walikufa kwa magonjwa yanayohusiana na UKIMWI. Ili kupunguza vifo na magonjwa yanayohusiana na VVU miongoni mwa watu hawa walio katika hatari kubwa, upimaji wa mapema na matibabu ni muhimu. Bila kupata upimaji na matibabu, asilimia 50 ya watoto wenye VVU watakufa wakiwa na umri wa miaka 2, na 80% hawataishi hadi siku yao ya kuzaliwa ya tano.",General
Kaunti ya Meru (Meru-Kaskazini): Taarifa ya Onyo la Mapema kuhusu Ukame Juni 2023,Disaster/Health
"Muhtasari wa Nchi wa WFP wa Kenya, Mei 2024",Disaster/Health
Taarifa ya Onyo la Mapema la Kitaifa kuhusu Ukame (Januari 2023),Disaster/Health
VIDEO:Mpango wa Kuboresha Shule (Kenya) Documentary on TPAD,General
Ufuatiliaji wa Msimu wa Afrika Mashariki: Mafuriko Makali Katika Maeneo ya Ikweta mwezi Aprili - Mei 2024,Disaster/Health
"Viwango vya juu na kuenea kwa uhaba wa chakula kunatokana zaidi na utendaji duni wa mvua za 2025 Oktoba-Desemba 2025, ambazo ziliathiri vibaya mazao na mifugo.",Agriculture
Kaunti ya Kitui: Taarifa ya Onyo la Mapema kuhusu Ukame kwa Novemba 2022,Disaster/Health
"Tunahitaji kuweka uwiano kati ya kile kinachokubalika katika muktadha tulionao na matumizi yasiyofaa ya nguvu kazi ya afya,"" anasema.",Health
Utawala wa kukabiliana na mizozo: Kutathmini Hazina ya Kaunti ya Kenya ya Mabadiliko ya Tabianchi,Disaster/Health
Matokeo ya katikati ya mwitikio wa muungano wa pesa wa Kenya kwa ukame katika kaunti kame na nusu kame (ASAL) za Kenya.,Disaster/Health
Kaunti ya Embu (Mbeere): Taarifa ya Onyo la Mapema kuhusu Ukame kwa Septemba 2023,Disaster/Health
Uundaji na uhakiki wa sera za Elimu ya Vyuo Vikuu kwa ushirikiano na vyombo na wakala husika.,General
Kenya - Kielezo cha Suluhu na Uhamaji - kaunti za Turkana na Garissa (Septemba - Novemba 2024),Disaster/Health
Karatasi ya Ukweli: Usaidizi wa Pesa wa Tahadhari ya Kenya Cash Consortium kwa Jamii Zilizoathiriwa na Maafa: Wakimbizi wa Mijini katika Kaunti ya Nairobi - Msingi na Mwisho (Februari 2026),Disaster/Health
"Udhaifu, Hatari, na Ustahimilivu: Athari kwa vichochezi vya utapiamlo katika Kaunti za Isiolo na Marsabit, Kenya.",Disaster/Health
"Ilihusisha kushirikiana na mashirika mengi ya washirika, kwa usaidizi uliotolewa na UNDRR.",Disaster/Health
"Janga la kimataifa la Covid-19 linahitaji mbinu jumuishi ili kuzuia maambukizi ya virusi hivyo. Katika wakati huu wa mashaka, viongozi wa imani kama vile Wamethodisti wamegeuza teolojia ya kidini kupata faraja kwa jamii na kuhimiza mazoea salama kwa #KomeshaCorona.",Public Health
Kaunti ya Kajiado: Taarifa ya Onyo la Mapema kuhusu Ukame ya Novemba 2022,Disaster/Health
Kaunti ya Taita Taveta: Taarifa ya Onyo la Mapema kuhusu Ukame Oktoba 2022,Disaster/Health
Safari ya Kenya inaonyesha jinsi uwekezaji endelevu na mipango makini inavyoweza kujenga akili ya afya ya umma kwa wakati.,Health
Uundaji wa chanjo ya COVID-19 ni mchakato wa kuhakikisha usalama na utendakazi wake; Ag DG @DrPatrickAmoth . #KomeshaCorona sasisho.,Public Health
"Umaskini, ukosefu wa usawa na tofauti za kikanda zinaendelea, haswa katika kaunti kame na nusu kame, ambazo huchukua 80% ya ardhi yote ya nchi.",Disaster/Health
"Serikali imepanua upatikanaji wa vyuo kwa kuanzisha vyuo vikuu vipya na upanuzi wa vyuo vilivyopo hali ambayo imeongeza udahili katika vyuo vikuu. Idadi ya vyuo vikuu vya umma na vya binafsi iliongezeka hadi sabini na nane (78) mwaka 2022/23. Vyuo Vikuu hivyo vinajumuisha Vyuo Vikuu Vilivyopangiwa Umma thelathini na nane (38), Vyuo Vikuu Maalum vya Vyuo Vikuu vya Umma vinne (4), Vyuo Vikuu Vilivyopangiwa Binafsi ishirini na tano (25), Vyuo Vikuu vinane (8) vinavyofanya kazi kwa Hati za Mamlaka ya Muda (LIA) na Vyuo Vikuu vya Kibinafsi vitatu (3). Muhtasari wa aina na idadi ya Vyuo Vikuu ni jedwali hapa chini.",General
"Sekta hii inasalia kuwa chini ya ugavi, utafiti, udhibiti, biashara, ukuzaji wa bidhaa, ufadhili, rasilimali watu, na mifumo ya data ya afya, na kusababisha hatari ya kudumu ya kuagiza na kutegemea wafadhili, usumbufu wa kijiografia, na matishio ya kiafya yanayohusiana na hali ya hewa.",Health
"Hatutachoka kukukumbusha hitaji la kunawa mikono kwa sabuni na maji, kuvaa barakoa kila wakati mahali pa umma, kudumisha umbali wa kijamii na kimwili na muhimu zaidi kuepuka mikusanyiko yote ya umma iwe ya kijamii au ya kisiasa.",Public Health
Matumizi ya Data katika Usimamizi wa Hatari wa Kutarajia,Disaster/Health
Kaunti ya Marsabit: Taarifa ya Onyo la Mapema kuhusu Ukame kwa Aprili 2022,Disaster/Health
"Tunapoendelea kusherehekea Sikukuu za Pasaka majumbani mwetu, tutafakari kile tunachopaswa kufanya ili kuzuia kuenea kwa maambukizi & tukumbuke kunawa mikono, kuangalia umbali wa kijamii, kuvaa vinyago na kukaa nyumbani; Dk Mwangangi. #KomeshaCorona sasisho",Public Health
Kaunti ya Kilifi: Taarifa ya Onyo la Mapema kuhusu Ukame Julai 2022,Disaster/Health
Kenya : Mwanahabari alipiga risasi tatu alipokuwa akiripoti maandamano dhidi ya serikali huko Nakuru,Disaster/Health
Kaunti ya Marsabit: Taarifa ya Onyo la Mapema kuhusu Ukame kwa Novemba 2023,Disaster/Health
"Akiwa Mkurugenzi wa Kanda wa WHO Afrika, Dk Janabi anaongoza juhudi za shirika hilo kuimarisha mifumo ya afya, kukabiliana na dharura za afya, na kujenga ushirikiano katika nchi 47 wanachama wa Kanda ya Afrika. Maono yake yanalenga katika kufikia matokeo bora ya afya kwa Waafrika wote kupitia uvumbuzi, usawa, na ushirikiano.",General
"Kupitia ushirikiano na mamlaka za afya za kaunti, WHO inaunga mkono upanuzi wa huduma za dharura za uzazi na watoto wachanga kaskazini mwa Kenya, ikiwa ni pamoja na kutoa mafunzo kwa wahudumu wa afya na kuimarisha huduma za kufikia jamii za mbali.",Health
"Tathmini ya Mahitaji ya Sekta Mbalimbali (MSNA): Jumuiya Wenyeji na Idadi ya Watu Walioathirika katika Kaunti za Garissa, Mandera, Marsabit & Turkana | Juni 2025",Disaster/Health
"Kambi ya Dadaab ya Kenya imejaa Wasomali wanaokimbia ukame, migogoro",Disaster/Health
"Katika Kaunti ya Wajir kaskazini mwa Kenya, kampeni ya kupokea chanjo pia ilichochewa na kufanya kazi na viongozi wa kisiasa, kidini na kijamii na pia kupitia jumbe zinazotumwa kupitia redio ya jamii, ambayo ni nzuri miongoni mwa jamii za wafugaji wahamaji wanaoishi kaskazini mwa Kenya.",Health
Tunamsihi mtu yeyote anayetembelea duka kubwa au soko la wazi avae barakoa ili kulinda na kuzuia kuenea kwa COVID19; CS Kagwe #KomeshaCorona sasisho,Public Health
Kugeuza Mawimbi: Jinsi Malawi Ilizuia Mpoksi katika Nyimbo Zake,General
Tunajali kuhusu afya ya akili na tulianzisha mfumo wa ushauri. Tafadhali piga simu ya hotline 1199 ikiwa unahitaji usaidizi. #KomeshaCorona sasisho.,Public Health
Kaunti ya Kitui: Taarifa ya Onyo la Mapema kuhusu Ukame kwa Oktoba 2022,Disaster/Health
Kaunti ya Meru (Meru-Kaskazini): Taarifa ya Onyo la Mapema kuhusu Ukame Oktoba 2024,Disaster/Health
"Maoni, michango, au memoranda zake kutoka kwa umma kwa ujumla zinaweza kutumwa kwa Katibu Mkuu, Hazina ya Kitaifa, P.",Governance
Kueleza Shida Yetu: Kutumia Sauti ya Picha Kutathmini Maoni ya Huduma za Afya ya Akili kwa Waathiriwa wa Unyanyasaji wa Kijinsia nchini Kenya.,Disaster/Health
Kaunti ya Marsabit: Taarifa ya Onyo la Mapema kuhusu Ukame kwa Februari 2023,Disaster/Health
Kaunti ya Marsabit: Taarifa ya Onyo la Mapema kuhusu Ukame kwa Januari 2023,Disaster/Health
Kaunti ya Nyeri (Kieni): Taarifa ya Onyo la Mapema kuhusu Ukame Oktoba 2024,Disaster/Health
"Nairobi—Nchi katika eneo la Afrika zilikabiliwa na zaidi ya dharura 140 za kiafya mwaka 2025, kuanzia milipuko ya magonjwa ya kuambukiza hadi mishtuko inayohusiana na hali ya hewa na majanga ya kibinadamu. Mkoa wa Shirika la Afya Duniani (WHO)…",General
Kaunti ya Nyeri (Kieni): Taarifa ya Onyo la Mapema kuhusu Ukame Juni 2022,Disaster/Health
Sheria ya Ardhi ya Jamii (CLA) 2016 na Upatikanaji wa Wafugaji wa Ardhi kwa Marekebisho,Disaster/Health
"kudumisha umbali wa kijamii na kimwili, kuvaa barakoa katika maeneo ya umma, kunawa mikono kwa sabuni na maji yanayotiririka, kuepuka mikusanyiko yote ya hadhara na kijamii, miongoni mwa mengine kwa #KomeshaCorona.",Public Health
"Barakoa za uso ni njia mojawapo ya kujilinda wewe na wengine kutokana na kuenea kwa virusi vya corona, lakini zinafaa tu zikivaliwa ipasavyo. Hakikisha umefunika sehemu zinazofaa za uso wako ili kupata ulinzi zaidi kutoka kwa barakoa yako. #KomeshaCorona",Public Health
RIPOTI YA MFUMO WA MFUMO WA WIZARA YA ELIMU,General
Kaunti ya Kitui: Taarifa ya Onyo la Mapema kuhusu Ukame kwa Oktoba 2024,Disaster/Health
Kaunti ya Mandera: Taarifa ya Onyo la Mapema kuhusu Ukame ya Juni 2023,Disaster/Health
Mkakati wa Kubadilisha Data na Dijitali 2024 - 2028,Disaster/Health
"Ndani ya Mwitikio wa Ebola: Kujenga Uaminifu, Kulinda Wahudumu wa Afya na Kuokoa Maisha",General
Kaunti ya Kwale: Taarifa ya Onyo la Mapema kuhusu Ukame kwa Aprili 2023,Disaster/Health
"Kinyume chake, katika kaunti zilizoathiriwa na ukame, hali ya mwili ilitathminiwa kuwa mbaya katika Kaunti ya Mandera na kutoka hali duni hadi ya haki katika kaunti za Wajir, Garissa na Tana River, ingawa mvua za msimu wa juu-wastani zinasaidia ufufuaji wa malisho na malisho, na kuchangia uboreshaji wa taratibu.",Disaster/Health
USCRI inataka hatua za haraka zichukuliwe huku wakimbizi wakikabiliwa na janga la njaa linalosababishwa na binadamu nchini Kenya,Disaster/Health
Ulikosa ombi la kujiunga na chuo kikuu? Unayo nafasi nyingine kupitia KUCCPS. Soma maelezo zaidi kwenye tovuti rasmi.,Education
"(a) pendekezo ambalo lilishughulikia changamoto mahususi katika mojawapo ya maeneo matano ya kipaumbele katika kanda - viwanda, kilimo, afya, elimu na takwimu za matumizi;",General
Mageuzi ya Ugatuzi: Mazingatio ya Kuongeza Upangaji Shirikishi wa Mashinani nchini Kenya,Disaster/Health
Kaunti ya Tharaka Nithi: Taarifa ya Onyo la Mapema kuhusu Ukame kwa Mei 2022,Disaster/Health
Kaunti ya Marsabit: Taarifa ya Onyo la Mapema kuhusu Ukame Julai 2022,Disaster/Health
Kaunti ya Turkana: Taarifa ya Onyo la Mapema kuhusu Ukame kwa Mei 2023,Disaster/Health
"Taarifa ya Bei ya Kenya, Aprili 2024",Disaster/Health
Tuna ahueni tatu Ili kurefusha curve zaidi; Weka umbali wa kimwili Nawa mikono mara kwa mara kwa sabuni na maji yanayotiririka Kaa nyumbani isipokuwa kama huduma muhimu. #KaaSalama. #KomesaCorona,Public Health
"Mikono juu ya uhamasishaji wa vitendo wa jamii za kuhamahama na wafanyikazi wa afya, jinsi ya kuzuia COVID-19 kwa kunawa mikono kwa maji ya bomba, nje kidogo ya Nairobi huko Ruai. #KomeshaCorona",Public Health
"Dokezo la Kuzuia Kuzama Majini: Waangalie watoto kwa karibu. Iwe ni kwenye bwawa la kuogelea, ufukweni, au bafuni, usimamizi wa mtu mzima ni LAZIMA ili kuwalinda watoto. Kaeni macho na muepuke vizuizi ili muweze kusaidia haraka mtoto anapohitaji msaada.",Health
"Majid Mohamed, Mkurugenzi Msaidizi wa Afya ya Umma katika Wizara ya Afya, alisisitiza haja ya kupanua mpango huo: ""Mara nyingi tunazingatia kambi zilizoanzishwa, lakini wakimbizi wengi huingia kupitia njia zisizo rasmi.",Health
Mpango wa Shiŕika la Kenya Unaweza Kuondoa Vizuizi vya Kisheŕia kwa Wanawake Wakimbizi Wanaokabiliana na Unyanyasaji wa Kijinsia.,Disaster/Health
Kaunti ya Kajiado: Taarifa ya Onyo la Mapema kuhusu Ukame ya Oktoba 2023,Disaster/Health
"Kufikia uthibitisho wa EMTCT ni mafanikio makubwa ya kitaifa, yanayohitaji uwajibikaji unaoongozwa na nchi, uchambuzi wa kina wa data, tathmini ya kina ya programu na ushirikiano wa ngazi mbalimbali. Kudumisha uthibitisho ni muhimu vile vile na kunahitaji juhudi endelevu, za mpango mpana ili kuzuia maambukizi mapya kwa watoto wachanga, watoto na watu wazima. Kupitia mchakato wa uthibitishaji, WHO na washirika wanaendelea kutoa usaidizi wa nchi kwa ajili ya kuimarisha uwezo wa mfumo wa afya na huduma kamili zinazozingatia mtu, jumuishi ambazo zinaheshimu na kulinda haki za binadamu za wanawake wanaoishi na hali yoyote, na kuhakikisha kuwa wanawake hawa wanashiriki kikamilifu katika upangaji wa programu za afya na utoaji wa huduma.",General
Kaunti ya Kilifi: Taarifa ya Onyo la Mapema kuhusu Ukame kwa Machi 2024,Disaster/Health
"Mnamo Novemba 2025, Kenya ilibadilika hadi ratiba ya chanjo ya HPV ya dozi moja, kulingana na mapendekezo ya WHO, ili kurahisisha utoaji na kuboresha huduma.",Health
"Baraza la Vyuo Vikuu vya Afrika Mashariki (IUCEA), taasisi ya Jumuiya ya Afrika Mashariki, lilichaguliwa na Kamati ya Uongozi ya Kanda (RSC) ya mradi wa ACE II kuwa Kitengo cha Uwezeshaji Kikanda (RFU). IUCEA itatoa uratibu wa jumla, uwezeshaji na usimamizi kwa utekelezaji wa mradi chini ya uangalizi wa RSC. IUCEA, kwa usaidizi kutoka Benki ya Dunia, iliratibu maandalizi ya mradi ikiwa ni pamoja na mchakato wa uteuzi wa ACE.",General
"Uwekaji wa kozi umekamilika! Hujaridhika na ungependa kuhamishwa kutoka chuo chako cha sasa? Tembelea vituo vya Huduma Centre karibu nawe, maafisa wa KUCCPS wako tayari kukusaidia katika ombi la uhamisho kati ya vyuo.",Education
"Zaidi ya hayo, waendelezaji wa afya ya jamii 110 wanaotumia zana ya kidijitali walionyesha matumaini kuhusu kuijumuisha katika kampeni nyingine kubwa za afya, kama vile kampeni za chanjo ya polio.",Health
"Mambo ya kijamii, mazingira yanayoonekana nyuma ya visa vya chini vya COVID-19 barani Afrika24 Septemba 2020",General
"Muhtasari wa Nchi wa WFP wa Kenya, Machi 2023",Disaster/Health
Kunusurika na Ukame: Mapambano na Ustahimilivu wa Jumuiya za Wafugaji Kaskazini mwa Kenya.,Disaster/Health
Kaunti ya Samburu: Taarifa ya Onyo la Mapema kuhusu Ukame kwa Desemba 2022,Disaster/Health
Kaunti ya Kitui: Taarifa ya Onyo la Mapema kuhusu Ukame kwa Septemba 2022,Disaster/Health
"Idadi kubwa ya watu mara nyingi hukabiliana na vikwazo vya kisheria na kijamii vinavyoongeza uwezekano wao wa kupata VVU na kuwazuia kupata programu za kinga, upimaji na matibabu.",General
"Hata hivyo, uzalishaji wa nafaka kutoka maeneo haya unachangia sehemu ndogo tu ya pato la taifa.",Disaster/Health
Kenya inapanua huduma za mawasiliano ya simu za afya ya ngono na uzazi kwa jamii ambazo ni ngumu kuzifikia,General
PS Ololtuaa aliwashirikisha maafisa wa Kaunti ya Bomet kuhusu Masuala ya Elimu.,General
"Mkakati huo unatambua kuwa jumuiya zilizoandaliwa, zilizopangwa na zinazohusika ni miongoni mwa rasilimali muhimu zaidi kwa usalama wa afya ya umma na mifumo thabiti ya afya. Ulinzi wa jamii unahusisha kupunguza udhaifu kabla ya hatari kugeuka kuwa majanga, ilhali uthabiti wa jumuiya unamaanisha kuhakikisha kwamba jumuiya zinaweza kubadilika, kujibu na kupona hatari hizo zinapotokea. Kwa hiyo, hakuna hata mmoja wa uwezo huu hutokea wakati wa dharura; zote mbili zimejengwa katika maisha ya kila siku.",General
Kenya: le Secrétaire général s'inquiète des violences udhihirisho wa ziada,Disaster/Health
"Kupitia mbinu hii, mradi unalenga kuimarisha ujuzi wa wanawake wa kufanya maamuzi ya kifedha, kuhimiza mazoea ya kuweka akiba na uwekezaji, na kusaidia maendeleo ya fursa endelevu za kuzalisha mapato.",Disaster/Health
"Jumuiya ya kimataifa na kikanda imejitolea kukomesha maambukizi kutoka kwa mama kwenda kwa mtoto (EMTCT) ya VVU, kaswende, na virusi vya homa ya ini (HBV) kama kipaumbele cha afya ya umma. Mpango wa Triple EMTCT unaangazia mbinu iliyooanishwa ya kuboresha matokeo ya afya kwa akina mama na watoto.",General
Kupeleka chanjo kwa jumuiya hizi pia kulimaanisha kuwa timu za chanjo zingeweka vituo vya chanjo katika maeneo ya kunyweshea maji.,Health
Kenya Yachukua Hatua Ya Ujasiri Kuelekea Huduma ya Afya kwa Wote kwa Uzinduzi wa Zana ya Kidijitali ya Afya,Disaster/Health
FAO inatanguliza mfumo bunifu wa usimamizi wa viuatilifu vya nzige kwa ajili ya usimamizi bora wa hisa nchini Kenya,Disaster/Health
Miradi na Mipango ya Kitaifa ya R&D katika taasisi za STI,General
"Kupitia Ghala lake Kuu la Data, nchi sasa inaunganisha ufuatiliaji wa AMR, matumizi ya dawa za kuua viini na data ya matumizi ya antimicrobial, ikitoa picha ya kina zaidi ya mifumo ya kitaifa ya AMR.",Disaster/Health
"Hasa, Hazina ya Taifa inatakiwa kutafuta maoni ya yafuatayo: i.",Governance
El Nino Yachochea Mafuriko: Mgogoro wa Hali ya Hewa na Maafa ya Kibinadamu Yakua nchini Kenya,Disaster/Health
Kenya: Wakimbizi waliosajiliwa na wanaotafuta hifadhi (kuanzia tarehe 30 Septemba 2022),Disaster/Health
"KCC inafanya kazi kupitia mkabala unaoongozwa na wenyeji na zaidi ya NGOs 30 za ndani zinazojishughulisha na utoaji wa majibu na ufuatiliaji wa ngazi ya kaunti, ukusanyaji wa data na uratibu na serikali za kaunti.",Governance
Vaa kinyago chako vizuri ili kujikinga dhidi ya virusi vya corona. #KomeshaCorona,Public Health
Ujumuisho wa Kiuchumi wa Wakimbizi na Jumuiya Wenyeji nchini Kenya: Uchanganuzi wa soko,Disaster/Health
"Ili kukamilisha waraka huo, Hazina ya Taifa inatarajiwa kwa masharti ya Sheria ya USM kutafuta maoni kutoka kwa taasisi zilizoorodheshwa katika Sheria ya USM, umma na watu wengine wenye nia au makundi yoyote kama ilivyoainishwa katika vifungu husika vya Sheria hiyo.",Governance
Uchunguzi Kifani Kuhusu Kufadhili Hasara na Uharibifu - Kenya,Disaster/Health
"Wanachama huchangia sehemu ya akiba zao kwa shughuli iliyochaguliwa, huku Acted inatoa usaidizi unaolingana au nyenzo zinazohitajika, kulingana na mahitaji yaliyoainishwa katika pendekezo.",Disaster/Health
Mpito kwa kuripoti data kwa kiwango cha mtu binafsi haukuwa na changamoto.,Disaster/Health
Dashibodi ya Kukabiliana na Ukame Kenya (Septemba 2022),Disaster/Health
"Tunakuhimiza kupunguza hatari yako ya virusi vya corona. fanya mazoezi ya umbali wa kijamii Osha mikono yako kwa sabuni na maji yanayotiririka mara kwa mara kwa sekunde 20 kaa nyumbani epuka maeneo ya umma safisha mara kwa mara na usafishe nafasi zote - vitasa vya milango, simu... #KomeshaCorona",Public Health
Kaunti ya Makueni: Taarifa ya Onyo la Mapema kuhusu Ukame kwa Agosti 2023,Disaster/Health
Kuchunguza Maisha Yanayostahimili Hali ya Hewa Miongoni mwa Wakimbizi na Jamii Wenyeji Nchini Kenya na Uganda - Ripoti ya Muundo wa Ushahidi (Novemba 2025),Disaster/Health
"Changamoto zinazoikabili Afrika: mabadiliko ya hali ya hewa, migogoro, na athari za COVID-19",Disaster/Health
"Teknolojia inayotumika kwa ajili ya usajili kabla ya chanjo ni nyenzo nzuri kwa utungaji wa data lakini kwa kuwa na nambari nyingi, masuluhisho zaidi yataunga mkono juhudi za kuwafikia watu wengi zaidi kupitia Mfumo wa Chanjo.",Health
Kujenga Ushahidi wa Uwekezaji wa Kujenga Amani: Muhtasari wa Mipango ya Kujenga Amani inayoongozwa na Vijana na Vijana nchini Kenya Inazaa Mapato ya Kijamii Mara Tano hadi Kumi kwenye Uwekezaji (SROI),Disaster/Health
"Kenya - Mafuriko (Kenya Met, vyombo vya habari) (ECHO Daily Flash ya 05 Desemba 2024)",Disaster/Health
"Mkutano wa Katibu Mkuu na Wanahabari jijini Nairobi, Kenya, 3 Mei 2023",Disaster/Health
"Hali ilizidi kuwa mbaya baada ya mojawapo ya misimu yenye ukame zaidi ya Oktoba-Desemba katika rekodi ya 2025, chini ya miaka mitatu baada ya ukame wa 2020-2022.",Disaster/Health
Kaunti ya Tana River: Taarifa ya Onyo la Mapema kuhusu Ukame la Mei 2022,Disaster/Health
Lisha Wakati Ujao: Mifumo ya Mazao ya Kenya na Soko la Maziwa,Disaster/Health
Kaunti ya Kwale: Taarifa ya Onyo la Mapema kuhusu Ukame ya Novemba 2023,Disaster/Health
Kujilinda ni ulinzi wa kijamii. Chukua hatua kupunguza kasi ya kuenea kwa Coronavirus kwa kuvaa barakoa unapoenda hadharani kwa kufuata ushauri huu wa @janengoiri kwa #KomeshaCorona,Public Health
"Taarifa ya Bei ya Kenya, Desemba 2023",Disaster/Health
Kaunti ya Nyeri (Kieni): Taarifa ya Onyo la Mapema kuhusu Ukame Desemba 2023,Disaster/Health
Watu wengi bado hawajalindwa karibu na maji. Lakini kuzama majini kunaweza kuzuiwa. Hapa kuna dokezo za msingi za usalama wa majini.,Health
"Watu wanaojidunga dawa za kulevya wanaweza kuchukua tahadhari dhidi ya kuambukizwa VVU kwa kutumia vifaa vya kujidunga vilivyo tasa, ikiwa ni pamoja na sindano na sindano, kwa kila sindano na kutoshiriki vifaa vya kutumia madawa ya kulevya na ufumbuzi wa madawa ya kulevya. Matibabu ya utegemezi, na hasa tiba mbadala ya opioid kwa watu wanaotegemea afyuni, pia husaidia kupunguza hatari ya maambukizi ya VVU na kusaidia ufuasi wa matibabu ya VVU. Kifurushi cha kina cha hatua za kuzuia na matibabu ya VVU ni pamoja na:",General
"Kenya - Hali ya hewa kali na mafuriko (NOAA-CPC, vyombo vya habari) (ECHO Daily Flash ya 24 Aprili 2026)",Disaster/Health
Kuunda Mwitikio wa Kijinsia na Jumuishi kwa Unyanyasaji wa Kijinsia nchini Kenya,Disaster/Health
"Mtandao wa Kibinadamu wa ASAL MPCT Tathmini ya Msingi ya Walengwa Wapya, Kaunti ya Mandera (Februari 2022)",Disaster/Health
"Ukame katika Pembe ya Afrika: njia ngumu ya usaidizi kwa wakimbizi ambao hawajasajiliwa katika kambi za Wakimbizi za Dadaab, Kenya.",Disaster/Health
Athari za Mabadiliko ya Tabianchi kwa Usalama wa Chakula na Lishe katika Nchi Kame na Nusu Kame nchini Kenya: Mapitio Mafupi ya Fasihi.,Disaster/Health
"IRC, LEGO Foundation, na Grundfos Foundation yazindua mpango mpya wa dola milioni 27 unaolenga kuimarisha uzoefu wa kufundisha na kujifunza miongoni mwa wakimbizi na watoto wa jamii wanaowakaribisha nchini Kenya.",Disaster/Health
Kaunti ya Isiolo: Taarifa ya Onyo la Mapema kuhusu Ukame Juni 2022,Disaster/Health
Kambi ya Wakimbizi ya Dadaab na Kakuma nchini Kenya | Mpango wa Pamoja wa Ufuatiliaji wa Soko (JMMI) Q4 (Oktoba - Desemba 2024),Disaster/Health
"kuwataka watu kujua hali zao za maambukizi ya VVU kwa njia ya kupima, na kupata huduma za kinga, matibabu na matunzo ya VVU; na",General
"Kenya: Ripoti ya mtandao wa IFRC katikati ya mwaka, Januari - Juni 2023 (13 Desemba 2023)",Disaster/Health
"Kenya - Mafuriko, sasisho (Wizara ya Mambo ya Ndani na Utawala wa Kitaifa, Kenya Met, DG ECHO, vyombo vya habari) (ECHO Daily Flash ya 19 Machi 2026)",Disaster/Health
Kenya: Wakimbizi wasio na vibali wakipokea usaidizi wa kukidhi mahitaji ya kimsingi,Disaster/Health
UNFPA na Msalaba Mwekundu wa Kenya wanaungana kusambaza vifaa muhimu vya afya ya uzazi katika kukabiliana na El-Nino,Disaster/Health
Kaunti ya Meru (Meru-Kaskazini): Taarifa ya Onyo la Mapema kuhusu Ukame Oktoba 2022,Disaster/Health
"Tunapaswa kuzingatia hatua za kuzuia, ambazo ni pamoja na kuosha mikono, kuvaa barakoa wakati wote, kudumisha umbali wa kijamii na kimwili, na kuepuka mikusanyiko ya watu, miongoni mwa mengine; Dk Aman. #KomeshaCorona sasisho.",Public Health
"Kama mtu wa kujitolea, watu binafsi wanatarajiwa kuunga mkono kazi ya kibinadamu ya shirika na kuchangia kuboresha maisha ya wale wanaohitaji. Kwa kujitolea muda wao, ujuzi, na rasilimali, wanaojitolea katika Shirika la Msalaba Mwekundu la Kenya wanaonyesha kikamilifu kujitolea kuwahudumia wengine na kuleta matokeo chanya kwa jamii yao. Kimsingi, kuwa mfanyakazi wa kujitolea katika Shirika la Msalaba Mwekundu la Kenya si kazi tu au cheo, ni fursa ya kurudisha nyuma, kuhamasisha mabadiliko, na kuleta mabadiliko duniani.",General
"Jumuiya mwenyeji, haswa Turkana, zinakabiliwa na ugumu kama huo, unaoonyesha mapungufu ya muda mrefu ya maendeleo.",Disaster/Health
SHULE NYINGI KAME ZINAZOTAHITAJI INGILIO KWA MPANGO WA UHAMISHO WA FEDHA (NYUMBANI),General
Msaada wa Tahadhari ya Kenya Cash Consortium kwa Jamii Zilizoathiriwa na Maafa katika Kambi ya Wakimbizi ya Dadaab: Endline (Oktoba 2024),Disaster/Health
WHO yahimiza huduma kubwa za afya za COVID-19 katika mazingira ya kibinadamu ya Afrika16 Julai 2020,General
"The Virtual Asset Service Providers Bill, 2025 1 MSWADA WA MSWADA WA WATOA HUDUMA AINA YA MALI, WA 2025 UPANGILIO WA VIFUNGO SEHEMU YA I─AWALI 1— Jina fupi. 2 - Tafsiri. 3- Maana ya ""mtoa huduma wa mali halisi"". 4- Malengo ya Sheria. 5- Wigo wa maombi.",Disaster/Health
"Wakati wa mzunguko wa kuripoti wa GLASS wa 2025, Rwanda ilianza kuripoti data ya jumla na ya kiwango cha mtu binafsi, kuhakikisha uendelevu wakati wa mpito kwa ripoti ya kina zaidi ya ufuatiliaji.",Disaster/Health
"Licha ya mvua za hivi majuzi, ukame na mzozo wa usalama wa chakula nchini Kenya bado ni mkubwa na unaotishia maisha.",Disaster/Health
"UNAIDS na Shirika la Afya Duniani kwa hiyo wanaendelea kutetea mifumo tofauti ya utoaji huduma kwa watu kutoka makundi muhimu, ikiwa ni pamoja na kupitia huduma zinazoongozwa na jamii.",Health
Kaunti ya Tharaka Nithi: Taarifa ya Onyo la Mapema kuhusu Ukame kwa Januari 2023,Disaster/Health
Kenya: Jumuiya zinazokidhi mahitaji yao kupitia uhamishaji wa pesa taslimu bila masharti.,Disaster/Health
Kenya: Wasiwasi wa vifo katika maandamano,Disaster/Health
"Ufuatiliaji wa Msimu wa Afrika Mashariki: Mafuriko makubwa katika maeneo ya Afrika Mashariki (Aprili 30, 2024)",Disaster/Health
Kaunti ya Embu (Mbeere): Taarifa ya Onyo la Mapema kuhusu Ukame kwa Juni 2023,Disaster/Health
"Usafirishaji Haramu wa Wanawake 'Kwa Makubaliano' Nchini Kenya: Je, Ufeministi wa Mgawanyiko Unaweza Kutoa Suluhisho?",Disaster/Health
Taarifa ya Ujumbe Muhimu wa Kenya Septemba 2023: Mafuriko na bei ya juu ya chakula inazuia ukame katika maeneo ya wafugaji na maeneo ya mashambani.,Disaster/Health
Kenya na Zimbabwe zinawekeza katika kuzuia ukatili dhidi ya wanawake na wasichana,Disaster/Health
"Wakati wa mlipuko wa ugonjwa wa virusi vya Ebola (EVD) wa 2018-2020 (EVD) uliosababishwa na virusi vya ebola vya Zaire katika Jamhuri ya Kidemokrasia ya Kongo, jaribio la kwanza kabisa la udhibiti wa dawa mbalimbali bila mpangilio lilifanyika ili kutathmini ufanisi na usalama wa dawa zinazotumika kutibu wagonjwa wa EVD chini ya mfumo wa kimaadili ulioandaliwa kwa kushauriana na wataalamu katika uwanja huo na DRC.",General
Kaunti ya Tharaka-Nithi: Taarifa ya Onyo la Mapema kuhusu Ukame kwa Septemba 2024,Disaster/Health
"Muhtasari wa Nchi wa WFP Kenya, Oktoba 2024",Disaster/Health
"Hata kama kushindwa si kwa ghafla au janga, joto la muda mrefu linaweza kudhoofisha utegemezi, ufanisi na uthabiti wa huduma muhimu hatua kwa hatua.",Disaster/Health
"Mtazamo wa Usalama wa Chakula nchini Kenya, Aprili - Septemba 2026 - Mgogoro (IPC Awamu ya 3) kuendelea katika maeneo ya wafugaji, licha ya mvua nyingi nzuri.",Disaster/Health
Mishtuko Miwili Inatishia Suluhu za Kudumu kwa Wakimbizi nchini Kenya,Disaster/Health
Mwitikio wa haraka huleta ahueni kwa jamii zilizoathiriwa na mafuriko nchini Kenya,Disaster/Health
Wakulima wa Kenya Warejesha Ardhi - na Matumaini - Baada ya Mafuriko,Disaster/Health
Kenya: Uhamisho wa pesa unaleta ahueni kwa jamii zinazokabiliwa na ukame,Disaster/Health
Jinsi Ubunifu Mmoja wa Nishati ya Jua Ulivyobadilisha Jumuiya Nzima,Disaster/Health
"Usaidizi wa pesa taslimu utatolewa ili kuwezesha familia 2,000 zilizo katika mazingira magumu kupata chakula mara moja na kushughulikia mahitaji ya dharura bila kujihusisha na mbinu mbaya za kukabiliana nazo, kama vile kuuza wanyama au kuwaondoa watoto shuleni.",Education
Kaunti ya Makueni: Taarifa ya Onyo la Mapema kuhusu Ukame kwa Septemba 2023,Disaster/Health
TOR: Kikundi Kazi cha Usafirishaji Endelevu cha Mazingira cha Kenya (WREC),Disaster/Health
Mfululizo wa Muhtasari wa Mradi - Nambari 3: Ubunifu wa kiduara wa uchumi wa kibiolojia kwa wakimbizi na jamii zinazowakaribisha katika Afrika Mashariki,Disaster/Health
"Katika maeneo ya wafugaji, bei ya mifugo kwa ujumla ilipungua kati ya mwishoni mwa 2025 na mapema 2026 huku hali ya miili ya wanyama ikizidi kuwa mbaya.",Agriculture
"Mabadiliko ya hali ya hewa yanapozidisha viwango vya joto duniani, joto sugu litazidi kuwa lisilostahimilika kwa wakazi na maeneo ambayo tayari yameathiriwa, huku pia yakiwa ni tishio linaloongezeka kwa yale ambayo yameathiriwa kidogo kihistoria.",Disaster/Health
WHO inayohusika huku kesi za COVID-19 zikiongezeka barani Afrika2 Aprili 2020,General
"Idadi ya watu walioathiriwa na ukame kaskazini mwa Kenya, Oktoba 2022",Disaster/Health
Kenya: Athari na Majibu ya Mvua Kubwa na Mafuriko (hadi tarehe 20 Desemba 2023),Disaster/Health
Taarifa ya Dharura ya Afya ya Umma ya Ethiopia ya Kila Wiki: 28 Oktoba 2025,General
Ripoti ya Hali ya Kibinadamu ya UNICEF Kenya No. 1 (Ukame) - 1 Aprili hadi 31 Mei 2022,Disaster/Health
Kaunti ya Samburu: Taarifa ya Onyo la Mapema kuhusu Ukame Julai 2022,Disaster/Health
"Kenya: Mlipuko wa Kipindupindu - Usasishaji wa Uendeshaji, Rufaa No. MDRKE054 (22 Julai 2023)",Disaster/Health
Kaunti ya Baringo: Taarifa ya Onyo la Mapema kuhusu Ukame Julai 2022,Disaster/Health
"Kuzinduliwa kwa Mkakati huo, pamoja na mafanikio haya ya kisheria, kunaonyesha dhamira dhabiti ya kitaifa ya Kenya ya uthabiti, uthabiti wa kifedha, na ulinzi jumuishi kwa wakaazi wote.",Disaster/Health
"Huku kukiwa na mzozo mbaya zaidi wa ukame ulioshuhudiwa katika miaka 40 nchini Kenya, hitaji la huduma za GBV ni kubwa kuliko hapo awali, inaonya IRC.",Disaster/Health
Fahamu Ukweli Dalili za #COVID19 ni zipi. homa. kikohozi upungufu wa pumzi. Msaada wa #KomeshaCorona kujikinga na uwapendao dhidi ya #CoronaVirus,Public Health
Kaunti ya Narok: Taarifa ya Onyo la Mapema kuhusu Ukame kwa Septemba 2024,Disaster/Health
Kenya: Usalama wa Chakula na Utapiamlo wa IPC - Uhaba Mkali wa Chakula: Julai 2023 - Januari 2024; Utapiamlo Mkali: Aprili - Oktoba 2023,Disaster/Health
Kaunti ya Narok: Taarifa ya Onyo la Mapema kuhusu Ukame kwa Aprili 2022,Disaster/Health
Taarifa ya Tahadhari ya Mapema ya Kitaifa (Agosti 2022),Disaster/Health
"Sasisho la Kiuchumi la Kenya, Linalolenga Juu: Kupata Elimu Ili Kudumisha Ufufuaji (Juni 2022) Toleo Na. 25",Disaster/Health
"Ujumbe wa ICRC Mkoa wa Nairobi: Ukweli na Takwimu - Shughuli nchini Kenya, Djibouti na Tanzania (Januari - Desemba 2025)",Disaster/Health
Kaunti ya Samburu: Taarifa ya Onyo la Mapema kuhusu Ukame kwa Desemba 2023,Disaster/Health
"Sasa kutana na Julius Kareno Ole Menye, kutoka kaunti ya Narok, mfano bora wa kutumia vichekesho kukumbusha jamii yake kukaa nyumbani, kunawa mikono na kuendelea kuweka umbali ili kuzuia kuenea kwa Covid-19. #KomeshaCorona",Public Health
Kaunti ya Embu (Mbeere): Taarifa ya Onyo la Mapema kuhusu Ukame kwa Septemba 2024,Disaster/Health
Mapungufu katika utoaji wa huduma ya lishe huongeza zaidi hatari hizi.,Health
Kaunti ya Nyeri (Kieni): Taarifa ya Onyo la Mapema kuhusu Ukame Mei 2022,Disaster/Health
Uwekezaji wa Mfuko wa Kimataifa katika Miundombinu ya Oksijeni ya Matibabu Yazinduliwa nchini Kenya,Disaster/Health
"Uchungu ulipokuwa ukiongezeka, Lucy Makena, afisa wa afya ya uzazi kutoka kliniki inayohamishika ya karibu inayoungwa mkono na Shirika la Afya Duniani (WHO), alifika nyumbani hapo.",Health
"Embu CHPO & CDPH inahamasisha ""Wanjiku"" kuhusu COVID 19 katika soko la wazi. Umuhimu wa usafi wa mikono na umbali wa kijamii ni miongoni mwa masuala ya afya yaliyojadiliwa. #KomesaCorona",Public Health
ACTED Kenya: kutoa msaada wa dharura wa pesa kusaidia familia zilizoathiriwa na ukame katika Kaunti ya Turkana,Disaster/Health
Upanuzi wa chanjo ya malaria unafuatia pendekezo la kwanza la WHO la chanjo ya malaria mnamo Oktoba 2021 ambalo lilitokana na data na maarifa yaliyotolewa kutoka kwa majaribio.,Health
Wakimbizi wa Kisomali wanahangaika wakati wa Ramadhani huku ukame ukichochea mahitaji zaidi,Disaster/Health
"Licha ya vikwazo hivi, nchi zote mbili zilionyesha kuwa maendeleo yanawezekana kupitia mipango iliyopangwa, uratibu thabiti, zana sanifu, uhakikisho wa ubora wa data na usaidizi endelevu wa washirika.",Disaster/Health
"Kifungu cha 23 (1) cha Sheria ya Uhifadhi na Usimamizi wa Wanyamapori, 2013 (kama ilivyorekebishwa) kinaanzisha Mfuko wa Udhamini wa Uhifadhi wa Wanyamapori.",Disaster/Health
"Kuza, kuwezesha na kuongoza mfumo wa utafiti wa kitaifa kupitia sera zinazosawazisha ujumuishaji wa Utafiti na Maendeleo (R&D) katika maendeleo ya jumla ya uchumi wa kitaifa.",General
Kenya: Athari za kibinadamu za mvua kubwa na mafuriko - Sasisho la Flash #2 (20 Novemba 2023),Disaster/Health
Kenya - Kaunti ya Garissa - Ramani ya Miundomsingi ya Kaunti Ndogo ya Dadaab (29/08/2024),Disaster/Health
"Ripoti ya Kanda ya 2024: Programu ya Kikanda ya Kuimarisha Hali ya Hewa ya Uwekezaji kwa Uwezeshaji wa Kiuchumi kwa Wakimbizi, Waliorudishwa na Mwenyeji/Wanawake wa Jumuiya ya Kurudi Mashariki na Pembe ya Afrika na Ukanda wa Maziwa Makuu.",Disaster/Health
Lisha Wakati Ujao: Karatasi ya Ukweli ya USAID ya Kenya 2023,Disaster/Health
Mpango wa Changamoto ya Elimu ya Wasichana (GEC) unalenga kusaidia hadi milioni ya wasichana maskini zaidi duniani kuboresha maisha yao kupitia elimu.,General
"Hata hivyo, katika maeneo ya kaskazini-mashariki na baadhi ya mashariki (kaunti za Mandera, Wajir, Garissa na Tana River) hali ya malisho mnamo Machi ilisalia chini- wastani kufuatia ukame mkali mwishoni mwa 2025 (ramani ya Kielezo cha Hali ya Uoto).",Disaster/Health
Kaunti ya Meru (Meru-Kaskazini): Taarifa ya Onyo la Mapema kuhusu Ukame Julai 2022,Disaster/Health
Muungano wa Kupinga Unyanyasaji wa Kijinsia Waitaka Serikali ya Kenya Kuchukua Hatua Kukomesha Mauaji ya Wanawake na Unyanyasaji Dhidi ya Wanawake nchini Kenya.,Disaster/Health
"Mradi wa ACE II unakaa katika Kurugenzi ya Elimu ya Vyuo Vikuu(DUE) na unafadhiliwa kwa pamoja na Serikali ya Kenya na Benki ya Dunia kupitia usaidizi wa mikopo. Vituo vitatu vimeanzishwa nchini Kenya ambavyo ni; Chuo Kikuu cha Egerton na Chuo Kikuu cha Sayansi na Teknolojia cha Jaramogi Oginga Odinga ambacho kinatekeleza miradi inayohusu usalama wa chakula huku kituo cha tatu kikiwa Chuo Kikuu cha Moi kinachoshughulikia nishati mbadala. Mradi huo ulitangazwa kuanza kutumika kuanzia tarehe 4 Februari, 2017 na utafungwa Juni 2022.",General
Ripoti ya Mwaka ya Nchi ya Kenya 2023 - Mpango Mkakati wa Nchi 2018 - 2023,Disaster/Health
Kufanya mazoezi ya usafi kunaweza kusaidia kuzuia uchafuzi wa barakoa. Nawa mikono yako kabla na baada ya kuvaa barakoa. #KomeshaCorona,Public Health
"Kichekesho hiki kinagusa mada muhimu kama vile kunawa mikono, umbali wa kijamii, kuvaa vinyago katika jamii, kwa hisani ya Julius Ole Menye kutoka kaunti ya Narok. Ningesema tazama zote na ushiriki ili kusaidia kuzuia kuenea kwa coronavirus. Kampeni ya #KomeshaKorona.",Public Health
Utumiaji wa chanjo ya COVID-19 barani Afrika unaongezeka kwa 15% 18 Machi 2022,General
"Watu wanaotaka kuwasilisha maoni wanaombwa kuchanganua msimbo wa QR ambao unaweza pia kupatikana katika tovuti ya Hazina ya Kitaifa www.treasury.go.ke, tovuti ya PPRA https://ppra.go.ke na tovuti ya KISM htps://kism.or.ke na ujaze fomu ya marejesho humo.",Governance
Kaunti ya Meru (Meru-Kaskazini): Taarifa ya Onyo la Mapema kuhusu Ukame kwa Agosti 2023,Disaster/Health
Kaunti ya Tharaka Nithi: Taarifa ya Onyo la Mapema kuhusu Ukame kwa Februari 2023,Disaster/Health
Mpango wa Kukabiliana na El Nino wa Kenya: Arifa kuhusu Mafuriko ya Dharura - Oktoba 2023,Disaster/Health
"Kwa sasa hakuna chanjo ya kuzuia maambukizi ya COVID-19. Njia pekee ya kuzuia, ni kuepuka kuwa wazi kwa virusi. epuka kugusa macho, pua na mdomo wako. kohoa na kupiga chafya kwenye kiwiko cha mkono epuka kupeana mikono kaa nyumbani na osha mikono yako mara kwa mara #KomeshaCorona",Public Health
"Kutoa mtaala unaobadilika kulingana na mahitaji ya wafanyikazi wa uchumi unaobadilika; Toa ujuzi wa soko, ujuzi wa kiufundi na mitazamo ambayo inajibu mahitaji ya soko la kisasa la ajira kwa tasnia, sekta isiyo rasmi na kujiajiri; Kazi mahususi za Kurugenzi ni: Kukuza viwango vya elimu ya ufundiKitendo/kiwanda kiambatisho cha maendeleo ya mtaalaUtaratibu wa maendeleo ya mtaala. utekelezajiUsajili wa taasisi za TIVET Uratibu wa mitihani ya kiufundi na biashara Tathmini ya vifaa vya Taasisi na uwezo wa TVET.",General
Inastahili kufahamishwa na kushiriki katika shughuli za tawi,General
Mwitikio wa Fedha wa Malengo Mbalimbali wa Kenya Cash Consortium kwa Wakimbizi Walioathiriwa na Mafuriko huko Dadaab: Msingi - Februari 2024,Disaster/Health
Msaada wa Tahadhari ya Kenya Cash Consortium kwa Jamii Zilizoathiriwa na Maafa katika ASAL za Kenya: Endline (Agosti 2024),Disaster/Health
Kenya: Mwitikio wa Ukame - Uwepo wa Kiutendaji (Kuanzia Machi 2022),Disaster/Health
Kaunti ya Isiolo: Taarifa ya Onyo la Mapema kuhusu Ukame kwa Oktoba 2024,Disaster/Health
Kenya: Machafuko ya Kijamii ya Baringo - Sasisho la Uendeshaji la DREF (MDRKE059),Disaster/Health
CoronaVirusKenya Tunatoa wito kwa Wakenya ambao wamesafiri hadi China kwa wiki mbili zilizopita kujichunguza katika vituo mbalimbali vya afya vilivyo karibu nao kwani muda wa kuangua virusi hivi ni wiki mbili @BBCWorld @RadioCitizenFM @KBCChannel1 @CapitalFMKenya @GhettoRadio895,Public Health
"Kutoka kwa Hatari ya Hali ya Hewa hadi Ustahimilivu: Kufungua Athari za Kiuchumi za Mabadiliko ya Tabianchi nchini Kenya, Novemba 2023",Disaster/Health
"Ingawa upatikanaji wa huduma ya uzazi yenye ujuzi bado ni mdogo katika baadhi ya maeneo ya Kanda ya Afrika, uwekezaji unaolengwa katika mafunzo ya wafanyakazi wa afya na utoaji wa huduma unasaidia kuziba pengo hilo, kama ilivyo kwa Leaungokiok.",Health
Kaunti ya Mandera: Taarifa ya Onyo la Mapema kuhusu Ukame ya Juni 2022,Disaster/Health
"Mtandao wa Kibinadamu wa ASAL MPCT Tathmini ya Msingi ya Walengwa Wapya, Kaunti ya Turkana (Februari 2022)",Disaster/Health
Kenya - Ufuatiliaji wa Uhamaji na Tathmini ya Mahali ya Sekta mbalimbali katika Kaunti ya Turkana Awamu ya #2 (Juni 2023),Disaster/Health
Kenya: Kadi ya afya na mazingira,Disaster/Health
Kaunti ya Kitui: Taarifa ya Onyo la Mapema kuhusu Ukame kwa Novemba 2023,Disaster/Health
Usafirishaji wa chanjo ya COVID-19 barani Afrika unapanda29 Julai 2021,General
Mazingira ya Ghasia za Kisiasa nchini Kenya Kuelekea Uchaguzi wa 2022,Disaster/Health
MPANGO WA KIKUNDI CHENYE HATARI NA WALIO PEKEO KWA ELMOLO KATIKA KAUNTI YA MARSABIT.,General
Kukuza na kuratibu maendeleo ya Sayansi na Teknolojia.,General
Kaunti ya Lamu: Taarifa ya Onyo la Mapema kuhusu Ukame kwa Juni 2024,Disaster/Health
"Kama PS alivyosema: mwanafunzi katika Ol'Kalou sasa anapata vifaa sawa, vipimo sawa, kama mwanafunzi wa Nairobi au Mombasa.",General
"Kuwa macho na mtu yeyote aliye na dalili kama vile homa kali, kupiga chafya, kukohoa, maumivu ya mwili - piga 719 kwa usaidizi. #KomeshaCorona.",Public Health
Magonjwa yasiyoambukiza na afya ya akili katika ripoti ya maendeleo ya WHO Kanda ya Afrika 2024,Health
Kaunti ya Laikipia: Taarifa ya Onyo la Mapema kuhusu Ukame ya Novemba 2022,Disaster/Health
Grandi wa UNHCR apongeza uzinduzi wa mpango wa kihistoria wa ujumuishaji wa wakimbizi nchini Kenya,Disaster/Health
"Kanuni hizi zinaweza kutajwa kuwa Kanuni za Mfuko wa Michezo, Sanaa na Maendeleo ya Jamii (Marekebisho) za 2024.",Disaster/Health
Kusaidia wakimbizi nchini Somalia na Kenya,Disaster/Health
Kaunti ya Samburu: Taarifa ya Onyo la Mapema kuhusu Ukame kwa Aprili 2024,Disaster/Health
"Matokeo haya yanaonyesha dhamira endelevu ya wahudumu wa afya, wafanyakazi wa kujitolea wa kijamii, na familia ambao walihakikisha kwamba watoto wanafikiwa hata katika maeneo ya mbali zaidi, au wakati wa kuhama.",General
Kenya: Mlipuko wa Polio - Operesheni ya DREF (MDRKE062),Disaster/Health
"CAS, Dk Rashid: Makada hawa wataendesha kituo cha simu huku tukisubiri kupelekwa kwa wanasaikolojia 40, ambao wanaajiriwa na Tume ya Utumishi wa Umma. @PSCKenya #WorldSuicidePreventionDay",Public Health
Kaunti ya Samburu: Taarifa ya Onyo la Mapema kuhusu Ukame kwa Aprili 2022,Disaster/Health
Ripoti ya Hali ya Kibinadamu ya UNICEF Kenya Nambari 01 Katikati ya Mwaka 2024,Disaster/Health
"Kenya - Maporomoko ya ardhi na mafuriko (vyombo vya habari, Kenya Met Department)(ECHO Daily Flash ya 16 Mei 2024)",Disaster/Health
"Banjul—Nchini Gambia, juhudi za kijasiri na zilizoratibiwa zinaboresha upatikanaji wa chanjo za kuokoa maisha kwa wasichana wabalehe nchini kote. Ili kupata chanjo ya wasichana waliokosa wakati wa kampeni ya 2025, Gambia inatekeleza…",General
"Muhtasari wa Usaidizi wa USAID/BHA Kenya, Februari 2024",Disaster/Health
Jumuiya Zinazosimamia: Masomo kwa Mfuko wa Kimataifa wa Kukabiliana na Hasara na Uharibifu kutoka kwa mradi unaoongozwa na wenyeji nchini Kenya.,Disaster/Health
Kujumuisha Waganga wa Kienyeji na Kidini katika Mfumo Rasmi wa Huduma ya Afya kwa Maandalizi na Udhibiti wa Magonjwa Ambukizi Sana kama vile Ebola.,Disaster/Health
Afrika Mashariki: Mvua kubwa na mafuriko Sasisho la Flash #1 (3 Mei 2024),Disaster/Health
Kaunti ya Kwale: Taarifa ya Onyo la Mapema kuhusu Ukame Julai 2022,Disaster/Health
Uchaguzi wa Kenya: amani lazima itawale,Disaster/Health
"Toleo la 26 la Usasisho wa Uchumi wa Kenya (KEU): Inaendelea Kurudishwa, lakini Dhoruba Hufunika Upeo - Sera za Kuharakisha Uchumi Wenye Tija kwa Ukuaji Jumuishi",Disaster/Health
"Kenya - Mafuriko na maporomoko ya ardhi, sasisho (vyombo vya habari, Idara ya Hali ya Hewa ya Kenya) (ECHO Daily Flash ya 4 Mei 2026)",Disaster/Health
Kenya - Kaunti ya Garissa - Dadaab - Ramani ya Miundombinu ya Kambi ya Wakimbizi ya Dagahaley (29/08/2024),Disaster/Health
Vizuizi vya kimuundo vinazuia zaidi ufikiaji wa kazi.,Disaster/Health
Kaunti ya Garissa: Taarifa ya Onyo la Mapema kuhusu Ukame kwa Juni 2022,Disaster/Health
"Athari za maporomoko ya ardhi/matope katika Mai Mahiu na KijabeTowns, Kenya kuanzia tarehe 1 Mei 2024 - Uchambuzi wa Picha: 01/05/2024 Limechapishwa 02/05/2024 V1",Disaster/Health
"Kama timu ya afya ya kaunti, tutaendelea kufanya kazi na washirika katika kuongeza ufikiaji wa chanjo ya COVID-19 na kuunga mkono wazo hili zuri katika kuhakikisha kuwa makundi yote ya watu yamechanjwa, ikiwa ni pamoja na watu walio katika mazingira magumu na waliotengwa,"" alisema Florence Aketch, Mratibu wa Kaunti ya Kisumu kwa Mpango wa Kupanua wa Chanjo.",Health
Sasisho la Uendeshaji la UNHCR Kenya #9 (Septemba 2023),Disaster/Health
"Nairobi—Kenya inaharakisha juhudi za kuondoa ugonjwa wa limfu, unaojulikana kama tembo, kama tatizo la afya ya umma ifikapo mwaka wa 2027. Usimamizi wa madawa ya kila mwaka unaofanywa kati ya 2016 na 2022 umekuwa na matokeo...",General
"Dalili za ugonjwa wa Ebola zinaweza kuwa ghafla. Ni pamoja na homa, uchovu, misuli, maumivu, maumivu ya kichwa na koo. Hii inafuatwa na kutapika, kuhara, upele, dalili za kuharibika kwa figo na ini, na katika baadhi ya matukio ya ndani na nje ya damu (kwa mfano, kutoka kwa ufizi, damu kwenye kinyesi). Matokeo ya kimaabara ni pamoja na kupungua kwa seli nyeupe za damu na hesabu za platelet na vimeng'enya vilivyoinuliwa vya ini.",General
Muhtasari wa Sera - Kujenga Ustahimilivu: Kushughulikia Athari za Hatari zinazohusiana na Hali ya Hewa kwa Maisha na Kazi Isiyo na Malipo ya Kaya katika Wilaya za Kenya zinazohifadhi Wakimbizi.,Disaster/Health
"Mnamo 2023, usaidizi wa kichocheo kutoka Google.org ulizindua ushirikiano wa msingi kati ya WFP, Chuo Kikuu cha Oxford, na taasisi muhimu za kikanda-IGAD's Climate Prediction and Application Center (ICPAC), Idara ya Hali ya Hewa ya Kenya (KMD), na Taasisi ya Hali ya Hewa ya Ethiopia (EMI).",Disaster/Health
"Mkakati huo mpya, uliotayarishwa kwa msaada wa kiufundi kutoka Ofisi ya Umoja wa Mataifa ya Kupunguza Hatari za Maafa (UNDRR), unatoa mfumo mpana wa kuimarisha ustahimilivu wa kifedha kupitia kuhama kutoka kwa ufadhili tendaji, unaotokana na shida hadi utayarishaji wa kifedha unaozingatia hatari hadi 2030.",Disaster/Health
Mita za nishati mahiri kwa vifaa vya jamii vya wakimbizi,Disaster/Health
Kenya: Komesha Unyanyasaji wa Polisi wa Maandamano,Disaster/Health
WHO inahimiza nchi kurekebisha mikakati ya kupima VVU ili kukabiliana na mabadiliko ya janga,General
"Kupima VVU na magonjwa mengine ya zinaa kunashauriwa sana kwa watu wote walio katika hatari yoyote. Kupitia kupima, watu hujifunza kuhusu hali yao ya maambukizi na kupata huduma muhimu za kinga na matibabu bila kuchelewa. WHO pia inapendekeza kutoa upimaji kwa wenzi au wanandoa. Zaidi ya hayo, WHO inapendekeza mbinu za usaidizi za arifa za washirika ili watu walio na VVU wapate usaidizi wa kuwafahamisha wenzi wao wao wenyewe, au kwa usaidizi wa watoa huduma za afya.",General
"COVID-19 imeathiri afya yetu ya akili. Hatua kama vile kukaa nyumbani, kuweka umbali wa kijamii pamoja na kutengwa kumesababisha wasiwasi mwingi. Lakini tumeona mabadiliko hasa katika tabia kama vile kuongezeka kwa usafi wa mikono; CS Mutahi Kagwe. #KomeshaCorona",Public Health
Kaunti ya Pokot Magharibi: Taarifa ya Onyo la Mapema kuhusu Ukame kwa Oktoba 2024,Disaster/Health
"Takriban robo tatu ya wakazi wanaripoti kukumbana na matatizo ya kiafya yanayohusiana na joto, ikiwa ni pamoja na uchovu wa joto, upungufu wa maji mwilini na hali ya ngozi.",Health
PS pia hutoa mamlaka ya uangalizi kwa Mashirika ya Serikali yafuatayo chini ya Idara ya Jimbo la Elimu ya Msingi:,General
Kuboresha maisha ya watu walioathiriwa na filariasis ya limfu nchini Kenya,General
Kaunti ya Kitui: Taarifa ya Onyo la Mapema kuhusu Ukame kwa Septemba 2023,Disaster/Health
Wadau wa Ushirika na Wanawake na Vijana wa Afrika Mashariki katika Minyororo ya Thamani ya Kilimo: Karatasi ya ukweli 2024,Disaster/Health
"Kupima VVU, kaswende na HBV katika kliniki za wajawazito.",General
"Katika miongo ya hivi majuzi, ukame na mafuriko yameathiri sana jamii, hasa katika maeneo ya Ardhi Kame na Nusu Kame (ASAL).",Disaster/Health
"Ni vyema pia kuwapima upya watu wote waliogunduliwa kuwa na VVU kabla ya kujiandikisha kwenye huduma na/au matibabu ili kuondoa makosa yoyote yanayoweza kutokea ya upimaji au kuripoti. Hasa, mara mtu aliyegunduliwa na VVU ameanza matibabu, haipaswi kupimwa tena.",General
Kaunti ya Baringo: Taarifa ya Onyo la Mapema kuhusu Ukame ya Oktoba 2022,Disaster/Health
VIDEO:Mpango wa Kuboresha Shule (Kenya) Nyaraka kuhusu Uchambuzi Maalum wa KCPE wa Shule,General
Makundi haya yanarejelewa kupitia wahusika wakuu wa ulinzi na rufaa nchini Kenya ili kupokea MPCA kama safu ya ziada ya kusaidia uokoaji.,Disaster/Health
"Sote tukumbuke kuwa safu yetu ya kwanza ya utetezi kupiga virusi bado inabaki kuwa hatua za kuzuia. Hizi ni kunawa mikono kwa sabuni na maji yanayotiririka, kudumisha umbali wa kijamii na kimwili, kuvaa barakoa unapokuwa katika maeneo ya umma. #KomeshaCorona sasisho.",Public Health
Ripoti ya Hali ya Kibinadamu ya UNICEF Kenya Nambari 4 (Ukame): 31 Agosti 2022,Disaster/Health
"Masharti ya Marejeleo ya Utafiti: Tathmini za Msingi, Mstari wa kati, na mwisho wa Muungano wa Kenya Cash Consortium kwa wakimbizi ambao hawajasajiliwa katika kambi za wakimbizi za Dadaab, KEN2203 (Mei 2022, V1)",Disaster/Health
Kuna nguvu katika hadithi za jamii tunazosimulia,Disaster/Health
Kaunti ya Kilifi: Taarifa ya Onyo la Mapema kuhusu Ukame kwa Mei 2022,Disaster/Health
WHO yataka hatua kali za kiusalama za COVID-19 kama nchi za Afrika zianze tena safari za ndege2 Julai 2020,General
"Serikali ya Kenya ilibuni Mwongozo wa Kitaifa wa Hatua ya Kutarajia kwa usaidizi kutoka kwa washirika likiwemo Shirika la Chakula na Kilimo la Umoja wa Mataifa (FAO),3 ambao ulichangia katika uundaji wa vichochezi na vizingiti vinavyoelekeza hatua za mapema.",Governance
Kaunti ya Isiolo: Taarifa ya Onyo la Mapema kuhusu Ukame kwa Agosti 2024,Disaster/Health
"Mfano wa 2(a) hutumia mchakato wa kutoa zabuni kwa watoa huduma kama vile mashirika ya kiraia (k.m. katika Jamhuri ya Moldova), au ruzuku kwa serikali za mikoa na manispaa.",Governance
Hakuna tiba nzuri ya VVU kwa sasa lakini VVU inaweza kukandamizwa kwa mchanganyiko wa dawa zinazoitwa tiba ya kurefusha maisha (ARV) yenye dawa tatu au zaidi za ARV. Tiba ya kurefusha maisha haiponyi maambukizo ya VVU lakini hukandamiza uzazi wa virusi ndani ya mwili wa mtu na kuruhusu mfumo wa kinga ya mtu kuimarisha na kurejesha uwezo wa kupambana na maambukizi.,General
Kaunti ya Lamu: Taarifa ya Onyo la Mapema kuhusu Ukame kwa Septemba 2022,Disaster/Health
"Taarifa ya Bei ya Kenya, Septemba 2024",Disaster/Health
"Kati ya 2020 na 2024, Kaunti ya Tana River ilikumbwa na mizunguko ya ukame na mafuriko, na hivyo kuzidisha mwelekeo wa watu kuhama makazi yao.",Disaster/Health
"Muhtasari wa Nchi wa WFP Kenya, Aprili 2024",Disaster/Health
Kuendeleza Usalama wa Maji katika Mkoa wa IGAD,Disaster/Health
"Muhtasari wa Utafiti: Matokeo Kutoka kwa Re:BUiLD's Wave 1 Randomized Control Trials (RCTs) Juu ya Ushauri na Ruzuku ya Fedha kwa Wajasiriamali Wadogo huko Nairobi, Kenya na Kampala, Uganda.",Disaster/Health
Sasisho la #covid19kenya Kituo cha simu kimeanzishwa ili kuboresha mawasiliano kwenye COVID-19. Wanachama wanaweza kuwasiliana na watu kwa kupiga 719 kwa ujumbe wa sauti au *719# kwa ujumbe mfupi. Hili litatumika katika mitandao yote @SpokespersonGoK @KNH_hospital @WHOKenya @CDCKenya,Public Health
"Wakaazi wa shule ya msingi ya St Teresa Mlango Kubwa, walijitokeza kwa wingi kwa ajili ya upimaji wa bure wa COVID-19 uliolengwa ili kuzuia maambukizi ya virusi katika eneo hilo. #KomeshaCorona",Public Health
"Kenya | Muhtasari wa Soko wa Mpango wa Pamoja wa Ufuatiliaji wa Soko (JMMI), Q1 (Januari - Machi, 2025)",Disaster/Health
"Mvua na hasara: Kenya inakabiliana na mafuriko makubwa, na kusababisha maelfu ya watu kuyahama makazi yao",Disaster/Health
Kaunti ya Tharaka Nithi: Taarifa ya Onyo la Mapema kuhusu Ukame Desemba 2022,Disaster/Health
MPANGO WA KUNDI HALISI NA WALIO PEKEO KWA JUMUIYA YA WASHENGA KATIKA KAUNTI YA POKOT MAGHARIBI.,General
Kenya - Kaskazini mwa Kenya: Ukali wa Ukame na Mfichuo wa Idadi ya Watu katika Kaunti ya Marsabit (28 Januari 2026),Disaster/Health
Kaunti ya Garissa: Taarifa ya Onyo la Mapema kuhusu Ukame kwa Septemba 2022,Disaster/Health
Kuenea kwa magonjwa yasiyoambukiza na sababu zao za hatari na vifo vya hospitalini kwa wagonjwa wa COVID-19 katika Kanda ya Afrika ya WHO: mapitio ya kimfumo na uchambuzi wa meta.,General
Kenya: Milipuko ya magonjwa yanayoenezwa na wadudu - DREF n° MDRKE050 - Ripoti ya Mwisho,Disaster/Health
Afrika inahitaji haraka dozi milioni 20 za pili za chanjo ya COVID-1927 Mei 2021,General
Nchi tisa kati ya 10 za Afrika zimekosa lengo la dharura la chanjo ya COVID-1910 Juni 2021,General
Kudumisha huduma za afya katika Jimbo la Gaza nchini Msumbiji baada ya mafuriko makubwa,General
Harakati za Idadi ya Watu Kenya - Ripoti ya Mwisho ya DREF (MDRKE067),Disaster/Health
VIDEO:Mpango wa Kuboresha Shule (Kenya) Nyaraka kuhusu Mazingira ya Shule na Maslahi ya Wanafunzi,General
Maslahi ya wadau huvuruga uratibu wa fedha za hali ya hewa,Disaster/Health
Kaunti ya Wajir: Taarifa ya Onyo la Mapema kuhusu Ukame kwa Juni 2023,Disaster/Health
Azimio la Kisiasa la 2021 kuhusu VVU na UKIMWI lilibainisha kuwa mashirika yanayoongozwa na jamii yanapaswa kuwa yanatoa 80% ya huduma za kuzuia VVU kwa watu walio katika hatari kubwa ya kuambukizwa VVU ifikapo 2025.,Health
"Dalili za VVU hutofautiana kulingana na hatua ya maambukizi. Ingawa watu wanaoishi na VVU huwa wanaambukiza zaidi katika miezi michache ya kwanza, wengi hawajui hali yao hadi hatua za baadaye. Katika wiki chache za kwanza baada ya maambukizo ya awali, watu wanaweza kukosa dalili au ugonjwa kama homa kama vile homa, maumivu ya kichwa, upele, au koo.",General
"Taarifa ya Hali ya Kenya Januari 2024: Al-Shabaab, Wanamgambo wa Wafugaji, na M23",Disaster/Health
Kenya: Mvua Kubwa na Taarifa ya Mafuriko - Sasisho la Flash #7 (19 Juni 2024),Disaster/Health
"@DrMercyHealth . Kenya imetokomeza ugonjwa wa Pepopunda kwa akina mama na watoto wachanga, kutokomeza Virusi vya Polio Pori kupitia utekelezaji wa Mpango wa Kitaifa wa Chanjo katika uwekezaji shirikishi na washirika wa maendeleo #CoronaVirusUpdates",Public Health
Kenya Wakimbizi waliosajiliwa na wanaotafuta hifadhi | Agosti 2025,Disaster/Health
@DrMercyHealth . Wizara kupitia Taasisi ya Utafiti wa Kimatibabu ya Kenya (KEMRI) na Taasisi ya Kenya Aids Vaccine Initiative Initiative (KAVI-ICR) imekuwa ikiongoza katika tafiti shirikishi za Covid-19 nchini na kimataifa. Taarifa za #CoronaVirus,Public Health
"Shinikizo la afya ya akili huongeza uwezekano wa kuathirika, huku dalili zinazoongezeka za dhiki na wasiwasi zikidhoofisha uwezo wa kaya wa kukabiliana na mishtuko na kuwekeza katika maisha ya baadaye.",Health
"Hatimaye, nguvu ya mfumo wa afya hupimwa si tu kwa ubora wa huduma zinazotolewa, lakini pia na ubora wa uhusiano unaojenga na watu.",General
Kuzuia na kudhibiti magonjwa ya zinaa (STIs) katika enzi ya oral pre-exposure prophylaxis (PrEP) kwa VVU.,General
Umoja wa Mataifa unaonyesha mshikamano wake na Kenya kufuatia mafuriko makubwa,Disaster/Health
Kaunti ya Kajiado: Taarifa ya Onyo la Mapema kuhusu Ukame ya Juni 2024,Disaster/Health
Kaunti ya Isiolo: Taarifa ya Onyo la Mapema kuhusu Ukame la Aprili 2023,Disaster/Health
Ukame na migogoro husababisha idadi kubwa zaidi ya Wasomali katika kambi za wakimbizi za Kenya katika muongo mmoja,Disaster/Health
"Katibu wa Baraza la Mawaziri wa Elimu Julius Migos Ogamba wakati wa kutangaza ripoti ya wakufunzi 2,000 TVET .",General
Kuwawezesha wakulima wa Kenya: Kujenga uwezo wa kifedha,Disaster/Health
"Kikao cha sitini na sita cha Kamati ya Mkoa kiliidhinisha waraka ""VVU/UKIMWI: Mfumo wa utekelezaji katika Kanda ya Afrika ya WHO 2016-2020"". Mfumo huo umeundwa ili kuongoza Nchi Wanachama katika kutekeleza mkakati wa sekta ya afya duniani kuhusu VVU, 2016–2021. Inaelezea hatua za kuharakisha uzuiaji na matibabu ya VVU katika Kanda ya Afrika kuelekea kumaliza janga la UKIMWI. Hatua zilizopendekezwa ni pamoja na kuweka kipaumbele katika kuzuia VVU, kupanua huduma za upimaji wa VVU kwa kutumia mbinu mbalimbali na kuongeza tiba ya kurefusha maisha kwa kutumia miundo bunifu ya utoaji huduma.",General
Kaunti ya Laikipia: Taarifa ya Onyo la Mapema kuhusu Ukame kwa Machi 2024,Disaster/Health
Kaunti ya Taita Taveta: Taarifa ya Onyo la Mapema kuhusu Ukame la Desemba 2022,Disaster/Health
Kuanzia Ukame Hadi Mafuriko: Madhara ya Kenya Kuanza Msimu wa 'Mvua Mrefu' 2023,Disaster/Health
Kaunti ya Kilifi: Taarifa ya Onyo la Mapema kuhusu Ukame kwa Juni 2024,Disaster/Health
"Mashirika Yanayoongozwa na Wakimbizi Katika Afrika Mashariki: Maoni ya Jumuiya Nchini Kenya, Uganda, Ethiopia na Tanzania",Disaster/Health
Kenya: Ukame - Msongamano wa Watu (3 Jul 2023),Disaster/Health
Kuweka mawanda ya fedha na hali ya hewa katika Afrika Mashariki na Kenya: kwa kuzingatia Pesa na Hatua ya Kutarajia,Disaster/Health
Karatasi ya Ukweli ya Ustahimilivu wa USAID Kenya,Disaster/Health
Chukua hatua hizi za Tahadhari kuzuia kuenea kwa ugonjwa wa #Covid_19 #covid19kenya @PDUDelivery @SpokespersonGoK @WHOKenya @Amref_Kenya @UNICEFKenya @KEMRI_Kenya @KNH_hospital @KenyaRedCross @MTRHofficial,Public Health
Matukio ya Kenya na Rwanda yanaonyesha jinsi data bora inaweza kusaidia nchi kusalia mbele ya matishio makubwa zaidi ya afya ya umma katika wakati wetu.,Health
"Kenya - Kimbunga cha Tropiki IALY (vyombo vya habari, Idara ya Hali ya Hewa ya Kenya, MFLR, GDACS) (ECHO Daily Flash ya 23 Mei 2024)",Disaster/Health
"Natoa wito kwa vijana kuendeleza ishara nzuri kama nyinyi ni viongozi wetu wa baadaye na lazima muongoze kutoka mbele kuelekea kuleta athari ya kweli ambayo siku moja inaweza kuokoa maisha ya rafiki, mpendwa na pengine, maisha yako mwenyewe..."" Dk Mwangangi, CAS Health",Public Health
Kaunti ya Kajiado: Taarifa ya Onyo la Mapema kuhusu Ukame la Septemba 2024,Disaster/Health
"Mitindo ya Unyanyasaji wa Kijinsia kabla na baada ya Kuzinduliwa kwa Hatua za Kukabiliana na COVID-19, Kenya",Disaster/Health
Njaa na Kujiua: Wakimbizi katika Kambi za Kenya,Disaster/Health
Kaunti ya Laikipia: Taarifa ya Onyo la Mapema kuhusu Ukame la Oktoba 2022,Disaster/Health
"Kama shirika ambalo linatanguliza kuwahudumia wengine, Shirika la Msalaba Mwekundu la Kenya linatafuta kila mara watu wanaoshiriki maadili na imani sawa. Mojawapo ya sifa muhimu za mfanyakazi wa kujitolea katika Shirika la Msalaba Mwekundu la Kenya ni kutokuwa na ubinafsi na kutokuwa na hamu ya kupata chochote kutokana na matendo yao.",General
Kaunti ya Baringo: Taarifa ya Onyo la Mapema kuhusu Ukame kwa Februari 2024,Disaster/Health
Kaunti ya Kilifi: Taarifa ya Onyo la Mapema kuhusu Ukame kwa Mei 2023,Disaster/Health
VIDEO: Hati ya Mpango wa Kuboresha Shule (Kenya) kuhusu Usimamizi na Uwajibikaji wa Shule,General
"Kenya - Mafuriko, sasisho (Kenya Met, media) (ECHO Daily Flash ya 15 Novemba 2023)",Disaster/Health
Kaunti ya Kilifi: Taarifa ya Onyo la Mapema kuhusu Ukame kwa Mei 2024,Disaster/Health
Pokot Magharibi: Taarifa ya Onyo la Mapema kuhusu Ukame kwa Desemba 2023,Disaster/Health
Kaunti ya Turkana: Taarifa ya Onyo la Mapema kuhusu Ukame Julai 2024,Disaster/Health
"Kenya | Mpango wa Pamoja wa Ufuatiliaji wa Soko (JMMI) Dadaab na Kambi ya Wakimbizi ya Kakuma, Q3 2025 (Julai - Septemba 2025)",Disaster/Health
Kaunti ya Kwale: Taarifa ya Onyo la Mapema kuhusu Ukame kwa Machi 2024,Disaster/Health
"Masharti ya Marejeleo ya Utafiti: Muigizaji na uchoraji ramani wa huduma katika kambi za wakimbizi za Kakuma, KEN 2007a, Kenya (Julai 2022, V1)",Disaster/Health
"Huku Mafuriko Yanayosababisha Mauaji Yanawaondoa Wakenya, Visa vya Kipindupindu Vyaongezeka",Disaster/Health
Kaunti ya Kilifi: Taarifa ya Onyo la Mapema kuhusu Ukame kwa Machi 2023,Disaster/Health
Inawaweka wakimbizi na jumuiya zinazowahifadhi kama mawakala wa urejeshaji wa mazingira badala ya mizigo kwenye rasilimali za ndani.,Disaster/Health
Utayari wa MVD ya Kenya - Ripoti ya Mwisho ya DREF (MDRKE069),Disaster/Health
Kuchunguza mbinu mpya za kuwahifadhi wakimbizi mijini nchini Kenya,Disaster/Health
Mlipuko wa Mafuriko na Kipindupindu Kenya 2025 - Operesheni ya DREF (Rufaa: MDRKE066),Disaster/Health
"Hata hivyo, wanawake, hasa kutoka kaunti zilizotengwa kihistoria kama vile Turkana na Pokot Magharibi, wana uhalisia wa pamoja wa mila zilizorudi nyuma, uhaba mkubwa wa rasilimali, unyanyasaji wa kijinsia, miongoni mwa masuala mengine ambayo yamewanyima fursa za kijamii, kiuchumi, kielimu na uongozi.",Security
"WHO inahusika na athari za COVID-19 kwa wanawake, wasichana barani Afrika18 Juni 2020",General
Ripoti ya Mitindo ya Habari ya AIRA 27 Mei - 3 Juni 2024 (Muhtasari wa Kila Wiki #122),Disaster/Health
Kaunti ya Makueni: Taarifa ya Onyo la Mapema kuhusu Ukame la Mei 2022,Disaster/Health
GIEWS Muhtasari wa Nchi: Kenya 04-May-2026,Disaster/Health
"CAS, Dk. Rashid.Ripoti ya @WHO inaonyesha kwamba, idadi ya visa vya watu kujitoa mhanga vilivyoripotiwa Nchini iliongezeka kwa 58% kati ya 2008 na 2017. Visa 317 vya kujitoa mhanga viliripotiwa kila mwaka. Kuongezeka kwa visa vya kujiua vilivyoripotiwa nchini Kenya vinahitaji hatua za haraka ili kuzuia kujiua.",Public Health
Kaunti ya Mandera: Taarifa ya Onyo la Mapema kuhusu Ukame ya Juni 2024,Disaster/Health
Muhtasari wa Nchi wa WFP Kenya Agosti 2025,Disaster/Health
"Mama yangu anafanya kazi nzuri"": Nchini Kenya, wafanyakazi wa kujitolea wa afya ya jamii huwaonyesha akina mama jinsi ya kutambua utapiamlo wa watoto nyumbani.",Disaster/Health
"Utawala wa Elimu ya Awali na Elimu ya Awali, Viwango na Kanuni",General
"Muhtasari wa Nchi wa WFP wa Kenya, Julai 2023",Disaster/Health
Afrika Mashariki: Mvua kubwa na mafuriko Sasisho la Flash #2 (10 Mei 2024),Disaster/Health
Kaunti ya Meru (Meru-Kaskazini): Taarifa ya Onyo la Mapema kuhusu Ukame kwa Septemba 2022,Disaster/Health
"Kenya - Mafuriko, sasisho (IFRC, vyombo vya habari, Idara ya Hali ya Hewa ya Kenya) (ECHO Daily Flash ya 27 Novemba 2023)",Disaster/Health
"Hebu tuendelee kutii kanuni mbalimbali na kuzingatia hatua za kuzuia zinazotetewa na @MOH_Kenya - Kunawa mikono, kudumisha umbali wa kijamii na kimwili, viwango vya juu vya usafi & uvaaji ipasavyo wa barakoa, miongoni mwa mengine. #KomeshaCorona sasisho.",Public Health
Kaunti ya Tana River: Taarifa ya Onyo la Mapema kuhusu Ukame la Januari 2023,Disaster/Health
"Muhtasari wa Nchi wa WFP Kenya, Novemba 2022",Disaster/Health
Kaunti ya Taita Taveta: Taarifa ya Onyo la Mapema kuhusu Ukame Julai 2024,Disaster/Health
Kaunti ya Tharaka Nithi: Taarifa ya Onyo la Mapema kuhusu Ukame kwa Machi 2023,Disaster/Health
"Sera inaundwa dhidi ya historia ya nafasi finyu ya kifedha inayosababishwa na shinikizo zinazojitokeza za matumizi zinazotokana na matumizi yanayohusiana na ukame na majanga ya nje, na vikwazo vya kifedha kutokana na hali ngumu ya ukwasi.",Disaster/Health
Kaunti ya Turkana: Taarifa ya Onyo la Mapema kuhusu Ukame Aprili 2022,Disaster/Health
"Maendeleo yaliyoonyeshwa na Kenya na Rwanda yanaonyesha kuwa nchi zinaweza kuimarisha mifumo yao ya data kwa mafanikio na kutoa ushahidi unaofahamisha sera, kuboresha utunzaji wa wagonjwa na kuunga mkono uwakili wa dawa za kuua viini,"" alisema Dk Ali Ahmed Yahaya, Kiongozi wa Timu ya Kupambana na Viuavidudu katika Ofisi ya Kanda ya WHO ya Afrika.",Governance
Kaunti ya Laikipia: Taarifa ya Onyo la Mapema kuhusu Ukame kwa Septemba 2024,Disaster/Health
Kaunti ya Garissa: Taarifa ya Onyo la Mapema kuhusu Ukame kwa Julai 2024,Disaster/Health
Kaunti ya Makueni: Taarifa ya Onyo la Mapema kuhusu Ukame Juni 2024,Disaster/Health
Kaunti ya Wajir: Taarifa ya Onyo la Mapema kuhusu Ukame kwa Mei 2022,Disaster/Health
Baraza la Maendeleo ya Ngozi la Kenya 19.08.2024 11:15 a.m. -11:45a.m.,Disaster/Health
"Vichochezi vya kaunti tisa zenye ukame viliamilishwa kwa kuzingatia faharasa sanifu ya kunyesha na hali ya uoto, kuwezesha kaunti na mashirika kuanza vitendo vya kutarajia.",Disaster/Health
Kenya inafanikisha uondoaji wa trypanosomiasis ya kibinadamu ya Kiafrika au ugonjwa wa kulala kama shida ya afya ya umma,Disaster/Health
Jinsi Wanawake wa Kenya Wanavyopambana na Njaa,Disaster/Health
"Ingawa athari zinazohusiana na joto zinaweza kuathiri sekta binafsi hapo awali, hatari huzidishwa na kutegemeana kwa mifumo muhimu na uwezekano wa kuzidisha na athari mbaya.",Disaster/Health
Taarifa ya Tahadhari ya Mapema ya Kitaifa (Septemba 2023),Disaster/Health
"PAUSTI inaendelea kuvutia wanafunzi wenye vipaji vya hali ya juu na waliohamasishwa kutoka kote barani Afrika. Inawahimiza wanafunzi kutumia hekima, maarifa na rasilimali za mahali hapo; na kuzalisha maarifa ya hali ya juu ambayo yanaweza kutumiwa kutoa masuluhisho ya kiubunifu na endelevu kwa changamoto za kijamii na kiuchumi za Afrika.",General
Kenya | Mafuriko ya Mto - Ripoti ya Mwaka ya Itifaki ya Hatua ya Mapema (8-09-2023) Operesheni №: MDRKE053,Disaster/Health
JAMHURI YA KENYA HAZINA YA KITAIFA NA MIPANGO YA UCHUMI SERA YA TAIFA YA USHURI Karatasi ya Kipindi Na.,Governance
"Unaweza kupona COVID-19,"" Rais Uhuru Kenyatta awahakikishia Wakenya kwenye simu ya video na waliopona Brenda na Brain katika Afya House leo. #KomeshaCorona",Public Health
"YALIYOMO 0 Mwaka wa Fedha wa 2024/25 MANdhari ya Bajeti: Kudumisha Ajenda ya Mabadiliko ya Kiuchumi ya Chini-juu, Uimarishaji wa Fedha na kuwekeza katika Kukabiliana na Mabadiliko ya Tabianchi na Marekebisho kwa ajili ya Maisha Bora.",Disaster/Health
"Rwanda ilikabiliwa na changamoto zinazohusiana na ukusanyaji wa data kwa mikono katika baadhi ya vituo, rasilimali watu wachache kwa usimamizi wa data na ukosefu wa mwingiliano kati ya mifumo ya taarifa za hospitali.",Health
"Hatari ya kuhama kwa maafa nchini Kenya: Muhtasari wa hatari ya kuhama kwa siku zijazo kutokana na mafuriko ya mito, mawimbi ya dhoruba, upepo wa kimbunga na ukame katika viwango vya kitaifa na vya kitaifa.",Disaster/Health
"Wakimbizi na jumuiya zinazowapokea mara nyingi hupata fursa ndogo za kujikimu, wakati ushindani juu ya maji, nishati, misitu na ardhi huzidisha dhiki ya mazingira na kudhoofisha mshikamano wa kijamii.",Disaster/Health
Afrika Mashariki | Hali ya hewa kali na mafuriko - Ramani ya Kila Siku ya DG ECHO | 07/05/2024,Disaster/Health
Kenya: Athari za majanga ya hali ya hewa kwa jamii - Aprili 2024,Disaster/Health
"Taarifa Muhimu ya Kenya: Kupungua kwa hali ya mifugo na bei ya juu ya mahindi kunaendelea kupunguza uwezo wa kununua kaya, Septemba 2022",Disaster/Health
Kuendesha gari ili kuchanja jamii za kuhamahama za Tanzania dhidi ya COVID-19,General
Muhtasari wa Nchi wa WFP Kenya Februari 2026,Disaster/Health
Mtandao wa Kitendo cha Chanjo: Ripoti ya Retrospective - Mafunzo ya Rika kwa Hatua juu ya Uchukuaji Chanjo ya COVID-19 (Mei 2023),Disaster/Health
Kaunti ya Meru (Meru-Kaskazini): Taarifa ya Onyo la Mapema kuhusu Ukame ya Mei 2024,Disaster/Health
Kenya: Kupata riziki kupitia mpango wa kuhamisha pesa,Disaster/Health
Kenya - Dashibodi ya Ufuatiliaji wa Flow Raundi ya 3 (Januari-Machi 2025),Disaster/Health
Kaunti ya Meru (Meru-Kaskazini): Taarifa ya Onyo la Mapema kuhusu Ukame Juni 2024,Disaster/Health
Kaunti ya Tharaka Nithi: Taarifa ya Onyo la Mapema kuhusu Ukame kwa Oktoba 2022,Disaster/Health
"Mkoa wa EHAGL: Ripoti ya Uchambuzi wa Maoni ya Jamii, Aprili - Juni 2024",Disaster/Health
Kukuza suluhu zilizounganishwa kwa kujenga uwezo katika makazi ya Wakimbizi,Disaster/Health
"Mvua zisizo sawa, athari zisizo sawa: Ukame na njaa Kaskazini mwa Kenya",Disaster/Health
Usafirishaji haramu wa watoto na uhamiaji usio salama kati ya Kenya na Ethiopia: Kubadilisha kanuni za kijamii na kuimarisha ulinzi wa watoto huko Marsabit,Disaster/Health
IFAD yazindua utaratibu wa kibunifu wa ufadhili kusaidia wazalishaji wadogo wa chakula ili kukabiliana na mabadiliko ya hali ya hewa katika Afrika Mashariki.,Disaster/Health
Kenya: IPC Ukosefu wa Chakula Mkali na Uchanganuzi Mkali wa Utapiamlo (Julai 2025 - Januari 2026) Limechapishwa tarehe 8 Septemba 2025,Disaster/Health
"Mishtuko hii iliongeza gharama ya bidhaa muhimu za nyumbani ikiwa ni pamoja na bei ya mafuta, na kusababisha kushuka kwa kasi kwa kiwango cha ubadilishaji wa Shilingi ya Kenya, na hivyo kuongeza shinikizo kwenye deni la umma.",Disaster/Health
Kenya: Maombi ya DREF ya Mlipuko wa Kipindupindu (MDRKE054),Disaster/Health
"Hakuna mwanafunzi anayeruhusiwa kutembea zaidi ya kilomita 5 kwenda shuleni, mabasi ya bure yanapelekwa vijijini!",Education
Kenya: Jamii za wafugaji hupanda mboga zinazostahimili ukame,Disaster/Health
Kaunti ya Makueni: Taarifa ya Onyo la Mapema kuhusu Ukame kwa Oktoba 2022,Disaster/Health
Kaunti ya Kwale: Taarifa ya Onyo la Mapema kuhusu Ukame ya Novemba 2022,Disaster/Health
"Dkt. Esther Muoria ni meneja mwenye uzoefu na uzoefu wa zaidi ya miaka 30 katika majukumu mbalimbali ya usimamizi. Kabla ya kujiunga na Wizara ya Elimu, aliwahi kuwa Msajili, Masuala ya Kiakademia katika Chuo Kikuu cha Kilimo na Teknolojia cha Jomo Kenyatta ambako alisimamia masuala ya kitaaluma na wanafunzi. Pia amewahi kuwa Afisa Mwandamizi wa Marejeleo katika wilaya mbalimbali ambapo alikuwa na jukumu la kuwasiliana na idara nyingine za Serikali, halmashauri za mitaa na mashirika yasiyo ya kiserikali katika kuratibu huduma za urekebishaji.",General
"Mwongozo wa kimataifa kuhusu vigezo na taratibu za uthibitishaji: kutokomeza maambukizi ya VVU kutoka kwa mama kwenda kwa mtoto, kaswende na hepatitis B.",General
Njia ya Kujitegemea kwa Watu Walioathiriwa na Uhamisho: Vizuizi vya Ushirikishwaji wa Kiuchumi na Tathmini ya Soko nchini Kenya na Sudan Kusini.,Disaster/Health
"Kenya ilitambua mapengo yanayohusiana na ushirikiano wa mfumo wa taarifa za maabara, vigezo vinavyokosekana kwa wagonjwa, uwezo wa wafanyakazi wa kuthibitisha data na masuala ya awali kuhusu faragha ya data.",Disaster/Health
"Kenya | Mpango wa Pamoja wa Ufuatiliaji wa Soko (JMMI) Dadaab na Kambi ya Wakimbizi ya Kakuma, Q4 2025 (Oktoba - Desemba)",Disaster/Health
. Afisa wa uendelezaji wa Afya wa @NMS_Kenya Rachael Mbae akiwashirikisha waendesha Bodaboda katika mtaa wa Umoja kuhusu usafi wa Rider & Mteja kwa #KomeshaCorona Pia walijadili kwa nini ushiriki wa wanaume katika shughuli za kawaida za chanjo ya watoto ni MUHIMU.,Public Health
Kaunti ya Tharaka-Nithi: Taarifa ya Onyo la Mapema kuhusu Ukame kwa Oktoba 2024,Disaster/Health
"Mkakati huo unatokana na mpango wa kitaifa wa chanjo ya HPV nchini Kenya, ulioanzishwa mwaka wa 2019.",Health
Kipaumbele cha dharura cha msaada wa chakula na malazi katika mafuriko yanayoendelea kaskazini mwa Kenya,Disaster/Health
Pokot Magharibi: Taarifa ya Onyo la Mapema kuhusu Ukame kwa Julai 2024,Disaster/Health
Ripoti ya Mwaka ya Nchi ya WFP Kenya 2021,Disaster/Health
"Taarifa ya Bei ya Kenya, Julai 2024",Disaster/Health
Thibitisha sifa za wafanyakazi wa huduma kabla ya kuruhusu ufikiaji wa mali.,Security
Kaunti ya Tana River: Taarifa ya Onyo la Mapema kuhusu Ukame kwa Machi 2024,Disaster/Health
Kaunti ya Kajiado: Taarifa ya Onyo la Mapema kuhusu Ukame kwa Agosti 2024,Disaster/Health
"Usaidizi wa Pesa Unaoongozwa na Tahadhari Unaoongozwa na Mashinani kwa Jamii zilizoathiriwa na Maafa katika ASAL za Kenya: Msingi, Mei, 2024",Disaster/Health
Kaunti ya Lamu: Taarifa ya Onyo la Mapema kuhusu Ukame kwa Oktoba 2023,Disaster/Health
Kaunti ya Isiolo: Taarifa ya Onyo la Mapema kuhusu Ukame la Oktoba 2022,Disaster/Health
Anaweza kupiga kura au kushindana katika Vyeo vya Utawala vya KRCS,General
Ripoti ya Mitindo ya Taarifa ya AIRA - 4 -11 Desemba 2023 (Muhtasari wa Kila Wiki #100 wa 2023),Disaster/Health
"Ingawa ugonjwa huu unaweza kuzuilika kwa kiasi kikubwa kupitia chanjo ya human papillomavirus (HPV) na uchunguzi wa mapema, wanawake wengi wanaendelea kugunduliwa katika hatua za juu kutokana na mapungufu katika upatikanaji wa huduma.",Health
Mada za Afya Mada zote »ABCDEFGHILMNOPRSTUVWYZMaarufuVirusi vya Korona (COVID-19)Matumizi Mabaya ya Dawa za EbolaMagonjwa ya KuambukizaHIV/UKIMWIMalariaMajiKifua kikuu (TB)Siku ya Kifua Kikuu Duniani 2019,General
Kaunti ya Kwale: Taarifa ya Onyo la Mapema kuhusu Ukame kwa Oktoba 2022,Disaster/Health
Kuzuia ghasia za uchaguzi kupitia onyo la mapema na mwitikio wa haraka nchini Kenya,Disaster/Health
"Ripoti ya Uchunguzi wa Mazingira NEAT+, Mradi wa Ugavi wa Maji kwa Jamii, Makazi ya Wakimbizi ya Kalobeyei, Kakuma, Kenya",Disaster/Health
Kaunti ya Kwale: Taarifa ya Onyo la Mapema kuhusu Ukame kwa Septemba 2022,Disaster/Health
Kaunti ya Nyeri (Kieni): Taarifa ya Onyo la Mapema kuhusu Ukame la Mei 2023,Disaster/Health
IUCEA itatoa mijadala ya ushiriki wa kielimu na tasnia kwa ACE ili kushiriki maarifa juu ya maoni shirikishi ya utafiti. IUCEA pia itasimamia mpango wa ushindani wa ufadhili wa masomo ambapo wanafunzi 30 wa kikanda katika STEM watafadhiliwa kwa miaka miwili ili kupata digrii ya Uzamili katika ACE yoyote. Ruzuku ya IDA ya Dola za Marekani milioni 8 itafadhili shughuli hizi.,General
Sehemu muhimu ya maendeleo haya imekuwa mpito kwa kuripoti kwa kiwango cha mtu binafsi kupitia Mfumo wa Ufuatiliaji wa Kimataifa wa Kupambana na Viini na Utumiaji wa WHO (GLASS).,Disaster/Health
"Ikiongozwa na Kutenda kwa ushirikiano na Mtandao wa Kibinadamu wa ASAL, Oxfam Kenya, Concern Worldwide na IMPACT Initiatives, lengo la KCC ni kutoa usaidizi wa pesa taslimu kwa wakati kwa jamii zilizoathiriwa na majanga mbalimbali ikiwa ni pamoja na majanga ya asili, migogoro na kuhama makazi yao.",Disaster/Health
Utawala wa Maji katika Maeneo ya Wafugaji barani Afrika,Disaster/Health
"Kenya: El Niño, Utabiri Chanya wa Dipole wa Bahari ya Hindi na Athari za Kibinadamu (Oktoba 2023)",Disaster/Health
MPANGO WA KUNDI HALISI NA WALIO PEKEO KWA JUMUIYA YA RIBA KATIKA KAUNTI YA WAJIR.,General
Kaunti ya Narok: Taarifa ya Onyo la Mapema kuhusu Ukame kwa Aprili 2024,Disaster/Health
Kaunti ya Laikipia: Taarifa ya Onyo la Mapema kuhusu Ukame kwa Oktoba 2024,Disaster/Health
"Nchini Kenya, Salih wa UNHCR anahimiza mshikamano zaidi na suluhisho kwa wakimbizi [EN/AR]",Disaster/Health
Kaunti ya Mandera: Taarifa ya Onyo la Mapema kuhusu Ukame la Aprili 2023,Disaster/Health
Mécanisme de santé et d'alimentation scolaires au Kenya et au Lesotho : Rapport d'avancement. Août-decembre 2024,Disaster/Health
"Muhtasari wa Nchi wa WFP Kenya, Januari 2023",Disaster/Health
"Utumishi wa Maji Umetunukiwa Ruzuku kutoka kwa Mpango wa Maji Safi wa Kunywa kwa Watoto wa P&G, Kufadhili Miradi ya Maji Salama Nchini Kenya",Disaster/Health
"Taarifa ya Kila Robo ya Kenya, (Oktoba - Desemba 2023)",Disaster/Health
Kaunti ya Taita Taveta: Taarifa ya Onyo la Mapema kuhusu Ukame kwa Oktoba 2024,Disaster/Health
"MSF Yajibu Mlipuko wa Mpox huko Mombasa, Kenya",Disaster/Health
Afrika inahitaji ufikiaji wa wakati unaofaa wa chanjo salama na zinazofaa za COVID-1921 Januari 2021,General
Mafuriko yanazidi kuwa mbaya katika Afrika Mashariki,Disaster/Health
Usaidizi wa kifedha wa moja kwa moja unaoendesha ahueni na ustahimilivu kwa jamii zilizoathiriwa na ukame,Disaster/Health
"MASHARTI YA REJEA KWA AJILI YA USHAURI WA KUBUNI NA KUSAIDIA UTEKELEZAJI WA MPANGO WA USOMI, UENDESHAJI, UHAMASISHAJI WA JINSIA NA MSAADA WA KIJAMII KWA WANAFUNZI WA SHULE ZA SEKONDARI CHINI YA MRADI WA KUBORESHA UBORA WA ELIMU YA SEKONDARI (6008 P31)",General
"COVID-19 ni ugonjwa wa kupumua unaosababishwa na virusi vipya. Dalili ni pamoja na homa, kukohoa, koo na upungufu wa kupumua. Virusi hivi vinaweza kuenea kutoka kwa mtu mmoja hadi mwingine, lakini usafi unaweza kuzuia maambukizi. #KomeshaCorona",Public Health
"Ili kufikia malengo haya, mkazo maalum utaendelea kuwekwa kwenye nguzo tano zenye matokeo ya juu zaidi ya kuendesha na kuendeleza ufufuaji wa uchumi pamoja na ustawi wa kaya: Mabadiliko ya Kilimo; Uchumi wa Biashara Ndogo, Ndogo na za Kati (MSME); Makazi na Makazi; Huduma ya afya; na Barabara kuu ya Dijiti na Uchumi Ubunifu.",Health
Kenya Takwimu Infographics | Februari 2026,Disaster/Health
"Zaidi ya hayo, KCC itaendelea na kazi muhimu ya kujiandaa na maafa nchini Kenya, ikiongoza katika ushirikishwaji wa washikadau katika ngazi ya kaunti na kitaifa ili kutetea sera na hatua madhubuti za kulinda jamii za Kenya dhidi ya majanga ya mara kwa mara au yanayotabirika.",Governance
Mkurugenzi Mtendaji wa UNICEF Catherine Russell anazuru Kenya kukutana na watoto walioathiriwa na ukame wa Pembe ya Afrika na mgogoro wa hali ya hewa,Disaster/Health
"Kenya: Hatua zinazotarajiwa kuelekea Uchaguzi Mkuu - Ripoti ya Usasishaji wa Operesheni - DREF n° MDRKE051, sasisho la operesheni n° 1",Governance
"Kanuni zinazopendekezwa za Usimamizi wa Fedha za Umma ( Wildlife Conservation Trust Fund ), 2024 zimewekwa kwenye tovuti ya Hazina ya Kitaifa http://www.treasury.go.ke.",Governance
Kaunti ya Embu (Mbeere): Taarifa ya Onyo la Mapema kuhusu Ukame ya Mei 2022,Disaster/Health
Mapitio ya majibu ya WHO kwa COVID-19 katika Kanda ya Afrika ya WHO,General
Kaunti ya Laikipia: Taarifa ya Onyo la Mapema kuhusu Ukame kwa Agosti 2023,Disaster/Health
Kaunti ya Lamu: Taarifa ya Onyo la Mapema kuhusu Ukame kwa Oktoba 2022,Disaster/Health
Maisha katika kambi hutegemea chakula na usalama.,Security
Kaunti ya Taita Taveta: Taarifa ya Onyo la Mapema kuhusu Ukame Aprili 2022,Disaster/Health
Ubia Hutengeneza Suluhu kwa Ukame Barani Afrika,Disaster/Health
"Uzoefu wa vijana wa kutendewa vibaya na unyanyasaji wakati wa kuzaa: uchunguzi wa jamii wa sehemu mbalimbali katika makazi yasiyo rasmi ya mapato ya chini huko Nairobi, Kenya.",Disaster/Health
Kaunti ya Makueni: Taarifa ya Onyo la Mapema kuhusu Ukame Machi 2023,Disaster/Health
"Data ya kijamii na kiuchumi, ushahidi na hatua - Ushirikishwaji wa Kiuchumi Afrika Mashariki, Septemba 2023",Disaster/Health
Kaunti ya Embu (Mbeere): Taarifa ya Onyo la Mapema kuhusu Ukame Julai 2023,Disaster/Health
Dk. Salim Hussein kutoka Wizara ya Afya anakupa vidokezo kuhusu jinsi unavyoweza kujikinga na maambukizi ya COVID-19. Tafadhali shiriki na wengine ili kusaidia kuzuia Virusi vya Corona nchini Kenya. #KomeshaCorona,Public Health
Upimaji unaolengwa unaendelea. Kaa salama na uzingatie hatua za kujikinga ili kuzuia kuenea kwa virusi vya #KomeshaCorona,Public Health
"Kenya | Muhtasari wa Soko wa Mpango wa Pamoja wa Ufuatiliaji wa Soko (JMMI), Q3 (Julai - Septemba, 2024)",Disaster/Health
Kaunti ya Samburu: Taarifa ya Onyo la Mapema kuhusu Ukame kwa Juni 2023,Disaster/Health
Bodi ya Mifugo ya Kenya 19.08.2024 10:45 a.m. - 11:15a.m.,Agriculture
Kaunti ya Tana River: Taarifa ya Onyo la Mapema kuhusu Ukame la Mei 2024,Disaster/Health
"Kama sehemu ya mpango huu, zaidi ya wanawake 22,550 wamefikiwa kupitia mawasiliano ya simu katika kipindi cha miaka miwili iliyopita katika kaunti hizi sita. Video hii inanasa mawasiliano kama haya huko Tana River, ikionyesha huduma ya kuokoa maisha inayoletwa moja kwa moja kwa wanawake na jamii zinazohitaji.",General
Kaunti ya Kitui: Taarifa ya Onyo la Mapema kuhusu Ukame kwa Februari 2023,Disaster/Health
"Kwa sababu misaada bado ilichangia takriban robo tatu ya mapato ya jumla ya wakimbizi waliokaa kambini mwaka wa 2024, upunguzaji huu ulitafsiri moja kwa moja katika kupungua kwa mapato ya kaya na mahitaji duni katika uchumi wa kambi za ndani, kubana riziki za jamii zinazohusishwa na biashara, huduma, na kazi za kawaida.",Disaster/Health
Kaunti ya Kitui: Taarifa ya Onyo la Mapema kuhusu Ukame kwa Machi 2024,Disaster/Health
Kaunti ya Narok: Taarifa ya Onyo la Mapema kuhusu Ukame kwa Juni 2024,Disaster/Health
"Taarifa ya Bei ya Kenya, Juni 2024",Disaster/Health
"SEQIP itachangia katika malengo mapacha ya mkakati wa kimataifa wa Benki ya Dunia: kukomesha umaskini uliokithiri na kuimarisha ustawi wa pamoja kwa njia endelevu. Hasa, mradi unaangazia maeneo yenye hali mbaya zaidi ya kielimu na kiuchumi, pamoja na watoto masikini na walio hatarini zaidi. SEQIP pia itachangia katika kipaumbele katika Mkakati wa Maendeleo ya Afrika wa Benki ya Dunia ili kuharakisha mabadiliko ya idadi ya watu na kutumia mgao wa idadi ya watu. Mradi pia unajibu kikoa muhimu katika Mkakati wa Ushirikiano wa Nchi ya Kenya (2014-18) ambao unalenga kujenga mtaji wa binadamu kupitia elimu na mafunzo.",General
Kenya: Wakimbizi waliosajiliwa na wanaotafuta hifadhi (kuanzia tarehe 31 Agosti 2022),Disaster/Health
Usaidizi wa Maaskofu & Maendeleo hupokea ruzuku kutoka kwa Wakfu wa Conrad N. Hilton kwa kazi ya makuzi ya utotoni.,Disaster/Health
"Zaidi ya hayo, kifurushi hiki kinajumuisha mitungi 230 ya oksijeni ya matibabu na karibu vifaa 3,000 vya kuzuia dharura na majibu ili kuhakikisha kuwa vituo vya mstari wa mbele vinatayarishwa kwa milipuko, dharura za kiafya, na mahitaji muhimu ya utunzaji.",Health
Machafuko na wasiwasi hukua miongoni mwa wale ambao mustakabali na maisha yao sasa yako hatarini baada ya kupunguzwa kwa ufadhili wa Marekani,Disaster/Health
Kenya: Ukame - Kaunti yenye Mipaka ya Kaunti Ndogo (14 Apr 2023),Disaster/Health
Mapitio ya Haraka ya Mifumo ya Kuzeeka Kiafya na ya Muda Mrefu katika Afrika Mashariki na Kusini: Ripoti ya Muhtasari wa Nchi - Kenya,Health
"KAUNTI ZA MUHTASARI, KAUNTI NDOGO NA SHULE KATIKA UHAMISHO WA FEDHA (MPANGO WA MLO WA NYUMBANI)",General
hospitali maalum kama Othaya & KU Kufundisha Utafiti na Hospitali ya Rufaa ya HPV & Malaria chanjo iliimarishwa HRM kwa kupanua ukaguzi wa KMTC wa sera ya kitaifa ya dawa Madaktari wa Cuba kikosi kazi cha afya ya akili NHIF & Kemsa,Public Health
Wanafunzi hatimaye wanarejea shuleni huku kazi ya kuchota maji ya saa sita kila siku ikikamilika,Disaster/Health
"Sasisho la Mtazamo wa Usalama wa Chakula Kenya, Desemba 2023",Disaster/Health
Miundo ya malipo ya kijamii kupitia Inua Jamii,Disaster/Health
Kenya: Kujenga jumuiya imara na endelevu kupitia kugawana rasilimali,Disaster/Health
Takriban kifo 1 kati ya 5 cha COVID-19 katika eneo la Afrika kinachohusishwa na ugonjwa wa kisukari12 Novemba 2020,General
Mpango wa Kukabiliana na Ukame Kenya 2023 kwa Mtazamo,Disaster/Health
Sera na Sheria za Wakimbizi Mijini nchini Kenya na Uganda: 2025 Stocktake,Disaster/Health
"VVU vinaweza kuambukizwa kwa kubadilishana viowevu vya aina mbalimbali kutoka kwa watu walioambukizwa, kama vile damu, maziwa ya mama, shahawa na ute wa uke. Watu hawawezi kuambukizwa kupitia mawasiliano ya kawaida ya kila siku kama vile kumbusu, kukumbatiana, kupeana mikono, au kushiriki vitu vya kibinafsi, chakula au maji.",General
"ACE zilizochaguliwa zinatarajiwa kushughulikia changamoto mahususi za maendeleo zinazokabili kanda kupitia mafunzo ya wahitimu wa Shahada ya Uzamili, Uzamivu, na kozi za muda mfupi na kutumia utafiti katika mfumo wa ushirikiano na ushirikiano na taasisi nyingine na sekta binafsi.",General
Mpango kazi wa kitaifa wa Kenya kuhusu ukinzani wa viua viini: Mapitio ya maendeleo katika sekta ya afya ya binadamu,Disaster/Health
Kaunti ya Wajir: Taarifa ya Onyo la Mapema kuhusu Ukame Julai 2022,Disaster/Health
Kaunti ya Isiolo: Taarifa ya Onyo la Mapema kuhusu Ukame la Mei 2023,Disaster/Health
"Kenya - Mafuriko (DG ECHO, vyombo vya habari, Idara ya Hali ya Hewa ya Kenya) (ECHO Daily Flash ya 23 Aprili 2025)",Disaster/Health
"Nchini Kenya, shughuli za ufuatiliaji na chanjo zinaendelea kuwafikia watoto katika jamii zinazohamahama, pembezoni mwa miji na mipakani, huku awamu ya hivi punde ya chanjo dhidi ya polio ikiwa imewalinda karibu watoto milioni 1.",Health
Kaunti ya Garissa: Taarifa ya Onyo la Mapema kuhusu Ukame kwa Agosti 2024,Disaster/Health
Bofya hapa ili Kupata Nafasi ya Kidato cha Kwanza: kiungo 2,General
Kaunti ya Tharaka Nithi: Taarifa ya Onyo la Mapema kuhusu Ukame kwa Februari 2024,Disaster/Health
Sasisho la Hali ya Kenya | Novemba 2023: Ushindani Kuhusu Siasa na Rasilimali Waathiri Mizozo ya Hivi Karibuni ya Mipaka ya Kaunti nchini Kenya,Disaster/Health
"Hata hivyo, asilimia 32 ya kaya bado ziliripoti kutofahamu njia zinazopatikana, na hivyo kuonyesha hitaji la kuboreshwa kwa mawasiliano.",Disaster/Health
"Mkurugenzi Mtendaji wa @NationMediaGrp Stephen Gitagama leo amemtembelea Katibu wa Baraza la Mawaziri wa Afya, Mutahi Kagwe na kuzindua mpango wa kuwapa wafanyikazi wa afya walio mstari wa mbele kujiandikisha bila malipo katika Daily Nation kwa muda wa miezi miwili #KomeshaCorona.",Public Health
"Abshiro alikimbia ukosefu wa usalama mwaka 1992 huko Sanguuni karibu na Kismayo, ambapo familia yake ilitegemea kilimo cha hekta nne za ardhi.",Security
Kaunti ya Makueni: Taarifa ya Onyo la Mapema kuhusu Ukame Julai 2024,Disaster/Health
"Lengo ni kuzalisha wafanyakazi wa hali ya juu ili kusaidia kutumia rasilimali kubwa za Afrika. Kundi la kwanza la wanafunzi 55 wa shahada za uzamili kutoka nchi 16 za Afrika walidahiliwa mnamo Novemba, 2012 na kuhitimu Novemba 2014. Tangu wakati huo Taasisi imedahili vikundi vingine vitano vinavyojumuisha wanafunzi wa uzamili na PhD. Taasisi ilikubali kundi la mwisho la wanafunzi 118 kuanzia tarehe 31 Januari, 2020. Wanafunzi hao wametolewa kutoka kote barani Afrika kutoka zaidi ya Raia 30 wa Kiafrika kati ya 54.",General
Uanzishaji wa Hatua ya Kutarajia: Hatua ya Kutarajia ili kupunguza athari za ukame nchini Kenya (Septemba 2025),Disaster/Health
Nyuma ya pazia la mwitikio wa mlipuko wa ugonjwa wa Ebola,General
Kuimarisha Mifumo ya Kibinadamu kupitia Uongozi wa Mitaa na Mpango wa GOCA nchini Kenya,Disaster/Health
Kenya: Kielezo cha Masuluhisho na Uhamaji - Kaunti za Mandera na Wajir (Desemba 2024 - Januari 2025),Disaster/Health
Kenya - Dashibodi ya Kukabiliana na Ukame katika Nchi Kame na Nusu Kame (Januari 2021 - Machi 2022),Disaster/Health
Kuimarisha upatikanaji wa ushahidi na kukuza mazungumzo ili kuchochea uwekezaji katika wafanyikazi wa afya nchini Kenya.,Disaster/Health
Kaunti ya Narok: Taarifa ya Onyo la Mapema kuhusu Ukame kwa Desemba 2022,Disaster/Health
Ripoti ya Hali ya Kibinadamu ya UNICEF Kenya Nambari 5 (Ukame): 30 Septemba 2022,Disaster/Health
Kupitishwa kwa Teknolojia ya Simu katika Mwitikio wa Kibinadamu kwa Jamii Zilizoharibiwa na Ukame Kaskazini mwa Kenya.,Disaster/Health
Kaunti ya Garissa: Taarifa ya Onyo la Mapema kuhusu Ukame kwa Machi 2023,Disaster/Health
Muhtasari wa Utetezi: Kuimarisha Majibu ya Sera ya Kushughulikia Unyanyasaji na Unyanyasaji wa Kijinsia kwa Watoto (CSEA) nchini Kenya (Januari 2023),Disaster/Health
Kusitishwa kwa misaada ya kigeni ya Marekani kunaweka miradi ya FCA kusitishwa nchini Uganda na Kenya,Disaster/Health
Kuthibitisha kwamba ulemavu sio kutokuwa na uwezo: Kuunda nafasi za kazi katika kilimo kwa vijana wenye ulemavu nchini Kenya [EN/AR/RU/ZH],Disaster/Health
Kaunti ya Kitui: Taarifa ya Onyo la Mapema kuhusu Ukame kwa Januari 2024,Disaster/Health
WHO inapendekeza usasisho wa ushahidi wa kujipima VVU na mambo ya kuzingatia ili kufaulu,General
Tofauti na rahisi za kuzuia kabla ya kuambukizwa kwa kuzuia VVU,General
Muhtasari wa Sera ya USCRI - Ndoto Zake Kufikia: Kuhakikisha Ulinzi na Elimu kwa Wasichana Wakimbizi,Disaster/Health
"Mashauriano yaliyolengwa na mashirika ya kiraia, mashirika yasiyo ya kiserikali, watendaji wa ujenzi, sekta binafsi, na washirika wa maendeleo yamehakikisha kuwa mkakati huo unaonyesha maelewano mapana ya wadau.",Governance
"Hata hivyo, watu hawa wanakabiliwa na changamoto kama vile miundombinu dhaifu ya afya, uhaba wa chakula, na kuhama mara kwa mara.",Health
"Kenya - Mafuriko na maporomoko ya ardhi (UN OCHA, UNICEF, NOAA-CPC, Kenya Met) (ECHO Daily Flash ya 06 Mei 2024)",Disaster/Health
"Utekelezaji, ufuatiliaji na tathmini ya miradi mbalimbali katika elimu ya Vyuo Vikuu.",General
Kaunti ya Kitui: Taarifa ya Onyo la Mapema kuhusu Ukame Julai 2022,Disaster/Health
Njaa yakaribia: Msaada wa haraka unahitajika katika kambi za wakimbizi za Kenya,Disaster/Health
Hatua za Kibinadamu kwa Watoto 2023 - Kenya,Disaster/Health
Mfumo wa bure wa UKIMWI ili kuharakisha matibabu ya VVU kwa watoto na vijana,General
"Katika mashamba ya mashariki na magharibi mwa Kenya, wakulima wa tumbaku wanakusanyika kwa mikutano ili kujadili njia tofauti ya kusonga mbele. Wakiwa wameketi pamoja katika kaunti nne, wanajifunza kuhusu manufaa ya kukuza chakula chenye lishe…",General
Pokot Magharibi: Taarifa ya Onyo la Mapema kuhusu Ukame kwa Agosti 2024,Disaster/Health
"Ikiwa chakula kinaondolewa, kuna shida kubwa.",Disaster/Health
"Muhtasari wa Nchi wa WFP Kenya, Machi 2024",Disaster/Health
"Matokeo muhimu katika Kaunti ya Turkana - Raundi ya 2 ya Ufuatiliaji wa Uhamaji, Aprili na Mei 2023",Disaster/Health
"Wafanyakazi wa kujitolea wa afya ya jamii hukusanyika kwa hatua za umbali wa kijamii kupokea mafunzo kuhusu jinsi ya kuzuia COVID-19 katika jamii zao, katika kaunti ya Nyamira kwa hisani ya timu ya uhamasishaji ya Afya ya Umma ya Kaunti. #KomeshaCorona",Public Health
Ripoti ya Hali ya Kibinadamu ya UNICEF Kenya No. 2 (Mpox Level 3 Emergency) ya tarehe 31 Oktoba 2024,Disaster/Health
Mwendo Kasi Unakufikia: Mkakati huu unalenga kubadilisha mienendo ya jamii ili kuwazuia watu kuendesha gari kwa mwendo kasi. Endesha gari kwa mwendo unaoruhusiwa ili kubaki salama barabarani.,Security
Kenya: Kukuza amani na maendeleo endelevu katika Tiaty kupitia ushirikiano na mashirika ya kitaaluma,Disaster/Health
Kwa nini imani ya jamii ni muhimu kwa mwitikio wa dharura wa kiafya,General
TaiwanICDF na Terre des hommes Washirika wa Kupunguza Mgogoro wa Maji nchini Kenya,Disaster/Health
Kaunti ya Laikipia: Taarifa ya Onyo la Mapema kuhusu Ukame la Mei 2022,Disaster/Health
Hali ya Lishe ya Wakimbizi na Watoto Wahifadhi nchini Kenya (2025): Matokeo ya utafiti kuhusu lishe ya watoto na chanjo kati ya wakimbizi na jamii zinazowahifadhi katika Nchi ya Turkana na maeneo ya mijini ya Nairobi.,Disaster/Health
Taarifa ya Kila Wiki kuhusu Milipuko na Dharura Nyingine: Wiki 44: 28 Oktoba - 3 Novemba 2024 Data kama ilivyoripotiwa na: 17:00; 3 Novemba 2024,Disaster/Health
"Kuimarisha upatikanaji, usawa, ubora na umuhimu wa elimu na mafunzo katika ngazi ya chuo kikuu.",General
"Kenya: Theluthi moja ya watoto wapatikana na utapiamlo huko Turkana huku misaada ikikatwa, mashambulizi ya mamba yanasababisha njaa.",Disaster/Health
Gharama ya Mgogoro wa Maisha kwa Watu Waliohamishwa Mijini katika Afrika Mashariki: Jukumu la Ulinzi wa Jamii Jumuishi.,Disaster/Health
Msumbiji inachukua hatua madhubuti katika kuzuia VVU kwa kuanzishwa kwa Lenacapavir na Miongozo ya Kuzuia Mchanganyiko wa Kibiolojia.,General
"Kwa kulinda afya ya mifugo na kusaidia familia kwa uhamisho wa fedha, FAO na washirika watasaidia kaya 6,000 za wafugaji kustahimili ukame na kuhifadhi ustahimilivu na heshima yao katika kukabiliana na majanga na majanga ya hali ya hewa.",Disaster/Health
Ili kudhibiti kuenea kwa COVID-19 @MOH_Kenya inaongoza harakati za kuteketeza masoko ya Gikomba na Muthurwa kuelekea kampeni ya #KomeshaCorona Kuzuia Covid-19 osha mikono yako kwa sabuni na maji yanayotiririka kwa angalau sekunde 20 Osha vidole vyako na chini ya kucha.,Public Health
"Nairobi - Kufuatia milipuko mfululizo ya Ebola na Marburg kote Afrika Mashariki, nchi zinabadilisha jinsi utayari unavyofafanuliwa, na kutilia mkazo zaidi ubora wa huduma za kimatibabu zinazotolewa kwa wagonjwa.",General
Kaunti ya Nyeri (Kieni): Taarifa ya Onyo la Mapema kuhusu Ukame Januari 2023,Disaster/Health
"Tofauti na mawimbi ya joto kali, joto sugu hurejelea vipindi endelevu vya viwango vya juu vya joto ambavyo vinaweza kudhoofisha afya na ustawi wa watu na mfumo ikolojia kimya kimya na sekta muhimu kama vile usafiri, nishati, kilimo na miundombinu.",Health
Ripoti ya Maendeleo ya Kituo cha Afya na Lishe 2024 (Agosti-Desemba),Health
"Ikiwa unaugua na #COVID19, fuata mwongozo huu wa hatua kwa hatua ili kuzuia kueneza virusi kwa wengine @CDCKenya @WHOKenya @UNICEFKenya @KNH_hospital @PDUDelivery @KEMRI_Kenya @SpokespersonGoK @RedCrossKe @EduMinKenya",Public Health
"Waombaji waliohitimu Shahada, Stashahada ya Juu ya Taifa (HND) na Wenye Stashahada kwa nafasi za Wakufunzi wa Ufundi Stadi na Ufundi wanaopatikana katika Vyuo mbalimbali vya Ufundi, Elimu ya Ufundi na Mafunzo kama ilivyoonyeshwa.",General
"Inayopendelea des systèmes alimentaires résilients, équitables et durables : Une synthèse du partenariat Cultiver l'avenir de l'Afrique (CultivAF) 2013-2023",Disaster/Health
Kaunti ya Kajiado: Taarifa ya Onyo la Mapema kuhusu Ukame kwa Agosti 2023,Disaster/Health
"Huku Kenya ikionyesha ukuaji endelevu wa uchumi, mafanikio bado hayafanani.",Disaster/Health
Islamic Relief yaongeza kasi ya kukabiliana na mafuriko makubwa nchini Kenya,Disaster/Health
Vibadala vipya vya COVID-19 vinavyochochea wimbi la pili la Afrika28 Januari 2021,General
"Kenya - Mafuriko, sasisho (NOAA-CPC, vyombo vya habari) (ECHO Daily Flash ya 16 Machi 2026)",Disaster/Health
"Ikitekelezwa kupitia ushirikiano dhabiti wa ndani, kazi hii inachangia moja kwa moja matokeo ya CGIAR ya 2030 kwa kuimarisha uthabiti, kujitegemea na mshikamano wa kijamii wa jamii zilizoathirika.",Disaster/Health
Ukame na Vita Vyasababisha Mgogoro wa Kibinadamu nchini Kenya,Disaster/Health
Ripoti ya Hali ya Kibinadamu ya UNICEF Kenya No. 2 (Ukame) - 1 Juni hadi 30 Juni 2022,Disaster/Health
Mpango wa nchi wa mtandao wa IFRC wa Kenya 2023 (MAAKE002),Disaster/Health
Kaunti ya Marsabit: Taarifa ya Onyo la Mapema kuhusu Ukame kwa Juni 2022,Disaster/Health
"Kenya na Rwanda zimefikia hatua muhimu katika mapambano dhidi ya ukinzani wa viua vijidudu (AMR), kuimarisha uwezo wao wa kufuatilia ni wapi magonjwa sugu ya dawa yanajitokeza, na jinsi yanavyoenea.",Disaster/Health
COVID-19 ni halisi na iko hapa pamoja nasi. Kuna matumaini kwa sababu tumepona mara nne. Kwa hiyo ni lazima tutekeleze sehemu yetu. Kaa Nyumbani. Fanya mazoezi ya umbali wa Kimwili. Osha mikono yako mara kwa mara. Funika kikohozi chako na chafya. Safisha na kuua vijidudu kwenye nyuso. #KomeshaCorona,Public Health
"Amejitolea kukuza elimu na mafunzo ya ufundi, na ufundi stadi kupitia anuwai na kujumuisha wanafunzi kutoka maeneo yote ya Kenya kama njia ya kukuza ujuzi wa kiufundi unaohitajika sana nchini na kuwatayarisha ipasavyo wahitimu kwa ulimwengu wa kazi.",General
IsraAID inakamilisha mpango wa NuWASH nchini Kenya,Disaster/Health
"Huku mafuriko katika baadhi ya maeneo ya Kenya yakihitaji majibu ya haraka, jamii zilizoathiriwa na ukame zinakabiliwa na dharura ya utulivu ambayo inatokea kwa miezi badala ya siku.",Disaster/Health
Mgogoro nchini Kenya: Hatua za haraka zinahitajika kwani milioni 3.5 wanakabiliwa na njaa inayosababishwa na ukame,Disaster/Health
Kaunti ya Tharaka Nithi: Taarifa ya Onyo la Mapema kuhusu Ukame Juni 2023,Disaster/Health
AU-COMESA yazindua Ujumbe wa Pamoja wa Waangalizi wa Uchaguzi katika Uchaguzi Mkuu wa 2022 Kenya,Disaster/Health
"Viashirio vya hadhari vya mapema hutumia fasili sanifu, ambazo zimebadilika kwa muda kadri programu zinavyokomaa na hatua za afya ya umma zinavyoboreshwa. Seti iliyosasishwa zaidi ya viashiria vya hadhari vya mapema vya ukinzani wa dawa za VVU imejumuishwa katika ""Mwongozo wa Taarifa za Kimkakati Ulizounganishwa wa VVU"" na Mkakati wa Kupinga Madawa ya VVU, sasisho la 2021 la WHO.",General
Kaunti ya Isiolo: Taarifa ya Onyo la Mapema kuhusu Ukame ya Novemba 2022,Disaster/Health
Kaunti ya Narok: Taarifa ya Onyo la Mapema kuhusu Ukame kwa Juni 2023,Disaster/Health
Sauti za Watu: Vikwazo vya Amani na Ustahimilivu wa Jamii katika Kaunti ya Wajir,Disaster/Health
Kaunti ya Kwale: Taarifa ya Onyo la Mapema kuhusu Ukame kwa Agosti 2024,Disaster/Health
Usimamizi wa Elimu ya Mahitaji Maalum; Uwakilishi wa Kenya katika UNESCO;,General
Kaunti ya Mandera: Taarifa ya Onyo la Mapema kuhusu Ukame kwa Agosti 2023,Disaster/Health
"Uanachama wa shirika ni chaguo bora linalopatikana kwa mashirika hayo yanayojitahidi kuwa sehemu ya juhudi mbalimbali za uhisani za Msalaba Mwekundu. Vyombo hivi vinaweza kujumuisha taasisi au mashirika yenye lengo la kimsingi la kutoa usaidizi na usaidizi kwa wale wanaohitaji. Mpango wa Uanachama wa Shirika hutoa manufaa mengi, kama vile kushiriki katika shughuli za uchangishaji fedha, ufikiaji wa ofa za kipekee kuhusu mafunzo ya kukabiliana na majanga, na fursa za mitandao na mashirika mengine yenye nia moja ili kuchanganya juhudi katika masuala ya usaidizi.",General
Kutoa maendeleo katika harakati za chanjo barani Afrika za COVID-1924 Juni 2022,General
Pokot Magharibi: Taarifa ya Onyo la Mapema kuhusu Ukame kwa Aprili 2022,Disaster/Health
"Taarifa ya Bei ya Kenya, Oktoba 2022",Disaster/Health
WHO na Chuo Kikuu cha Aga Khan ushirikiano wa kuimarisha huduma za saratani kwa wanawake barani Afrika,General
Kenya: Taarifa ya Pamoja kuhusu Maandamano ya Kitaifa,Disaster/Health
"Aliongeza kuwa mfumo dhabiti wa afya lazima usaidie wanawake katika kipindi chote cha maisha, sio tu wakati wa ujauzito na kuzaa, kiini cha dhamira ya serikali ya Huduma ya Afya kwa Wote.",Health
Kaunti ya Kitui: Taarifa ya Onyo la Mapema kuhusu Ukame la Januari 2023,Disaster/Health
"Neno uthibitishaji linatumika kuthibitisha kuwa nchi imetimiza kwa mafanikio vigezo vya EMTCT ya VVU, kaswende na HBV. WHO hutengeneza na kusasisha mwongozo mara kwa mara kuhusu vigezo na michakato ya uthibitishaji wa EMTCT ya VVU, kaswende na HBV. Tangu 2015, Nchi Wanachama zimeweza kutuma maombi ya kuthibitishwa ili kufikia upunguzaji wa maambukizi kutoka kwa mama kwenda kwa mtoto (MTCT) hadi kiwango ambacho si tishio au tatizo kwa afya ya umma tena. Mnamo mwaka wa 2017, Njia ya Kutokomeza ilianzishwa ili kutambua nchi zilizo na maambukizi makubwa ya VVU kwa uzazi, kaswende au HBV katika jitihada zao za kupunguza MTCT.",General
Kenya/IMF: Sawazisha Mageuzi ya Kiuchumi na Haki,Disaster/Health
Mafuriko ya Kenya 2026 - Operesheni ya DREF (MDRKE070),Disaster/Health
Kusaidia kuvunja vizuizi vya utunzaji wa afya ya akili nchini Kenya,Disaster/Health
"Akiwa amefunzwa katika utunzaji wa dharura wa uzazi na watoto wachanga kupitia programu zinazoungwa mkono na WHO, alitathmini haraka hali ya Leaungokiok na kuanza kufuatilia maendeleo ya leba.",Disaster/Health
Kurejesha maisha ya utotoni: Upatikanaji wa elimu na ulinzi kwa watoto katika kambi za wakimbizi za Kenya,Disaster/Health
"Mradi unalenga kuhakikisha wanawake 600+: wameimarishwa uongozi, usimamizi wa fedha na ujuzi wa biashara; inaweza kuendeleza na kuzindua mipango ya ujasiriamali inayostahimili hali ya hewa katika minyororo iliyochaguliwa na endelevu ya thamani; na, zimeunganishwa na masoko na usaidizi wa kifedha ili kuongeza na kuendeleza biashara zao.",Disaster/Health
"Box 30007-00100 NAIROBI, KENYA Simu: +254-20-2252-299 Faksi: +254-20-341-082 Waraka pia unapatikana kwenye tovuti kwa: www.treasury.go.ke iii Dibaji Sera ya Kitaifa ya Ushuru ni sehemu ya juhudi za G katika kuongeza uwazi wa kodi.",Governance
Wasimamizi wa mfumo wa elimu watafaidika kutokana na kuboreshwa kwa taarifa na uwajibikaji kupitia data ya Mfumo wa Taarifa za Usimamizi wa Elimu (EMIS) na ukaguzi wa shule.,General
Chumba cha HabariMedia CentreKituo cha HabariHabari Matoleo ya HabariProgramu na Vikundi HabariPicha HadithiTaarifa na maoniVichwa vya habariUpatikanaji wa kutunza magonjwa sugu barani Afrika yanayokua: ripoti mpya21 Jul 2026|Taarifa ya HabariUganda inalinda huduma muhimu za afya wakati wa kukabiliana na mlipuko wa Ebola21 Jul 2026|Kipengele cha Habari2Maelezo2|Maelezo ya KipengeleMawasiliano2|Mawasiliano mapya2 yamekamilikaAngola mchakato wa kimkakati wa kuimarisha athari za chanjo20 Jul 2026|Taarifa ya HabariSpotlightKatika mstari wa mbele wa mwitikio salama na wa heshima wa mlipuko wa Ebola nchini Uganda01 Jul 2026|Kipengele cha Hadithi,General
"Kuwezesha kushiriki maarifa: Mchakato wa hatua kwa hatua, Februari 2024",Disaster/Health
"Taarifa ya Kiuchumi ya Kenya, Desemba 2023 (Toleo #28)",Disaster/Health
Kaunti ya Turkana: Taarifa ya Onyo la Mapema kuhusu Ukame Juni 2022,Disaster/Health
"Usaidizi wa UN-Habitat kwa mikakati ya Maandalizi na Majibu huko Kakuma-Kalobeyei, Kenya: Kusaidia Juhudi za Janga la COVID-19",Disaster/Health
Vigezo vya chini vya vipimo vya uhakikisho wa ubora wa nje kwa ajili ya matumizi ya maabara yaliyoteuliwa na WHO kwa ajili ya ufuatiliaji wa ukinzani wa dawa za VVU.,General
Tumia kufuli za kuzuia milango kwenye milango ya nje kwa usalama zaidi.,Security
Kaunti ya Marsabit: Taarifa ya Onyo la Mapema kuhusu Ukame kwa Septemba 2024,Disaster/Health
Jukwaa la UWIANO Lazinduliwa Acha Amani Ishinde Kampeni ya Kukuza Uchaguzi wa Amani,Disaster/Health
Njia za Ajira - Ripoti ya Kenya - Agosti 2025,Disaster/Health
Kuziba Pengo la Huduma ya Afya: Athari za Nawiri katika Kufufua Jumuiya za Mbali za Moite na Marsabit.,Disaster/Health
Kaunti ya Tana River: Taarifa ya Onyo la Mapema kuhusu Ukame ya Oktoba 2024,Disaster/Health
"Baraza la Vyuo Vikuu vya Afrika Mashariki (IUCEA) ni taasisi ya Jumuiya ya Afrika Mashariki (EAC) yenye jukumu la kuratibu maendeleo ya elimu ya juu na utafiti, yenye makao yake makuu Kampala, Uganda. IUCEA ni Kitengo cha Uwezeshaji cha Mkoa kwa Mradi wa ACEII.",General
Kenya: Kituo cha Don Bosco Makuyu kinakarabati vifaa kutokana na ufadhili wa wafadhili kutoka kwa Salesian Missions,Disaster/Health
"Eneo la EHAGL: Ripoti ya Uchambuzi wa Maoni ya Jamii, Oktoba - Desemba 2024",Disaster/Health
"Wizara ya Afya na WHO zinafanya kazi ili kuhakikisha kuwa masomo haya yanatafsiriwa katika mipango thabiti ya dharura, vifaa vyenye rasilimali bora na jumuiya zinazostahimili zaidi.",Health
Sasisho la Ujumbe Muhimu wa Kenya: Bei za juu za bidhaa kuu huweka nguvu ya ununuzi ya kaya kuwa chini kuliko kawaida (Julai 2023),Disaster/Health
Zambia Yazindua Mzunguko wa Mwisho wa Kampeni ya Chanjo ya Polio Inayolenga Watoto Milioni 3.9,General
Ujumuishaji wa Wakimbizi wa Kaunti ya Nairobi na Mkakati wa Kujenga Jamii,Disaster/Health
Hatua za Hali ya Hewa zinazoongozwa na Mashinani kwa Ustahimilivu wa Jamii,Disaster/Health
USAWA WA ELIMU YA MSINGI YA KENYA KATIKA MPANGO WA KUJIFUNZA (KPEEL),General
"Kenya: Ripoti ya kila mwaka ya mtandao wa IFRC ya 2023, Jan-Des",Disaster/Health
"TAARIFA KWA VYOMBO VYA HABARI KUHUSU KUTOLEWA KWA MATOKEO YA MTIHANI WA KCPE 2023 NA MHE EZEKIEL MACHOGU, CBS, KATIBU WA BARAZA LA MAWAZIRI, WIZARA YA ELIMU, TAREHE 23 NOVEMBA, 2023 KATIKA OFISI ZA KNEC, KUSINI C, NAIROBI.",General
Kupanua anuwai ya kijiografia ya nguzo za ugonjwa wa homa ya Bonde la Ufa zinazohusiana na mabadiliko ya hali ya hewa katika Afrika Mashariki,Disaster/Health
"Kenya: Athari zinazotarajiwa za hali ya ukame katika kaunti za Mandera, Tana River, Turkana na Wajir (Maelezo ya Kutarajia 27 Novemba 2025)",Disaster/Health
Kenya - Kikokotoo cha Idadi ya Watu na Uhamisho katika Wajir Awamu ya #4 (12 Februari 2025),Disaster/Health
Kaunti ya Lamu: Taarifa ya Onyo la Mapema kuhusu Ukame Julai 2024,Disaster/Health
WHO yaonyesha ubunifu wa Kiafrika katika kukabiliana na COVID-1922 Mei 2020,General
Kuzuia VVU wakati wa ujauzito na kunyonyesha katika muktadha od PrEP,General
Masharti na masharti ya ufadhili wa masomo yaliyopokelewa yanatangazwa kwa umma kwa ujumla kupitia tangazo kwenye MyGov mnamo Jumanne na tovuti ya Wizara inayoomba watahiniwa kutuma ombi.,General
Mipango ya kimsingi ya kuzuia VVU ni muhimu katika kupunguza maambukizi mapya ya VVU na kuokoa rasilimali za nyumbani ambazo zingetumika katika matibabu na huduma za usaidizi ikiwa maambukizi ya VVU hayatazuiliwa.,Health
Muhtasari wa mafunzo kutoka Benki ya Dunia-UNHCR Kenya data na ushirikiano wa ushahidi (2016-2023),Disaster/Health
CFK Africa inaendesha mafunzo ya ualimu wa maendeleo ya utotoni nchini Kenya kuhusu kusaidia watoto wenye ulemavu,Disaster/Health
Viongozi wa kambi hiyo wanasema baadhi ya walioondolewa waliwekwa bayana na DRS kuwa raia wa Kenya.,Governance
Ukame wa Kenya - Ripoti ya Mwisho ya DREF (MDRKE065),Disaster/Health
Kila mtu anayetumia Treni ya Kusafiria lazima afuate hatua katika Kituo cha Reli. Feri mpya kabisa imetambulishwa katika Feri ya Likoni ili kuhakikisha umbali wa kijamii. Usafirishaji wa maua utadumishwa kwa kuongeza mashirika 12 zaidi ya ndege; CS Macharia. #KomeshaCorona sasisho.,Public Health
Juhudi nchini Guinea-Bissau za kuimarisha upatikanaji wa oksijeni ya matibabu zinaleta matokeo makubwa,General
Ofisi ya Kanda ya Afrika Mashariki kuhusu mafuriko #1 (15 Mei 2024),Disaster/Health
Huduma kwa wagonjwa wa kisukari wanaoishi katika kambi za watu waliohamishwa nchini Burundi,General
"Ukame na migogoro yawalazimu watu 80,000 kutoroka Somalia na kuelekea katika kambi za wakimbizi za Dadaab nchini Kenya.",Disaster/Health
Kaunti ya Meru (Meru-Kaskazini): Taarifa ya Onyo la Mapema kuhusu Ukame ya Mei 2023,Disaster/Health
Kuongeza Teknolojia Zinazosumbua kwa Tija ya Kilimo nchini Kenya,Disaster/Health
Kanuni zinapatikana kwenye tovuti ya Hazina ya Kitaifa (www.treasury.go.ke).,Governance
Inastahili kufahamishwa kuhusu shughuli za KRCS katika shule hizo,General
"Mpango wa Shiŕika unaashiria mabadiliko ya kihistoria kuelekea suluhu zilizounganishwa, zenye mwelekeo wa maendeleo.",Disaster/Health
"b) Takriban watoto wakimbizi 117,900 katika shule za msingi zilizo kambini.",General
"Maamuzi mazuri ya ufadhili yanategemea taarifa nzuri, kuelewa mahali ambapo hatari zipo, jinsi zinavyobadilika, na zitagharimu nini,"" alisema Amjad Abbashar, Mkuu wa Ofisi ya UNDRR ya Kanda ya Afrika.",Disaster/Health
Baraza la Kurugenzi la Dawa za Mifugo 19.08.2024 11:45 a.m. - 12:15 p.m.,Agriculture
Usambazaji wa chanjo ya COVID-19 unadumaa barani Afrika21 Oktoba 2022,General
"Kenya - Taarifa Muhimu ya Ujumbe: Uhaba wa chakula unaoendelea katika maeneo ya wafugaji kabla ya msimu wa mvua fupi za chini ya wastani, Septemba 2025",Disaster/Health
"Kenya na Rwanda zimefikia hatua muhimu katika mapambano dhidi ya ukinzani wa viua vijidudu (AMR), kuimarisha uwezo wao wa kufuatilia ni wapi magonjwa sugu ya dawa yanajitokeza, na jinsi yanavyoenea. Kupitia maboresho ya mifumo yao ya uchunguzi, nchi zote mbili sasa zinatoa maelezo ya kina zaidi ili kuongoza maamuzi ya matibabu, kuimarisha hatua za afya ya umma na kusaidia kulinda ufanisi wa dawa zinazookoa maisha.",General
"Kenya inapiga hatua za kisiasa, sekta nyingi, na taaluma mbalimbali kuelekea kustahimili lishe",Disaster/Health
"Katika muktadha huu, hali ya kibinadamu kaskazini mwa Kenya imezidi kubadilika kutokana na athari zinazoingiliana za ukame na mafuriko.",Disaster/Health
Uwekaji wa digitali wa kampeni ya usambazaji chandarua huimarisha usawa nchini Benin,General
Mkakati huu uliandaliwa kupitia mchakato wa mashauriano wa hatua kwa hatua kutoka 2025 hadi 2026.,Disaster/Health
Masomo na Mapendekezo ya Utekelezaji wa Sheria Mpya ya Wakimbizi ya Kenya,Disaster/Health
Ripoti ya Muhtasari wa Kenya: Uchambuzi wa haraka wa jinsia na mahitaji huko Marsabit (Septemba 2022),Disaster/Health
Safari ya Kenya Kuelekea Kuwalinda Watoto: Muongo wa Mabadiliko (2010-2019),Disaster/Health
"Kenya, Afrika | Sasisho la Operesheni ya Mafuriko 2023 (MDRKE058)",Disaster/Health
"Watu hawa kihistoria hawajapewa kipaumbele cha kutosha katika kukabiliana na janga la VVU, haswa katika nchi zilizo na milipuko ya jumla ya VVU.",General
Kukuza na kuunganisha Teknolojia ya Habari na Mawasiliano (TEHAMA) katika ngazi zote za elimu na mafunzo.,General
Umeme wa jua hubadilisha huduma ya afya katika maeneo ya mashambani nchini Kenya,Disaster/Health
Taarifa ya Tahadhari ya Mapema ya Kitaifa (Juni 2024),Disaster/Health
"Wakati wa awamu hii ya mwisho ya kampeni, timu za chanjo zitaendelea kufikia familia kupitia ziara za nyumba hadi nyumba, huku zikifanya kazi katika shule, soko, makanisa na vituo vya afya. Watoto wote walio chini ya miaka mitano watapewa chanjo ya kumeza ya polio, hata kama wamepokea dozi za awali.",General
Mafanikio ya kijinsia yaliyogubikwa na ukiukaji wa katiba: Uchambuzi wa hali ya wanawake katika siasa baada ya uchaguzi wa 2022 Kenya,Disaster/Health
"Rejea Msingi: Kuelewa Tatizo la Utapiamlo Uliokithiri Ulimwenguni katika Kaunti za Isiolo na Marsabit, Kenya (Agosti 2024)",Disaster/Health
Kaunti ya Laikipia: Taarifa ya Onyo la Mapema kuhusu Ukame Juni 2022,Disaster/Health
MachapishoKama »ABCDEGKLMNRSTUZNotícias dos paísesAngola inahitimisha mchakato wa uimarishaji wa uimarishaji wa athari za vacina20 Jul 2026|Mawasilisho ya Uboreshaji wa OMS na Wizara ya Usaidizi wa Usaidizi wa Usaidizi wa Jimbo la Saude katika Jimbo la Soko la Jimbo la Cube Príncipe07 Jul 2026|Comunicado de imprensaAutoridades de saúde confirmam caso de mpox na Guiné-Bissau04 Jul 2026|Comunicado de imprensaHuíla lança projecto invador for reforcar a prevençú e o diagnostic dagnos precoce do can docro2 2026|Comunicado de imprensaA caminho de 2030: Os especialistas em saúde renovam os seus compromissos de transformar a prestação de cuidados no âmbito das doenças não transmissíveis graves em África25 Jun 20Uganda theUganda in africa25 Jun 20Uganda theUganda insawder majibu salama na yenye hadhi ya mlipuko wa Ebola nchini Uganda01 Jul 2026|Ripoti,General
Kenya: IPC Ukosefu wa Chakula Mkali na Uchambuzi Mkali wa Utapiamlo (Julai 2023 - Januari 2024) Limechapishwa tarehe 1 Septemba 2023,Disaster/Health
Kaunti ya Taita Taveta: Taarifa ya Onyo la Mapema kuhusu Ukame kwa Agosti 2024,Disaster/Health
"Muhtasari wa Nchi wa WFP Kenya, Machi 2022",Disaster/Health
"MLIPUKO WA VIRUSI WA EBOLA BUNDIBUGYO Jamhuri ya Kidemokrasia ya Kongo | Ripoti ya Hali ya Nje ya Uganda ya Kila Wiki 07, Data kufikia tarehe 28 Juni 2026",General
"Kenya: Maisha mafupi ya ufanisi wa gharama - Kujenga Mapato na Kuinua Maisha ya Vijana (BILLY), 2021",Disaster/Health
Sisi ni wasaidizi wa Serikali ya Kitaifa na Kaunti na tunafanya kazi ili kupunguza mateso ya wanadamu na kuhifadhi maisha na utu wa binadamu.,General
Kaunti ya Wajir: Taarifa ya Onyo la Mapema kuhusu Ukame kwa Aprili 2022,Disaster/Health
IGAD Yaimarisha Matumizi na Usimamizi Nyeti wa Ardhi katika Migogoro katika Nguzo ya Somalia/Mandera,Disaster/Health
"Hii inachangiwa na changamoto mbalimbali, miongoni mwao; ongezeko la vivutio vya kodi, uzingatiaji mdogo wa kodi, kuendelea kwa athari za janga la COVID-19, ukuaji wa sekta isiyo rasmi na kuongezeka kwa matumizi ya teknolojia katika miundo ya kisasa ya biashara, ambayo ni vigumu kutozwa kodi.",Disaster/Health
Chini ya 2% ya chanjo za ulimwengu za COVID-19 zinazosimamiwa barani Afrika08 Aprili 2021,General
Kaunti ya Marsabit: Taarifa ya Onyo la Mapema kuhusu Ukame kwa Juni 2024,Disaster/Health
Mtazamo wa Usalama wa Chakula Kenya Usasishaji Desemba 2025 - Mvua ya kihistoria ya Oktoba-Desemba yasababisha Mgogoro mkubwa (IPC Awamu ya 3),Disaster/Health
Kaunti ya Embu (Mbeere): Taarifa ya Onyo la Mapema kuhusu Ukame kwa Februari 2024,Disaster/Health
Tangu 2018 Wizara ya Elimu imechakata ufadhili wa masomo kutoka nchi kumi na tano (15). Orodha iliyoambatanishwa inaonyesha waombaji na wanufaika zaidi ya miaka. Idadi ya waombaji na visa vya walengwa imefupishwa katika jedwali hapa chini:,General
"Kenya inasherehekea chanjo huku watoto zaidi wakifikiwa na RTS,S | WHO | Ofisi ya Kanda ya Afrika Kenya inaadhimisha chanjo huku watoto zaidi wakifikiwa na RTS,S Kenya wiki hii inaungana na ulimwengu kuadhimisha wiki ya Chanjo ya Afrika (Wiki ya Chanjo Duniani) pamoja na Siku ya Malaria Duniani mnamo Aprili 25, 2023.",Health
Kaunti ya Marsabit: Taarifa ya Onyo la Mapema kuhusu Ukame kwa Oktoba 2023,Disaster/Health
Kaunti ya Embu (Mbeere): Taarifa ya Onyo la Mapema kuhusu Ukame Machi 2022,Disaster/Health
"Ikilinganishwa na makundi mengine, vijana wanaobalehe wanakabiliwa na vikwazo vya ziada katika kufikia upimaji na matibabu, ikiwa ni pamoja na huduma za afya ambazo hazijaainishwa kulingana na mahitaji yao na sera zinazohitaji idhini ya wazazi kwa huduma. Vijana walio na VVU pia wana uwezekano mdogo kuliko watu wazima kuambatana na matibabu yao mara kwa mara, na hivyo kusababisha viwango vya chini vya ukandamizaji wa virusi na kupungua kwa vifo.",General
Kaunti ya Laikipia: Taarifa ya Onyo la Mapema kuhusu Ukame ya Novemba 2023,Disaster/Health
Mtazamo wa Usalama wa Chakula nchini Kenya Februari - Septemba 2024,Disaster/Health
Elimu inaendelea kuwa msingi wa ajenda ya ushirikiano wa kikanda ya IGAD,Disaster/Health
"Huku ukame ukizidi kushika kasi nchini Kenya, ambulensi ya pikipiki inawasaidia wanawake kupata huduma muhimu za afya",Disaster/Health
Kaunti ya Kitui: Taarifa ya Onyo la Mapema kuhusu Ukame kwa Juni 2022,Disaster/Health
"Kenya: Muhtasari wa gharama za ulinzi - Girls Empowered by Micro-franchise, 2014",Disaster/Health
Nchi za Afrika zinaanza kupunguza hatua za kufungwa kwa COVID-1930 Aprili 2020,General
"Maarifa na Maoni ya Wenyeji Kuhusu Sababu za Utapiamlo miongoni mwa Dasanech nchini Kenya: Tathmini ya Haraka Shiriki katika Wadi ya Illeret, Kaunti ya Marsabit.",Disaster/Health
Mifumo ya matumizi ya maji na ardhi na usimamizi wa maliasili katika mandhari mbalimbali za Magharibi mwa Kenya,Disaster/Health
Kaunti ya Mandera: Taarifa ya Onyo la Mapema kuhusu Ukame kwa Machi 2024,Disaster/Health
"Vituo hivyo vitatu, Chuo Kikuu cha Egerton, Chuo Kikuu cha Sayansi na Teknolojia cha Jaramogi Oginga Odinga na Chuo Kikuu cha Moi tayari vimepokea pesa na vimeanzisha mradi huo. Lengo kuu la mradi ni kuimarisha Vituo vya Ubora kwa kutoa elimu bora ya baada ya kuhitimu na utafiti shirikishi kwa ushirikiano na viwanda. Vituo hivyo vitatu kwa pamoja vimesajili Wanafunzi 238 wa Uzamili na Wanafunzi 104 wa Uzamivu kutoka Kenya na kanda.",General
Kenya: Utayari wa Ugonjwa wa Virusi vya Bundibugyo (BVD) - Operesheni ya DREF (MDRKE072),Disaster/Health
Hii ni pamoja na jamii katika nchi Kame na Nusu Kame nchini Kenya zilizoathiriwa na majanga yanayohusiana na hali ya hewa yanayotokea mara kwa mara kama vile ukame na mafuriko.,Disaster/Health
Kuimarisha ufuatiliaji wa upimaji na matibabu ya VVU,General
Kaunti ya Narok: Taarifa ya Onyo la Mapema kuhusu Ukame kwa Machi 2022,Disaster/Health
Kenya: Vikosi vya Usalama vyatekwa nyara na kuwaua waandamanaji,Disaster/Health
Kaunti ya Garissa: Taarifa ya Onyo la Mapema kuhusu Ukame kwa Novemba 2023,Disaster/Health
"Usimamizi unaofaa unajumuisha miji inayostahimili hali ya hewa, kilimo endelevu, mifumo bora ya maji, na ushirikiano thabiti wa kikanda ili kusaidia jamii zilizo katika hali ya joto zaidi.",Disaster/Health
"Msaada Umepatikana kwa Kaya 2870 Zilizoathiriwa na Mafuriko nchini Kenya, Lakini Pengo Muhimu la Ufadhili Limesalia.",Disaster/Health
Maelezo kamili ya walioondolewa na sababu hazikupatikana kwa ripoti hii.,Disaster/Health
Kutoa ujuzi na ustadi unaofaa na wa kutosha katika taaluma za kimkakati ifikapo 2020 ili kuchochea maendeleo ya kiviwanda na kiuchumi kulingana na matarajio ya watu wa Kenya.,General
Kaunti ya Kajiado: Taarifa ya Onyo la Mapema kuhusu Ukame ya Juni 2023,Disaster/Health
Matone mawili ya imani: jamii na wataalamu wa afya wanaungana kulinda watoto dhidi ya polio katika Mkoa wa Tete,General
"Kenya - Mpango wa Utekelezaji wa Maandalizi ya Usafirishaji wa Kaunti ya Garissa, Septemba 2023",Disaster/Health
Kaunti ya Baringo: Taarifa ya Onyo la Mapema kuhusu Ukame kwa Machi 2023,Disaster/Health
Kaunti ya Garissa: Taarifa ya Onyo la Mapema kuhusu Ukame kwa Mei 2022,Disaster/Health
Kondrobo - Kusimamia afya ya mtu mwenyewe ni mbinu inayoendelezwa na Côte d'Ivoire kupitia upangaji wa midahalo ya jamii katika maeneo yaliyo mbali na vituo vikuu vya mijini. Mabadilishano haya na jumuiya za wenyeji yanalenga...,General
Mpango wa Rais wa Malaria: Wasifu wa Nchi ya Kenya (Ilisasishwa Mara ya Mwisho: 06/20/2023),Disaster/Health
Njaa nchini Kenya/Ethiopia: Malteser International inapanua misaada ili kuzuia migogoro,Disaster/Health
Jamhuri ya Kenya: 2024 - 2025 Ukali wa Ukame (25 Januari 2026),Disaster/Health
"Muigizaji na Uchoraji wa Huduma katika Kambi za Wakimbizi za Kakuma, Julai 2022",Disaster/Health
"Muhtasari wa Usaidizi wa USAID/BHA Kenya, Aprili 2023",Disaster/Health
Kaunti ya Tana River: Taarifa ya Onyo la Mapema kuhusu Ukame la Desemba 2023,Disaster/Health
Miongozo iliyounganishwa juu ya huduma za kupima VVU kwa janga linalobadilika,General
Kenya: Msaada wa dharura ulianza kwa watu katika maeneo yaliyofurika,Disaster/Health
Kaunti ya Narok: Taarifa ya Onyo la Mapema kuhusu Ukame kwa Mei 2023,Disaster/Health
"Kuhifadhi urithi, kukuza maendeleo, kuinua usawa wa kijamii: Ushauri wa sera kuhusu jinsi watu wa kiasili wanaweza kuendeleza kilimo endelevu nchini Kenya.",Disaster/Health
Kaunti ya Tana River: Taarifa ya Onyo la Mapema kuhusu Ukame la Mei 2023,Disaster/Health
Ripoti ya Hali ya Kibinadamu ya UNICEF Kenya No. 1 (Mafuriko ya El Niño) kipindi cha kuripoti 1 Oktoba - 15 Desemba 2023,Disaster/Health
Taarifa ya Hatari ya Kila Mwezi ya Hazina ya Anza (Imetolewa tarehe 27 Mei 2022),Disaster/Health
Kambi ya Wakimbizi ya Dadaab na Kakuma nchini Kenya | Mpango wa Pamoja wa Ufuatiliaji wa Soko (JMMI) Q2 (Aprili - Juni 2025),Disaster/Health
Pokot Magharibi: Taarifa ya Onyo la Mapema kuhusu Ukame kwa Aprili 2023,Disaster/Health
Kenya: Mvua Kubwa na Taarifa ya Mafuriko - Sasisho la Flash #6 (17 Mei 2024),Disaster/Health
"Inaweza kuwa vigumu kutofautisha kitabibu dalili za magonjwa ya Ebola na magonjwa mengine ya kuambukiza kama vile malaria, homa ya matumbo na uti wa mgongo. Vipimo vingi vya uchunguzi vimetengenezwa ili kudhibitisha uwepo wa virusi.",General
"Taarifa ya Bei ya Kenya, Aprili 2023",Disaster/Health
"Mnamo 2022, takriban watu 380,000 walikufa kutokana na magonjwa yanayohusiana na UKIMWI mnamo 2022.760,000 walioambukizwa VVU mnamo 2022.",General
Kaunti ya Kitui: Taarifa ya Onyo la Mapema kuhusu Ukame kwa Mei 2022,Disaster/Health
"Taarifa ya Bei ya Kenya, Julai 2023",Disaster/Health
Wengine walivutiwa na urahisi na ufikiaji wa chanjo.,Health
Kupachika Amani: Mambo muhimu ya kuzingatia katika kuimarisha miundombinu ya kujenga na kudumisha amani chanya (i4p),Disaster/Health
"Kundi la Kujisaidia linaweza kufafanuliwa kama utaratibu unaoongozwa na rika, unaokubalika kitamaduni ili kujenga uhuru wa kifedha, uthabiti na usaidizi wa pande zote.",Disaster/Health
Kutambua na kupima ufanisi wa vifurushi vya uvumbuzi wa kijamii na kiufundi juu ya uwezeshaji na ustahimilivu nchini Kenya: Ripoti ya msingi.,Disaster/Health
"Katika Mandera Kaskazini(Ashabito/Guticha/Morothile), uingiliaji kati wa KRCS unaoungwa mkono na IFRC ulifikia kaya 4,987 zikiwa na kifurushi cha pamoja cha maji ya dharura, usambazaji wa CSB++ na huduma za afya-lishe.",Health
Pokot Magharibi: Taarifa ya Onyo la Mapema kuhusu Ukame kwa Februari 2024,Disaster/Health
Kenya: Wakimbizi waliosajiliwa na wanaotafuta hifadhi (kuanzia tarehe 30 Aprili 2022),Disaster/Health
Chama cha Msalaba Mwekundu cha Kenya kinaongozwa na kanuni hizi 7 za msingi za Vuguvugu la Hilali Nyekundu la Msalaba Mwekundu:,General
"@GarissaGov ni kielelezo cha ufanisi wa utekelezaji na kuanzishwa kwa MPDSR, ambayo inalenga katika kuunganisha taarifa na majibu, kuhakikisha kuwa majibu yanachukuliwa kulingana na data ili kuzuia vifo vinavyoepukika vya uzazi na uzazi kutokea katika siku zijazo. #KomeshaCorona",Public Health
DRC - Muhtasari wa Mafunzo: Kutumia Fahirisi ya Kujitegemea kwa Tathmini ya Athari za Kipato,Disaster/Health
Kaunti ya Samburu: Taarifa ya Onyo la Mapema kuhusu Ukame kwa Septemba 2024,Disaster/Health
Project Hecuba: Utafiti wa Usawa wa Jinsia katika Mipango ya Ujumuisho ya Kidijitali ya Wakimbizi,Disaster/Health
Kaunti ya Nyeri (Kieni): Taarifa ya Onyo la Mapema kuhusu Ukame Juni 2024,Disaster/Health
"Mpango wa Kujifunza na Kujenga Uwezo wa Drylands (DLCI) ni mshirika wa kitaifa wa Kaimu katika hatua hii, na kuleta ujuzi na uzoefu wake wa kina wa jumuiya za nchi kavu na mienendo ya kijinsia ya eneo hili.",Education
"Inaonyesha mabadiliko ya hali ya hewa yanayoongezeka yanayoathiri nchi, ambapo mvua nyingi na ukame unaoongezeka hutokea kwa wakati mmoja.",Disaster/Health
"PS John Lekakeny Ololtuaanaongoza Idara ya Jimbo la Elimu ya Msingi, akileta tajriba ya zaidi ya miongo mitatu katika karibu kila ngazi ya mfumo wa elimu nchini Kenya. Mzaliwa wa Kilgoris, Kaunti Ndogo ya Trans Mara Magharibi, Kaunti ya Narok, ana Shahada ya Kwanza ya Elimu (Sanaa) na Shahada ya Uzamili katika Utawala wa Elimu, zote kutoka Chuo Kikuu cha Kenyatta.",General
Kaunti ya Lamu: Taarifa ya Onyo la Mapema kuhusu Ukame kwa Juni 2023,Disaster/Health
Nchi tisa za Afrika zinatengeneza ramani za kubadilisha elimu ya taaluma za afya,General
Lengo: kutumia ujifunzaji wa mashine ili kuboresha mifumo ya tahadhari ya mapema kwa hali mbaya ya hewa katika Afrika mashariki.,Education
Kenya: Mvua Kubwa na Taarifa ya Mafuriko - Sasisho la Flash #3 (29 Aprili 2024),Disaster/Health
Kaunti ya Samburu: Taarifa ya Onyo la Mapema kuhusu Ukame kwa Mei 2023,Disaster/Health
"Safari ya upatanisho na matumaini kupitia kilimo huko Yabicho, Kaunti ya Mandera, Kenya",Disaster/Health
La preuve que handicap n'est pas synonyme d'inaptitude : Creations d'emplois dans l'agriculture pour des jeunes en situation de handicap au Kenya,Disaster/Health
Tathmini ya vifaa vya Taasisi na uwezo wa TVET.,General
"Takriban Watu Milioni 1 Nchini Kenya, Burundi, Tanzania na Somalia Waathiriwa na Mvua kubwa Isiyo na Kifani Kuendelea Kusababisha Machafuko Afrika Mashariki.",Disaster/Health
Kulisha siku zijazo: Afrika inasonga mbele kwa chakula cha shule,Disaster/Health
Kaunti ya Mandera: Taarifa ya Onyo la Mapema kuhusu Ukame ya Oktoba 2022,Disaster/Health
"Mwongozo wa INEE kuhusu Ustawi wa Walimu katika Mipangilio ya Dharura: Kikoa cha 3 - Kufundisha na Kujifunza, Muktadha wa Kambi ya Wakimbizi ya Kakuma.",Disaster/Health
Msaada wa Tahadhari ya Kenya Cash Consortium kwa Jamii Zilizoathiriwa na Maafa katika Kaunti za Garissa na Turkana: Msingi (Januari 2025),Disaster/Health
Rufaa ya Kenya Flash kwa muhtasari (Aprili - Oktoba 2022),Disaster/Health
"Taarifa ya Bei ya Kenya, Novemba 2023",Disaster/Health
Tafadhali tembelea health.go.ke/covid-19/ na youtube.com/watch?v=klm9yY ... kwa masasisho ya hivi punde kuhusu COVID-19 nchini Kenya au piga simu ya 719 kwa usaidizi #KomeshaCorona,Public Health
Hakikisha usalama! Zingatia viwango vya moto katika mabweni ya shule.,Education
Kenya ina miaka mitano kufikia Malengo yake ya Maendeleo Endelevu (SDGs) na shabaha za Sera ya Afya ya Kenya kwa afya ya uzazi na watoto wachanga.,Health
"Abdullahi Yasin Warsame, 42, aliiambia Radio Ergo kwamba kaya yake ya watu 13 ilitegemea kabisa usambazaji wa chakula na posho ndogo ya pesa ambayo ilikoma ghafla mnamo Februari.",Disaster/Health
"Alisema hajapata maelezo ya kueleweka, licha ya kuwasilisha malalamiko mengi kwa mamlaka na ofisi za mashirika ya misaada.",Disaster/Health
"Unapopoteza ulichokuwa nacho, unatambua maana yake kwako.",Disaster/Health
Hatukuwa na chanzo kingine cha mapato.,Disaster/Health
"Ilipochukuliwa na hatukujua kwa nini, ilituletea dhiki nyingi, ""alisema.",Disaster/Health
"Familia yake inajumuisha watoto 10 walio na umri wa chini ya miaka 18, na mama yake mzee mlemavu, ambaye ana kisukari na shinikizo la damu.",Disaster/Health
"Walikuwa wakipokea kilo 110 za mchele, kilo 40 za maharagwe, lita 15 za mafuta ya kupikia, pamoja na pesa taslimu dola 43 kila baada ya miezi miwili ambayo iliwafanya waendelee.",Disaster/Health
Alisema familia yake ilifanyiwa tathmini mwaka jana na kuainishwa kuwa ni dhaifu na inahitaji msaada endelevu.,Disaster/Health
"Sasa, anasema, familia inaishi zaidi kwa msaada kutoka kwa majirani, ambao wenyewe wana uwezo mdogo.",Disaster/Health
"Abdullahi anafanya kazi kama mlinzi wa usiku, akipata dola 60 kwa mwezi.",Disaster/Health
"Tunalalamika kuhusu ukosefu wa chakula, lakini tunaambiwa kadi [ya usambazaji wa misaada] imeondolewa kwenye mfumo, na hatujui sababu,” aliiambia Radio Ergo.",Disaster/Health
"Idara ya Huduma kwa Wakimbizi ya Kenya (DRS) iliwaondoa takriban watu 39,000 kutoka kwa haki ya kupata usaidizi mwezi Februari, kufuatia zoezi la uhakiki.",Disaster/Health
Wengi wa walioathiriwa walikuwa wameishi katika kambi hizo kwa zaidi ya miaka 30.,Disaster/Health
Alifikiri hii ingemfungulia fursa bora zaidi.,Disaster/Health
"Lakini mwezi Februari, familia yake ya watu wanane ilikuwa kwenye orodha ya DRS ya wale waliokatishwa msaada.",Disaster/Health
"Wakati mwingine wanawake katika ujirani hukusanya takriban kilo 15 za mchele na mafuta kwa ajili yetu,” alisema.",Disaster/Health
"Sasa anajutia uamuzi huo, akisema umeiacha familia yake bila usaidizi walioutegemea.",Disaster/Health
"Hatuwezi kusimamia bila usaidizi wa wakimbizi,” aliiambia Radio Ergo.",Disaster/Health
Viongozi wa kambi wanasema athari za wakimbizi kunyimwa misaada ni kubwa.,Disaster/Health
"Mwenyekiti wa kambi ya Dadaab ya Hagadera, Khalif Dhuubow Jelle, alisema viongozi wa kambi na kamati za wakimbizi wametoa mara kwa mara wasiwasi wao na mamlaka husika lakini bila matokeo.",Disaster/Health
"Kuna njaa, na ikiwa tathmini itafanywa, itakuwa wazi kuwa wengi wanakabiliwa nayo,"" Khalif alisema.",Disaster/Health
"Hii inachangiwa na mabadiliko ya sera kuhusu kuwepo kwa kambi, pamoja na kupunguzwa kwa fedha.",Governance
Uwepo wa Makena ulikuja wakati muhimu.,Disaster/Health
"Hata hivyo, muda mfupi baada ya kuzaliwa, Leaungokiok alianza kuvuja damu nyingi, tatizo ambalo lingeweza kutishia maisha lisipodhibitiwa haraka.",Disaster/Health
"Ninashukuru kujifungua salama na kupata mtoto mwenye afya njema,” anasema Leaungokiok, akimkumbatia bintiye.",Health
"Chini ya uingiliaji kati wa miezi 9, KCC inalenga kufikia zaidi ya watu 28,000 kote nchini.",Disaster/Health
Mbinu hii na ushirikiano ulioanzishwa kati ya viongozi wa kisekta pia unaweka KCC kama kiongozi katika kupitisha ‘MPCA kwanza’ kama kanuni elekezi ya kuongeza thamani kwa wapokeaji.,Disaster/Health
"Lengo letu chini ya hatua hii sio tu kuhamisha rasilimali; bali kuhamisha chaguo, heshima na matumaini.",Disaster/Health
"CGAN inachukua hali hizi mahususi—kama vile halijoto, unyevunyevu, au mifumo ya upepo—na kuzitumia kuzalisha hali halisi za hali ya hewa za siku zijazo.",Disaster/Health
"Hii huwasaidia wanasayansi na wataalamu wa hali ya hewa kufanya utabiri sahihi zaidi, hasa katika hali ngumu kama vile kutabiri ukame au mafuriko kwa mradi wa Anticipatory Action (SEWAA), timu inatumia AI ya hali ya juu—hasa Mitandao ya Masharti ya Kuzalisha Masharti (cGANs)1—kutoa utabiri wa mvua wa msongo wa juu wiki mapema.",Disaster/Health
UNAIDS inatumia ‘gharama ya kutochukua hatua’ kama kiashirio cha athari mbaya kwa maisha ya watu na jamii ya kutowekeza rasilimali kukomesha UKIMWI.,Disaster/Health
Gharama ya kutochukua hatua kwa vijana ni muhimu sana kwani athari huenea katika sehemu kubwa ya maisha yao.,Disaster/Health
"Kwa kutumia mbinu ya gharama ya kutochukua hatua, ripoti hii inakokotoa gharama ya sasa ya kila mwaka ya utoaji duni wa huduma za VVU na SRHR kwa vijana wenye umri wa miaka 15-24 katika nchi hizo tatu.",Health
"Wakati nchi inapohama kutoka katika mfumo wa msingi wa kambi kuelekea kwenye makazi jumuishi chini ya Mpango wa Shiŕika, ushahidi mpya unaonyesha hatari kuu: bila kazi, kushuka kwa sasa kwa misaada kunasababisha umaskini mkubwa badala ya kujitegemea kwa jumuiya zinazowapokea na wakimbizi.",Disaster/Health
"Utafiti wa hivi majuzi uliotolewa kupitia ushirikiano kati ya Benki ya Dunia, UNHCR, na Kituo cha Matendo Mazuri ya Ulimwenguni unategemea mawimbi mawili ya uchunguzi wa jopo uliofanywa kati ya 2022 na 2024.",Disaster/Health
"Kwa kufuata wakimbizi na kaya zinazowahifadhi kwa muda, utafiti unatoa mwangaza adimu wa jinsi mikakati ya ustawi na kukabiliana na hali inavyoendelea huku misaada ya kibinadamu inavyozidi kuwa ngumu, mishtuko inazidi, na uchumi wa ndani unakabiliwa na matatizo.",Disaster/Health
"Uhamisho wa kulazimishwa ni suala la kibinadamu na, inazidi kuwa changamoto kwa kazi na maendeleo, yenye athari za moja kwa moja katika kupunguza umaskini, utulivu wa kiuchumi wa ndani, na uwiano wa kijamii.",Disaster/Health
"Kwa sababu tafiti zilitangulia upunguzaji mkubwa wa misaada ulioonekana tangu mwishoni mwa 2024, hali leo huenda ni mbaya zaidi.",Agriculture
"Umaskini na kunyimwa bado kumeenea miongoni mwa jumuiya zinazowapokea na wakimbizi, na uboreshaji mdogo kadri muda unavyopita.",Disaster/Health
"Kati ya mawimbi ya uchunguzi, thamani ya wastani ya misaada iliyopokelewa na kaya za wakimbizi ilishuka kufuatia kupunguzwa kwa mgao mara kwa mara na kusimamishwa kwa mifumo ya vocha.",Disaster/Health
"Hili linadhihirika zaidi Kalobeyei, ambako umaskini wa kifedha uliongezeka sana kati ya mawimbi ya utafiti.",Disaster/Health
Masoko ya ajira ya wakimbizi yalizorota kwa kasi huku kukiwa na hali dhaifu ya ajira ya wenyeji.,Disaster/Health
"Ukosefu wa shughuli miongoni mwa wakimbizi walio katika kambi uliongezeka hadi 89%, ikionyesha nafasi finyu za kazi badala ya kutokuwa tayari kufanya kazi, huku 64% wakitaja ukosefu wa kazi zilizopo, kutoka 41%.",Disaster/Health
"Ajira ya wakaribishaji ilibadilika kidogo lakini ilibaki chini, haswa katika maeneo ya karibu na kambi ambapo ajira ilipungua kutoka 35% hadi 33% na kutofanya kazi kulipanda hadi 63%.",Disaster/Health
"Katika wimbi la kwanza la utafiti, chini ya 1% ya wakimbizi walikuwa na kibali cha kufanya kazi, ikisisitiza jinsi vikwazo vya kiutawala na vizuizi vya uhamaji vinaendelea kuwabana kuingia rasmi kwenye soko la kazi.",Disaster/Health
"Jumuiya mwenyeji zinakabiliwa na changamoto sambamba: mahitaji dhaifu ya wafanyikazi huko Turkana na Garissa, yakichangiwa na kupungua kwa misaada ambayo inaweka kandarasi zaidi uchumi wa kambi unaozingatia huduma.",Disaster/Health
"Katika mazingira ya kambi, 64% ya kaya ziliripoti kupunguza matumizi ya chakula na 44% zilitegemea mkopo kununua chakula.",Disaster/Health
"Ushahidi uko wazi: ushirikiano bila ajira hautatoa uwezo wa kujitegemea. Msaada unapopungua, kuwezesha fursa za kiuchumi si jambo la hiari tena.",Disaster/Health
"Bila mhimili huo, uwezekano wa kuathirika utaendelea, hata katika makazi yaliyounganishwa zaidi.",Disaster/Health
"KAP-FD inatekelezwa na Benki ya Dunia, UNHCR, na Kituo cha Utekelezaji Ufanisi wa Kimataifa (CEGA).",Disaster/Health
"Inaungwa mkono na Ushirikiano wa PROSPECTS, unaoleta pamoja Benki ya Dunia, IFC, ILO, UNHCR, na UNICEF, unaofadhiliwa na Ufalme wa Uholanzi na kusimamiwa katika Benki ya Dunia kupitia Multi Donor Trust Fund for Forced Displacement.",Disaster/Health
"Ingawa idadi ya watu katika maeneo ya bara huathiriwa zaidi na joto la ziada la msimu, idadi kubwa ya watu katika hali ya hewa ya kitropiki na ya tropiki huwa katika hali ya joto ya juu na unyevu mwingi.",Disaster/Health
"Changamoto ya ziada ni wakati wa joto, lakini sio moto wa kutosha kusababisha maonyo ya joto kali.",Disaster/Health
"Huko Adelaide, Australia kwa mfano, mawimbi ya joto ya muda mrefu, yenye kiwango cha chini katika msimu wa joto wa 2024-25 hayakutosha kufikia kizingiti ambacho kilisababisha hatua ya ulinzi.",Education
"Hata hivyo, kulikuwa na joto la kutosha kuwachosha watu kiakili na kimwili, hasa watu walio wazi sana kwa sababu wao ni wafanyakazi wa nje, wanaishi katika nyumba zisizofaa, hawana uwezo wa kupoeza, au hawawezi kumudu kuendesha.",Disaster/Health
"Ingawa udhaifu wa miji ikiwa ni pamoja na Nairobi, Dar es Salaam na Karibais unazidi kutambuliwa, mapungufu makubwa katika uwekaji data yanaendelea kuficha kiwango cha mfiduo wa joto kali na unyevunyevu ndani ya nyumba zisizo rasmi.",Disaster/Health
"Asia ya Kusini-mashariki na maeneo mengine ya kitropiki yanakabiliwa na changamoto tofauti ya joto inayotokana na mchanganyiko wa halijoto ya juu, unyevunyevu mwingi na mkato wa muda mrefu.",Disaster/Health
"Katika maeneo mengi ya tropiki, hali ya joto kali huendelea kwa angalau miezi mitatu kila mwaka (kiwango cha juu cha joto cha kila siku zaidi ya 32.2 ° C/90 ° F), ingawa hupata mawimbi machache ya joto kama inavyofafanuliwa jadi.",Disaster/Health
"Hii inaangazia tofauti muhimu kati ya matukio ya wimbi la joto la muda mfupi na joto sugu, linaloangaziwa na vipindi endelevu vya viwango vya juu vya joto na unyevu.",Disaster/Health
"The burdenfalls disproportionately on vulnerable groups, particularly people living in poor-quality housing, low-income households, individuals with pre-existing health conditions and workers exposed to extreme temperatures.",Health
"Kwa vile udhaifu huu mara nyingi hupishana, kupunguza athari za joto sugu kunahitaji mbinu za muda mrefu, za kimfumo badala ya hatua za dharura za muda mfupi pekee.",Disaster/Health
"Kujenga uwezo wa kustahimili joto kali kunahitaji mbinu kamilifu inayotambua mwingiliano changamano kati ya watu, mifumo ikolojia, miundombinu, mazingira yaliyojengwa na uchumi.",Disaster/Health
"Halijoto kali inaweza kuharibu barabara na mitandao ya reli, na kuvuruga minyororo ya uchukuzi na ugavi.",Disaster/Health
"Matokeo ya usumbufu huu mara nyingi huhisiwa zaidi na watu walio katika mazingira magumu, wakati gharama kubwa za kiuchumi na kijamii zinaendelea kuongezeka.",Disaster/Health
"If adaptation measures are not accelerated, losses linked to health impacts, declining labour productivity and rising cooling demands are expected to increase significantly in the coming decades.",Health
"Joto sugu hutofautiana na joto kali hasa katika kipimo cha nyakati na mahitaji ya kukabiliana: joto sugu linahitaji upangaji endelevu, wa muda mrefu, wakati joto kali pia hudai hatua ya haraka.",Disaster/Health
"Licha ya maendeleo makubwa ya uzazi na mahudhurio yenye ujuzi, vifo vya uzazi (355 kwa 100,000), vifo vya watoto wachanga (21 kwa kila 1,000), na viwango vya uzazi (15 kwa kila 1,000) vinasalia kwa ukaidi juu ya malengo ya kitaifa na kimataifa.",Health
"Vifo hivi huchangiwa kwa kiasi kikubwa na kuvuja damu baada ya kuzaa (PPH), matatizo ya shinikizo la damu, kuzaliwa kabla ya wakati, kukosa hewa ya ndani ya uzazi, na sepsis—hali ambazo zinaweza kuzuilika kwa wakati unaofaa na kwa uangalizi wa hali ya juu.",Disaster/Health
"Kwa utashi wa kisiasa, uwajibikaji wa kijamii, na utekelezaji wa nidhamu, inaweza kuokoa maelfu ya akina mama na watoto wachanga kila mwaka, kupata maisha bora ya baadaye kwa kizazi kijacho.",Health
"Licha ya juhudi zao, wanakikundi walitatizika kupata maendeleo ya maana, hasa kwa sababu hawakuwa na sheria wazi za kusimamia akiba na mikopo.",Disaster/Health
"Hivyo, wanachama walipokosa mkopo, hakukuwa na njia za kurejesha au kuwawajibisha, na hivyo fedha zao zilikuwa zimepotea.",Disaster/Health
"SHE-GROW (ufupisho wa “Uwezeshaji Endelevu wa Kijumla: Kukua Fursa za Kustahimili Kiuchumi kwa Wanawake katika Afrika Vijijini”) ni mpango wa miezi 18 unaolenga kuimarisha uthabiti wa kiuchumi wa wanawake na jumuiya zao nchini Kenya, Côte d’Ivoire na Morocco.",Disaster/Health
Nimefurahiya sana kujifunza kuhusu mradi mpya wa kuwawezesha wanawake na kujua kwamba kikundi chetu ni miongoni mwa vikundi vilivyochaguliwa kunufaika nacho.,Disaster/Health
"Kutokana na mchakato huu, kila kikundi kinatengeneza pendekezo la Shughuli ya Kuzalisha Mapato ya kikundi (IGA).",Disaster/Health
Hii inaonekana katika kupanda kwa matumizi ya ulipaji wa deni na kupungua kwa chakula kilichonunuliwa kwa mkopo kati ya msingi na mwisho.,Disaster/Health
"Maendeleo yaliyoonyeshwa na Kenya na Rwanda yanaonyesha kuwa nchi zinaweza kuimarisha mifumo yao ya data kwa mafanikio na kutoa ushahidi unaofahamisha sera, kuboresha utunzaji wa wagonjwa na kuunga mkono uwakili wa dawa za kuua viini,” alisema Dk Ali Ahmed Yahaya, Kiongozi wa Timu ya Kupambana na Viuavidudu katika Ofisi ya Kanda ya WHO ya Afrika.",Governance
"Wakati huo huo, nchi imeimarisha mifumo ya maabara, michakato ya usimamizi wa data na uwezo wa wafanyikazi, na kuunda jukwaa thabiti la ufuatiliaji wa AMR.",Disaster/Health
"Data inayotolewa inatusaidia kuelewa vyema mienendo ya upinzani na kuunga mkono uamuzi unaotegemea ushahidi,” alisema Susan Githii, Country GLASS Focal Person na AMR Surveillance Focal Point, Kenya.",Disaster/Health
"Data kutoka hospitali kuu nne za rufaa - Hospitali ya Kufundisha ya Chuo Kikuu cha Kigali, Hospitali ya Kufundisha ya Chuo Kikuu cha Butare, Hospitali ya King Faisal na Hospitali ya Kijeshi ya Rwanda - zinasaidia mamlaka za afya kuelewa vyema jinsi upinzani unavyoendelea.",Health
"Uzoefu huo pia umeangazia umuhimu wa ushirikiano katika kujenga mfumo thabiti wa ufuatiliaji,” alisema Misbah Gashegu, Mhusika Mkuu wa Kitaifa wa AMR na Mhusika Mkuu wa Rwanda wa GLASS-AMR.",Disaster/Health
"Katika maeneo yanayokua kwa wingi katika majimbo ya Kati, Bonde la Ufa na Magharibi, ambapo msimu wa mvua huanza Februari hadi Agosti, mvua za msimu zilianza kwa wakati na zimeangaziwa hadi sasa kwa viwango vya juu vya kipekee.",Disaster/Health
"Kiasi kikubwa cha mvua kilikuwa na manufaa kwa jumla kwa kupanda mazao ya nafaka ya msimu wa masika wa 2026, ambayo yatavunwa kuanzia Oktoba na kuendelea.",Disaster/Health
"Matokeo yake, viwango vilivyopunguzwa vya maombi vinatarajiwa kuathiri mavuno ya mazao.",Agriculture
Ufuatiliaji wa karibu wa hali ya hewa unastahili.,Disaster/Health
"Kufikia mwishoni mwa Machi, kiasi cha mvua kiliongezeka kati ya mara tatu na nne ya wastani wa muda mrefu, kusaidia kuota kwa mazao na maendeleo ya mapema, ingawa mvua nyingi zinaweza pia kusababisha usumbufu wa kienyeji katika maeneo yenye maji duni.",Disaster/Health
"Kwa hivyo, utabiri wa mvua za chini ya wastani kuanzia Juni na kuendelea na vikwazo vinavyoendelea vya usambazaji wa mbolea vinatarajiwa kuwa na athari ndogo kwa mavuno, na matarajio ya uzalishaji wa mapema ni mazuri kwa kulinganisha kuliko maeneo ya magharibi yenye uwezekano mkubwa.",Disaster/Health
"Huku bei ya mahindi ikipanda kwa wastani wa asilimia 7 katika maeneo yote ya wafugaji, masharti ya biashara ya mifugo hadi nafaka kwa wafugaji yalionyesha kupungua kidogo tu mwaka baada ya mwaka katika maeneo ya kaskazini-magharibi, wakati yalipungua kwa kasi katika maeneo ya kaskazini mashariki.",Agriculture
"Katika maeneo haya, kiwango kikubwa zaidi cha uhaba wa chakula kinaripotiwa, huku asilimia 40 hadi 60 ya watu wakikadiriwa kukabiliwa na uhaba mkubwa wa chakula (IPC Awamu ya 3 [Mgogoro] au mbaya zaidi).",Security
"Ni mtambuka kimaumbile, iliyoundwa kuwa ya hatari nyingi na sekta nyingi, na inajumuisha usawa wa kijinsia na ushirikishwaji wa kijamii.",Disaster/Health
"Mkakati huu unakamilisha Mkakati wa Kudhibiti Hatari za Maafa 2025–2030, ambao ulianzisha mfumo wa muda mrefu wa kupunguza hatari za maafa na kuimarisha ustahimilivu kote nchini Kenya.",Disaster/Health
"Katika kila hatua ya uundaji wa Mkakati, Kikosi Kazi cha Mashirika ya Kimataifa kilikagua maendeleo na marekebisho yaliyoongozwa.",Disaster/Health
"Washirika wengine waliohusika ni Umoja wa Ulaya (EU), Ofisi ya Mambo ya Nje ya Uingereza, Jumuiya ya Madola na Maendeleo, na Serikali ya Italia, pamoja na msaada wa muda mrefu kutoka Kundi la Benki ya Dunia na Mpango wa Chakula Duniani (WFP).",Governance
"Maamuzi mazuri ya ufadhili yanategemea taarifa nzuri, kuelewa mahali ambapo hatari zipo, jinsi zinavyobadilika, na zitagharimu nini,” alisema Amjad Abbashar, Mkuu wa Ofisi ya UNDRR ya Kanda ya Afrika.",Disaster/Health
"Pia inaiweka nchi kama kiongozi katika kuendeleza mbinu bunifu za udhibiti wa hatari za maafa barani Afrika, kuhakikisha kuwa watu binafsi na taasisi wanawezeshwa kutarajia na kukabiliana na majanga kabla hayajatokea.",Disaster/Health
"Muda mrefu wa kiangazi kati ya 2020 na 2023 uliathiri mavuno ya mazao, ulisababisha vifo vya mifugo na kuongezeka kwa uhaba wa chakula, na kulazimisha kaya nyingi zinazotegemea maisha ya jadi kuhamia uhamiaji wa shida.",Agriculture
Kielezo cha Suluhu na Uhamaji (SMI) cha Kaunti ya Tana River kinalenga kutathmini maendeleo kuelekea suluhu za kudumu kwa watu waliohamishwa makazi yao (IDPs na wanaorejea IDP).,Governance
"Kwa kuchanganua ufikiaji wa huduma muhimu, riziki na uwiano wa kijamii, SMI inatambua mapungufu katika juhudi za kurejesha na kuarifu afua zinazolengwa.",Disaster/Health
"Bado Rufaa hii ya Dharura inafadhiliwa kwa asilimia 9 pekee wakati ambapo mahitaji yanaongezeka, wala hayapungui.",Disaster/Health
"Bila ufadhili wa haraka wa ziada, KRCS na washirika watalazimika kuweka kikomo cha malipo, kufupisha mizunguko ya usaidizi, na kuacha jumuiya zenye hatari kubwa bila usaidizi wa kuokoa maisha wa chakula, maji, lishe na afya.",Health
"Takriban nusu ya maambukizo mapya ya VVU duniani kote mwaka 2024 yalitokea miongoni mwa watu kutoka makundi muhimu na wapenzi wao wa ngono, wakiwemo mashoga na wanaume wengine wanaofanya ngono na wanaume, wafanyabiashara ya ngono, watu waliobadili jinsia na watu wanaojidunga dawa za kulevya.",Health
Inajumuisha mifano ya ulimwengu halisi kutoka katika mazingira tofauti ambayo inaweza kuongoza juhudi za kuimarisha uzuiaji wa VVU kwa watu kutoka makundi muhimu.,Health
"Inajumuisha aina mbili ndogo, kila moja ikitumia utaratibu tofauti wa ufadhili.",Disaster/Health
"Tarehe ya tukio15-11-2025Nini kilitokea, wapi na lini?",Disaster/Health
Hili lilikuwa tukio la kwanza kurekodiwa la MVD nchini.,Disaster/Health
Uchambuzi wa kinasaba uliofanywa na EPHI ulionyesha kuwa aina ya virusi hivyo ilikuwa sawa na ile iliyoripotiwa katika milipuko ya hivi majuzi katika mataifa mengine ndani ya ukanda wa Afrika Mashariki.,Health
Jumla ya kesi tisa zilikuwa zimeripotiwa wakati huo.,Disaster/Health
"Mji wa Jinka ulipatikana takriban kilomita 170 na kilomita 203 kutoka maeneo ya mpaka ya Kenya-Ethiopia ya Kibish na Todonyang, mtawalia (zote katika Kaunti ya Turkana), na takriban kilomita 230 kutoka Ileret na kilomita 465 kutoka Mji wa Moyale (zote katika Kaunti ya Marsabit).",Governance
"Maeneo haya, pamoja na mikoa ya jirani, yana vituo vingi vya kuvuka mipaka visivyo rasmi na visivyopangwa ambavyo havikusimamiwa na maafisa wa usalama au afya.",Health
"Aidha, kusafiri mara kwa mara kati ya Uwanja wa Ndege wa Kimataifa wa Addis Ababa Bole na Uwanja wa Ndege wa Kimataifa wa Jomo Kenyatta kuliongeza hatari ya kuathirika kwa Nairobi, jiji kuu la Nairobi.",Disaster/Health
"Viwango vya mvua vilifikia viwango vya juu ambavyo havijawahi kushuhudiwa, huku milimita 160 ilirekodiwa katika kituo cha hali ya hewa cha Uwanja wa Ndege wa Wilson, milimita 145 katika Kambi ya Hewa ya Moi, milimita 112 huko Dagoretti, na milimita 117 katika kituo cha Kabete, yote ndani ya muda wa saa 3 hadi 5.",Disaster/Health
Mji mkuu ulikuwa umepitia mvua ya zaidi ya 534mm.,Disaster/Health
"Mvua hiyo kubwa ilisomba madaraja, kuharibu nyumba, na kufanya barabara kuu kutopitika, na kuwaacha mamia ya wakaazi kukosa makazi.",Disaster/Health
"Mchanganyiko wa upotezaji wa maisha, uharibifu mkubwa wa mali, na usumbufu mkubwa wa miundombinu muhimu ulizidisha shida.",Disaster/Health
"Nchini kote, watu 53 walipoteza maisha, ikiwa ni pamoja na vifo 27 jijini Nairobi katika usiku mmoja.",Disaster/Health
"Tangu mwishoni mwa Februari, mafuriko yameathiri zaidi ya watu 40,000, na kusababisha vifo vya 122 na zaidi ya 28,000 kukimbia makazi.",Disaster/Health
"Milipuko ya wakati mmoja ya kipindupindu, surua (zaidi ya visa 300), dengue na Mpox yanaongeza hatari za afya ya umma. Ingawa hakuna kisa chochote cha Ebola ambacho kimeripotiwa, Kenya bado iko katika hatari kubwa, huku kujiandaa kukiongozwa na Taasisi ya Kitaifa ya Afya ya Umma ya Kenya.",Health
Mtandao wa IFRC na washirika wake wana jukumu muhimu katika kukabiliana na mabadiliko haya ya hali ya hewa yanayoingiliana.,Disaster/Health
Kushughulikia mahitaji ya haraka ya kibinadamu huku ukiimarisha uthabiti ni muhimu ili kusaidia jamii kuhimili mishtuko ya siku zijazo.,Disaster/Health
"Hili linatokana na hatua za mapema na uingiliaji kati unaoungwa mkono na Hazina ya Dharura ya Kukabiliana na Maafa ya IFRC, ambayo ilianzishwa huku hali zikiendelea kuzorota kutoka mwishoni mwa 2024 hadi 2025 na kuwezesha uongezaji wa haraka, uliolengwa wa mwitikio wa janga.",Disaster/Health
"Kufikia sasa, ripoti ya jalada la kitaifa la ukame la KRCS linaripoti watu 63,024 wamesaidiwa na maji salama pamoja na uhamasishaji wa usafi kupitia utoaji wa kemikali za kutibu maji kama vile PUR na vichupo vya majini.",Health
"Kufikia sasa, kaya 5,400 za kunyoa zilipokea uhamishaji wa pesa za dharura chini ya jalada la ukame.",Disaster/Health
"Mfano wa hivi majuzi ni kaunti ya Turkana, ambapo KRCS ikifanya kazi na Kikundi cha Uendeshaji cha Kaunti na kusaidiwa na Shirika la Msalaba Mwekundu la Denmark ilisajili familia 2,000 zilizo hatarini kwa pesa taslimu huku ikisaidia shule 10 kwa chakula; uingiliaji kati ulichorwa kwa uwazi dhidi ya washirika wengine ili kuzuia mwingiliano na kuziba mapengo ya kipaumbele.",Education
"Misimu mitano ya mvua iliyoshindwa mfululizo iliharibu maisha ya wafugaji, na kuwalazimu maelfu ya kaya kuhama kutafuta chakula, maji na makazi.",Security
"Mnamo mwaka wa 2024, mvua za Machi-Aprili-Mei (MAM) zilileta mafuriko makubwa, na kusababisha watu kupoteza makazi zaidi.",Disaster/Health
"Uhamisho wa watu katika kaunti hizi ni changamano, unachangiwa na majanga ya asili kama vile ukame au mafuriko, ukosefu wa usalama na uhaba wa rasilimali.",Disaster/Health
"Viashirio vya SMI vinapatana na Mfumo wa Kamati ya Kudumu ya Wakala baina ya Mashirika (IASC) kwa Masuluhisho ya Kudumu na kuunganisha data kutoka kwa Mfumo wa Ufuatiliaji wa Uhamisho wa IOM (DTM) ili kuhakikisha mbinu ya kina, inayozingatia ushahidi.",Disaster/Health
"Wakati wa awamu ya usanifu, REACH ilishauriana na washikadau mbalimbali wa kibinadamu na serikali ili kuweka muktadha wa tathmini na kuepuka kunakili juhudi zilizopo za kukusanya data.",Governance
"Maoni yaliyokusanywa kupitia mashauriano haya yalisaidia kuunda uteuzi wa viashiria, upendeleo wa kijiografia, na upatanishi na uchambuzi na mipango inayoendelea ya kibinadamu.",Governance
"Kutokana na hali hii, MSNA inataka kutoa ushahidi wa kina wa ngazi ya kaya kuhusu ukali, usambazaji, na vichochezi vya mahitaji ya kibinadamu katika usalama wa chakula, lishe, afya, WASH, riziki, malazi, elimu, na sekta za ulinzi katika kaunti za Mandera, Wajir, Marsabit, Turkana na Garissa, ikijumuisha kambi za wakimbizi na makazi.",Health
Mafuriko yaliyotokea na maporomoko ya ardhi yamesababisha hasara na uharibifu mkubwa.,Disaster/Health
"Katika muda wa saa 96 zijazo, mvua zaidi bado inatabiriwa magharibi, kusini na pwani ya Kenya.",Disaster/Health
"Uajiri wa mikakati ya kukabiliana na hali ya juu ulishuka kutoka 38% hadi 9%, na hali ngumu ya maisha pia ilipungua, na kupendekeza kuwa msaada wa pesa ulichangia kuboresha upatikanaji wa chakula na kupunguza utegemezi wa mikakati ya kukabiliana.",Disaster/Health
"Takriban kaya zote (99%) ziliripoti kuathiriwa na ukame, huku mahitaji makubwa ya maji na usafi yakiripotiwa.",Health
"Kesi hiyo, dereva wa lori wa kiume mwenye umri wa miaka 29, raia wa Kenya na mkazi wa Zambia inasemekana alitembelea St.",Disaster/Health
"Kwa bahati nzuri, vipimo vyote vimegeuka kuwa hasi.",Disaster/Health
"Athari za watu zinahusiana kwa karibu na ukosefu wa usawa wa kimuundo nchini, ambapo watu katika maeneo yanayofafanuliwa kama ardhi kame na nusu kame (ASALs) wanakabiliwa na ukosefu wa huduma za serikali, uwekezaji na fursa za kiuchumi, huku utajiri ukiwa umejilimbikizia mji mkuu, Nairobi.",Governance
"Mtandao wa Kibinadamu wa ASAL (AHN) uliundwa ili kushughulikia kwa pamoja mahitaji ya haraka ya kibinadamu na vichochezi vya migogoro, ikiwa ni pamoja na kuzingatia kwa kiasi kikubwa kuhakikisha kuwa serikali inachukua uongozi mkubwa wa kukabiliana na mgogoro.",Disaster/Health
"Makala haya yanachunguza jinsi matarajio kama haya yanavyotekelezwa, kwa kuzingatia majibu mawili ya AHN, kwa mafuriko ya hivi karibuni na ukame unaoendelea.",Disaster/Health
"Likipokea karibu nusu ya wahamiaji wa Afrika, Mashariki na Pembe ya Afrika inatoa korido muhimu na sehemu kuu za kupita kwa uhamaji wa binadamu.",Disaster/Health
"Kama kichocheo cha kujitegemea na usalama wa afya, mkakati huo unakuza masilahi ya kimkakati ya Kenya kieneo, ukiegemea nia njema ya jukumu kuu la Rais kama bingwa wa AU katika Utengenezaji wa Ndani.",Health
Kuegemea kwenye nguzo tatu (3) za kimkakati i.e.,Disaster/Health
"Pia inalenga kufifisha mitazamo hasi kuhusu kutovutia kwa sekta ya LM kwa fedha endelevu, kwa kuweka kipaumbele na kuabiri mazingira changamano ya udhibiti, ushirikiano wa teknolojia, na kujenga miundo ya utendakazi inayoweza kuigwa ambayo inakidhi viwango vya utiifu wa kimataifa.",Disaster/Health
"Hii itaondoa hatari ya mazingira ya uwekezaji ya LM na kuvutia mtaji unaohitajika kwa ajili ya uboreshaji wa miundombinu na kukuza ukuaji unaoongozwa na sekta ya kibinafsi kwa utulivu wa usambazaji, usalama wa afya, na mustakabali wa ustawi wa pamoja kwa Kenya na Afrika.",Health
Kanada inaimarisha ushirikiano wa kibinadamu na kiuchumi wakati wa ziara ya Waziri wa Mambo ya Nje Sarai nchini Kenya,Disaster/Health
Haraka: Wakenya Milioni 3.3 wanakabiliwa na njaa kali huku ukame wa miaka mingi ukiharibu kaunti za ASAL: Hatua za haraka za sekta mbalimbali zinahitajika kuokoa maisha,Disaster/Health
"“Chini ya Mti Mmoja”? Kuchunguza Mbinu za Kichungaji, Kitaifa na Kimataifa za Utekelezaji wa Kibinadamu: Ripoti ya Awamu ya 1 ya Awamu katika Mitazamo Mbalimbali ya Hatua za Kibinadamu katika Msururu wa Maeneo Kavu ya Kichungaji.",Disaster/Health
"Ushauri wa Vyombo vya Habari: Naibu Mkuu wa Umoja wa Mataifa wa Misaada ya Kibinadamu kutembelea Kusini, Afrika Mashariki",Disaster/Health
Ripoti ya Ramani na Uchambuzi wa Soko kabla ya mgogoro wa Kaunti ya Busia,Governance
Ambulance ya pikipiki huwasaidia wanawake wajawazito katika jamii iliyokumbwa na ukame kupata huduma ya afya ya uzazi ya kuokoa maisha,Health
Vijana wa Kenya watoa wito wa kuchukuliwa hatua za haraka kukabiliana na baa la njaa,Disaster/Health
Uchaguzi wa Kenya - Mtihani Mwingine katika Safari ya Kidemokrasia ya Nchi,Governance
"Malteser International: ""Haja ya misaada ya kibinadamu haijawahi kuwa kubwa zaidi""",Disaster/Health
Protection de l'environnement par les femmes dans le nord du Kenya,Disaster/Health
Ili kutambulisha ufafanuzi wa masharti mapya Kifungu cha 4A (1) ingiza aya ndogo mpya katika aya ya (h)— (ix) makampuni na mawakala wa udhamini wa mikopo ingiza aya mpya mara baada ya aya ya (h)— (i) leseni na kusimamia kampuni za udhamini wa mikopo.,Disaster/Health
"MAUDHUI: Kudumisha Ajenda ya Ustawi wa Uchumi Kupitia Mfumo wa Chini Juu, Kuimarisha Matumizi ya Fedha na Kuwekeza Katika Kukabiliana na Adhari za M abadiliko ya Tabianchi ili kuboresha Maisha.",Disaster/Health
Hazina ya Kitaifa na Mipango ya Kiuchumi P.O.,Governance
"Mafanikio ya lengo hili yanahitaji ukuaji endelevu wa Pato la Taifa (GDP) kwa mwaka wa asilimia 10 kulingana na mchango wa sekta sita (6) za kipaumbele zenye mwelekeo wa juu wa biashara ambazo ni Utalii na Madini, Kilimo, Uzalishaji, Jumla na Reja reja, Utoaji wa huduma za Mchakato wa Biashara na Huduma za Kifedha.",Disaster/Health
"Kwa hivyo, Biashara Ndogo Ndogo na za Kati (MSMEs) zina jukumu muhimu kama vichochezi muhimu vya ukuaji wa biashara na uchumi, kuunda ajira, kupunguza umaskini, uvumbuzi na ushindani.",Disaster/Health
HAZINA YA TAIFA KURA 1071 FOMU YA MAHITAJI YA MATUMIZI Afisa Mahitaji ……………………………………………………………………………………………………………………………………………………………………………………………………………………………………,Governance
"Ninathibitisha kuwa matumizi haya yameidhinishwa, ni muhimu kwa madhumuni rasmi, na ndani ya masharti ya bajeti yaliyoidhinishwa.",Governance
"Ili kupata hitimisho lenye sababu nzuri na kutoa mapendekezo kuhusu miswada/madai haya), Kamati inahitajika kuchunguza na kuchanganua hisa iliyopo ya Miswada/madai Yanayosubiri ya Serikali ya Kitaifa (bila kujumuisha bili/dai/dai) kutoka kwa Serikali za Kaunti.",Governance
"CPA JOHN MBADI NG’ONGO, EGH KATIBU WA BARAZA LA MAWAZIRI",Disaster/Health
BROP iliyoidhinishwa itawasilishwa Bungeni baadaye.,Governance
"Mtazamo huo unaonyesha kuimarika kwa uchumi nchini China, eneo la Euro na Uingereza, licha ya kudorora kwa shughuli nchini Marekani na Japan.",Disaster/Health
Tume ya Ugawaji wa Mapato; ii.,Disaster/Health
"Kanuni ya 1 ya Kanuni za Usimamizi wa Fedha za Umma (Michezo, Sanaa na Mfuko wa Maendeleo ya Jamii) za mwaka 2018, ambazo zitajulikana baadaye kama “Kanuni kuu” inafanyiwa marekebisho kwa kufuta maneno “Sanaa na Maendeleo ya Jamii” yanayoonekana mara baada ya neno “Michezo” na kuweka badala ya maneno “na Sanaa”. 3.",Governance
SEHEMU YA PILI—UTARATIBU NA VIGEZO VYA KUANZISHA BIASHARA INAYOMILIKIWA NA SERIKALI 7— Kanuni elekezi za uanzishaji wa Mashirika Yanayomilikiwa na Serikali. 8- Utaratibu wa kuanzishwa kwa Biashara Inayomilikiwa na Serikali. 9- Sifa za Biashara Inayomilikiwa na Serikali.,Governance
Kwa hivyo Sera hii ya Kitaifa ya Ushuru inabainisha na kuchambua changamoto za mfumo wa sasa wa kodi na kuweka miongozo mipana ya sera ili kutatua changamoto hizi na hivyo kutengeneza msingi wa marekebisho ya kodi na mapitio ya sheria zilizopo za kodi.,Governance
"Vinginevyo, watu wanaweza kuwasilisha memoranda zilizoandikwa katika nakala ngumu, katika muundo uliotolewa katika tovuti ya Hazina ya Kitaifa, iliyotumwa kwa Katibu Mkuu, Hazina ya Kitaifa, P.O.",Governance
"""Hatua muhimu za #KomeshaCorona Osha maji yako na yanayotiririka Safisha mikono yetu Angalia umbali wa mwili Epuka mikusanyiko ya watu"" @GavanaKahiga @Magavana wa Kenya @County19Nyeri",Public Health
. @KenyaAirports inaendelea kuua na kuvisafisha viwanja vyetu vya ndege katika vita vinavyoendelea dhidi ya kuenea kwa #COVID19 #KomeshaCorona,Public Health
"Bado hatujafika, endelea kunawa mikono, endelea kufanya kazi kutoka nyumbani na kutazama umbali wa kijamii ili kuweza kumshinda mnyama huyu; Dk. Patrick Amoth, Ag. Mkurugenzi Mkuu. #KomeshaCorona sasisho",Public Health
"Mbinu zinazohitajika kushinda vita hivi, na ambazo zinajulikana kwetu sote ni pamoja na; kudumisha umbali wa kimwili, kunawa mikono, kusafisha, kuvaa barakoa wakati wote, kuepuka mikusanyiko ya watu kwa kukaa nyumbani, na kutembelea hospitali wakati mtu anahisi mgonjwa. #KomeshaCorona",Public Health
"Tuma ujumbe kwa virusi vya #KomeshaCorona. Zingatia kunawa mikono, adabu za kukohoa, kutogusa uso wako, umbali wa kimwili na kukaa nyumbani ikiwa unajisikia vibaya.",Public Health
Kuweka umbali wa mwili ni jambo la msingi katika kuhakikisha sisi #KomeshaCorona na mabadiliko ya tabia kwa ujumla wakati huu wa janga #KomeshaCorona,Public Health
"Unapokaa nyumbani kwa #KomeshaCorona jaribu kuongeza mimea na viungo vifuatavyo vya kuzuia virusi na kuongeza kinga kwenye milo unayojiandalia wewe na familia yako: *Pilipili Chili, oregano , rosemary, au manjano. *Kitunguu saumu safi na tangawizi.",Public Health
Mapambano ya pamoja dhidi ya #COVID19 yanatoa matumaini kwamba tutashinda. Wakati ujao mzuri unatungoja. Asante @magicalkenya kwa msukumo. Tuamini na tufanikiwe. Kaa nyumbani. Punguza kuenea. Okoa maisha. #KomeshaCorona,Public Health
"""Nilipimwa virusi vya corona na matokeo yake ni hasi. Tukae nyumbani na tuweke umbali ili kujilinda sisi wenyewe na familia zetu,"" CS Mutahi Kagwe #KomeshaCorona sasisho",Public Health
"Kila siku unapofanya mazoezi ya kutengwa kwa jamii wakati wa janga hili, unamfanyia mtu mwingine (labda mamia au hata maelfu) wema mkubwa. Kwa hivyo ikiwa unaweza, kaa nyumbani. Ni tendo rahisi zaidi la ushujaa utawahi kufanya #KomeshaCorona",Public Health
"@DrMercyHealth .Tunaendelea kuwahimiza wazazi na walezi wote kuhakikisha kuwa wasichana wenye umri wa miaka 10 wamepata dozi mbili za chanjo ya HPV na Watoto wachanga wanakamilisha ratiba yao ya chanjo, kupokea dozi mbili za chanjo ya surua hadi kufikia umri wa miaka 2.",Public Health
"Huku KEMRI ikiendelea kushirikiana na Astra-Zeneca na chuo kikuu cha Oxford katika majaribio ya chanjo hii, Serikali inasalia wazi kwa fursa nyingine za ushirikiano.",Public Health
"The HE ataungana na viongozi wakuu wa dunia leo alasiri katika Mkutano wa kilele wa chanjo ya Gavi Global 2020, ulioandaliwa na Waziri Mkuu wa Uingereza, Rt. Mhe Boris Johnson.",Public Health
Kenya ni mojawapo ya nchi chache za Kiafrika ambazo zimeanzisha chanjo ya HPV bila malipo katika ratiba za kawaida za chanjo. Chanjo hiyo inalenga wasichana ambao kwa sasa wana umri wa miaka 10 na kisha wasichana wote wanapofikisha miaka 10 @WHOKenya @UNICEFKenya #STOPCervicalCancer,Public Health
"@DrMercyHealth Kuongezeka kwa uwekezaji huu wa pamoja kumesaidia kupanuka zaidi kwa programu zetu za chanjo kupitia kuanzishwa kwa chanjo 6 mpya katika muongo mmoja uliopita, ambazo zote zinachangia kupunguza magonjwa na vifo vya watoto. Taarifa za #CoronaVirus",Public Health
"Mafanikio ya chanjo, yaliyowezeshwa na msaada huu, yamesababisha uboreshaji mkubwa wa viwango vya maisha ya watoto katika nchi yetu, na kutimiza ahadi ya mustakabali mzuri na wenye afya wa Taifa letu. #KomeshaCorona sasisho.",Public Health
"Mandhari ya wiki ya uhamasishaji ya mwaka huu ni ""Kuungana Kuzuia Ukinzani wa dawa,"" na lengo ni kubadilisha kutoka ""antibiotics"" hadi neno linalojumuisha na kujumuisha zaidi ""antimicrobials.""",Public Health
"Hadithi za #COVID19 Vs Ukweli. Hadithi Kuoga kwa maji moto kunaweza kuzuia ugonjwa mpya wa coronavirus. Ukweli Kuoga kwa moto hautakuzuia kuambukizwa #COVID19. Joto lako la kawaida la mwili husalia kati ya 36.5 hadi 37C, bila kujali halijoto ya kuoga kwako. #KomeshaCorona",Public Health
Sasa ni wakati: Njia pekee ya kuzuia hii ni umbali wa mwili leo. Si kesho. Leo. #KomeshaCorona,Public Health
Wakati wa shughuli za kila siku watu wanaweza kuchukua hatua zifuatazo kuzuia maambukizi. #KomeshaCorona,Public Health
#KomeshaCorona tumia sabuni na maji ya bomba kunawa mikono ili kujikinga na Virusi vya Corona @SpokespersonGoK @PSofKenya @KNH_hospital @KEMRI_Kenya @MoICTKenya @KenyaRedCross @KenyaGovernors @UNAIDS @UNICEFKenya @WHOKenya @CDCKenya,Public Health
#KomeshaCorona Njia bora ya kuzuia maradhi ni kuepuka kuambukizwa virusi hivi @WHOKenya @UNICEFKenya @CDCKenya @PDUDelivery @SpokespersonGoK @PSofKenya @prskkenya @KenyaMedics_KMA @KNH_hospital @KEMRI_Kenya @Kemsa_Kenya @UNAIDS @KenyaGovernors,Public Health
"#CervicalCancer ndio njia rahisi ya kuzuia saratani ya uzazi, kwa vipimo vya uchunguzi wa mara kwa mara na ufuatiliaji #Mwezi wa Afya ya Kizazi @kenconetwork @ClintonHealth @Women4Cancer @oasisoflifeke @PSKenya_ @KEMRI_Kenya @AfriCF",Public Health
#KomeshaCorona Chukua jukumu la kujilinda wewe na wengine.,Public Health
#Fahamu Ukweli Dalili za #COVID19 ni zipi. homa. kikohozi upungufu wa pumzi. Msaada wa #KomeshaCorona kujikinga na uwapendao dhidi ya #CoronaVirus,Public Health
"#KomeshaCorona Chukua hatua za kujilinda kwa kunawa Mikono. ~Nawa mikono mara kwa mara kwa sabuni na maji yanayotiririka kwa angalau sekunde 20 haswa baada ya kuwa mahali pa watu wengi, au baada ya kupuliza pua, kukohoa, au kupiga chafya. @WHOKenya @CDCCA @PSofKenya",Public Health
Waziri huyo pia alikutana na Mkuu wa Balozi wa Umoja wa Ulaya Simon Mordue ambaye pia alimtembelea ofisini kwake.,Public Health
"Haya hapa ni baadhi ya mawazo kuhusu jinsi unavyoweza kuendeleza furaha ya sherehe za Pasaka & muunganisho kwa njia tofauti: Jaribu kitu kipya - kichocheo kipya au Jizoeze kujitunza - soma kitabu, fanya mazoezi, tafakari, au upige simu kwa rafiki au jamaa. #KomeshaCorona",Public Health
Tishio la sasa limewekwa kutuathiri sisi sote kwa namna moja au nyingine na miunganisho thabiti ya ndani ndani ya jumuiya ni muhimu ili kumaliza mgogoro huu. Ndio maana tumeunganisha nguvu na washirika kutoa wito kwa watu kila mahali kuchukua hatua chanya kwa #KomeshaCorona,Public Health
Tunatoa wito kwa vijana kutumia nguvu zao katika kupambana na ugonjwa wa coronavirus. Wao ni salama kuliko wazee na wabebaji wanaoipeleka kwa wazee kama inavyoshuhudiwa katika nchi nyingine~CS Kagwe #KomeshaCorona,Public Health
"""Unaweza kupona COVID-19,"" Rais Uhuru Kenyatta awahakikishia Wakenya kwenye simu ya video na waliopona Brenda na Brain katika Afya House leo. #KomeshaCorona",Public Health
"Kumbuka: ""Ikiwa unaonyesha dalili, piga 719 na uwajulishe na uamue hatua ya kuchukua #KomeshaCorona",Public Health
"""Fanya iwe vigumu kama haiwezekani kwa polisi kuwasiliana nawe kwa kufanya jambo sahihi - baki nyumbani. Nambari 659.59, kama nambari yetu ya kutotoka nje inapaswa kuwa wito wetu sote kwa wakati huu,"" CS Kagwe #KomeshaCorona sasisho.",Public Health
@WHOKenya Mwakilishi wa Nchi Dkt Rudolf Eggers leo amemtembelea Katibu wa Baraza la Mawaziri wa Afya Mhe. Mutahi Kagwe akiwa Afya House.,Public Health
"""Natoa wito kwa vijana kuendeleza ishara nzuri kama nyinyi ni viongozi wetu wa baadaye na lazima muongoze kutoka mbele kuelekea kuleta athari ya kweli ambayo siku moja inaweza kuokoa maisha ya rafiki, mpendwa na pengine, maisha yako mwenyewe..."" Dk Mwangangi, CAS Health",Public Health
#CoronaVirusKenya Tunatoa wito kwa Wakenya ambao wamesafiri hadi China kwa wiki mbili zilizopita kujichunguza katika vituo mbalimbali vya afya vilivyo karibu nao kwani muda wa kuangua virusi hivi ni wiki mbili @BBCWorld @RadioCitizenFM @KBCChannel1 @CapitalFMKenya @GhettoRadio895,Public Health
